UNQ_ALIAS,QUERY_TEXT
25ae103f7c47eb7fb4b17a3493b8fe2fbcce0c5a4d85cb4e72762ad80b788d22,"/* cppi::25ae103f7c47eb7fb4b17a3493b8fe2fbcce0c5a4d85cb4e72762ad80b788d22 */
select * from asset.asset_equity where cppib_sec_id = 10465 and business_date = date_parse('20250610','%Y%m%d')"
5c91c98ba16cd382ffae8a898a4ba8ebc236b2667f1d260f26154a5e376a50d1,"/* cppi::5c91c98ba16cd382ffae8a898a4ba8ebc236b2667f1d260f26154a5e376a50d1 */
select * from asset.asset_equity where cppib_sec_id = 2171 and business_date = date_parse('20250610','%Y%m%d')"
7c854878264764cc4483e2bafa71952521f6c56204771fb47d2ba4ed46a844b6,"/* cppi::7c854878264764cc4483e2bafa71952521f6c56204771fb47d2ba4ed46a844b6 */
SELECT 1 FROM ioa_uat.tpm_tpm_rpl_weights WHERE edl_meta_business_date='2025-06-09' limit 1"
8fea7927e2a03d4c6f6f6d0e1257a07debd973b838c1bec15e007ddb267c1566,"/* cppi::8fea7927e2a03d4c6f6f6d0e1257a07debd973b838c1bec15e007ddb267c1566 */
select * from cmf.pipeline_event 
    where job like '03%model_gen%portfolio' 
    and event = 'end' 
    and strategy_id = 'global_dm_long_short_v15'
    and date_ =  '2025-06-10'"
37cb89bbc858effccc4f90f1dfcffb4ba74de808f119131d62701112acf14882,"/* cppi::37cb89bbc858effccc4f90f1dfcffb4ba74de808f119131d62701112acf14882 */
select * from cmf.pipeline_event 
    where job like '03%model_gen%portfolio' 
    and event = 'end' 
    and strategy_id = 'jp_eb_v4'
    and date_ =  '2025-06-10'"
25f24bee62b2de21540342340130df1af54b7565b2d017556b21ebe73f1d0cfa,"/* cppi::25f24bee62b2de21540342340130df1af54b7565b2d017556b21ebe73f1d0cfa */
SELECT pricing_date, security_id as cppib_sec_id, daily_return
FROM market.cppib_market_equity_prices
WHERE pricing_date > DATE_ADD('year', -1, date'2022-04-01') and pricing_date <= date'2025-06-11'
AND pricing_date >= date'2022-04-01'
AND is_suspended_flag = 0 AND is_exchange_holiday = 0
and security_id in (10644, 19467467, 203245, 21846351, 11387, 24607066, 22861842, 44498, 5403, 12452, 12451, 11164381, 20605135, 7128, 9695, 183690, 24933283, 21260722, 181574, 29090599, 19524491, 24451096, 10407929, 4975, 12935783, 21485613, 12459, 20901717, 23030466)"
9c770900163f59944e7313ace02ac88c27adbb427226ba3cd7e1dd3058d15df6,"/* cppi::9c770900163f59944e7313ace02ac88c27adbb427226ba3cd7e1dd3058d15df6 */
SELECT index_name, time_key, index_value FROM economic.haver_index_data_latest WHERE index_name IN ('S158NGPC@G10')"
dad45716a1510f8a81604ccd22fd9de5207cbaa625da322deaefbf3863cf9449,"/* cppi::dad45716a1510f8a81604ccd22fd9de5207cbaa625da322deaefbf3863cf9449 */
SELECT index_name, time_key, index_value FROM economic.haver_index_data_latest WHERE index_name IN ('S111PCX@G10')"
7acf1206d25dfc20b5f26d23f807096e1dcecb7ac6129d68dc25ed33ecca53f1,"/* cppi::7acf1206d25dfc20b5f26d23f807096e1dcecb7ac6129d68dc25ed33ecca53f1 */
SELECT index_name, time_key, index_value FROM economic.haver_index_data_latest WHERE index_name IN ('M111MM@MKTPMI')"
f0b67c87a2db6cc08cde40dc8f9db10974282a71906d1dd7123a7f3ab7cd0883,"/* cppi::f0b67c87a2db6cc08cde40dc8f9db10974282a71906d1dd7123a7f3ab7cd0883 */
SELECT index_name, time_key, index_value FROM economic.haver_index_data_latest WHERE index_name IN ('M111MS@MKTPMI')"
03256598bb9ab5bec0b513b9ac53d995523625ef2d9f806e7910c7475643db1a,"/* cppi::03256598bb9ab5bec0b513b9ac53d995523625ef2d9f806e7910c7475643db1a */
SELECT index_name, time_key, index_value FROM economic.haver_index_data_latest WHERE index_name IN ('A156GAP@OUTLOOK')"
8d60c42ceb4a48862f6e051086c7a242ccf2ae85a6816ab3c17e8022f1cd4aac,"/* cppi::8d60c42ceb4a48862f6e051086c7a242ccf2ae85a6816ab3c17e8022f1cd4aac */
SELECT * FROM (SELECT *
FROM (
  select 
      ld.business_date, 
      ld.limit_id, 
      ld.limit_name, 
      ld.limit_description, 
      ld.limit_status, 
      ld.limit_type, 
      ld.limit_measure, 
      ld.unit, 
      ld.group_name, 
      ld.from_value, 
      ld.to_value, 
      ld.updated_by, 
      ld.sector, 
      ld.strategy, 
      ld.subprogram, 
      ld.account_hierarchy_node, 
      ld.business_delegate, 
      ld.business_owner, 
      ld.currency, 
      ld.custom, 
      ld.department, 
      ld.entity, 
      ld.start_date, 
      ld.end_date, 
      ld.product_type, 
      ld.program, 
      ld.rank, 
      ld.rating, 
      ld.risk_delegate, 
      ld.risk_hierarchy_node, 
      ld.risk_owner, 
      lu.limit_utilization_percent, 
      lu.limit_utilization, 
      lu.measure_value, 
      lu.threshold, 
      lu.benchmark, 
      lu.benchmark_value, 
      lu.is_alert, 
      lu.is_breach
  from risk_prod.limit_definition ld
  inner join risk_prod.limit_utilization lu on 
      ld.business_date = lu.business_date and ld.limit_name = lu.limit_name
) ""Custom_SQL_Query""
LIMIT 1 ) T LIMIT 0"
8d60c42ceb4a48862f6e051086c7a242ccf2ae85a6816ab3c17e8022f1cd4aac,"/* cppi::8d60c42ceb4a48862f6e051086c7a242ccf2ae85a6816ab3c17e8022f1cd4aac */
SELECT * FROM (SELECT *
FROM (
  select 
      ld.business_date, 
      ld.limit_id, 
      ld.limit_name, 
      ld.limit_description, 
      ld.limit_status, 
      ld.limit_type, 
      ld.limit_measure, 
      ld.unit, 
      ld.group_name, 
      ld.from_value, 
      ld.to_value, 
      ld.updated_by, 
      ld.sector, 
      ld.strategy, 
      ld.subprogram, 
      ld.account_hierarchy_node, 
      ld.business_delegate, 
      ld.business_owner, 
      ld.currency, 
      ld.custom, 
      ld.department, 
      ld.entity, 
      ld.start_date, 
      ld.end_date, 
      ld.product_type, 
      ld.program, 
      ld.rank, 
      ld.rating, 
      ld.risk_delegate, 
      ld.risk_hierarchy_node, 
      ld.risk_owner, 
      lu.limit_utilization_percent, 
      lu.limit_utilization, 
      lu.measure_value, 
      lu.threshold, 
      lu.benchmark, 
      lu.benchmark_value, 
      lu.is_alert, 
      lu.is_breach
  from risk_prod.limit_definition ld
  inner join risk_prod.limit_utilization lu on 
      ld.business_date = lu.business_date and ld.limit_name = lu.limit_name
) ""Custom_SQL_Query""
LIMIT 1 ) T LIMIT 0"
2c7f4b2002eea781573afd229501c668f90a24250bcc8a8e140caa5f9ee33fd5,"/* cppi::2c7f4b2002eea781573afd229501c668f90a24250bcc8a8e140caa5f9ee33fd5 */
SELECT pricing_date, security_id as cppib_sec_id, daily_return
FROM market.cppib_market_equity_prices
WHERE pricing_date > DATE_ADD('year', -1, date'2022-06-27') and pricing_date <= date'2025-06-11'
AND pricing_date >= date'2022-04-01'
AND is_suspended_flag = 0 AND is_exchange_holiday = 0
and security_id in (13123726, 656, 211492, 20124800, 3938442, 2870341, 194828, 12837, 2398, 13020, 108, 19944138, 149, 1633, 15507450, 5961759, 2320, 2480, 34, 10873, 186764, 1226, 638, 3210, 1243, 2829, 1260, 155, 38, 6890947, 20574212, 1636, 20067238, 22260437, 23664324, 131, 25973601, 19642539, 3350, 196, 8600935, 4573, 1315, 22338162, 1635, 12996, 23925383, 21469313, 3162, 23710596, 6971157, 1126, 471, 204093, 839, 693, 22222709, 22615395, 20097897, 20656967, 23664322, 21384112, 24867203, 17670674, 13219633, 3096, 17302025, 12922715, 21043393, 3336, 3378, 18483035, 3203, 1699, 7804, 6577, 15811155, 1919, 9026, 22500340, 11998, 3160, 24529490, 15954822, 24532887, 24867204, 21784882, 8310, 15740247, 21397397, 23161295, 154129, 25520866, 631, 24339605, 682, 23684107, 19383090, 1039, 4578, 11048645, 1278, 8748, 17227, 5732480, 1311, 3407, 26763748, 19720287, 27433735, 23153168)"
7037108dfddb407acb103f9f3c3397d9109c910107f8434a7bb1e0273745012f,"/* cppi::7037108dfddb407acb103f9f3c3397d9109c910107f8434a7bb1e0273745012f */
select * from cmf.pipeline_event 
    where job like '03%model_gen%portfolio' 
    and event = 'end' 
    and strategy_id = 'global_em_long_short_v1'
    and date_ =  '2025-06-10'"
2b7233e7a01a5c8dbee012d3372db73be31b460f141adc39efeeaa63b88a08b8,"/* cppi::2b7233e7a01a5c8dbee012d3372db73be31b460f141adc39efeeaa63b88a08b8 */
SELECT pricing_date, security_id as cppib_sec_id, daily_return
FROM market.cppib_market_equity_prices
WHERE pricing_date > DATE_ADD('year', -1, date'2022-06-27') and pricing_date <= date'2025-06-11'
AND pricing_date >= date'2022-04-01'
AND is_suspended_flag = 0 AND is_exchange_holiday = 0
and security_id in (7598, 6433, 5503, 9052, 11807, 12120, 5498, 5480, 20018686, 6445, 6442, 9921, 260693, 166038, 5521, 5523, 116001, 260729, 262430, 11367877, 5714, 258778, 17861266, 220354, 24689128, 10445, 5717, 6447, 8667, 26412, 24918151, 24785840, 11146, 24541002, 5507, 19904741, 212055, 5501, 5728, 251889, 5594, 220166, 5512, 11614, 5518, 10158, 207562, 579845, 20000001, 252024, 23665416, 5514, 19492297, 5502, 166522, 27864241, 63551, 6446)"
8a49342d60a9cd5287302c36ae7678c8a339af2d8cef5899cff84c882c74eabf,"/* cppi::8a49342d60a9cd5287302c36ae7678c8a339af2d8cef5899cff84c882c74eabf */
SELECT 1 FROM ioa_uat.tpm_tpm_daily_factor_portfolio_weights WHERE edl_meta_business_date='2025-06-09' limit 1"
1a2e42179f06ef17fc666ce1f9828ceb34a2a0dd18e4823aabf0b1522a7da4cd,"/* cppi::1a2e42179f06ef17fc666ce1f9828ceb34a2a0dd18e4823aabf0b1522a7da4cd */
SELECT DISTINCT TRIM(smp.model_portfolio_id) MPORT_CDE, TRIM(mpam.sst_account) PB_ACCT_GROUP, CURRENT_TIMESTAMP as LAST_UPDATE_TIME 
       from reference.model_portfolio_account_mapping mpam
	   left join reference.scd_model_portfolio smp on mpam.model_portfolio = smp.model_portfolio_id
       WHERE mpam.as_of_date = TO_DATE('2025-06-12', 'yyyy-mm-dd') 
       and TRIM(smp.model_portfolio_id) IS NOT null 
       AND smp.business_date ='2025-06-12' and mpam.as_of_date = TO_DATE('2025/06/12', 'yyyy/mm/dd')
       order by MPORT_CDE, PB_ACCT_GROUP"
1a2e42179f06ef17fc666ce1f9828ceb34a2a0dd18e4823aabf0b1522a7da4cd,"/* cppi::1a2e42179f06ef17fc666ce1f9828ceb34a2a0dd18e4823aabf0b1522a7da4cd */
SELECT DISTINCT TRIM(smp.model_portfolio_id) MPORT_CDE, TRIM(mpam.sst_account) PB_ACCT_GROUP, CURRENT_TIMESTAMP as LAST_UPDATE_TIME 
       from reference.model_portfolio_account_mapping mpam
	   left join reference.scd_model_portfolio smp on mpam.model_portfolio = smp.model_portfolio_id
       WHERE mpam.as_of_date = TO_DATE('2025-06-12', 'yyyy-mm-dd') 
       and TRIM(smp.model_portfolio_id) IS NOT null 
       AND smp.business_date ='2025-06-12' and mpam.as_of_date = TO_DATE('2025/06/12', 'yyyy/mm/dd')
       order by MPORT_CDE, PB_ACCT_GROUP"
177c66194c844bef4d246d2f92fce9d1c9741673b71b4f2dd1e8c3162932b33e,"/* cppi::177c66194c844bef4d246d2f92fce9d1c9741673b71b4f2dd1e8c3162932b33e */
SELECT pricing_date, security_id as cppib_sec_id, daily_return
FROM market.cppib_market_equity_prices
WHERE pricing_date > DATE_ADD('year', -1, date'2022-06-27') and pricing_date <= date'2025-06-11'
AND pricing_date >= date'2022-04-01'
AND is_suspended_flag = 0 AND is_exchange_holiday = 0
and security_id in (9964, 845, 1150, 1005, 12192, 11182, 826, 7776, 12402, 11841, 3288, 922, 23962099, 11391, 6962, 348, 20180894, 886, 455, 746, 2600, 6165, 21608087, 640, 9859, 3362, 7966, 22532471, 47, 2742, 3284, 566, 466, 569, 2156, 829, 4712, 1160, 5134, 599102, 9958, 4689, 12241, 11874, 9703, 1578, 10832, 3067089, 12862, 10133, 8208, 11857, 15860710, 23097383, 12351428, 23094061, 8423, 181569, 184813, 25769064, 11236, 11840, 20740, 11914, 19553156, 602, 12287, 13321, 4640, 9712, 13063, 12236, 4368225, 23094062, 3072, 2598, 9961, 6161, 7787, 8244, 2957, 12392, 10005, 12154, 3219, 13083, 1199, 2631, 19687135, 794, 20743578, 12834, 9950, 9758, 12165, 11564, 10040, 795, 9818, 12293, 6064, 9852, 184102, 4754, 959, 6060, 5320, 11838, 9457, 11065, 22347453, 573904, 6045, 3388, 766, 2, 1194, 9825, 11947, 3116, 11659, 14278585)"
a668eeb10b12cd0868bd5d611d4b9eaf8a412f030f34299d3fe67ed0da9f1703,"/* cppi::a668eeb10b12cd0868bd5d611d4b9eaf8a412f030f34299d3fe67ed0da9f1703 */
select * from df_enriched_prod.idm_api_mapping_meta where feed_name = 'deepMacro.economic' and api_item_name in ('growth')"
0f4a8fe015e7d3164db4270e077e26d0d2c963e99004b1cd30fbc1857d891bc0,"/* cppi::0f4a8fe015e7d3164db4270e077e26d0d2c963e99004b1cd30fbc1857d891bc0 */
select * from df_enriched_prod.idm_api_timeseries_meta where feed_name = 'imf.weo' and api_item_name in ('PPPEX') and (entity_id_1 in ('AUS','GBR','NZL','CAN','JPN','NOR','SWE','CHE','AUT','BEL','FRA','DEU','IRL','ITA','NLD','PRT','ESP'))"
73cdc66c6259c7e9e1a84ca79c7f6b0390e1bb6c36c78b37b9093ae3dc8409c4,"/* cppi::73cdc66c6259c7e9e1a84ca79c7f6b0390e1bb6c36c78b37b9093ae3dc8409c4 */
select 'bbg.index' as feed, field_name as itemName, bbg_code as entityId1, business_date  as timekey, numeric_value as tsValue, arrival_time as arrivalTime from df_enriched_prod.bloomberg_index_latest where field_name in ('last_price') and bbg_code in ('BP0003M Curncy', 'BBSW3M Curncy', 'CDOR03 Curncy', 'SPTR Index', 'GOLDS Comdty', 'ITRR7T10 Index', 'USCRWTIC Comdty', 'SPGSCITR Index', 'SHCOMP Index', 'SHPROP Index', 'GDDUWIF Index', 'SX5E Index', 'JBDNJPY Index', 'JBDNUSD Index', 'USGG10YR Index', 'USGG2YR Index', 'VIX Index', 'CESIUSD Index', 'CESIEM Index', 'GDBR2 Index', 'GDBR10 Index', 'GSPG10YR Index') and business_date >= date '2025-06-10'  and source in ('bloomberg_index_price','qsrp','bloomberg_index_price')"
35b104b64b9d83ea8b80469ff2bcc30e110b34ae48ec7b1392352f2e8ae151e6,"/* cppi::35b104b64b9d83ea8b80469ff2bcc30e110b34ae48ec7b1392352f2e8ae151e6 */
select 'bbg.index' as feed, field_name as itemName, bbg_code as entityId1, business_date  as timekey, numeric_value as tsValue, arrival_time as arrivalTime from df_enriched_prod.bloomberg_index_latest where field_name in ('one_year_impvol') and bbg_code in ('SPX Index', 'SX5E Index', 'NKY Index', 'UKX Index', 'AS51 Index') and business_date >= date '2025-06-10'  and business_date <= date '2025-06-10'  and source in ('bloomberg_one_year_impvol_pit')"
837338b5e11b7aefb733432f5551952a36302735bd0e2b7f4135e05e83bbf924,"/* cppi::837338b5e11b7aefb733432f5551952a36302735bd0e2b7f4135e05e83bbf924 */
select 'tds.index' as feed, quote_method_code as itemName, ticker as entityId1, business_date  as timekey, quote_method_value as tsValue, arrival_time as arrivalTime from df_trusted_prod.tds_macroeconomic_index_latest where quote_method_code in ('MSDY') and ticker in ('M1AFE1$', 'M1AFM1$', 'M1AFID$', 'M1AFCD$', 'M1AFCS$', 'M1AFHC$', 'M1AFFN$', 'M1AFIT$', 'M1AFT1$', 'M1AFU1$', 'M1AFR1$', 'M2AFR2$', 'M2AFMD$') and business_date >= date '2025-05-12'"
adbfe10a54dcd1f3e03a85c90b296586c12a32d4a10619bc699cddf027c7a897,"/* cppi::adbfe10a54dcd1f3e03a85c90b296586c12a32d4a10619bc699cddf027c7a897 */
SELECT * FROM (select asi.cppib_sec_id , asi.sec_typ_lvl1_nm from asset.asset_security_identifiers asi  where asi.sec_typ_lvl1_nm in ('Bond', 'Equity') and asi.business_date = NULL   AND ( asi.cppib_sec_id in ( NULL ) )) T LIMIT 0"
565ef4eab60306e7dfbf2f71b960c02e3d4ca321fff742154330ce8757964fd0,"/* cppi::565ef4eab60306e7dfbf2f71b960c02e3d4ca321fff742154330ce8757964fd0 */
SELECT bloomberg_cd as entity_id, price_value as value, business_date as timekey, df_meta_system_process_date as arrival_time FROM ""df_enriched_prod"".""vendor_bonds_bval_prices"" WHERE business_date >= CAST('2025-06-10' AS DATE) AND bloomberg_cd in ('CAN 1 06/01/27 Govt','CAN 1.25 06/01/30 Govt','CAN 2.25 06/01/29 Govt','CAN 3.25 12/01/34 Govt','CAN 1.5 06/01/26 Govt','CAN 2 06/01/28 Govt','CAN 2.5 12/01/32 Govt','CAN 1.5 06/01/31 Govt','CAN 1.5 12/01/31 Govt','CAN 2.75 06/01/33 Govt','CAN 0.5 12/01/30 Govt','CAN 2 06/01/32 Govt','CAN 3 06/01/34 Govt','CAN 3.25 12/01/33 Govt','CAN 2.75 12/01/48 Govt','CAN 3.5 12/01/45 Govt','CAN 2 12/01/51 Govt','CAN 2.75 12/01/55 Govt','CAN 1.75 12/01/53 Govt','JGB 0.1 03/20/26 342 Govt','JGB 0.1 03/20/28 350 Govt','JGB 0.1 06/20/30 359 Govt','JGB 0.1 12/20/29 357 Govt','JGB 0.2 06/20/32 367 Govt','JGB 0.4 09/20/25 340 Govt','JGB 0.6 12/20/33 373 Govt','JGB 0.8 09/20/33 372 Govt','JGB 1.1 06/20/34 375 Govt','JGB 1.2 12/20/34 377 Govt','JGB 0.1 03/20/27 346 Govt','JGB 0.1 03/20/31 362 Govt','JGB 0.1 06/20/26 343 Govt','JGB 0.1 06/20/27 347 Govt','JGB 0.1 12/20/28 353 Govt','JGB 0.1 12/20/31 365 Govt','JGB 0.9 09/20/34 376 Govt','JGB 0.1 03/20/29 354 Govt','JGB 0.1 06/20/29 355 Govt','JGB 0.1 09/20/26 344 Govt','JGB 0.1 12/20/30 361 Govt','JGB 0.2 09/20/32 368 Govt','JGB 0.3 12/20/25 341 Govt','JGB 0.4 06/20/25 339 Govt','JGB 0.5 12/20/32 369 Govt','JGB 0.1 03/20/30 358 Govt','JGB 0.1 06/20/28 351 Govt','JGB 0.1 09/20/27 348 Govt','JGB 0.1 09/20/28 352 Govt','JGB 0.1 09/20/29 356 Govt','JGB 0.1 09/20/30 360 Govt','JGB 0.1 09/20/31 364 Govt','JGB 0.1 12/20/27 349 Govt','JGB 0.5 03/20/33 370 Govt','JGB 0.8 03/20/34 374 Govt','JGB 1.4 03/20/35 378 Govt','JGB 0.1 06/20/31 363 Govt','JGB 0.1 12/20/26 345 Govt','JGB 0.2 03/20/32 366 Govt','JGB 0.4 06/20/33 371 Govt','JGB 0.2 06/20/36 157 Govt','JGB 0.6 06/20/37 161 Govt','JGB 1 12/20/35 155 Govt','JGB 1.5 06/20/34 149 Govt','JGB 1.7 12/20/32 141 Govt','JGB 2.1 09/20/29 113 Govt','JGB 0.5 03/20/38 164 Govt','JGB 1.2 09/20/35 154 Govt','JGB 1.5 06/20/32 138 Govt','JGB 1.6 12/20/33 147 Govt','JGB 1.7 09/20/31 131 Govt','JGB 0.3 06/20/39 169 Govt','JGB 0.3 12/20/39 171 Govt','JGB 0.5 06/20/38 165 Govt','JGB 0.6 12/20/36 159 Govt','JGB 0.7 03/20/37 160 Govt','JGB 1.2 03/20/35 152 Govt','JGB 1.2 12/20/34 151 Govt','JGB 1.3 06/20/35 153 Govt','JGB 1.4 09/20/34 150 Govt','JGB 1.5 03/20/34 148 Govt','JGB 1.6 03/20/32 136 Govt','JGB 1.7 06/20/33 145 Govt','JGB 1.7 09/20/32 140 Govt','JGB 1.7 09/20/33 146 Govt','JGB 1.7 12/20/31 132 Govt','JGB 1.8 06/20/31 129 Govt','JGB 0.3 09/20/39 170 Govt','JGB 0.4 03/20/36 156 Govt','JGB 0.4 03/20/40 172 Govt','JGB 0.5 09/20/36 158 Govt','JGB 0.5 12/20/38 167 Govt','JGB 0.6 09/20/37 162 Govt','JGB 0.7 09/20/38 166 Govt','JGB 1.6 03/20/33 143 Govt','JGB 1.6 06/20/30 120 Govt','JGB 1.8 09/20/30 122 Govt','JGB 1.9 03/20/29 109 Govt','JGB 2 12/20/30 124 Govt','JGB 2.1 06/20/29 112 Govt','JGB 2.1 12/20/29 114 Govt','JGB 0.6 12/20/37 163 Govt','JGB 2.1 03/20/30 117 Govt','JGB 0.3 06/20/46 51 Govt','JGB 0.4 06/20/49 63 Govt','JGB 0.5 03/20/49 62 Govt','JGB 0.7 09/20/51 72 Govt','JGB 0.8 06/20/47 55 Govt','JGB 1.4 03/20/53 78 Govt','JGB 1.4 09/20/52 76 Govt','JGB 1.7 06/20/44 43 Govt','JGB 1.8 03/20/54 82 Govt','JGB 2.2 06/20/54 83 Govt','JGB 0.6 06/20/50 67 Govt','JGB 0.6 09/20/50 68 Govt','JGB 1.4 12/20/45 49 Govt','JGB 1.6 12/20/52 77 Govt','JGB 0.4 03/20/50 66 Govt','JGB 0.4 09/20/49 64 Govt','JGB 0.4 12/20/49 65 Govt','JGB 0.7 03/20/51 70 Govt','JGB 0.7 06/20/51 71 Govt','JGB 0.8 03/20/48 58 Govt','JGB 0.8 12/20/47 57 Govt','JGB 1 03/20/52 74 Govt','JGB 1.3 06/20/52 75 Govt','JGB 1.5 12/20/44 45 Govt','JGB 2.4 03/20/55 86 Govt','JGB 0.6 12/20/46 53 Govt','JGB 0.7 06/20/48 59 Govt','JGB 0.7 12/20/48 61 Govt','JGB 0.7 12/20/50 69 Govt','JGB 0.8 03/20/46 50 Govt','JGB 0.8 09/20/47 56 Govt','JGB 0.9 09/20/48 60 Govt','JGB 1.2 06/20/53 79 Govt','JGB 1.4 09/20/45 48 Govt','JGB 1.5 03/20/45 46 Govt','JGB 1.6 06/20/45 47 Govt','JGB 1.7 09/20/44 44 Govt','JGB 2.1 09/20/54 84 Govt','JGB 0.5 09/20/46 52 Govt','JGB 0.7 12/20/51 73 Govt','JGB 0.8 03/20/47 54 Govt','JGB 1.6 12/20/53 81 Govt','JGB 1.8 09/20/53 80 Govt','JGB 2.3 12/20/54 85 Govt','T 1.125 02/15/31 Govt','T 2.375 05/15/29 Govt','T 2.75 02/15/28 Govt','T 2.875 08/15/28 Govt','T 3.125 11/15/28 Govt','T 0.625 05/15/30 Govt','T 0.625 08/15/30 Govt','T 1.5 08/15/26 Govt','T 1.625 02/15/26 Govt','T 1.625 08/15/29 Govt','T 1.75 11/15/29 Govt','T 1.875 02/15/32 Govt','T 2 08/15/25 Govt','T 2.375 05/15/27 Govt','T 2.625 02/15/29 Govt','T 2.875 05/15/28 Govt','T 2.875 05/15/32 Govt','T 4.375 05/15/34 Govt','T 1.25 08/15/31 Govt','T 2 11/15/26 Govt','T 2.25 02/15/27 Govt','T 2.25 08/15/27 Govt','T 2.75 08/15/32 Govt','T 3.875 08/15/33 Govt','T 0.875 11/15/30 Govt','T 1.625 05/15/31 Govt','T 2.25 11/15/25 Govt','T 2.25 11/15/27 Govt','T 3.375 05/15/33 Govt','T 3.5 02/15/33 Govt','T 3.875 08/15/34 Govt','T 4 02/15/34 Govt','T 4.125 11/15/32 Govt','T 4.25 05/15/35 Govt','T 4.625 02/15/35 Govt','T 1.375 11/15/31 Govt','T 4.25 11/15/34 Govt','T 4.5 11/15/33 Govt','T 1.5 02/15/30 Govt','T 1.625 05/15/26 Govt','T 2.375 11/15/49 Govt','T 2.5 02/15/45 Govt','T 2.875 11/15/46 Govt','T 3 05/15/45 Govt','T 3.625 05/15/53 Govt','T 4.125 08/15/53 Govt','T 1.25 05/15/50 Govt','T 1.875 02/15/51 Govt','T 2.25 02/15/52 Govt','T 2.5 02/15/46 Govt','T 3 08/15/52 Govt','T 4.5 11/15/54 Govt','T 4.75 05/15/55 Govt','T 4.75 11/15/53 Govt','T 1.625 11/15/50 Govt','T 1.875 11/15/51 Govt','T 2.375 05/15/51 Govt','T 2.5 05/15/46 Govt','T 2.75 08/15/47 Govt','T 2.875 08/15/45 Govt','T 3 02/15/48 Govt','T 3 02/15/49 Govt','T 3 08/15/48 Govt','T 3 11/15/44 Govt','T 3.125 08/15/44 Govt','T 3.625 02/15/53 Govt','T 4.25 02/15/54 Govt','T 4.625 02/15/55 Govt','T 1.375 08/15/50 Govt','T 2 08/15/51 Govt','T 2.25 08/15/46 Govt','T 2.25 08/15/49 Govt','T 2.875 05/15/49 Govt','T 3 02/15/47 Govt','T 3 11/15/45 Govt','T 3.125 05/15/48 Govt','T 3.375 05/15/44 Govt','T 4 11/15/52 Govt','T 4.625 05/15/54 Govt','T 2 02/15/50 Govt','T 2.75 11/15/47 Govt','T 2.875 05/15/52 Govt','T 4.25 08/15/54 Govt','T 3 05/15/47 Govt','T 3.375 11/15/48 Govt','UKT 4.625 01/31/34 Govt','UKT 1.5 07/22/26 Govt','UKT 1.625 10/22/28 Govt','UKT 0.25 07/31/31 Govt','UKT 3.25 01/31/33 Govt','UKT 4.25 06/07/32 Govt','UKT 4.75 12/07/30 Govt','UKT 0.875 10/22/29 Govt','UKT 4.25 07/31/34 Govt','UKT 2 09/07/25 Govt','UKT 4.25 12/07/27 Govt','UKT 4.5 03/07/35 Govt','UKT 0.625 10/22/50 Govt','UKT 3.75 10/22/53 Govt','UKT 3.25 01/22/44 Govt','UKT 4.375 07/31/54 Govt','UKT 1.25 07/31/51 Govt','UKT 1.75 01/22/49 Govt','UKT 3.5 01/22/45 Govt','UKT 1.5 07/22/47 Govt','ACGB 1 12/21/30 160 Govt','ACGB 3.5 12/21/34 168 Govt','ACGB 3.75 05/21/34 167 Govt','ACGB 4.25 04/21/26 142 Govt','ACGB 1.25 05/21/32 158 Govt','ACGB 3 11/21/33 166 Govt','ACGB 1 11/21/31 163 Govt','ACGB 2.75 06/21/35 145 Govt','ACGB 1.5 06/21/31 157 Govt','ACGB 2.25 05/21/28 149 Govt','ACGB 2.75 11/21/27 148 Govt','ACGB 2.75 11/21/28 152 Govt','ACGB 2.75 11/21/29 154 Govt','ACGB 3.25 04/21/29 138 Govt','ACGB 4.75 04/21/27 136 Govt','ACGB 1.75 11/21/32 165 Govt','ACGB 2.5 05/21/30 155 Govt','ACGB 4.5 04/21/33 140 Govt','ACGB 3 03/21/47 150 Govt','ACGB 4.75 06/21/54 169 Govt','ACGB 1.75 06/21/51 162 Govt','TII 0.375 01/15/27 Govt','TII 0.875 01/15/29 Govt','TII 0.125 01/15/32 Govt','TII 0.375 07/15/25 Govt','TII 0.5 01/15/28 Govt','TII 0.625 07/15/32 Govt','TII 1.375 07/15/33 Govt','TII 0.125 01/15/31 Govt','TII 0.125 07/15/31 Govt','TII 0.375 07/15/27 Govt','TII 1.875 07/15/34 Govt','TII 2.125 01/15/35 Govt','TII 0.125 01/15/30 Govt','TII 0.125 07/15/26 Govt','TII 0.25 07/15/29 Govt','TII 0.625 01/15/26 Govt','TII 0.75 07/15/28 Govt','TII 1.125 01/15/33 Govt','TII 1.75 01/15/34 Govt','TII 0.125 07/15/30 Govt')"
8c6541077642502572901538641def071663c4ecb6b8cebbb6b70c332fe4ce56,"/* cppi::8c6541077642502572901538641def071663c4ecb6b8cebbb6b70c332fe4ce56 */
SELECT pricing_date, security_id as cppib_sec_id, daily_return
FROM market.cppib_market_equity_prices
WHERE pricing_date > DATE_ADD('year', -1, date'2022-06-27') and pricing_date <= date'2025-06-11'
AND pricing_date >= date'2022-04-01'
AND is_suspended_flag = 0 AND is_exchange_holiday = 0
and security_id in (26675111, 19648236, 16629294, 839, 7804, 11, 1253, 3067, 10603, 21013349, 8429, 22284824, 24801014, 214, 662, 781, 224502, 989, 11988376, 48, 123, 20717368, 616, 24437202, 736, 446, 10330, 2086, 2854, 9885, 8312, 7103, 2961, 3337, 5968, 226160, 21231179, 3197, 19412628, 23094060, 22595691, 21001779, 1628, 2392, 16272230, 11913, 84898, 226449, 24250442, 21406278, 582012, 22686388, 578557, 3091, 23153171, 6987, 202522, 4553, 7346165, 12186035, 26394316, 8452, 828, 11290, 9920564, 24302398, 588266, 27038132, 24393062, 28835299)"
adbfe10a54dcd1f3e03a85c90b296586c12a32d4a10619bc699cddf027c7a897,"/* cppi::adbfe10a54dcd1f3e03a85c90b296586c12a32d4a10619bc699cddf027c7a897 */
SELECT * FROM (select asi.cppib_sec_id , asi.sec_typ_lvl1_nm from asset.asset_security_identifiers asi  where asi.sec_typ_lvl1_nm in ('Bond', 'Equity') and asi.business_date = NULL   AND ( asi.cppib_sec_id in ( NULL ) )) T LIMIT 0"
8fea7927e2a03d4c6f6f6d0e1257a07debd973b838c1bec15e007ddb267c1566,"/* cppi::8fea7927e2a03d4c6f6f6d0e1257a07debd973b838c1bec15e007ddb267c1566 */
select * from cmf.pipeline_event 
    where job like '03%model_gen%portfolio' 
    and event = 'end' 
    and strategy_id = 'global_dm_long_short_v15'
    and date_ =  '2025-06-10'"
7037108dfddb407acb103f9f3c3397d9109c910107f8434a7bb1e0273745012f,"/* cppi::7037108dfddb407acb103f9f3c3397d9109c910107f8434a7bb1e0273745012f */
select * from cmf.pipeline_event 
    where job like '03%model_gen%portfolio' 
    and event = 'end' 
    and strategy_id = 'global_em_long_short_v1'
    and date_ =  '2025-06-10'"
ef375d49613230d7baf01ba9373223ea4ff96f42c270e06b30f9237ad436978e,"/* cppi::ef375d49613230d7baf01ba9373223ea4ff96f42c270e06b30f9237ad436978e */
select * from cmf.pipeline_event 
    where job like '03%model_gen%portfolio' 
    and event = 'end' 
    and strategy_id = 'tfm_ai_long_short_v1'
    and date_ =  '2025-06-10'"
071c950d82506067bbae76ae5218634c5e0c20c50f6de412dd56da9bcc52707d,"/* cppi::071c950d82506067bbae76ae5218634c5e0c20c50f6de412dd56da9bcc52707d */
select * from cmf.pipeline_event 
    where job like '03%model_gen%portfolio' 
    and event = 'end' 
    and strategy_id = 'euxuk_v9'
    and date_ =  '2025-06-10'"
37cb89bbc858effccc4f90f1dfcffb4ba74de808f119131d62701112acf14882,"/* cppi::37cb89bbc858effccc4f90f1dfcffb4ba74de808f119131d62701112acf14882 */
select * from cmf.pipeline_event 
    where job like '03%model_gen%portfolio' 
    and event = 'end' 
    and strategy_id = 'jp_eb_v4'
    and date_ =  '2025-06-10'"
5119db3a4aac0a66b590fa3eccb054640ae42bdaa12ed89c1f48f9d53535ae6e,"/* cppi::5119db3a4aac0a66b590fa3eccb054640ae42bdaa12ed89c1f48f9d53535ae6e */
SELECT pricing_date, security_id as cppib_sec_id, daily_return
FROM market.cppib_market_equity_prices
WHERE pricing_date > DATE_ADD('year', -1, date'2022-06-27') and pricing_date <= date'2025-06-11'
AND pricing_date >= date'2022-04-01'
AND is_suspended_flag = 0 AND is_exchange_holiday = 0
and security_id in (255205, 6432, 7876, 5586, 5499, 165304, 6505, 63550, 9926, 20821818, 255457, 7564, 261247, 6293, 21268089, 10110, 9925, 20854722, 26533, 10926, 10019, 20084919, 258760, 5715, 25828, 20982357, 11399, 255683, 20496758, 23729999, 212287, 21785692, 19890110, 20775440, 10480, 21207736, 26524484, 18530646, 19913047, 22638761, 21082558, 21342097)"
d75bf39debac639fd3dc1cf8842762d8ed9985fe5a25c57ca8d4e1686337ed3e,"/* cppi::d75bf39debac639fd3dc1cf8842762d8ed9985fe5a25c57ca8d4e1686337ed3e */
SELECT * FROM ""market"".""bloomberg_bps_price_index_latest"" WHERE UPPER(ticker) = 'CADAUD WMCO CURNCY' AND business_date >= to_date('2024-06-10', 'yyyy-mm-dd') AND business_date < to_date('2025-06-10', 'yyyy-mm-dd')"
4e90bc454a404d72b5f378c123c97082c47111a320ac9db813097d866b229804,"/* cppi::4e90bc454a404d72b5f378c123c97082c47111a320ac9db813097d866b229804 */
select
benchmark_name,
hierarchy_type,
hierarchy_node,
business_date,
node_name,
node_level,
hierarchy_level as node_hierarchy_level,
curve,
currency,
cast(element_at(cs01, 1) as decimal(22,6)) AS ""0/N"",
cast(element_at(cs01, 2) as decimal(22,6)) AS ""1W"",
cast(element_at(cs01, 3) as decimal(22,6)) AS ""1M"",
cast(element_at(cs01, 4) as decimal(22,6)) AS ""3M"",
cast(element_at(cs01, 5) as decimal(22,6)) AS ""6M"",
cast(element_at(cs01, 6) as decimal(22,6)) AS ""1Y"",
cast(element_at(cs01, 7) as decimal(22,6)) AS ""2Y"",
cast(element_at(cs01, 8) as decimal(22,6)) AS ""3Y"",
cast(element_at(cs01, 9) as decimal(22,6)) AS ""5Y"",
cast(element_at(cs01, 10) as decimal(22,6)) AS ""7Y"",
cast(element_at(cs01, 11) as decimal(22,6)) AS ""10Y"",
cast(element_at(cs01, 12) as decimal(22,6)) AS ""15Y"",
cast(element_at(cs01, 13) as decimal(22,6)) AS ""20Y"",
cast(element_at(cs01, 14) as decimal(22,6)) AS ""30Y""
from radar_reporting_uat.benchmark_analytic_cs01
where benchmark_name = 'Reference Portfolio Total' and hierarchy_type = 'ACCOUNT' and hierarchy_node = 'CPPIB-ALL' and business_date = '2025-06-05'   and run_id in
( select run_id from dag_runs where dag_id = 'active_risk_dag' and business_date = '2025-06-05' )"
4e90bc454a404d72b5f378c123c97082c47111a320ac9db813097d866b229804,"/* cppi::4e90bc454a404d72b5f378c123c97082c47111a320ac9db813097d866b229804 */
select
benchmark_name,
hierarchy_type,
hierarchy_node,
business_date,
node_name,
node_level,
hierarchy_level as node_hierarchy_level,
curve,
currency,
cast(element_at(cs01, 1) as decimal(22,6)) AS ""0/N"",
cast(element_at(cs01, 2) as decimal(22,6)) AS ""1W"",
cast(element_at(cs01, 3) as decimal(22,6)) AS ""1M"",
cast(element_at(cs01, 4) as decimal(22,6)) AS ""3M"",
cast(element_at(cs01, 5) as decimal(22,6)) AS ""6M"",
cast(element_at(cs01, 6) as decimal(22,6)) AS ""1Y"",
cast(element_at(cs01, 7) as decimal(22,6)) AS ""2Y"",
cast(element_at(cs01, 8) as decimal(22,6)) AS ""3Y"",
cast(element_at(cs01, 9) as decimal(22,6)) AS ""5Y"",
cast(element_at(cs01, 10) as decimal(22,6)) AS ""7Y"",
cast(element_at(cs01, 11) as decimal(22,6)) AS ""10Y"",
cast(element_at(cs01, 12) as decimal(22,6)) AS ""15Y"",
cast(element_at(cs01, 13) as decimal(22,6)) AS ""20Y"",
cast(element_at(cs01, 14) as decimal(22,6)) AS ""30Y""
from radar_reporting_uat.benchmark_analytic_cs01
where benchmark_name = 'Reference Portfolio Total' and hierarchy_type = 'ACCOUNT' and hierarchy_node = 'CPPIB-ALL' and business_date = '2025-06-05'   and run_id in
( select run_id from dag_runs where dag_id = 'active_risk_dag' and business_date = '2025-06-05' )"
90ee97c2d2be015e9d28cd6b703a52d75672d6bace576c93bbf3172857ce75db,"/* cppi::90ee97c2d2be015e9d28cd6b703a52d75672d6bace576c93bbf3172857ce75db */
select * from asset.asset_security_identifiers where cppib_sec_id = 16668541 and business_date = date_parse('20250610','%Y%m%d')"
02f513037904ebe9caad26984ab0e8999963bc3765d39d62b5c83eeaee12a17d,"/* cppi::02f513037904ebe9caad26984ab0e8999963bc3765d39d62b5c83eeaee12a17d */
select extract_time,business_date from scd_prod.party_issuer_latest where extract_time like '2025-06-11%' limit 10"
1dc3df40db4d2ef270e8db35096623d85c45a142348cf322fbc4b1a044329544,"/* cppi::1dc3df40db4d2ef270e8db35096623d85c45a142348cf322fbc4b1a044329544 */
SELECT pricing_date, security_id as cppib_sec_id, daily_return
FROM market.cppib_market_equity_prices
WHERE pricing_date > DATE_ADD('year', -1, date'2022-06-27') and pricing_date <= date'2025-06-11'
AND pricing_date >= date'2022-04-01'
AND is_suspended_flag = 0 AND is_exchange_holiday = 0
and security_id in (2352, 8630, 7236051, 9629, 17788137, 12591, 4861, 8491, 2351, 11775, 9149, 7317, 255466, 9110, 9831, 12723212, 4866, 4872, 211883, 10170, 252207, 7316, 34339, 6337, 8623, 6478, 2014, 4834, 21145188, 8321, 2125, 12634, 9477, 85722, 9178, 5080, 10518, 9970, 9505, 250332, 1735, 1883, 8629, 251032, 266180, 5654170, 26860971, 221329, 233576, 25788931, 210852, 10661, 10776, 173928)"
217eec097a5275d3c7b21612212e8a13986af478d100e3eabc38f31630c0bb9d,"/* cppi::217eec097a5275d3c7b21612212e8a13986af478d100e3eabc38f31630c0bb9d */
SELECT pricing_date, security_id as cppib_sec_id, daily_return
FROM market.cppib_market_equity_prices
WHERE pricing_date > DATE_ADD('year', -1, date'2022-04-01') and pricing_date <= date'2025-06-11'
AND pricing_date >= date'2022-04-01'
AND is_suspended_flag = 0 AND is_exchange_holiday = 0
and security_id in (9789, 4959, 23828201, 12471, 497496, 22264532, 191665, 21194710, 11259, 22491973, 5466, 7910, 202722, 5704, 583715, 213903, 6454, 220168, 42116, 11368, 591956, 5568, 24365677, 5873, 12464, 21419654, 159631, 14665861, 20534712, 181651, 31571, 7906, 24685294, 12468, 5701, 19304651, 24543965, 5687, 23901021, 21642826, 497427, 5637, 10799, 23491996, 5639, 497501, 20705604, 9204, 5691, 8025, 9097, 12454, 26281163, 9377)"
7d17de365ae6e883826fa7dcdfc3790c49f0eaaa9b56ec567602791d83552119,"/* cppi::7d17de365ae6e883826fa7dcdfc3790c49f0eaaa9b56ec567602791d83552119 */
select * from dim_calc_currency where chron_id='100000003521'"
105a3bc938de9ae79abffe631f4314f6ded525b6b54fceb5dd42e8ef3b48a72c,"/* cppi::105a3bc938de9ae79abffe631f4314f6ded525b6b54fceb5dd42e8ef3b48a72c */
SELECT
	client_ip,
	MAX_BY(counter, counter) as max_counter_per_min
 FROM (
	WITH logs_with_concat_data AS (
		SELECT
			httprequest.clientip as client_ip,
			from_unixtime(timestamp/1000) as datetime
		FROM
			publicinboundwafnonprod_azf8db.waf_access_logs
		WHERE year = 2025
		AND month = 06
		AND day = 11
		AND hour between 17 and 18
	)
	SELECT
		client_ip,
		COUNT(*) as counter
	FROM
		logs_with_concat_data
	WHERE
		datetime > TIMESTAMP '2025-06-11 17:01:58'
	GROUP BY
		client_ip,
		date_trunc('minute', datetime)
	HAVING
		COUNT(*) >= 10000.0
) GROUP BY
	client_ip
ORDER BY
	max_counter_per_min DESC
LIMIT 10000"
5d0de87750e972b44003a3d129183f5285eb3be216eaeebc4561860b9317bff1,"/* cppi::5d0de87750e972b44003a3d129183f5285eb3be216eaeebc4561860b9317bff1 */
Select distinct cppib_sec_id
from asset.asset_security_identifiers_universe
where ISIN = 'DE0007165631'
limit 1"
0703e8434d42ff28d9317a5f60423704a8fb6585db6d3bec144c7c84f916348e,"/* cppi::0703e8434d42ff28d9317a5f60423704a8fb6585db6d3bec144c7c84f916348e */
-- Athena JDBC driver connection test
SELECT 1"
ef375d49613230d7baf01ba9373223ea4ff96f42c270e06b30f9237ad436978e,"/* cppi::ef375d49613230d7baf01ba9373223ea4ff96f42c270e06b30f9237ad436978e */
select * from cmf.pipeline_event 
    where job like '03%model_gen%portfolio' 
    and event = 'end' 
    and strategy_id = 'tfm_ai_long_short_v1'
    and date_ =  '2025-06-10'"
3b6f0751ae204aa994d468f0ab6b157465f49e432abcf0a92440c61f327a5d2d,"/* cppi::3b6f0751ae204aa994d468f0ab6b157465f49e432abcf0a92440c61f327a5d2d */
Select distinct cppib_sec_id
from asset.asset_security_identifiers_universe
where SEDOL = 'BN7SWP6'
limit 1"
af52e0c48373f92e703d2b3c63179b6f9699a377baa16b19e1105ec8b6ed4e2d,"/* cppi::af52e0c48373f92e703d2b3c63179b6f9699a377baa16b19e1105ec8b6ed4e2d */
SELECT CAST(CAST(""custom_sql_query"".""business_date"" AS TIMESTAMP) AS DATE) AS ""business_date"",
  TRY_CAST(""custom_sql_query"".""from_value"" AS DOUBLE) AS ""from_value"",
  ""custom_sql_query"".""is_alert"" AS ""is_alert"",
  ""custom_sql_query"".""is_breach"" AS ""is_breach"",
  ""custom_sql_query"".""limit_description"" AS ""limit_description"",
  ""custom_sql_query"".""limit_measure"" AS ""limit_measure"",
  ""custom_sql_query"".""limit_name"" AS ""limit_name"",
  TRY_CAST(""custom_sql_query"".""limit_utilization_percent"" AS DOUBLE) AS ""limit_utilization_"",
  TRY_CAST(""custom_sql_query"".""measure_value"" AS DOUBLE) AS ""measure_value"",
  TRY_CAST(""custom_sql_query"".""temp_value_from"" AS DOUBLE) AS ""temp_value_from"",
  TRY_CAST(""custom_sql_query"".""to_value"" AS DOUBLE) AS ""to_value""
FROM (
  select business_date, limit_utilization_percent, 
  temp_value_from, measure_value, to_value, from_value, limit_description, limit_name, limit_measure, is_alert, is_breach
  from ""risk_prod"".""limit_utilization""
  where limit_name in (
                  'ACPP_BOARD_EDR_PCT_B',
  		'ACPP_BOARD_VAR95_PCT_B',
  		'ACPP_ISRC_CVAR95_PCT_GT',
  		'ACPP_ISRC_EDR_PCT_B',
  		'ACPP_ISRC_VAR95_PCT_GT',
  		'ACPP_SMD_FX_EXP_CAD_B',
  		'BCPP_BOARD_EDR_PCT_B',
  		'BCPP_BOARD_VAR95_PCT_B',
  		'BCPP_ISRC_CVAR95_PCT_GT',
  		'BCPP_ISRC_EDR_PCT_B',
  		'BCPP_ISRC_FX_EXP_CAD_B',
  		'BCPP_ISRC_VAR95_PCT_GT',
  		'BCPP_SMD_FX_EXP_CAD_B',
  		'ISRC_ATP_ACPP_ACTIVE_VOL',
  		'ISRC_ATP_BCPP_ACTIVE_VOL',
  		'LCR_1M_HQLA_CAD&USD',
  		'LCR_1M_SUPP_ISRC',
  		'RL_TOTAL_ISRC',
  		'UNSECURED_DEBT',
  		'RL_BCPP_BOARD',
  		'LCR_1M_HQLA_EUR',
  		'RL_ACPP_BOARD',
  		'LCR_6M_SUPP_ISRC',
  		'LCR_6M_LA_DM_EQ',
  		'RL_BCPP_ISRC',
  		'MOODYS_LEVERAGE_RATIO',
  		'ASSETS_ENCUMBERED_SUPP',
  		'RL_ACPP_ISRC',
  		'LCR_6M_CORE_ISRC',
  		'UNSECURED_DEBT_1Y_MATURITY',
  		'RWL_TOTAL_ISRC',
  		'LCR_1M_CORE_BOARD',
  		'LCR_1M_HQLA_GBP',
  		'S&P_TOTAL_LIABILITIES_RATIO',
  		'DBRS_UNSECURED_DEBT_RATIO',
  		'LCR_1M_CORE_ISRC',
  		'COMMERCIAL_PAPER_DAILY_MATURITY',
  'ACPP_ISRC_TP_CASH',
  'ACPP_ISRC_TP_CR',
  'ACPP_ISRC_TP_DM',
  'ACPP_ISRC_TP_EM',
  'ACPP_ISRC_TP_EQ',
  'ACPP_ISRC_TP_NFI',
  'ACPP_ISRC_TP_PRIVATE',
  'ACPP_ISRC_TP_RA',
  'BCPP_ISRC_TP_CASH',
  'BCPP_ISRC_TP_CR',
  'BCPP_ISRC_TP_DM',
  'BCPP_ISRC_TP_EM',
  'BCPP_ISRC_TP_EQ',
  'BCPP_ISRC_TP_NFI',
  'BCPP_ISRC_TP_RA',
  'BCPP_ISRC_TP_PRIVATE','ACPP_ISRC_FX_EXP_CAD_B'
  	)
) ""custom_sql_query"""
d8b281999186005a2e7e67355fbcdec5baf5c7c669368462b3390b963ab783f2,"/* cppi::d8b281999186005a2e7e67355fbcdec5baf5c7c669368462b3390b963ab783f2 */
SELECT * FROM people.cppib_employee"
4887b79ba582a5e0cca27dc180048b4d680f39e61cb388c889f3e78232795d04,"/* cppi::4887b79ba582a5e0cca27dc180048b4d680f39e61cb388c889f3e78232795d04 */
select
benchmark_name,
hierarchy_type,
hierarchy_node,
business_date,
category,
sub_component,
id_cppib_index,
id_cppib_security,
curve,
currency,
cast(element_at(dv01, 1) as decimal(22,6)) AS ""0/N"",
cast(element_at(dv01, 2) as decimal(22,6)) AS ""1W"",
cast(element_at(dv01, 3) as decimal(22,6)) AS ""1M"",
cast(element_at(dv01, 4) as decimal(22,6)) AS ""3M"",
cast(element_at(dv01, 5) as decimal(22,6)) AS ""6M"",
cast(element_at(dv01, 6) as decimal(22,6)) AS ""1Y"",
cast(element_at(dv01, 7) as decimal(22,6)) AS ""2Y"",
cast(element_at(dv01, 8) as decimal(22,6)) AS ""3Y"",
cast(element_at(dv01, 9) as decimal(22,6)) AS ""5Y"",
cast(element_at(dv01, 10) as decimal(22,6)) AS ""7Y"",
cast(element_at(dv01, 11) as decimal(22,6)) AS ""10Y"",
cast(element_at(dv01, 12) as decimal(22,6)) AS ""15Y"",
cast(element_at(dv01, 13) as decimal(22,6)) AS ""20Y"",
cast(element_at(dv01, 14) as decimal(22,6)) AS ""30Y""
from
radar_reporting_prod.benchmark_pos_calc_dv01
where business_date = '2025-06-10' and benchmark_name = 'ATP ACPP' and hierarchy_type = 'ACCOUNT' and run_id = 'ATP_ACPP'"
a5e7e83499d1d076f0fa860149f466ead76272a8487518563b9f14e7f9f53da9,"/* cppi::a5e7e83499d1d076f0fa860149f466ead76272a8487518563b9f14e7f9f53da9 */
SELECT
	client_ip,
	MAX_BY(counter, counter) as max_counter_per_min
 FROM (
	WITH logs_with_concat_data AS (
		SELECT
			client_ip,
			target_status_code AS status,
			parse_datetime(time, 'yyyy-MM-dd''T''HH:mm:ss.SSSSSS''Z') AS datetime
		FROM
			wafprodcloudformationstac_ispj5m.app_access_logs
		WHERE year = 2025
		AND month = 06
		AND day = 11
		AND hour between 22 and 23
	)
	SELECT
		client_ip,
		COUNT(*) as counter
	FROM
		logs_with_concat_data
	WHERE
		datetime > TIMESTAMP '2025-06-11 22:35:24'
		AND status = ANY (VALUES '400', '401', '403', '404', '405')
	GROUP BY
		client_ip,
		date_trunc('minute', datetime)
	HAVING
		COUNT(*) >= 500
) GROUP BY
	client_ip
ORDER BY
	max_counter_per_min DESC
LIMIT 10000"
f9c4aef5b3a391ea2777f152d4632506ff075becade076b273728b55a7727f11,"/* cppi::f9c4aef5b3a391ea2777f152d4632506ff075becade076b273728b55a7727f11 */
with ver as (select business_date, feed_name, index_id, const_id, max(arrival_time) arrival_time
                from performance.production_sa_constituent_daily
                where business_date between date '2025-05-21' and date '2025-05-21'
                and to_date(substring(cast(arrival_time as varchar), 1, 8), 'yyyymmdd') <= date '2025-12-31'
                group by business_date, feed_name, index_id, const_id)
select c.*
from performance.production_sa_constituent_daily c
join ver v on (c.business_date, c.arrival_time, c.feed_name, c.index_id, c.const_id) = (v.business_date, v.arrival_time, v.feed_name, v.index_id, v.const_id)
where c.business_date between date '2025-05-21' and date '2025-05-21'"
11bda7f1e12de715e22f0e1761a25db9f9829ab64b4707764aabd4837ebc62f6,"/* cppi::11bda7f1e12de715e22f0e1761a25db9f9829ab64b4707764aabd4837ebc62f6 */
select distinct request_id, start_date, end_date, pool, strategy_alternative, weight, start_date as business_date
from performance.tpm_tpm_atp_weights where request_id = 
(select max(request_id) from performance.tpm_tpm_atp_weights where start_date = '2025-04-17' and end_date = '2025-04-17')
and start_date = '2025-04-17' and end_date = '2025-04-17'"
6a31c6dd8047e7e674372bb75cba544d26d91cd6b09451bebfde9d1550101144,"/* cppi::6a31c6dd8047e7e674372bb75cba544d26d91cd6b09451bebfde9d1550101144 */
with ver as (select business_date, feed_name, index_id, const_id, max(arrival_time) arrival_time
                from performance.production_sa_constituent_daily
                where business_date between date '2025-04-07' and date '2025-04-07'
                and to_date(substring(cast(arrival_time as varchar), 1, 8), 'yyyymmdd') <= date '2025-12-31'
                group by business_date, feed_name, index_id, const_id)
select c.*
from performance.production_sa_constituent_daily c
join ver v on (c.business_date, c.arrival_time, c.feed_name, c.index_id, c.const_id) = (v.business_date, v.arrival_time, v.feed_name, v.index_id, v.const_id)
where c.business_date between date '2025-04-07' and date '2025-04-07'"
9b7fd22b278d019875666f8333638e2dfeeee25042cc6ea012d05eb2344e80d3,"/* cppi::9b7fd22b278d019875666f8333638e2dfeeee25042cc6ea012d05eb2344e80d3 */
with ver as (select business_date, feed_name, index_id, const_id, max(arrival_time) arrival_time
                from performance.production_sa_constituent_daily
                where business_date between date '2025-04-17' and date '2025-04-17'
                and to_date(substring(cast(arrival_time as varchar), 1, 8), 'yyyymmdd') <= date '2025-12-31'
                group by business_date, feed_name, index_id, const_id)
select c.*
from performance.production_sa_constituent_daily c
join ver v on (c.business_date, c.arrival_time, c.feed_name, c.index_id, c.const_id) = (v.business_date, v.arrival_time, v.feed_name, v.index_id, v.const_id)
where c.business_date between date '2025-04-17' and date '2025-04-17'"
e9ac4f986b4598f58841675081e77586a2556fb8c60c6d1c8d1fd5f24bdb1bb2,"/* cppi::e9ac4f986b4598f58841675081e77586a2556fb8c60c6d1c8d1fd5f24bdb1bb2 */
with ver as (select business_date, feed_name, index_id, const_id, max(arrival_time) arrival_time
                from performance.production_sa_constituent_daily
                where business_date between date '2025-04-03' and date '2025-04-03'
                and to_date(substring(cast(arrival_time as varchar), 1, 8), 'yyyymmdd') <= date '2025-12-31'
                group by business_date, feed_name, index_id, const_id)
select c.*
from performance.production_sa_constituent_daily c
join ver v on (c.business_date, c.arrival_time, c.feed_name, c.index_id, c.const_id) = (v.business_date, v.arrival_time, v.feed_name, v.index_id, v.const_id)
where c.business_date between date '2025-04-03' and date '2025-04-03'"
fdd8d85f87eae761b721174dd0fa155a019f4757b73e63d0bb156fb3b6da7b0f,"/* cppi::fdd8d85f87eae761b721174dd0fa155a019f4757b73e63d0bb156fb3b6da7b0f */
with date_adjusted as (
    select business_date, rm_id, rm_value, rm_name, arrival_time,
        case
            when True and rm_name = 'cashRate' then date_add('day', 1, business_date)
            else business_date
        end as business_date_adj
    from market.tfm_risk_model_daily
    where business_date between date_add('day', -1, date '2025-04-16') and date '2025-04-16'
    and to_date(substring(cast(arrival_time as varchar), 1, 8), 'yyyymmdd') <= date '2025-12-31'
),
max_arrival_time as (
    select *,
        max(arrival_time) over (partition by rm_id, business_date_adj) as max_publish
    from date_adjusted
    where business_date_adj between date '2025-04-16' and date '2025-04-16'
)
select business_date, business_date_adj, rm_id, rm_value, rm_name
from max_arrival_time
where arrival_time = max_publish"
fa346ba6233223b83a229ca61cd4daabc3ad0b9dd215d151cc0cf18dc3ea8a70,"/* cppi::fa346ba6233223b83a229ca61cd4daabc3ad0b9dd215d151cc0cf18dc3ea8a70 */
select distinct request_id, start_date, end_date, pool, strategy_alternative, weight, start_date as business_date
from performance.tpm_tpm_atp_weights where request_id = 
(select max(request_id) from performance.tpm_tpm_atp_weights where start_date = '2025-04-10' and end_date = '2025-04-10')
and start_date = '2025-04-10' and end_date = '2025-04-10'"
e8ea34a68e7fa5565a8fb8476cff4e3ad8f179ac9dcf4bd61149bdd1642a5d44,"/* cppi::e8ea34a68e7fa5565a8fb8476cff4e3ad8f179ac9dcf4bd61149bdd1642a5d44 */
select distinct request_id, weight_date, strategy_alternative, investment_cell, weight
from performance.tpm_tpm_ic_atp_weights
where request_id = (select max(request_id) from performance.tpm_tpm_ic_atp_weights where weight_date = '2025-05-30')
and weight_date = '2025-05-30'"
539388c496b846f30562a2f5f6230735cfc1c794016fc7199ea092c852a0dd17,"/* cppi::539388c496b846f30562a2f5f6230735cfc1c794016fc7199ea092c852a0dd17 */
select distinct request_id, weight_date, strategy_alternative, investment_cell, weight
from performance.tpm_tpm_ic_atp_weights
where request_id = (select max(request_id) from performance.tpm_tpm_ic_atp_weights where weight_date = '2025-05-20')
and weight_date = '2025-05-20'"
3f695ba56f8831b8aafed18da6fe7aef4e6cda92cc3dcee5045d73ee5c656df6,"/* cppi::3f695ba56f8831b8aafed18da6fe7aef4e6cda92cc3dcee5045d73ee5c656df6 */
select distinct request_id, weight_date, strategy_alternative, investment_cell, weight
from performance.tpm_tpm_ic_atp_weights
where request_id = (select max(request_id) from performance.tpm_tpm_ic_atp_weights where weight_date = '2025-04-16')
and weight_date = '2025-04-16'"
926968afa151ceb4c163e515030b012d722066e3240bb546b423b768f0677404,"/* cppi::926968afa151ceb4c163e515030b012d722066e3240bb546b423b768f0677404 */
SELECT * FROM pitchbook_investor LIMIT 1"
74c46a6e148db10be752013ef8e83f8ac6a34815725b2660d47767921ede8eaf,"/* cppi::74c46a6e148db10be752013ef8e83f8ac6a34815725b2660d47767921ede8eaf */
SELECT * 
FROM holdings.seed_holding_lookthrough
WHERE business_date >= date'2025-6-3' 
AND instrument_type_name_parent NOT IN ('Synthetic Equity Index')

AND
(
--instrument_name_source LIKE ('%GDS%')
--security_number_parent IN ('EJP241218B')
--total_return_swap_index IN ('FTCRTWRP')
--AND id_model_portfolio IN ('CLG2','CLG5','FEAHSST')
--AND total_return_swap_index IS NOT NULL
--id_sedol = 'BLLJ4H7'
id_isin IN ('US81141R1005')
--OR id_isin_underlying IN ('KRA3655501F0')
--instrument_type_name_parent = 'Unit'
--id_cppibsec_parent IN ('28763155')
--id_cppibsec IN ('10792290','29221835')
--OR id_bloomberg_company IN (111567)
--OR id_bloomberg_ticker LIKE ('%APAX%')
AND balance_nominal > 0
--investment_department_name in ('Private Equity')
AND holding_level LIKE ('%LOOK%')
) 

ORDER BY 1"
b7c8766ef58c96a13710e800084f721709a5ae5c856885b03d4fb705e74ac634,"/* cppi::b7c8766ef58c96a13710e800084f721709a5ae5c856885b03d4fb705e74ac634 */
SELECT
	    pit_date as ""core_reporting_date_cmm""
		,core_security_id 
	    ,carbon_map
	    ,id_carbon
	    ,core_carbon
	    ,core_revenue
	    ,core_market_cap
	    ,core_debt
	    ,carbon_footprint_factor_eq
	    ,carbon_footprint_factor_ev
	    ,carbon_intensity_factor_eq 
	    ,carbon_intensity_factor_ev 
	    ,carbon_sales_denominator_factor_eq
	    ,carbon_sales_denominator_factor_ev
	    ,carbon_map_scenario
	    ,carbon_map_category
		,coalesce(carbon_fiscal_year, extract (year from pit_date)) as ""carbon_fiscal_year""
	    ,carbon_source
	    ,carbon_fin_map
	FROM ""party"".""cppib_carbon_mapped_scenarios""
	WHERE pit_date = date'2025-04-30'
	  AND emission_scope = 'carbon_scope_3_upstream'"
ad2f69a4769a69c367fa1be92816cb281cdf501d1a38e77f6dd0f473b18ca6b4,"/* cppi::ad2f69a4769a69c367fa1be92816cb281cdf501d1a38e77f6dd0f473b18ca6b4 */
select * from cmf.pipeline_event 
    where job like '03%model_gen%portfolio' 
    and event = 'end' 
    and strategy_id = 'us_eb_gics35_v3'
    and date_ =  '2025-06-10'"
696f52ae1acc36e48152b2be463f047a945592d68ed4ae45a1b5f76377bf8d05,"/* cppi::696f52ae1acc36e48152b2be463f047a945592d68ed4ae45a1b5f76377bf8d05 */
select distinct factor, display_name, group_name from cmf.barra_factors_meta_gemlt where upper(factor) like '%%'"
b8757a7bc9e9d2895f4e12ab91628d9510176e9ccc4f51b524162256e1e6893e,"/* cppi::b8757a7bc9e9d2895f4e12ab91628d9510176e9ccc4f51b524162256e1e6893e */
-- GQ 6025
select model_portfolio_code, security_id, min(business_date) as start_date, max(business_date) as end_date, sum(pnl_currency_exposure_fx) as pnl_currency_exposure_fx_qtd
from performance.pace_holding_pnl
where business_date between date '2025-04-01' and date '2025-05-31'
and security_id = 'FXF1282845'
group by model_portfolio_code, security_id
LIMIT 200"
9334b633b01fea3944f04a73f709b583afb3b321df58ecc6af5432d05cc48762,"/* cppi::9334b633b01fea3944f04a73f709b583afb3b321df58ecc6af5432d05cc48762 */
SELECT ""COL""
FROM (SELECT 1 AS ""COL"") AS ""SUBQUERY"""
f445565f00b31821967faa6ef973a1a4888af64a8e6b177e37e174daaa5a58a4,"/* cppi::f445565f00b31821967faa6ef973a1a4888af64a8e6b177e37e174daaa5a58a4 */
SELECT 1"
7037108dfddb407acb103f9f3c3397d9109c910107f8434a7bb1e0273745012f,"/* cppi::7037108dfddb407acb103f9f3c3397d9109c910107f8434a7bb1e0273745012f */
select * from cmf.pipeline_event 
    where job like '03%model_gen%portfolio' 
    and event = 'end' 
    and strategy_id = 'global_em_long_short_v1'
    and date_ =  '2025-06-10'"
fe97b7f17ef51fb34fe8ee99924e7ea8d4948d7808a7add8ee6b8d622834b551,"/* cppi::fe97b7f17ef51fb34fe8ee99924e7ea8d4948d7808a7add8ee6b8d622834b551 */
select data_date as date, currency as currency, exchange_rate as exchangeRate from market.qsrp_market_exchange_rate where data_date>= date('2025-06-10') and data_date<= date('2025-06-10') and year_month >= date_format(date('2025-06-10'), '%Y%m') and year_month <= date_format(date('2025-06-10'), '%Y%m') and  vendor in ('wm') and currency in ('CHF', 'EUR', 'USD', 'CAD')"
7498dc83572ce65caa644a7fcfa285f7b5bad539970fee2630b3d9d0c1dde967,"/* cppi::7498dc83572ce65caa644a7fcfa285f7b5bad539970fee2630b3d9d0c1dde967 */
SELECT * FROM reference.copp_clark_holiday_calendar
                  WHERE mic_code = 'XLON'
                  AND financial_centre_name = 'London Stock Exchange'
                  AND holiday_type = 'ExchangeSettlement'
                  AND event_date >= date'1990-01-01'
                  AND event_date <= date'2040-06-11'
                   AND event_name != 'Weekend'
                          AND event_day_of_week not in ('Sat', 'Sun')"
27102d57565852d753e7bdeb13ad39a528aa8bb4cdf7f767bd7ec32b40ea14ce,"/* cppi::27102d57565852d753e7bdeb13ad39a528aa8bb4cdf7f767bd7ec32b40ea14ce */
select * from tfm_dev.ioa_aapef_sa_by_group where business_date > '2025-04-02' and business_date < '2025-04-01'"
bd8e9a3c0c39d7b7a7b20c9c3a4a7b788c8f03e4d738efb08998bd9409c2a63d,"/* cppi::bd8e9a3c0c39d7b7a7b20c9c3a4a7b788c8f03e4d738efb08998bd9409c2a63d */
SELECT pricing_date, security_id as cppib_sec_id, daily_return
FROM market.cppib_market_equity_prices
WHERE pricing_date > DATE_ADD('year', -1, date'2022-04-01') and pricing_date <= date'2025-06-11'
AND pricing_date >= date'2022-04-01'
AND is_suspended_flag = 0 AND is_exchange_holiday = 0
and security_id in (5465, 19740306, 44945, 495076, 11418, 42430, 7539, 227175, 12424, 13643553, 495510, 23643620, 4985, 24895235, 9728, 11951, 12423, 592007, 496030, 7538, 42424, 493993, 19710, 19802, 20060, 587535, 6523, 23650670, 10459, 7774, 42428, 21190609, 22266644, 7484, 19703, 20046, 24845340, 494362, 27208050, 5286567, 7235700, 10461, 22700080, 495454, 8372, 497086, 12421, 20969979, 11135, 24219739, 20878186, 12453, 10582, 7378, 7850, 9150, 12447, 205320, 19791, 4957, 9141, 22749031, 213900, 11356, 20578767, 23680629, 494538)"
6988c3f2e8762088824d977d7f5f6773edeafeefcaa213c2d6cb247c84d5e869,"/* cppi::6988c3f2e8762088824d977d7f5f6773edeafeefcaa213c2d6cb247c84d5e869 */
select * from asset.asset_security_ratings where cppib_sec_id = 24739654 and business_date = date_parse('20250610','%Y%m%d') order by rating_agency"
cb1054fd50624ba63249b9d19fb957b28cbd6ab24f026d83b01c6c1188b55c46,"/* cppi::cb1054fd50624ba63249b9d19fb957b28cbd6ab24f026d83b01c6c1188b55c46 */
select * from asset.asset_security_ratings where cppib_sec_id = 23706860 and business_date = date_parse('20250610','%Y%m%d') order by rating_agency"
cbbfbc5b180cd8b672b0c4c9ce7d9afd6dc08e7cc1d40407241dce4c662ac1bc,"/* cppi::cbbfbc5b180cd8b672b0c4c9ce7d9afd6dc08e7cc1d40407241dce4c662ac1bc */
select * from cmf.pipeline_event 
    where job like '03%model_gen%portfolio' 
    and event = 'end' 
    and strategy_id = 'us_eb_gics45_v1'
    and date_ =  '2025-06-10'"
7037108dfddb407acb103f9f3c3397d9109c910107f8434a7bb1e0273745012f,"/* cppi::7037108dfddb407acb103f9f3c3397d9109c910107f8434a7bb1e0273745012f */
select * from cmf.pipeline_event 
    where job like '03%model_gen%portfolio' 
    and event = 'end' 
    and strategy_id = 'global_em_long_short_v1'
    and date_ =  '2025-06-10'"
5fc4a483f270b6dbaa590d0fae7bd8d5477f9848b49ff696657dca068e001107,"/* cppi::5fc4a483f270b6dbaa590d0fae7bd8d5477f9848b49ff696657dca068e001107 */
SELECT
            DISTINCT sec.cppib_security_id,
            sec.issuer_identifier,
            corp.cppib_entity_id,
            corp.party_name AS company,
            corp.party_short_name AS company_short_name,
            corp.start_date AS period_start,
            corp.end_date AS period_end,
            corp.reporting_currency AS ccy,
            corp.revenue,
            corp.gross_profit,
            corp.reported_unadjusted_ebitda,
            corp.reported_adjusted_ebitda,
            corp.cpp_adjusted_ebitda,
            corp.reported_ebit,
            corp.adjusted_ebit,
            corp.interest_expense,
            corp.tax_expense,
            corp.net_income,
            corp.total_assets,
            corp.total_liabilities,
            corp.total_equity,
            corp.cash_from_operations,
            corp.cash_from_investing,
            corp.cash_from_financing,
            corp.capital_expenditure,
            corp.change_in_net_working_capital,
            corp.net_change_in_cash,
            corp.levered_free_cash_flow,
            corp.unlevered_free_cash_flow,
            corp.lfcf_yield_to_gross_total_secured_debt,
            corp.lfcf_yield_to_gross_total_unsecured_debt,
            corp.lfcf_yield_to_gross_total_debt,
            corp.ulfcf_yield_to_gross_total_secured_debt,
            corp.ulfcf_yield_to_gross_total_unsecured_debt,
            corp.ulfcf_yield_to_gross_total_debt,
            corp.levered_free_cash_flow_yield,
            corp.unlevered_free_cash_flow_yield,
            corp.cash,
            corp.senior_secured_debt,
            corp.subordinated_secured_debt,
            corp.total_secured_debt,
            corp.senior_unsecured_debt,
            corp.subordinated_unsecured_debt,
            corp.total_unsecured_debt,
            corp.hybrid_securities,
            corp.total_gross_debt,
            corp.total_net_debt,
            corp.equity,
            corp.market_capitalization,
            corp.total_enterprise_value,
            corp.reported_unadjusted_ebitda_margin,
            corp.reported_adjusted_ebitda_margin,
            corp.cpp_adjusted_ebitda_margin,
            corp.secured_gross_leverage_reported_unadjusted_ebitda,
            corp.unsecured_gross_leverage_reported_unadjusted_ebitda,
            corp.total_gross_leverage_reported_unadjusted_ebitda,
            corp.total_net_leverage_reported_unadjusted_ebitda,
            corp.secured_gross_leverage_reported_adjusted_ebitda,
            corp.unsecured_gross_leverage_reported_adjusted_ebitda,
            corp.total_gross_leverage_reported_adjusted_ebitda,
            corp.total_net_leverage_reported_adjusted_ebitda,
            corp.secured_gross_leverage_cpp_adjusted_ebitda,
            corp.unsecured_gross_leverage_cpp_adjusted_ebitda,
            corp.total_gross_leverage_cpp_adjusted_ebitda,
            corp.total_net_leverage_cpp_adjusted_ebitda,
            corp.senior_secured_leverage_reported_adjusted_ebitda,
            corp.senior_unsecured_leverage_reported_adjusted_ebitda,
            corp.subordinated_secured_leverage_reported_adjusted_ebitda,
            corp.subordinated_unsecured_leverage_reported_adjusted_ebitda,
            corp.interest_coverage_reported_unadjusted_ebitda,
            corp.interest_coverage_reported_adjusted_ebitda,
            corp.interest_coverage_cpp_adjusted_ebitda,
            corp.interest_coverage_reported_ebit,
            corp.interest_coverage_adjusted_ebit,
            corp.cash_flow_to_debt_ratio,
            corp.ltm_revenue,
            corp.ltm_gross_profit,
            corp.ltm_reported_unadjusted_ebitda,
            corp.ltm_reported_adjusted_ebitda,
            corp.ltm_cpp_adjusted_ebitda,
            corp.ltm_reported_ebit,
            corp.ltm_adjusted_ebit,
            corp.ltm_interest_expense,
            corp.ltm_tax_expense,
            corp.ltm_net_income,
            corp.ltm_cash_from_operations,
            corp.ltm_cash_from_investing,
            corp.ltm_cash_from_financing,
            corp.ltm_capital_expenditure,
            corp.ltm_change_in_net_working_capital,
            corp.ltm_net_change_in_cash,
            corp.ltm_levered_free_cash_flow,
            corp.ltm_unlevered_free_cash_flow,
            corp.ltm_reported_unadjusted_ebitda_margin,
            corp.ltm_reported_adjusted_ebitda_margin,
            corp.ltm_cpp_adjusted_ebitda_margin
        FROM
            reference.ci_sentry_security sec
            LEFT JOIN reference.ci_sentry_fundamental_corporate corp 
                ON sec.issuer_identifier = corp.organization_id
        WHERE
            sec.cppib_security_id <> ''
            AND corp.template_name = 'Corporate Actual Fundamentals'
            AND corp.scenario_type = 'Actual'
            AND corp.end_date = '2018-06-30'
        ORDER BY
            sec.issuer_identifier"
5fc4a483f270b6dbaa590d0fae7bd8d5477f9848b49ff696657dca068e001107,"/* cppi::5fc4a483f270b6dbaa590d0fae7bd8d5477f9848b49ff696657dca068e001107 */
SELECT
            DISTINCT sec.cppib_security_id,
            sec.issuer_identifier,
            corp.cppib_entity_id,
            corp.party_name AS company,
            corp.party_short_name AS company_short_name,
            corp.start_date AS period_start,
            corp.end_date AS period_end,
            corp.reporting_currency AS ccy,
            corp.revenue,
            corp.gross_profit,
            corp.reported_unadjusted_ebitda,
            corp.reported_adjusted_ebitda,
            corp.cpp_adjusted_ebitda,
            corp.reported_ebit,
            corp.adjusted_ebit,
            corp.interest_expense,
            corp.tax_expense,
            corp.net_income,
            corp.total_assets,
            corp.total_liabilities,
            corp.total_equity,
            corp.cash_from_operations,
            corp.cash_from_investing,
            corp.cash_from_financing,
            corp.capital_expenditure,
            corp.change_in_net_working_capital,
            corp.net_change_in_cash,
            corp.levered_free_cash_flow,
            corp.unlevered_free_cash_flow,
            corp.lfcf_yield_to_gross_total_secured_debt,
            corp.lfcf_yield_to_gross_total_unsecured_debt,
            corp.lfcf_yield_to_gross_total_debt,
            corp.ulfcf_yield_to_gross_total_secured_debt,
            corp.ulfcf_yield_to_gross_total_unsecured_debt,
            corp.ulfcf_yield_to_gross_total_debt,
            corp.levered_free_cash_flow_yield,
            corp.unlevered_free_cash_flow_yield,
            corp.cash,
            corp.senior_secured_debt,
            corp.subordinated_secured_debt,
            corp.total_secured_debt,
            corp.senior_unsecured_debt,
            corp.subordinated_unsecured_debt,
            corp.total_unsecured_debt,
            corp.hybrid_securities,
            corp.total_gross_debt,
            corp.total_net_debt,
            corp.equity,
            corp.market_capitalization,
            corp.total_enterprise_value,
            corp.reported_unadjusted_ebitda_margin,
            corp.reported_adjusted_ebitda_margin,
            corp.cpp_adjusted_ebitda_margin,
            corp.secured_gross_leverage_reported_unadjusted_ebitda,
            corp.unsecured_gross_leverage_reported_unadjusted_ebitda,
            corp.total_gross_leverage_reported_unadjusted_ebitda,
            corp.total_net_leverage_reported_unadjusted_ebitda,
            corp.secured_gross_leverage_reported_adjusted_ebitda,
            corp.unsecured_gross_leverage_reported_adjusted_ebitda,
            corp.total_gross_leverage_reported_adjusted_ebitda,
            corp.total_net_leverage_reported_adjusted_ebitda,
            corp.secured_gross_leverage_cpp_adjusted_ebitda,
            corp.unsecured_gross_leverage_cpp_adjusted_ebitda,
            corp.total_gross_leverage_cpp_adjusted_ebitda,
            corp.total_net_leverage_cpp_adjusted_ebitda,
            corp.senior_secured_leverage_reported_adjusted_ebitda,
            corp.senior_unsecured_leverage_reported_adjusted_ebitda,
            corp.subordinated_secured_leverage_reported_adjusted_ebitda,
            corp.subordinated_unsecured_leverage_reported_adjusted_ebitda,
            corp.interest_coverage_reported_unadjusted_ebitda,
            corp.interest_coverage_reported_adjusted_ebitda,
            corp.interest_coverage_cpp_adjusted_ebitda,
            corp.interest_coverage_reported_ebit,
            corp.interest_coverage_adjusted_ebit,
            corp.cash_flow_to_debt_ratio,
            corp.ltm_revenue,
            corp.ltm_gross_profit,
            corp.ltm_reported_unadjusted_ebitda,
            corp.ltm_reported_adjusted_ebitda,
            corp.ltm_cpp_adjusted_ebitda,
            corp.ltm_reported_ebit,
            corp.ltm_adjusted_ebit,
            corp.ltm_interest_expense,
            corp.ltm_tax_expense,
            corp.ltm_net_income,
            corp.ltm_cash_from_operations,
            corp.ltm_cash_from_investing,
            corp.ltm_cash_from_financing,
            corp.ltm_capital_expenditure,
            corp.ltm_change_in_net_working_capital,
            corp.ltm_net_change_in_cash,
            corp.ltm_levered_free_cash_flow,
            corp.ltm_unlevered_free_cash_flow,
            corp.ltm_reported_unadjusted_ebitda_margin,
            corp.ltm_reported_adjusted_ebitda_margin,
            corp.ltm_cpp_adjusted_ebitda_margin
        FROM
            reference.ci_sentry_security sec
            LEFT JOIN reference.ci_sentry_fundamental_corporate corp 
                ON sec.issuer_identifier = corp.organization_id
        WHERE
            sec.cppib_security_id <> ''
            AND corp.template_name = 'Corporate Actual Fundamentals'
            AND corp.scenario_type = 'Actual'
            AND corp.end_date = '2018-06-30'
        ORDER BY
            sec.issuer_identifier"
c0dd31e039608c6114772ffa1f2519e2410e3292b81ae207bf4c9a2279c846da,"/* cppi::c0dd31e039608c6114772ffa1f2519e2410e3292b81ae207bf4c9a2279c846da */
select * from market.cppib_market_borrowable_list where year_month = '202506'"
4e36703175cbf55a8c6046f89132b5fa310716d580780fccc813253ade53ccca,"/* cppi::4e36703175cbf55a8c6046f89132b5fa310716d580780fccc813253ade53ccca */
select
benchmark_name,
hierarchy_type,
hierarchy_node,
business_date,
category,
sub_component,
id_cppib_index,
id_cppib_security,
curve,
currency,
cast(element_at(cs01, 1) as decimal(22,6)) AS ""0/N"",
cast(element_at(cs01, 2) as decimal(22,6)) AS ""1W"",
cast(element_at(cs01, 3) as decimal(22,6)) AS ""1M"",
cast(element_at(cs01, 4) as decimal(22,6)) AS ""3M"",
cast(element_at(cs01, 5) as decimal(22,6)) AS ""6M"",
cast(element_at(cs01, 6) as decimal(22,6)) AS ""1Y"",
cast(element_at(cs01, 7) as decimal(22,6)) AS ""2Y"",
cast(element_at(cs01, 8) as decimal(22,6)) AS ""3Y"",
cast(element_at(cs01, 9) as decimal(22,6)) AS ""5Y"",
cast(element_at(cs01, 10) as decimal(22,6)) AS ""7Y"",
cast(element_at(cs01, 11) as decimal(22,6)) AS ""10Y"",
cast(element_at(cs01, 12) as decimal(22,6)) AS ""15Y"",
cast(element_at(cs01, 13) as decimal(22,6)) AS ""20Y"",
cast(element_at(cs01, 14) as decimal(22,6)) AS ""30Y""
from
radar_reporting_prod.benchmark_pos_calc_cs01
where business_date = '2025-06-10' and benchmark_name = 'IR_CAD_GOVNFI_Benchmark' and hierarchy_type = 'investment_cell_cad_gov_fixed_income' and run_id = 'Cad_Gov_FI'"
adbfe10a54dcd1f3e03a85c90b296586c12a32d4a10619bc699cddf027c7a897,"/* cppi::adbfe10a54dcd1f3e03a85c90b296586c12a32d4a10619bc699cddf027c7a897 */
SELECT * FROM (select asi.cppib_sec_id , asi.sec_typ_lvl1_nm from asset.asset_security_identifiers asi  where asi.sec_typ_lvl1_nm in ('Bond', 'Equity') and asi.business_date = NULL   AND ( asi.cppib_sec_id in ( NULL ) )) T LIMIT 0"
4086044a7b27dfe17c4f0ddc0dc3780823964ea326d1c7a201cc848fe3df26a8,"/* cppi::4086044a7b27dfe17c4f0ddc0dc3780823964ea326d1c7a201cc848fe3df26a8 */
/* QuickSight 141c8d3e-3027-4d82-a788-31a7e9cad4ed */
SELECT ""id_model_portfolio"", ""InvestmentStructureLevel1"", ""InvestmentStructureLevel2"", ""from_date"", ""to_date"", ""from_date_total_market_value_pc"", ""to_date_total_market_value_pc""
FROM (/*
 * IDENTIFY UNMAPPED MPs IN HOLDINGS LOOKTHROUGH
 */	
select
	  id_model_portfolio 
	, InvestmentStructureLevel1
	, InvestmentStructureLevel2
	, from_date
	, to_date
	, sum( from_date_total_market_value_pc ) as from_date_total_market_value_pc
	, sum( to_date_total_market_value_pc ) as to_date_total_market_value_pc
from (
	select distinct
		  mhl.id_model_portfolio 
		, spif.InvestmentStructureLevel1
		, spif.InvestmentStructureLevel2
		, min( mhl.business_date ) over ( partition by mhl.id_model_portfolio ) as from_date
		, max( mhl.business_date ) over ( partition by mhl.id_model_portfolio ) as to_date
		, case 
			when mhl.business_date = min( mhl.business_date ) over ( partition by mhl.id_model_portfolio ) then mhl.total_market_value_pc
		  end from_date_total_market_value_pc
		, case
			when mhl.business_date = max( mhl.business_date ) over ( partition by mhl.id_model_portfolio ) then mhl.total_market_value_pc 
		  end to_date_total_market_value_pc
	from 
		holdings.ma_holding_lookthrough mhl
	/* MAP TO INVESTMENT STRUCTURE */
	left join
		( 	select *
			from 	performance.scd_performance_invstr_flatten
			where 	investmentstructure = 'CPPIB_F24'
					and business_date = ( select max( business_date ) from performance.scd_performance_invstr_flatten )
		) spif
			on mhl.id_model_portfolio = spif.model_portfolio
	where
		mhl.id_model_portfolio != 'PMIEMFLTCC' -- temporary exclusion
		and mhl.pool_name not in ( 'ACPP', 'BCPP' )
		and spif.InvestmentStructureLevel1 is null
	order by 
		  mhl.id_model_portfolio 
		, spif.InvestmentStructureLevel1
		, spif.InvestmentStructureLevel2
)
group by 
	  id_model_portfolio 
	, InvestmentStructureLevel1
	, InvestmentStructureLevel2
	, from_date
	, to_date) AS ""finsights_control_holdings_unmapped_mp"""
4086044a7b27dfe17c4f0ddc0dc3780823964ea326d1c7a201cc848fe3df26a8,"/* cppi::4086044a7b27dfe17c4f0ddc0dc3780823964ea326d1c7a201cc848fe3df26a8 */
/* QuickSight 141c8d3e-3027-4d82-a788-31a7e9cad4ed */
SELECT ""id_model_portfolio"", ""InvestmentStructureLevel1"", ""InvestmentStructureLevel2"", ""from_date"", ""to_date"", ""from_date_total_market_value_pc"", ""to_date_total_market_value_pc""
FROM (/*
 * IDENTIFY UNMAPPED MPs IN HOLDINGS LOOKTHROUGH
 */	
select
	  id_model_portfolio 
	, InvestmentStructureLevel1
	, InvestmentStructureLevel2
	, from_date
	, to_date
	, sum( from_date_total_market_value_pc ) as from_date_total_market_value_pc
	, sum( to_date_total_market_value_pc ) as to_date_total_market_value_pc
from (
	select distinct
		  mhl.id_model_portfolio 
		, spif.InvestmentStructureLevel1
		, spif.InvestmentStructureLevel2
		, min( mhl.business_date ) over ( partition by mhl.id_model_portfolio ) as from_date
		, max( mhl.business_date ) over ( partition by mhl.id_model_portfolio ) as to_date
		, case 
			when mhl.business_date = min( mhl.business_date ) over ( partition by mhl.id_model_portfolio ) then mhl.total_market_value_pc
		  end from_date_total_market_value_pc
		, case
			when mhl.business_date = max( mhl.business_date ) over ( partition by mhl.id_model_portfolio ) then mhl.total_market_value_pc 
		  end to_date_total_market_value_pc
	from 
		holdings.ma_holding_lookthrough mhl
	/* MAP TO INVESTMENT STRUCTURE */
	left join
		( 	select *
			from 	performance.scd_performance_invstr_flatten
			where 	investmentstructure = 'CPPIB_F24'
					and business_date = ( select max( business_date ) from performance.scd_performance_invstr_flatten )
		) spif
			on mhl.id_model_portfolio = spif.model_portfolio
	where
		mhl.id_model_portfolio != 'PMIEMFLTCC' -- temporary exclusion
		and mhl.pool_name not in ( 'ACPP', 'BCPP' )
		and spif.InvestmentStructureLevel1 is null
	order by 
		  mhl.id_model_portfolio 
		, spif.InvestmentStructureLevel1
		, spif.InvestmentStructureLevel2
)
group by 
	  id_model_portfolio 
	, InvestmentStructureLevel1
	, InvestmentStructureLevel2
	, from_date
	, to_date) AS ""finsights_control_holdings_unmapped_mp"""
eb753b7aba817a429e54808f54cf43c927d90a1cfe00dae126547eba14acada2,"/* cppi::eb753b7aba817a429e54808f54cf43c927d90a1cfe00dae126547eba14acada2 */
/* QuickSight 35a41ec7-3565-453a-a323-151ce98d05cc 
 {""partner"":""QuickSight"",""entityId"":""b08848a2-0c5d-4f01-bab3-d3c202a7050f"",""sheetId"":""f0f6ce89-019c-47d1-8882-18cb40eb769e"",""visualId"":""6bc23f0a-f0c2-4f49-90ca-28778ce31537""} */
SELECT ""sub_program"" AS ""b586844a-1b8c-4b70-8826-87e0d935b191.sub_program"", SUM(CASE WHEN ""long_short"" = 'LONG' AND ""product_group"" = 'Equity Swap' THEN ""abacus_notional_base_ccy"" + ""abacus_pv_base_ccy"" WHEN ""long_short"" = 'LONG' AND ""product_group"" = 'Convertible Bond' AND ""abacus_pv_base_ccy"" = 0 THEN 0 WHEN ""long_short"" = 'LONG' THEN ""abacus_pv_base_ccy"" ELSE 0 END) AS ""1d1f9c02-38eb-416f-ac70-1d0d651a67ee_sum""
FROM (select * from risk_prod.rmv_position pos
where pos.business_date >= '2025-04-01' and investment_strat = ('CMF Enhanced Beta')) AS ""New custom SQL""
WHERE ""business_date"" IN ('2025-04-30')
GROUP BY ""sub_program""
ORDER BY ""sub_program"" NULLS FIRST
LIMIT 500"
2fd74e2ab68c0c3aa6d7d45e80504b037f8b03bfb7284b704a478e4e708af13b,"/* cppi::2fd74e2ab68c0c3aa6d7d45e80504b037f8b03bfb7284b704a478e4e708af13b */
SELECT t.strategy_id, t.factor_id, f.factor_group_id
    FROM cmf.mdr_strategy_factor t join cmf.mdr_factor f on t.factor_id = f.factor_id join cmf.mdr_strategy s on t.strategy_id = s.strategy_id
    WHERE 1 = 1  and t.strategy_id in ('us_eb_gics30_v3')  and f.factor_group_id in ('style')"
2fd74e2ab68c0c3aa6d7d45e80504b037f8b03bfb7284b704a478e4e708af13b,"/* cppi::2fd74e2ab68c0c3aa6d7d45e80504b037f8b03bfb7284b704a478e4e708af13b */
SELECT t.strategy_id, t.factor_id, f.factor_group_id
    FROM cmf.mdr_strategy_factor t join cmf.mdr_factor f on t.factor_id = f.factor_id join cmf.mdr_strategy s on t.strategy_id = s.strategy_id
    WHERE 1 = 1  and t.strategy_id in ('us_eb_gics30_v3')  and f.factor_group_id in ('style')"
2fd74e2ab68c0c3aa6d7d45e80504b037f8b03bfb7284b704a478e4e708af13b,"/* cppi::2fd74e2ab68c0c3aa6d7d45e80504b037f8b03bfb7284b704a478e4e708af13b */
SELECT t.strategy_id, t.factor_id, f.factor_group_id
    FROM cmf.mdr_strategy_factor t join cmf.mdr_factor f on t.factor_id = f.factor_id join cmf.mdr_strategy s on t.strategy_id = s.strategy_id
    WHERE 1 = 1  and t.strategy_id in ('us_eb_gics30_v3')  and f.factor_group_id in ('style')"
2b7233e7a01a5c8dbee012d3372db73be31b460f141adc39efeeaa63b88a08b8,"/* cppi::2b7233e7a01a5c8dbee012d3372db73be31b460f141adc39efeeaa63b88a08b8 */
SELECT pricing_date, security_id as cppib_sec_id, daily_return
FROM market.cppib_market_equity_prices
WHERE pricing_date > DATE_ADD('year', -1, date'2022-06-27') and pricing_date <= date'2025-06-11'
AND pricing_date >= date'2022-04-01'
AND is_suspended_flag = 0 AND is_exchange_holiday = 0
and security_id in (7598, 6433, 5503, 9052, 11807, 12120, 5498, 5480, 20018686, 6445, 6442, 9921, 260693, 166038, 5521, 5523, 116001, 260729, 262430, 11367877, 5714, 258778, 17861266, 220354, 24689128, 10445, 5717, 6447, 8667, 26412, 24918151, 24785840, 11146, 24541002, 5507, 19904741, 212055, 5501, 5728, 251889, 5594, 220166, 5512, 11614, 5518, 10158, 207562, 579845, 20000001, 252024, 23665416, 5514, 19492297, 5502, 166522, 27864241, 63551, 6446)"
cbbfbc5b180cd8b672b0c4c9ce7d9afd6dc08e7cc1d40407241dce4c662ac1bc,"/* cppi::cbbfbc5b180cd8b672b0c4c9ce7d9afd6dc08e7cc1d40407241dce4c662ac1bc */
select * from cmf.pipeline_event 
    where job like '03%model_gen%portfolio' 
    and event = 'end' 
    and strategy_id = 'us_eb_gics45_v1'
    and date_ =  '2025-06-10'"
6813d28629b88a065d342247b1fe014e77b3b08ac9f46fe337e0cd24ac2a7b6f,"/* cppi::6813d28629b88a065d342247b1fe014e77b3b08ac9f46fe337e0cd24ac2a7b6f */
SELECT pricing_date, security_id as cppib_sec_id, daily_return
FROM market.cppib_market_equity_prices
WHERE pricing_date > DATE_ADD('year', -1, date'2022-06-27') and pricing_date <= date'2025-06-11'
AND pricing_date >= date'2022-04-01'
AND is_suspended_flag = 0 AND is_exchange_holiday = 0
and security_id in (25073505, 4526, 2017, 2060, 2292, 2013, 2031, 203466, 2054, 2174, 4452, 231597, 28715916, 12092, 2350, 1888, 12512, 1885, 2191, 2559, 224515, 1881, 2185, 1712, 2248, 2143, 1876, 2068, 2502, 2505, 4422, 26509990, 19373981, 4802, 9727, 26883578, 4497, 2205, 1716, 1783, 159207, 1694, 2129, 17233814, 230706, 159113, 1921, 2611, 2358, 1779, 1771, 2022, 206095, 2159, 8996, 1684, 10935, 18787, 4464, 1810, 2560, 233551, 2507, 2278)"
ac4623c0453a9d1a6daa01a497f8ad25fd21d67c83c695d43b19cc29862623b6,"/* cppi::ac4623c0453a9d1a6daa01a497f8ad25fd21d67c83c695d43b19cc29862623b6 */
select * from cmf.pipeline_event 
    where job like '03%model_gen%portfolio' 
    and event = 'end' 
    and strategy_id = 'us_eb_gics25_v1'
    and date_ =  '2025-06-10'"
facaf2bb6b5dc0942e2fa1ce64449f8e384235a96fcf3051e47ae9e4e32818be,"/* cppi::facaf2bb6b5dc0942e2fa1ce64449f8e384235a96fcf3051e47ae9e4e32818be */
select distinct business_date ,sector,leg_no from holdings_uat.ma_holding_lookthrough_extended 
where business_date = date'2025-06-09' and ultimate_process = 'IRS Look Through Process' 
order by 1 asc
LIMIT 200"
167dbca624b5dfcde102dd00cd5f9c3e4cd15a1d36251f7bfcd05c37022d2d3b,"/* cppi::167dbca624b5dfcde102dd00cd5f9c3e4cd15a1d36251f7bfcd05c37022d2d3b */
with risk_hierarchy as (
	select business_date,
		dim_hierarchy_node_id,
		node_level,
		(
			case
				when node_level = 1 then 'CPPIB-ALL'
				when node_level = 2 then 'DEPARTMENT'
				when node_level = 3 then 'STRATEGY'
				when node_level = 4 then 'PROGRAM'
				when node_level = 5 then 'SUB-PROGRAM'
				when node_level = 6 then 'MODEL_PORTFOLIO' else 'UNKNOWN'
			end
		) as hierarchy_level,
		'RISK' as hierarchy_type,
		node_name,
		'' as account,
		'' as pool,
		parent_node_id,
		investment_dept,
		investment_strat,
		program,
		sub_program,
		model_portfolio
	from radar_reporting_uat.mv_dim_hierarchy_node_risk
	where business_date = '2025-05-27'
),
classification_secno as (select inst_id, cppib_sector_classification_name_1 as industry_sector_name  
			from cppib_enterprise_data.enterprise_security_composite class
			join risk_uat.dim_inst i on i.security_number = class.abor_security_number and i.business_date = cast(class.business_date as varchar) 
			where i.business_date = '2025-05-27' and class.esm_instrument_type = 'abor_security_number'
			union
			select inst_id, cppib_sector_classification_name_1 as industry_sector_name  
			from cppib_enterprise_data.enterprise_security_composite class 
			join risk_uat.dim_inst i on i.cppib_security_id = cast(class.cppib_sec_id as varchar) and i.business_date = cast(class.business_date as varchar) 
			where i.business_date = '2025-05-27' and class.esm_instrument_type = 'cppib_sec_id'
)
select 
	(
		case
			when dpi.portfolio_type in ('IP', 'CASH_FOR_BENEFIT', 'ACPP_CFB') then dpi.pos_source_system_key
			when dpi.portfolio_type = 'INDEX_LOOKTHROUGH' then replace(dpi.pos_source_system_key, 'CPPSECID')
			when dpi.portfolio_type = 'LOOKTHROUGH' and position('OFFSET' in dpi.pos_source_system_key) > 0 then dpi.pos_source_system_key
			else concat(substr(dpi.pos_source_system_key, 1, position('_' in dpi.pos_source_system_key)-1), '_', dpi.pos_short_desc)
		end 
	) as ""position_key"",
	currency.iso_currency_code ""cs01_currency"",
	curve.curve_value ""cs01_curve"",
	curve_type.curve_type_value ""cs01_curve_type"",
	cs01.data_source ""cs01_data_source"",
	term.term_value ""cs01_tenor"",
	coalesce((1 / fx.mid_val), 1) * cs01.final_value ""cs01_cad_value"",
	cs01.final_value,	
	cs01.initial_value,
	cs01.override_source,
	cs01.override_value,
	cs01.portfolio_type,
	cs01.scaling_type,
	dpi.maturity_date,
	dpi.pos_short_desc as ""position_description"",
	rh.model_portfolio as ""scd_model_portfolio"",
	rh.investment_dept,
	rh.investment_strat as ""investment_strategy"",
	rh.program as ""investment_program"",
	rh.sub_program as ""investment_sub_program"",
	dpi.cppib_product_type as ""product_type"",
	dpi.security_group_name as ""product_group"",
	(
		case 
			when i_rle.party_name is not null then i_rle.party_name
			when l1_rle.party_name is not null then l1_rle.party_name
			when mi_rle.party_name is not null then mi_rle.party_name
			else null
		end
	) as issuer_party_name,
	(
		case 
			when i_rle.gics_sector is not null then i_rle.gics_sector
			when l1_rle.gics_sector is not null then l1_rle.gics_sector 
			when cl.industry_sector_name is not null then cl.industry_sector_name
			when mi_rle.gics_sector is not null then mi_rle.gics_sector
			else null
		end
	) as issuer_gics_sector,
	cpr.rating_value as ""issuer_final_rating"",
	csr.rating_value as ""inst_final_rating"",
	(
		case 
			when dpi.isin is not null then dpi.isin 
			when inst1.isin is not null then inst1.isin
			else inst2.isin
		end
	) as isin,
	(
		case 
			when dpi.sedol is not null then dpi.sedol 
			when inst1.sedol is not null then inst1.sedol
			else inst2.sedol
		end
	) as sedol,
	(
		case 
			when dpi.cusip is not null then dpi.cusip 
			when inst1.cusip is not null then inst1.cusip
			else inst2.cusip
		end
	) as cusip,
	(
		case 
			when i_rle.secm_exposure_country is not null then i_rle.secm_exposure_country
			when l1_rle.secm_exposure_country is not null then l1_rle.secm_exposure_country 
			when mi_rle.secm_exposure_country is not null then mi_rle.secm_exposure_country
			else null
		end
	) as issuer_country_of_exposure
from radar_reporting_uat.fact_pos_calc_md cs01
	join radar_reporting_uat.dim_calc_currency currency ON cs01.dim_calc_currency_id = currency.dim_calc_currency_id
	and cs01.business_date = currency.business_date
	join radar_reporting_uat.dim_calc_term term ON cs01.dim_calc_term_id = term.dim_calc_term_id
	and term.calc_dim_type = 'TERM'
	and cs01.business_date = term.business_date
	join radar_reporting_uat.dim_calc_curve curve ON cs01.dim_calc_curve_id = curve.dim_calc_curve_id
	and curve.calc_dim_type = 'CURVE'
	and cs01.business_date = curve.business_date
	join radar_reporting_uat.dim_calc_curve_type curve_type ON cs01.dim_calc_curve_type_id = curve_type.dim_calc_curve_type_id
	and curve_type.calc_dim_type = 'CURVE_TYPE'
	and cs01.business_date = curve_type.business_date
	join radar_reporting_uat.dim_pos_inst dpi ON cs01.pos_id = dpi.pos_id
	and cs01.business_date = dpi.business_date
	left join radar_reporting_uat.dim_inst main_inst on main_inst.inst_id = dpi.inst_id
	left join radar_reporting_uat.dim_inst inst1 on inst1.inst_id = dpi.inst1_id 
	left join radar_reporting_uat.dim_inst inst2 on inst2.inst_id = dpi.inst2_id
	left join classification_secno cl on cl.inst_id = main_inst.inst_id
	left join radar_reporting_uat.fact_fx_rate fx ON currency.iso_currency_code = fx.to_currency
	and fx.from_currency = 'CAD'
	and fx.rate_type = 'CROSS'
	and cs01.business_date = fx.business_date
	left join risk_hierarchy rh on rh.dim_hierarchy_node_id = cs01.dim_hierarchy_node_id
	left join radar_reporting_uat.ref_legal_entity i_rle on i_rle.legal_entity_id = dpi.issuer_id
	left join radar_reporting_uat.ref_legal_entity cp_rle on cp_rle.legal_entity_id = dpi.counter_party_id
	left join radar_reporting_uat.ref_legal_entity l1_rle on inst1.issuer_id = l1_rle.legal_entity_id
	left join radar_reporting_uat.ref_legal_entity mi_rle on main_inst.issuer_id = mi_rle.legal_entity_id
	left join radar_reporting_uat.cppib_party_rating cpr on cpr.cppib_party_id = i_rle.cppib_party_id
	and cpr.business_date = i_rle.business_date
	left join radar_reporting_uat.cppib_security_rating csr on csr.cppib_sec_id = cast(dpi.cppib_security_id as int)
	and csr.business_date = i_rle.business_date
where cs01.calc_type = 'CS01'
	and cs01.business_date = '2025-05-27'
	and cs01.final_value <> 0
union all
select null as ""position_key"",
	currency.iso_currency_code as ""cs01_currency"",
	curve.curve_value ""cs01_curve"",
	curve_type.curve_type_value ""cs01_curve_type"",
	concat(
		'CS01 MP OVERRIDE -',
		rh.model_portfolio,
		'_',
		currency.iso_currency_code
	) ""cs01_data_source"",
	term.term_value ""cs01_tenor"",
	coalesce((1 / fx.mid_val), 1) * cs01.override_value ""cs01_cad_value"",
	cs01.final_value,	
	cs01.initial_value,
	cs01.override_source,
	cs01.override_value,
	cs01.portfolio_type,
	cs01.scaling_type,
	null as ""maturity_date"",
	null as ""position_description"",
	rh.model_portfolio as ""scd_model_portfolio"",
	rh.investment_dept,
	rh.investment_strat as ""investment_strategy"",
	rh.program as ""investment_program"",
	rh.sub_program as ""investment_sub_program"",
	null ""product_type"",
	null as ""product_group"",
	null as ""issuer_party_name"",
	null as ""issuer_gics_sector"",
	null as ""issuer_final_rating"",
	null as ""inst_final_rating"",
	null as ""isin"",
	null as ""sedol"",
	null as ""cusip"",
	null as ""issuer_country_of_exposure""
from radar_reporting_uat.FACT_ANALYTIC_MD_CS01 cs01
	left join RISK_HIERARCHY rh on cs01.dim_hierarchy_node_id = rh.dim_hierarchy_node_id
	and rh.node_level = 6
	join radar_reporting_uat.dim_calc_currency currency ON cs01.dim_calc_currency_id = currency.dim_calc_currency_id
	and cs01.business_date = currency.business_date
	join radar_reporting_uat.dim_calc_term term ON cs01.dim_calc_term_id = term.dim_calc_term_id
	and cs01.business_date = term.business_date
	join radar_reporting_uat.dim_calc_curve curve ON cs01.dim_calc_curve_id = curve.dim_calc_curve_id
	and cs01.business_date = curve.business_date
	join radar_reporting_uat.dim_calc_curve_type curve_type ON cs01.dim_calc_curve_type_id = curve_type.dim_calc_curve_type_id
	and cs01.business_date = curve_type.business_date
	left join radar_reporting_uat.fact_fx_rate fx ON currency.iso_currency_code = fx.to_currency
	and fx.from_currency = 'CAD'
	and fx.rate_type = 'CROSS'
	and cs01.business_date = fx.business_date
where cs01.business_date = '2025-05-27'
	and cs01.override_value is not null
	and cs01.override_value <> 0"
167dbca624b5dfcde102dd00cd5f9c3e4cd15a1d36251f7bfcd05c37022d2d3b,"/* cppi::167dbca624b5dfcde102dd00cd5f9c3e4cd15a1d36251f7bfcd05c37022d2d3b */
with risk_hierarchy as (
	select business_date,
		dim_hierarchy_node_id,
		node_level,
		(
			case
				when node_level = 1 then 'CPPIB-ALL'
				when node_level = 2 then 'DEPARTMENT'
				when node_level = 3 then 'STRATEGY'
				when node_level = 4 then 'PROGRAM'
				when node_level = 5 then 'SUB-PROGRAM'
				when node_level = 6 then 'MODEL_PORTFOLIO' else 'UNKNOWN'
			end
		) as hierarchy_level,
		'RISK' as hierarchy_type,
		node_name,
		'' as account,
		'' as pool,
		parent_node_id,
		investment_dept,
		investment_strat,
		program,
		sub_program,
		model_portfolio
	from radar_reporting_uat.mv_dim_hierarchy_node_risk
	where business_date = '2025-05-27'
),
classification_secno as (select inst_id, cppib_sector_classification_name_1 as industry_sector_name  
			from cppib_enterprise_data.enterprise_security_composite class
			join risk_uat.dim_inst i on i.security_number = class.abor_security_number and i.business_date = cast(class.business_date as varchar) 
			where i.business_date = '2025-05-27' and class.esm_instrument_type = 'abor_security_number'
			union
			select inst_id, cppib_sector_classification_name_1 as industry_sector_name  
			from cppib_enterprise_data.enterprise_security_composite class 
			join risk_uat.dim_inst i on i.cppib_security_id = cast(class.cppib_sec_id as varchar) and i.business_date = cast(class.business_date as varchar) 
			where i.business_date = '2025-05-27' and class.esm_instrument_type = 'cppib_sec_id'
)
select 
	(
		case
			when dpi.portfolio_type in ('IP', 'CASH_FOR_BENEFIT', 'ACPP_CFB') then dpi.pos_source_system_key
			when dpi.portfolio_type = 'INDEX_LOOKTHROUGH' then replace(dpi.pos_source_system_key, 'CPPSECID')
			when dpi.portfolio_type = 'LOOKTHROUGH' and position('OFFSET' in dpi.pos_source_system_key) > 0 then dpi.pos_source_system_key
			else concat(substr(dpi.pos_source_system_key, 1, position('_' in dpi.pos_source_system_key)-1), '_', dpi.pos_short_desc)
		end 
	) as ""position_key"",
	currency.iso_currency_code ""cs01_currency"",
	curve.curve_value ""cs01_curve"",
	curve_type.curve_type_value ""cs01_curve_type"",
	cs01.data_source ""cs01_data_source"",
	term.term_value ""cs01_tenor"",
	coalesce((1 / fx.mid_val), 1) * cs01.final_value ""cs01_cad_value"",
	cs01.final_value,	
	cs01.initial_value,
	cs01.override_source,
	cs01.override_value,
	cs01.portfolio_type,
	cs01.scaling_type,
	dpi.maturity_date,
	dpi.pos_short_desc as ""position_description"",
	rh.model_portfolio as ""scd_model_portfolio"",
	rh.investment_dept,
	rh.investment_strat as ""investment_strategy"",
	rh.program as ""investment_program"",
	rh.sub_program as ""investment_sub_program"",
	dpi.cppib_product_type as ""product_type"",
	dpi.security_group_name as ""product_group"",
	(
		case 
			when i_rle.party_name is not null then i_rle.party_name
			when l1_rle.party_name is not null then l1_rle.party_name
			when mi_rle.party_name is not null then mi_rle.party_name
			else null
		end
	) as issuer_party_name,
	(
		case 
			when i_rle.gics_sector is not null then i_rle.gics_sector
			when l1_rle.gics_sector is not null then l1_rle.gics_sector 
			when cl.industry_sector_name is not null then cl.industry_sector_name
			when mi_rle.gics_sector is not null then mi_rle.gics_sector
			else null
		end
	) as issuer_gics_sector,
	cpr.rating_value as ""issuer_final_rating"",
	csr.rating_value as ""inst_final_rating"",
	(
		case 
			when dpi.isin is not null then dpi.isin 
			when inst1.isin is not null then inst1.isin
			else inst2.isin
		end
	) as isin,
	(
		case 
			when dpi.sedol is not null then dpi.sedol 
			when inst1.sedol is not null then inst1.sedol
			else inst2.sedol
		end
	) as sedol,
	(
		case 
			when dpi.cusip is not null then dpi.cusip 
			when inst1.cusip is not null then inst1.cusip
			else inst2.cusip
		end
	) as cusip,
	(
		case 
			when i_rle.secm_exposure_country is not null then i_rle.secm_exposure_country
			when l1_rle.secm_exposure_country is not null then l1_rle.secm_exposure_country 
			when mi_rle.secm_exposure_country is not null then mi_rle.secm_exposure_country
			else null
		end
	) as issuer_country_of_exposure
from radar_reporting_uat.fact_pos_calc_md cs01
	join radar_reporting_uat.dim_calc_currency currency ON cs01.dim_calc_currency_id = currency.dim_calc_currency_id
	and cs01.business_date = currency.business_date
	join radar_reporting_uat.dim_calc_term term ON cs01.dim_calc_term_id = term.dim_calc_term_id
	and term.calc_dim_type = 'TERM'
	and cs01.business_date = term.business_date
	join radar_reporting_uat.dim_calc_curve curve ON cs01.dim_calc_curve_id = curve.dim_calc_curve_id
	and curve.calc_dim_type = 'CURVE'
	and cs01.business_date = curve.business_date
	join radar_reporting_uat.dim_calc_curve_type curve_type ON cs01.dim_calc_curve_type_id = curve_type.dim_calc_curve_type_id
	and curve_type.calc_dim_type = 'CURVE_TYPE'
	and cs01.business_date = curve_type.business_date
	join radar_reporting_uat.dim_pos_inst dpi ON cs01.pos_id = dpi.pos_id
	and cs01.business_date = dpi.business_date
	left join radar_reporting_uat.dim_inst main_inst on main_inst.inst_id = dpi.inst_id
	left join radar_reporting_uat.dim_inst inst1 on inst1.inst_id = dpi.inst1_id 
	left join radar_reporting_uat.dim_inst inst2 on inst2.inst_id = dpi.inst2_id
	left join classification_secno cl on cl.inst_id = main_inst.inst_id
	left join radar_reporting_uat.fact_fx_rate fx ON currency.iso_currency_code = fx.to_currency
	and fx.from_currency = 'CAD'
	and fx.rate_type = 'CROSS'
	and cs01.business_date = fx.business_date
	left join risk_hierarchy rh on rh.dim_hierarchy_node_id = cs01.dim_hierarchy_node_id
	left join radar_reporting_uat.ref_legal_entity i_rle on i_rle.legal_entity_id = dpi.issuer_id
	left join radar_reporting_uat.ref_legal_entity cp_rle on cp_rle.legal_entity_id = dpi.counter_party_id
	left join radar_reporting_uat.ref_legal_entity l1_rle on inst1.issuer_id = l1_rle.legal_entity_id
	left join radar_reporting_uat.ref_legal_entity mi_rle on main_inst.issuer_id = mi_rle.legal_entity_id
	left join radar_reporting_uat.cppib_party_rating cpr on cpr.cppib_party_id = i_rle.cppib_party_id
	and cpr.business_date = i_rle.business_date
	left join radar_reporting_uat.cppib_security_rating csr on csr.cppib_sec_id = cast(dpi.cppib_security_id as int)
	and csr.business_date = i_rle.business_date
where cs01.calc_type = 'CS01'
	and cs01.business_date = '2025-05-27'
	and cs01.final_value <> 0
union all
select null as ""position_key"",
	currency.iso_currency_code as ""cs01_currency"",
	curve.curve_value ""cs01_curve"",
	curve_type.curve_type_value ""cs01_curve_type"",
	concat(
		'CS01 MP OVERRIDE -',
		rh.model_portfolio,
		'_',
		currency.iso_currency_code
	) ""cs01_data_source"",
	term.term_value ""cs01_tenor"",
	coalesce((1 / fx.mid_val), 1) * cs01.override_value ""cs01_cad_value"",
	cs01.final_value,	
	cs01.initial_value,
	cs01.override_source,
	cs01.override_value,
	cs01.portfolio_type,
	cs01.scaling_type,
	null as ""maturity_date"",
	null as ""position_description"",
	rh.model_portfolio as ""scd_model_portfolio"",
	rh.investment_dept,
	rh.investment_strat as ""investment_strategy"",
	rh.program as ""investment_program"",
	rh.sub_program as ""investment_sub_program"",
	null ""product_type"",
	null as ""product_group"",
	null as ""issuer_party_name"",
	null as ""issuer_gics_sector"",
	null as ""issuer_final_rating"",
	null as ""inst_final_rating"",
	null as ""isin"",
	null as ""sedol"",
	null as ""cusip"",
	null as ""issuer_country_of_exposure""
from radar_reporting_uat.FACT_ANALYTIC_MD_CS01 cs01
	left join RISK_HIERARCHY rh on cs01.dim_hierarchy_node_id = rh.dim_hierarchy_node_id
	and rh.node_level = 6
	join radar_reporting_uat.dim_calc_currency currency ON cs01.dim_calc_currency_id = currency.dim_calc_currency_id
	and cs01.business_date = currency.business_date
	join radar_reporting_uat.dim_calc_term term ON cs01.dim_calc_term_id = term.dim_calc_term_id
	and cs01.business_date = term.business_date
	join radar_reporting_uat.dim_calc_curve curve ON cs01.dim_calc_curve_id = curve.dim_calc_curve_id
	and cs01.business_date = curve.business_date
	join radar_reporting_uat.dim_calc_curve_type curve_type ON cs01.dim_calc_curve_type_id = curve_type.dim_calc_curve_type_id
	and cs01.business_date = curve_type.business_date
	left join radar_reporting_uat.fact_fx_rate fx ON currency.iso_currency_code = fx.to_currency
	and fx.from_currency = 'CAD'
	and fx.rate_type = 'CROSS'
	and cs01.business_date = fx.business_date
where cs01.business_date = '2025-05-27'
	and cs01.override_value is not null
	and cs01.override_value <> 0"
167dbca624b5dfcde102dd00cd5f9c3e4cd15a1d36251f7bfcd05c37022d2d3b,"/* cppi::167dbca624b5dfcde102dd00cd5f9c3e4cd15a1d36251f7bfcd05c37022d2d3b */
with risk_hierarchy as (
	select business_date,
		dim_hierarchy_node_id,
		node_level,
		(
			case
				when node_level = 1 then 'CPPIB-ALL'
				when node_level = 2 then 'DEPARTMENT'
				when node_level = 3 then 'STRATEGY'
				when node_level = 4 then 'PROGRAM'
				when node_level = 5 then 'SUB-PROGRAM'
				when node_level = 6 then 'MODEL_PORTFOLIO' else 'UNKNOWN'
			end
		) as hierarchy_level,
		'RISK' as hierarchy_type,
		node_name,
		'' as account,
		'' as pool,
		parent_node_id,
		investment_dept,
		investment_strat,
		program,
		sub_program,
		model_portfolio
	from radar_reporting_uat.mv_dim_hierarchy_node_risk
	where business_date = '2025-05-27'
),
classification_secno as (select inst_id, cppib_sector_classification_name_1 as industry_sector_name  
			from cppib_enterprise_data.enterprise_security_composite class
			join risk_uat.dim_inst i on i.security_number = class.abor_security_number and i.business_date = cast(class.business_date as varchar) 
			where i.business_date = '2025-05-27' and class.esm_instrument_type = 'abor_security_number'
			union
			select inst_id, cppib_sector_classification_name_1 as industry_sector_name  
			from cppib_enterprise_data.enterprise_security_composite class 
			join risk_uat.dim_inst i on i.cppib_security_id = cast(class.cppib_sec_id as varchar) and i.business_date = cast(class.business_date as varchar) 
			where i.business_date = '2025-05-27' and class.esm_instrument_type = 'cppib_sec_id'
)
select 
	(
		case
			when dpi.portfolio_type in ('IP', 'CASH_FOR_BENEFIT', 'ACPP_CFB') then dpi.pos_source_system_key
			when dpi.portfolio_type = 'INDEX_LOOKTHROUGH' then replace(dpi.pos_source_system_key, 'CPPSECID')
			when dpi.portfolio_type = 'LOOKTHROUGH' and position('OFFSET' in dpi.pos_source_system_key) > 0 then dpi.pos_source_system_key
			else concat(substr(dpi.pos_source_system_key, 1, position('_' in dpi.pos_source_system_key)-1), '_', dpi.pos_short_desc)
		end 
	) as ""position_key"",
	currency.iso_currency_code ""cs01_currency"",
	curve.curve_value ""cs01_curve"",
	curve_type.curve_type_value ""cs01_curve_type"",
	cs01.data_source ""cs01_data_source"",
	term.term_value ""cs01_tenor"",
	coalesce((1 / fx.mid_val), 1) * cs01.final_value ""cs01_cad_value"",
	cs01.final_value,	
	cs01.initial_value,
	cs01.override_source,
	cs01.override_value,
	cs01.portfolio_type,
	cs01.scaling_type,
	dpi.maturity_date,
	dpi.pos_short_desc as ""position_description"",
	rh.model_portfolio as ""scd_model_portfolio"",
	rh.investment_dept,
	rh.investment_strat as ""investment_strategy"",
	rh.program as ""investment_program"",
	rh.sub_program as ""investment_sub_program"",
	dpi.cppib_product_type as ""product_type"",
	dpi.security_group_name as ""product_group"",
	(
		case 
			when i_rle.party_name is not null then i_rle.party_name
			when l1_rle.party_name is not null then l1_rle.party_name
			when mi_rle.party_name is not null then mi_rle.party_name
			else null
		end
	) as issuer_party_name,
	(
		case 
			when i_rle.gics_sector is not null then i_rle.gics_sector
			when l1_rle.gics_sector is not null then l1_rle.gics_sector 
			when cl.industry_sector_name is not null then cl.industry_sector_name
			when mi_rle.gics_sector is not null then mi_rle.gics_sector
			else null
		end
	) as issuer_gics_sector,
	cpr.rating_value as ""issuer_final_rating"",
	csr.rating_value as ""inst_final_rating"",
	(
		case 
			when dpi.isin is not null then dpi.isin 
			when inst1.isin is not null then inst1.isin
			else inst2.isin
		end
	) as isin,
	(
		case 
			when dpi.sedol is not null then dpi.sedol 
			when inst1.sedol is not null then inst1.sedol
			else inst2.sedol
		end
	) as sedol,
	(
		case 
			when dpi.cusip is not null then dpi.cusip 
			when inst1.cusip is not null then inst1.cusip
			else inst2.cusip
		end
	) as cusip,
	(
		case 
			when i_rle.secm_exposure_country is not null then i_rle.secm_exposure_country
			when l1_rle.secm_exposure_country is not null then l1_rle.secm_exposure_country 
			when mi_rle.secm_exposure_country is not null then mi_rle.secm_exposure_country
			else null
		end
	) as issuer_country_of_exposure
from radar_reporting_uat.fact_pos_calc_md cs01
	join radar_reporting_uat.dim_calc_currency currency ON cs01.dim_calc_currency_id = currency.dim_calc_currency_id
	and cs01.business_date = currency.business_date
	join radar_reporting_uat.dim_calc_term term ON cs01.dim_calc_term_id = term.dim_calc_term_id
	and term.calc_dim_type = 'TERM'
	and cs01.business_date = term.business_date
	join radar_reporting_uat.dim_calc_curve curve ON cs01.dim_calc_curve_id = curve.dim_calc_curve_id
	and curve.calc_dim_type = 'CURVE'
	and cs01.business_date = curve.business_date
	join radar_reporting_uat.dim_calc_curve_type curve_type ON cs01.dim_calc_curve_type_id = curve_type.dim_calc_curve_type_id
	and curve_type.calc_dim_type = 'CURVE_TYPE'
	and cs01.business_date = curve_type.business_date
	join radar_reporting_uat.dim_pos_inst dpi ON cs01.pos_id = dpi.pos_id
	and cs01.business_date = dpi.business_date
	left join radar_reporting_uat.dim_inst main_inst on main_inst.inst_id = dpi.inst_id
	left join radar_reporting_uat.dim_inst inst1 on inst1.inst_id = dpi.inst1_id 
	left join radar_reporting_uat.dim_inst inst2 on inst2.inst_id = dpi.inst2_id
	left join classification_secno cl on cl.inst_id = main_inst.inst_id
	left join radar_reporting_uat.fact_fx_rate fx ON currency.iso_currency_code = fx.to_currency
	and fx.from_currency = 'CAD'
	and fx.rate_type = 'CROSS'
	and cs01.business_date = fx.business_date
	left join risk_hierarchy rh on rh.dim_hierarchy_node_id = cs01.dim_hierarchy_node_id
	left join radar_reporting_uat.ref_legal_entity i_rle on i_rle.legal_entity_id = dpi.issuer_id
	left join radar_reporting_uat.ref_legal_entity cp_rle on cp_rle.legal_entity_id = dpi.counter_party_id
	left join radar_reporting_uat.ref_legal_entity l1_rle on inst1.issuer_id = l1_rle.legal_entity_id
	left join radar_reporting_uat.ref_legal_entity mi_rle on main_inst.issuer_id = mi_rle.legal_entity_id
	left join radar_reporting_uat.cppib_party_rating cpr on cpr.cppib_party_id = i_rle.cppib_party_id
	and cpr.business_date = i_rle.business_date
	left join radar_reporting_uat.cppib_security_rating csr on csr.cppib_sec_id = cast(dpi.cppib_security_id as int)
	and csr.business_date = i_rle.business_date
where cs01.calc_type = 'CS01'
	and cs01.business_date = '2025-05-27'
	and cs01.final_value <> 0
union all
select null as ""position_key"",
	currency.iso_currency_code as ""cs01_currency"",
	curve.curve_value ""cs01_curve"",
	curve_type.curve_type_value ""cs01_curve_type"",
	concat(
		'CS01 MP OVERRIDE -',
		rh.model_portfolio,
		'_',
		currency.iso_currency_code
	) ""cs01_data_source"",
	term.term_value ""cs01_tenor"",
	coalesce((1 / fx.mid_val), 1) * cs01.override_value ""cs01_cad_value"",
	cs01.final_value,	
	cs01.initial_value,
	cs01.override_source,
	cs01.override_value,
	cs01.portfolio_type,
	cs01.scaling_type,
	null as ""maturity_date"",
	null as ""position_description"",
	rh.model_portfolio as ""scd_model_portfolio"",
	rh.investment_dept,
	rh.investment_strat as ""investment_strategy"",
	rh.program as ""investment_program"",
	rh.sub_program as ""investment_sub_program"",
	null ""product_type"",
	null as ""product_group"",
	null as ""issuer_party_name"",
	null as ""issuer_gics_sector"",
	null as ""issuer_final_rating"",
	null as ""inst_final_rating"",
	null as ""isin"",
	null as ""sedol"",
	null as ""cusip"",
	null as ""issuer_country_of_exposure""
from radar_reporting_uat.FACT_ANALYTIC_MD_CS01 cs01
	left join RISK_HIERARCHY rh on cs01.dim_hierarchy_node_id = rh.dim_hierarchy_node_id
	and rh.node_level = 6
	join radar_reporting_uat.dim_calc_currency currency ON cs01.dim_calc_currency_id = currency.dim_calc_currency_id
	and cs01.business_date = currency.business_date
	join radar_reporting_uat.dim_calc_term term ON cs01.dim_calc_term_id = term.dim_calc_term_id
	and cs01.business_date = term.business_date
	join radar_reporting_uat.dim_calc_curve curve ON cs01.dim_calc_curve_id = curve.dim_calc_curve_id
	and cs01.business_date = curve.business_date
	join radar_reporting_uat.dim_calc_curve_type curve_type ON cs01.dim_calc_curve_type_id = curve_type.dim_calc_curve_type_id
	and cs01.business_date = curve_type.business_date
	left join radar_reporting_uat.fact_fx_rate fx ON currency.iso_currency_code = fx.to_currency
	and fx.from_currency = 'CAD'
	and fx.rate_type = 'CROSS'
	and cs01.business_date = fx.business_date
where cs01.business_date = '2025-05-27'
	and cs01.override_value is not null
	and cs01.override_value <> 0"
167dbca624b5dfcde102dd00cd5f9c3e4cd15a1d36251f7bfcd05c37022d2d3b,"/* cppi::167dbca624b5dfcde102dd00cd5f9c3e4cd15a1d36251f7bfcd05c37022d2d3b */
with risk_hierarchy as (
	select business_date,
		dim_hierarchy_node_id,
		node_level,
		(
			case
				when node_level = 1 then 'CPPIB-ALL'
				when node_level = 2 then 'DEPARTMENT'
				when node_level = 3 then 'STRATEGY'
				when node_level = 4 then 'PROGRAM'
				when node_level = 5 then 'SUB-PROGRAM'
				when node_level = 6 then 'MODEL_PORTFOLIO' else 'UNKNOWN'
			end
		) as hierarchy_level,
		'RISK' as hierarchy_type,
		node_name,
		'' as account,
		'' as pool,
		parent_node_id,
		investment_dept,
		investment_strat,
		program,
		sub_program,
		model_portfolio
	from radar_reporting_uat.mv_dim_hierarchy_node_risk
	where business_date = '2025-05-27'
),
classification_secno as (select inst_id, cppib_sector_classification_name_1 as industry_sector_name  
			from cppib_enterprise_data.enterprise_security_composite class
			join risk_uat.dim_inst i on i.security_number = class.abor_security_number and i.business_date = cast(class.business_date as varchar) 
			where i.business_date = '2025-05-27' and class.esm_instrument_type = 'abor_security_number'
			union
			select inst_id, cppib_sector_classification_name_1 as industry_sector_name  
			from cppib_enterprise_data.enterprise_security_composite class 
			join risk_uat.dim_inst i on i.cppib_security_id = cast(class.cppib_sec_id as varchar) and i.business_date = cast(class.business_date as varchar) 
			where i.business_date = '2025-05-27' and class.esm_instrument_type = 'cppib_sec_id'
)
select 
	(
		case
			when dpi.portfolio_type in ('IP', 'CASH_FOR_BENEFIT', 'ACPP_CFB') then dpi.pos_source_system_key
			when dpi.portfolio_type = 'INDEX_LOOKTHROUGH' then replace(dpi.pos_source_system_key, 'CPPSECID')
			when dpi.portfolio_type = 'LOOKTHROUGH' and position('OFFSET' in dpi.pos_source_system_key) > 0 then dpi.pos_source_system_key
			else concat(substr(dpi.pos_source_system_key, 1, position('_' in dpi.pos_source_system_key)-1), '_', dpi.pos_short_desc)
		end 
	) as ""position_key"",
	currency.iso_currency_code ""cs01_currency"",
	curve.curve_value ""cs01_curve"",
	curve_type.curve_type_value ""cs01_curve_type"",
	cs01.data_source ""cs01_data_source"",
	term.term_value ""cs01_tenor"",
	coalesce((1 / fx.mid_val), 1) * cs01.final_value ""cs01_cad_value"",
	cs01.final_value,	
	cs01.initial_value,
	cs01.override_source,
	cs01.override_value,
	cs01.portfolio_type,
	cs01.scaling_type,
	dpi.maturity_date,
	dpi.pos_short_desc as ""position_description"",
	rh.model_portfolio as ""scd_model_portfolio"",
	rh.investment_dept,
	rh.investment_strat as ""investment_strategy"",
	rh.program as ""investment_program"",
	rh.sub_program as ""investment_sub_program"",
	dpi.cppib_product_type as ""product_type"",
	dpi.security_group_name as ""product_group"",
	(
		case 
			when i_rle.party_name is not null then i_rle.party_name
			when l1_rle.party_name is not null then l1_rle.party_name
			when mi_rle.party_name is not null then mi_rle.party_name
			else null
		end
	) as issuer_party_name,
	(
		case 
			when i_rle.gics_sector is not null then i_rle.gics_sector
			when l1_rle.gics_sector is not null then l1_rle.gics_sector 
			when cl.industry_sector_name is not null then cl.industry_sector_name
			when mi_rle.gics_sector is not null then mi_rle.gics_sector
			else null
		end
	) as issuer_gics_sector,
	cpr.rating_value as ""issuer_final_rating"",
	csr.rating_value as ""inst_final_rating"",
	(
		case 
			when dpi.isin is not null then dpi.isin 
			when inst1.isin is not null then inst1.isin
			else inst2.isin
		end
	) as isin,
	(
		case 
			when dpi.sedol is not null then dpi.sedol 
			when inst1.sedol is not null then inst1.sedol
			else inst2.sedol
		end
	) as sedol,
	(
		case 
			when dpi.cusip is not null then dpi.cusip 
			when inst1.cusip is not null then inst1.cusip
			else inst2.cusip
		end
	) as cusip,
	(
		case 
			when i_rle.secm_exposure_country is not null then i_rle.secm_exposure_country
			when l1_rle.secm_exposure_country is not null then l1_rle.secm_exposure_country 
			when mi_rle.secm_exposure_country is not null then mi_rle.secm_exposure_country
			else null
		end
	) as issuer_country_of_exposure
from radar_reporting_uat.fact_pos_calc_md cs01
	join radar_reporting_uat.dim_calc_currency currency ON cs01.dim_calc_currency_id = currency.dim_calc_currency_id
	and cs01.business_date = currency.business_date
	join radar_reporting_uat.dim_calc_term term ON cs01.dim_calc_term_id = term.dim_calc_term_id
	and term.calc_dim_type = 'TERM'
	and cs01.business_date = term.business_date
	join radar_reporting_uat.dim_calc_curve curve ON cs01.dim_calc_curve_id = curve.dim_calc_curve_id
	and curve.calc_dim_type = 'CURVE'
	and cs01.business_date = curve.business_date
	join radar_reporting_uat.dim_calc_curve_type curve_type ON cs01.dim_calc_curve_type_id = curve_type.dim_calc_curve_type_id
	and curve_type.calc_dim_type = 'CURVE_TYPE'
	and cs01.business_date = curve_type.business_date
	join radar_reporting_uat.dim_pos_inst dpi ON cs01.pos_id = dpi.pos_id
	and cs01.business_date = dpi.business_date
	left join radar_reporting_uat.dim_inst main_inst on main_inst.inst_id = dpi.inst_id
	left join radar_reporting_uat.dim_inst inst1 on inst1.inst_id = dpi.inst1_id 
	left join radar_reporting_uat.dim_inst inst2 on inst2.inst_id = dpi.inst2_id
	left join classification_secno cl on cl.inst_id = main_inst.inst_id
	left join radar_reporting_uat.fact_fx_rate fx ON currency.iso_currency_code = fx.to_currency
	and fx.from_currency = 'CAD'
	and fx.rate_type = 'CROSS'
	and cs01.business_date = fx.business_date
	left join risk_hierarchy rh on rh.dim_hierarchy_node_id = cs01.dim_hierarchy_node_id
	left join radar_reporting_uat.ref_legal_entity i_rle on i_rle.legal_entity_id = dpi.issuer_id
	left join radar_reporting_uat.ref_legal_entity cp_rle on cp_rle.legal_entity_id = dpi.counter_party_id
	left join radar_reporting_uat.ref_legal_entity l1_rle on inst1.issuer_id = l1_rle.legal_entity_id
	left join radar_reporting_uat.ref_legal_entity mi_rle on main_inst.issuer_id = mi_rle.legal_entity_id
	left join radar_reporting_uat.cppib_party_rating cpr on cpr.cppib_party_id = i_rle.cppib_party_id
	and cpr.business_date = i_rle.business_date
	left join radar_reporting_uat.cppib_security_rating csr on csr.cppib_sec_id = cast(dpi.cppib_security_id as int)
	and csr.business_date = i_rle.business_date
where cs01.calc_type = 'CS01'
	and cs01.business_date = '2025-05-27'
	and cs01.final_value <> 0
union all
select null as ""position_key"",
	currency.iso_currency_code as ""cs01_currency"",
	curve.curve_value ""cs01_curve"",
	curve_type.curve_type_value ""cs01_curve_type"",
	concat(
		'CS01 MP OVERRIDE -',
		rh.model_portfolio,
		'_',
		currency.iso_currency_code
	) ""cs01_data_source"",
	term.term_value ""cs01_tenor"",
	coalesce((1 / fx.mid_val), 1) * cs01.override_value ""cs01_cad_value"",
	cs01.final_value,	
	cs01.initial_value,
	cs01.override_source,
	cs01.override_value,
	cs01.portfolio_type,
	cs01.scaling_type,
	null as ""maturity_date"",
	null as ""position_description"",
	rh.model_portfolio as ""scd_model_portfolio"",
	rh.investment_dept,
	rh.investment_strat as ""investment_strategy"",
	rh.program as ""investment_program"",
	rh.sub_program as ""investment_sub_program"",
	null ""product_type"",
	null as ""product_group"",
	null as ""issuer_party_name"",
	null as ""issuer_gics_sector"",
	null as ""issuer_final_rating"",
	null as ""inst_final_rating"",
	null as ""isin"",
	null as ""sedol"",
	null as ""cusip"",
	null as ""issuer_country_of_exposure""
from radar_reporting_uat.FACT_ANALYTIC_MD_CS01 cs01
	left join RISK_HIERARCHY rh on cs01.dim_hierarchy_node_id = rh.dim_hierarchy_node_id
	and rh.node_level = 6
	join radar_reporting_uat.dim_calc_currency currency ON cs01.dim_calc_currency_id = currency.dim_calc_currency_id
	and cs01.business_date = currency.business_date
	join radar_reporting_uat.dim_calc_term term ON cs01.dim_calc_term_id = term.dim_calc_term_id
	and cs01.business_date = term.business_date
	join radar_reporting_uat.dim_calc_curve curve ON cs01.dim_calc_curve_id = curve.dim_calc_curve_id
	and cs01.business_date = curve.business_date
	join radar_reporting_uat.dim_calc_curve_type curve_type ON cs01.dim_calc_curve_type_id = curve_type.dim_calc_curve_type_id
	and cs01.business_date = curve_type.business_date
	left join radar_reporting_uat.fact_fx_rate fx ON currency.iso_currency_code = fx.to_currency
	and fx.from_currency = 'CAD'
	and fx.rate_type = 'CROSS'
	and cs01.business_date = fx.business_date
where cs01.business_date = '2025-05-27'
	and cs01.override_value is not null
	and cs01.override_value <> 0"
167dbca624b5dfcde102dd00cd5f9c3e4cd15a1d36251f7bfcd05c37022d2d3b,"/* cppi::167dbca624b5dfcde102dd00cd5f9c3e4cd15a1d36251f7bfcd05c37022d2d3b */
with risk_hierarchy as (
	select business_date,
		dim_hierarchy_node_id,
		node_level,
		(
			case
				when node_level = 1 then 'CPPIB-ALL'
				when node_level = 2 then 'DEPARTMENT'
				when node_level = 3 then 'STRATEGY'
				when node_level = 4 then 'PROGRAM'
				when node_level = 5 then 'SUB-PROGRAM'
				when node_level = 6 then 'MODEL_PORTFOLIO' else 'UNKNOWN'
			end
		) as hierarchy_level,
		'RISK' as hierarchy_type,
		node_name,
		'' as account,
		'' as pool,
		parent_node_id,
		investment_dept,
		investment_strat,
		program,
		sub_program,
		model_portfolio
	from radar_reporting_uat.mv_dim_hierarchy_node_risk
	where business_date = '2025-05-27'
),
classification_secno as (select inst_id, cppib_sector_classification_name_1 as industry_sector_name  
			from cppib_enterprise_data.enterprise_security_composite class
			join risk_uat.dim_inst i on i.security_number = class.abor_security_number and i.business_date = cast(class.business_date as varchar) 
			where i.business_date = '2025-05-27' and class.esm_instrument_type = 'abor_security_number'
			union
			select inst_id, cppib_sector_classification_name_1 as industry_sector_name  
			from cppib_enterprise_data.enterprise_security_composite class 
			join risk_uat.dim_inst i on i.cppib_security_id = cast(class.cppib_sec_id as varchar) and i.business_date = cast(class.business_date as varchar) 
			where i.business_date = '2025-05-27' and class.esm_instrument_type = 'cppib_sec_id'
)
select 
	(
		case
			when dpi.portfolio_type in ('IP', 'CASH_FOR_BENEFIT', 'ACPP_CFB') then dpi.pos_source_system_key
			when dpi.portfolio_type = 'INDEX_LOOKTHROUGH' then replace(dpi.pos_source_system_key, 'CPPSECID')
			when dpi.portfolio_type = 'LOOKTHROUGH' and position('OFFSET' in dpi.pos_source_system_key) > 0 then dpi.pos_source_system_key
			else concat(substr(dpi.pos_source_system_key, 1, position('_' in dpi.pos_source_system_key)-1), '_', dpi.pos_short_desc)
		end 
	) as ""position_key"",
	currency.iso_currency_code ""cs01_currency"",
	curve.curve_value ""cs01_curve"",
	curve_type.curve_type_value ""cs01_curve_type"",
	cs01.data_source ""cs01_data_source"",
	term.term_value ""cs01_tenor"",
	coalesce((1 / fx.mid_val), 1) * cs01.final_value ""cs01_cad_value"",
	cs01.final_value,	
	cs01.initial_value,
	cs01.override_source,
	cs01.override_value,
	cs01.portfolio_type,
	cs01.scaling_type,
	dpi.maturity_date,
	dpi.pos_short_desc as ""position_description"",
	rh.model_portfolio as ""scd_model_portfolio"",
	rh.investment_dept,
	rh.investment_strat as ""investment_strategy"",
	rh.program as ""investment_program"",
	rh.sub_program as ""investment_sub_program"",
	dpi.cppib_product_type as ""product_type"",
	dpi.security_group_name as ""product_group"",
	(
		case 
			when i_rle.party_name is not null then i_rle.party_name
			when l1_rle.party_name is not null then l1_rle.party_name
			when mi_rle.party_name is not null then mi_rle.party_name
			else null
		end
	) as issuer_party_name,
	(
		case 
			when i_rle.gics_sector is not null then i_rle.gics_sector
			when l1_rle.gics_sector is not null then l1_rle.gics_sector 
			when cl.industry_sector_name is not null then cl.industry_sector_name
			when mi_rle.gics_sector is not null then mi_rle.gics_sector
			else null
		end
	) as issuer_gics_sector,
	cpr.rating_value as ""issuer_final_rating"",
	csr.rating_value as ""inst_final_rating"",
	(
		case 
			when dpi.isin is not null then dpi.isin 
			when inst1.isin is not null then inst1.isin
			else inst2.isin
		end
	) as isin,
	(
		case 
			when dpi.sedol is not null then dpi.sedol 
			when inst1.sedol is not null then inst1.sedol
			else inst2.sedol
		end
	) as sedol,
	(
		case 
			when dpi.cusip is not null then dpi.cusip 
			when inst1.cusip is not null then inst1.cusip
			else inst2.cusip
		end
	) as cusip,
	(
		case 
			when i_rle.secm_exposure_country is not null then i_rle.secm_exposure_country
			when l1_rle.secm_exposure_country is not null then l1_rle.secm_exposure_country 
			when mi_rle.secm_exposure_country is not null then mi_rle.secm_exposure_country
			else null
		end
	) as issuer_country_of_exposure
from radar_reporting_uat.fact_pos_calc_md cs01
	join radar_reporting_uat.dim_calc_currency currency ON cs01.dim_calc_currency_id = currency.dim_calc_currency_id
	and cs01.business_date = currency.business_date
	join radar_reporting_uat.dim_calc_term term ON cs01.dim_calc_term_id = term.dim_calc_term_id
	and term.calc_dim_type = 'TERM'
	and cs01.business_date = term.business_date
	join radar_reporting_uat.dim_calc_curve curve ON cs01.dim_calc_curve_id = curve.dim_calc_curve_id
	and curve.calc_dim_type = 'CURVE'
	and cs01.business_date = curve.business_date
	join radar_reporting_uat.dim_calc_curve_type curve_type ON cs01.dim_calc_curve_type_id = curve_type.dim_calc_curve_type_id
	and curve_type.calc_dim_type = 'CURVE_TYPE'
	and cs01.business_date = curve_type.business_date
	join radar_reporting_uat.dim_pos_inst dpi ON cs01.pos_id = dpi.pos_id
	and cs01.business_date = dpi.business_date
	left join radar_reporting_uat.dim_inst main_inst on main_inst.inst_id = dpi.inst_id
	left join radar_reporting_uat.dim_inst inst1 on inst1.inst_id = dpi.inst1_id 
	left join radar_reporting_uat.dim_inst inst2 on inst2.inst_id = dpi.inst2_id
	left join classification_secno cl on cl.inst_id = main_inst.inst_id
	left join radar_reporting_uat.fact_fx_rate fx ON currency.iso_currency_code = fx.to_currency
	and fx.from_currency = 'CAD'
	and fx.rate_type = 'CROSS'
	and cs01.business_date = fx.business_date
	left join risk_hierarchy rh on rh.dim_hierarchy_node_id = cs01.dim_hierarchy_node_id
	left join radar_reporting_uat.ref_legal_entity i_rle on i_rle.legal_entity_id = dpi.issuer_id
	left join radar_reporting_uat.ref_legal_entity cp_rle on cp_rle.legal_entity_id = dpi.counter_party_id
	left join radar_reporting_uat.ref_legal_entity l1_rle on inst1.issuer_id = l1_rle.legal_entity_id
	left join radar_reporting_uat.ref_legal_entity mi_rle on main_inst.issuer_id = mi_rle.legal_entity_id
	left join radar_reporting_uat.cppib_party_rating cpr on cpr.cppib_party_id = i_rle.cppib_party_id
	and cpr.business_date = i_rle.business_date
	left join radar_reporting_uat.cppib_security_rating csr on csr.cppib_sec_id = cast(dpi.cppib_security_id as int)
	and csr.business_date = i_rle.business_date
where cs01.calc_type = 'CS01'
	and cs01.business_date = '2025-05-27'
	and cs01.final_value <> 0
union all
select null as ""position_key"",
	currency.iso_currency_code as ""cs01_currency"",
	curve.curve_value ""cs01_curve"",
	curve_type.curve_type_value ""cs01_curve_type"",
	concat(
		'CS01 MP OVERRIDE -',
		rh.model_portfolio,
		'_',
		currency.iso_currency_code
	) ""cs01_data_source"",
	term.term_value ""cs01_tenor"",
	coalesce((1 / fx.mid_val), 1) * cs01.override_value ""cs01_cad_value"",
	cs01.final_value,	
	cs01.initial_value,
	cs01.override_source,
	cs01.override_value,
	cs01.portfolio_type,
	cs01.scaling_type,
	null as ""maturity_date"",
	null as ""position_description"",
	rh.model_portfolio as ""scd_model_portfolio"",
	rh.investment_dept,
	rh.investment_strat as ""investment_strategy"",
	rh.program as ""investment_program"",
	rh.sub_program as ""investment_sub_program"",
	null ""product_type"",
	null as ""product_group"",
	null as ""issuer_party_name"",
	null as ""issuer_gics_sector"",
	null as ""issuer_final_rating"",
	null as ""inst_final_rating"",
	null as ""isin"",
	null as ""sedol"",
	null as ""cusip"",
	null as ""issuer_country_of_exposure""
from radar_reporting_uat.FACT_ANALYTIC_MD_CS01 cs01
	left join RISK_HIERARCHY rh on cs01.dim_hierarchy_node_id = rh.dim_hierarchy_node_id
	and rh.node_level = 6
	join radar_reporting_uat.dim_calc_currency currency ON cs01.dim_calc_currency_id = currency.dim_calc_currency_id
	and cs01.business_date = currency.business_date
	join radar_reporting_uat.dim_calc_term term ON cs01.dim_calc_term_id = term.dim_calc_term_id
	and cs01.business_date = term.business_date
	join radar_reporting_uat.dim_calc_curve curve ON cs01.dim_calc_curve_id = curve.dim_calc_curve_id
	and cs01.business_date = curve.business_date
	join radar_reporting_uat.dim_calc_curve_type curve_type ON cs01.dim_calc_curve_type_id = curve_type.dim_calc_curve_type_id
	and cs01.business_date = curve_type.business_date
	left join radar_reporting_uat.fact_fx_rate fx ON currency.iso_currency_code = fx.to_currency
	and fx.from_currency = 'CAD'
	and fx.rate_type = 'CROSS'
	and cs01.business_date = fx.business_date
where cs01.business_date = '2025-05-27'
	and cs01.override_value is not null
	and cs01.override_value <> 0"
167dbca624b5dfcde102dd00cd5f9c3e4cd15a1d36251f7bfcd05c37022d2d3b,"/* cppi::167dbca624b5dfcde102dd00cd5f9c3e4cd15a1d36251f7bfcd05c37022d2d3b */
with risk_hierarchy as (
	select business_date,
		dim_hierarchy_node_id,
		node_level,
		(
			case
				when node_level = 1 then 'CPPIB-ALL'
				when node_level = 2 then 'DEPARTMENT'
				when node_level = 3 then 'STRATEGY'
				when node_level = 4 then 'PROGRAM'
				when node_level = 5 then 'SUB-PROGRAM'
				when node_level = 6 then 'MODEL_PORTFOLIO' else 'UNKNOWN'
			end
		) as hierarchy_level,
		'RISK' as hierarchy_type,
		node_name,
		'' as account,
		'' as pool,
		parent_node_id,
		investment_dept,
		investment_strat,
		program,
		sub_program,
		model_portfolio
	from radar_reporting_uat.mv_dim_hierarchy_node_risk
	where business_date = '2025-05-27'
),
classification_secno as (select inst_id, cppib_sector_classification_name_1 as industry_sector_name  
			from cppib_enterprise_data.enterprise_security_composite class
			join risk_uat.dim_inst i on i.security_number = class.abor_security_number and i.business_date = cast(class.business_date as varchar) 
			where i.business_date = '2025-05-27' and class.esm_instrument_type = 'abor_security_number'
			union
			select inst_id, cppib_sector_classification_name_1 as industry_sector_name  
			from cppib_enterprise_data.enterprise_security_composite class 
			join risk_uat.dim_inst i on i.cppib_security_id = cast(class.cppib_sec_id as varchar) and i.business_date = cast(class.business_date as varchar) 
			where i.business_date = '2025-05-27' and class.esm_instrument_type = 'cppib_sec_id'
)
select 
	(
		case
			when dpi.portfolio_type in ('IP', 'CASH_FOR_BENEFIT', 'ACPP_CFB') then dpi.pos_source_system_key
			when dpi.portfolio_type = 'INDEX_LOOKTHROUGH' then replace(dpi.pos_source_system_key, 'CPPSECID')
			when dpi.portfolio_type = 'LOOKTHROUGH' and position('OFFSET' in dpi.pos_source_system_key) > 0 then dpi.pos_source_system_key
			else concat(substr(dpi.pos_source_system_key, 1, position('_' in dpi.pos_source_system_key)-1), '_', dpi.pos_short_desc)
		end 
	) as ""position_key"",
	currency.iso_currency_code ""cs01_currency"",
	curve.curve_value ""cs01_curve"",
	curve_type.curve_type_value ""cs01_curve_type"",
	cs01.data_source ""cs01_data_source"",
	term.term_value ""cs01_tenor"",
	coalesce((1 / fx.mid_val), 1) * cs01.final_value ""cs01_cad_value"",
	cs01.final_value,	
	cs01.initial_value,
	cs01.override_source,
	cs01.override_value,
	cs01.portfolio_type,
	cs01.scaling_type,
	dpi.maturity_date,
	dpi.pos_short_desc as ""position_description"",
	rh.model_portfolio as ""scd_model_portfolio"",
	rh.investment_dept,
	rh.investment_strat as ""investment_strategy"",
	rh.program as ""investment_program"",
	rh.sub_program as ""investment_sub_program"",
	dpi.cppib_product_type as ""product_type"",
	dpi.security_group_name as ""product_group"",
	(
		case 
			when i_rle.party_name is not null then i_rle.party_name
			when l1_rle.party_name is not null then l1_rle.party_name
			when mi_rle.party_name is not null then mi_rle.party_name
			else null
		end
	) as issuer_party_name,
	(
		case 
			when i_rle.gics_sector is not null then i_rle.gics_sector
			when l1_rle.gics_sector is not null then l1_rle.gics_sector 
			when cl.industry_sector_name is not null then cl.industry_sector_name
			when mi_rle.gics_sector is not null then mi_rle.gics_sector
			else null
		end
	) as issuer_gics_sector,
	cpr.rating_value as ""issuer_final_rating"",
	csr.rating_value as ""inst_final_rating"",
	(
		case 
			when dpi.isin is not null then dpi.isin 
			when inst1.isin is not null then inst1.isin
			else inst2.isin
		end
	) as isin,
	(
		case 
			when dpi.sedol is not null then dpi.sedol 
			when inst1.sedol is not null then inst1.sedol
			else inst2.sedol
		end
	) as sedol,
	(
		case 
			when dpi.cusip is not null then dpi.cusip 
			when inst1.cusip is not null then inst1.cusip
			else inst2.cusip
		end
	) as cusip,
	(
		case 
			when i_rle.secm_exposure_country is not null then i_rle.secm_exposure_country
			when l1_rle.secm_exposure_country is not null then l1_rle.secm_exposure_country 
			when mi_rle.secm_exposure_country is not null then mi_rle.secm_exposure_country
			else null
		end
	) as issuer_country_of_exposure
from radar_reporting_uat.fact_pos_calc_md cs01
	join radar_reporting_uat.dim_calc_currency currency ON cs01.dim_calc_currency_id = currency.dim_calc_currency_id
	and cs01.business_date = currency.business_date
	join radar_reporting_uat.dim_calc_term term ON cs01.dim_calc_term_id = term.dim_calc_term_id
	and term.calc_dim_type = 'TERM'
	and cs01.business_date = term.business_date
	join radar_reporting_uat.dim_calc_curve curve ON cs01.dim_calc_curve_id = curve.dim_calc_curve_id
	and curve.calc_dim_type = 'CURVE'
	and cs01.business_date = curve.business_date
	join radar_reporting_uat.dim_calc_curve_type curve_type ON cs01.dim_calc_curve_type_id = curve_type.dim_calc_curve_type_id
	and curve_type.calc_dim_type = 'CURVE_TYPE'
	and cs01.business_date = curve_type.business_date
	join radar_reporting_uat.dim_pos_inst dpi ON cs01.pos_id = dpi.pos_id
	and cs01.business_date = dpi.business_date
	left join radar_reporting_uat.dim_inst main_inst on main_inst.inst_id = dpi.inst_id
	left join radar_reporting_uat.dim_inst inst1 on inst1.inst_id = dpi.inst1_id 
	left join radar_reporting_uat.dim_inst inst2 on inst2.inst_id = dpi.inst2_id
	left join classification_secno cl on cl.inst_id = main_inst.inst_id
	left join radar_reporting_uat.fact_fx_rate fx ON currency.iso_currency_code = fx.to_currency
	and fx.from_currency = 'CAD'
	and fx.rate_type = 'CROSS'
	and cs01.business_date = fx.business_date
	left join risk_hierarchy rh on rh.dim_hierarchy_node_id = cs01.dim_hierarchy_node_id
	left join radar_reporting_uat.ref_legal_entity i_rle on i_rle.legal_entity_id = dpi.issuer_id
	left join radar_reporting_uat.ref_legal_entity cp_rle on cp_rle.legal_entity_id = dpi.counter_party_id
	left join radar_reporting_uat.ref_legal_entity l1_rle on inst1.issuer_id = l1_rle.legal_entity_id
	left join radar_reporting_uat.ref_legal_entity mi_rle on main_inst.issuer_id = mi_rle.legal_entity_id
	left join radar_reporting_uat.cppib_party_rating cpr on cpr.cppib_party_id = i_rle.cppib_party_id
	and cpr.business_date = i_rle.business_date
	left join radar_reporting_uat.cppib_security_rating csr on csr.cppib_sec_id = cast(dpi.cppib_security_id as int)
	and csr.business_date = i_rle.business_date
where cs01.calc_type = 'CS01'
	and cs01.business_date = '2025-05-27'
	and cs01.final_value <> 0
union all
select null as ""position_key"",
	currency.iso_currency_code as ""cs01_currency"",
	curve.curve_value ""cs01_curve"",
	curve_type.curve_type_value ""cs01_curve_type"",
	concat(
		'CS01 MP OVERRIDE -',
		rh.model_portfolio,
		'_',
		currency.iso_currency_code
	) ""cs01_data_source"",
	term.term_value ""cs01_tenor"",
	coalesce((1 / fx.mid_val), 1) * cs01.override_value ""cs01_cad_value"",
	cs01.final_value,	
	cs01.initial_value,
	cs01.override_source,
	cs01.override_value,
	cs01.portfolio_type,
	cs01.scaling_type,
	null as ""maturity_date"",
	null as ""position_description"",
	rh.model_portfolio as ""scd_model_portfolio"",
	rh.investment_dept,
	rh.investment_strat as ""investment_strategy"",
	rh.program as ""investment_program"",
	rh.sub_program as ""investment_sub_program"",
	null ""product_type"",
	null as ""product_group"",
	null as ""issuer_party_name"",
	null as ""issuer_gics_sector"",
	null as ""issuer_final_rating"",
	null as ""inst_final_rating"",
	null as ""isin"",
	null as ""sedol"",
	null as ""cusip"",
	null as ""issuer_country_of_exposure""
from radar_reporting_uat.FACT_ANALYTIC_MD_CS01 cs01
	left join RISK_HIERARCHY rh on cs01.dim_hierarchy_node_id = rh.dim_hierarchy_node_id
	and rh.node_level = 6
	join radar_reporting_uat.dim_calc_currency currency ON cs01.dim_calc_currency_id = currency.dim_calc_currency_id
	and cs01.business_date = currency.business_date
	join radar_reporting_uat.dim_calc_term term ON cs01.dim_calc_term_id = term.dim_calc_term_id
	and cs01.business_date = term.business_date
	join radar_reporting_uat.dim_calc_curve curve ON cs01.dim_calc_curve_id = curve.dim_calc_curve_id
	and cs01.business_date = curve.business_date
	join radar_reporting_uat.dim_calc_curve_type curve_type ON cs01.dim_calc_curve_type_id = curve_type.dim_calc_curve_type_id
	and cs01.business_date = curve_type.business_date
	left join radar_reporting_uat.fact_fx_rate fx ON currency.iso_currency_code = fx.to_currency
	and fx.from_currency = 'CAD'
	and fx.rate_type = 'CROSS'
	and cs01.business_date = fx.business_date
where cs01.business_date = '2025-05-27'
	and cs01.override_value is not null
	and cs01.override_value <> 0"
167dbca624b5dfcde102dd00cd5f9c3e4cd15a1d36251f7bfcd05c37022d2d3b,"/* cppi::167dbca624b5dfcde102dd00cd5f9c3e4cd15a1d36251f7bfcd05c37022d2d3b */
with risk_hierarchy as (
	select business_date,
		dim_hierarchy_node_id,
		node_level,
		(
			case
				when node_level = 1 then 'CPPIB-ALL'
				when node_level = 2 then 'DEPARTMENT'
				when node_level = 3 then 'STRATEGY'
				when node_level = 4 then 'PROGRAM'
				when node_level = 5 then 'SUB-PROGRAM'
				when node_level = 6 then 'MODEL_PORTFOLIO' else 'UNKNOWN'
			end
		) as hierarchy_level,
		'RISK' as hierarchy_type,
		node_name,
		'' as account,
		'' as pool,
		parent_node_id,
		investment_dept,
		investment_strat,
		program,
		sub_program,
		model_portfolio
	from radar_reporting_uat.mv_dim_hierarchy_node_risk
	where business_date = '2025-05-27'
),
classification_secno as (select inst_id, cppib_sector_classification_name_1 as industry_sector_name  
			from cppib_enterprise_data.enterprise_security_composite class
			join risk_uat.dim_inst i on i.security_number = class.abor_security_number and i.business_date = cast(class.business_date as varchar) 
			where i.business_date = '2025-05-27' and class.esm_instrument_type = 'abor_security_number'
			union
			select inst_id, cppib_sector_classification_name_1 as industry_sector_name  
			from cppib_enterprise_data.enterprise_security_composite class 
			join risk_uat.dim_inst i on i.cppib_security_id = cast(class.cppib_sec_id as varchar) and i.business_date = cast(class.business_date as varchar) 
			where i.business_date = '2025-05-27' and class.esm_instrument_type = 'cppib_sec_id'
)
select 
	(
		case
			when dpi.portfolio_type in ('IP', 'CASH_FOR_BENEFIT', 'ACPP_CFB') then dpi.pos_source_system_key
			when dpi.portfolio_type = 'INDEX_LOOKTHROUGH' then replace(dpi.pos_source_system_key, 'CPPSECID')
			when dpi.portfolio_type = 'LOOKTHROUGH' and position('OFFSET' in dpi.pos_source_system_key) > 0 then dpi.pos_source_system_key
			else concat(substr(dpi.pos_source_system_key, 1, position('_' in dpi.pos_source_system_key)-1), '_', dpi.pos_short_desc)
		end 
	) as ""position_key"",
	currency.iso_currency_code ""cs01_currency"",
	curve.curve_value ""cs01_curve"",
	curve_type.curve_type_value ""cs01_curve_type"",
	cs01.data_source ""cs01_data_source"",
	term.term_value ""cs01_tenor"",
	coalesce((1 / fx.mid_val), 1) * cs01.final_value ""cs01_cad_value"",
	cs01.final_value,	
	cs01.initial_value,
	cs01.override_source,
	cs01.override_value,
	cs01.portfolio_type,
	cs01.scaling_type,
	dpi.maturity_date,
	dpi.pos_short_desc as ""position_description"",
	rh.model_portfolio as ""scd_model_portfolio"",
	rh.investment_dept,
	rh.investment_strat as ""investment_strategy"",
	rh.program as ""investment_program"",
	rh.sub_program as ""investment_sub_program"",
	dpi.cppib_product_type as ""product_type"",
	dpi.security_group_name as ""product_group"",
	(
		case 
			when i_rle.party_name is not null then i_rle.party_name
			when l1_rle.party_name is not null then l1_rle.party_name
			when mi_rle.party_name is not null then mi_rle.party_name
			else null
		end
	) as issuer_party_name,
	(
		case 
			when i_rle.gics_sector is not null then i_rle.gics_sector
			when l1_rle.gics_sector is not null then l1_rle.gics_sector 
			when cl.industry_sector_name is not null then cl.industry_sector_name
			when mi_rle.gics_sector is not null then mi_rle.gics_sector
			else null
		end
	) as issuer_gics_sector,
	cpr.rating_value as ""issuer_final_rating"",
	csr.rating_value as ""inst_final_rating"",
	(
		case 
			when dpi.isin is not null then dpi.isin 
			when inst1.isin is not null then inst1.isin
			else inst2.isin
		end
	) as isin,
	(
		case 
			when dpi.sedol is not null then dpi.sedol 
			when inst1.sedol is not null then inst1.sedol
			else inst2.sedol
		end
	) as sedol,
	(
		case 
			when dpi.cusip is not null then dpi.cusip 
			when inst1.cusip is not null then inst1.cusip
			else inst2.cusip
		end
	) as cusip,
	(
		case 
			when i_rle.secm_exposure_country is not null then i_rle.secm_exposure_country
			when l1_rle.secm_exposure_country is not null then l1_rle.secm_exposure_country 
			when mi_rle.secm_exposure_country is not null then mi_rle.secm_exposure_country
			else null
		end
	) as issuer_country_of_exposure
from radar_reporting_uat.fact_pos_calc_md cs01
	join radar_reporting_uat.dim_calc_currency currency ON cs01.dim_calc_currency_id = currency.dim_calc_currency_id
	and cs01.business_date = currency.business_date
	join radar_reporting_uat.dim_calc_term term ON cs01.dim_calc_term_id = term.dim_calc_term_id
	and term.calc_dim_type = 'TERM'
	and cs01.business_date = term.business_date
	join radar_reporting_uat.dim_calc_curve curve ON cs01.dim_calc_curve_id = curve.dim_calc_curve_id
	and curve.calc_dim_type = 'CURVE'
	and cs01.business_date = curve.business_date
	join radar_reporting_uat.dim_calc_curve_type curve_type ON cs01.dim_calc_curve_type_id = curve_type.dim_calc_curve_type_id
	and curve_type.calc_dim_type = 'CURVE_TYPE'
	and cs01.business_date = curve_type.business_date
	join radar_reporting_uat.dim_pos_inst dpi ON cs01.pos_id = dpi.pos_id
	and cs01.business_date = dpi.business_date
	left join radar_reporting_uat.dim_inst main_inst on main_inst.inst_id = dpi.inst_id
	left join radar_reporting_uat.dim_inst inst1 on inst1.inst_id = dpi.inst1_id 
	left join radar_reporting_uat.dim_inst inst2 on inst2.inst_id = dpi.inst2_id
	left join classification_secno cl on cl.inst_id = main_inst.inst_id
	left join radar_reporting_uat.fact_fx_rate fx ON currency.iso_currency_code = fx.to_currency
	and fx.from_currency = 'CAD'
	and fx.rate_type = 'CROSS'
	and cs01.business_date = fx.business_date
	left join risk_hierarchy rh on rh.dim_hierarchy_node_id = cs01.dim_hierarchy_node_id
	left join radar_reporting_uat.ref_legal_entity i_rle on i_rle.legal_entity_id = dpi.issuer_id
	left join radar_reporting_uat.ref_legal_entity cp_rle on cp_rle.legal_entity_id = dpi.counter_party_id
	left join radar_reporting_uat.ref_legal_entity l1_rle on inst1.issuer_id = l1_rle.legal_entity_id
	left join radar_reporting_uat.ref_legal_entity mi_rle on main_inst.issuer_id = mi_rle.legal_entity_id
	left join radar_reporting_uat.cppib_party_rating cpr on cpr.cppib_party_id = i_rle.cppib_party_id
	and cpr.business_date = i_rle.business_date
	left join radar_reporting_uat.cppib_security_rating csr on csr.cppib_sec_id = cast(dpi.cppib_security_id as int)
	and csr.business_date = i_rle.business_date
where cs01.calc_type = 'CS01'
	and cs01.business_date = '2025-05-27'
	and cs01.final_value <> 0
union all
select null as ""position_key"",
	currency.iso_currency_code as ""cs01_currency"",
	curve.curve_value ""cs01_curve"",
	curve_type.curve_type_value ""cs01_curve_type"",
	concat(
		'CS01 MP OVERRIDE -',
		rh.model_portfolio,
		'_',
		currency.iso_currency_code
	) ""cs01_data_source"",
	term.term_value ""cs01_tenor"",
	coalesce((1 / fx.mid_val), 1) * cs01.override_value ""cs01_cad_value"",
	cs01.final_value,	
	cs01.initial_value,
	cs01.override_source,
	cs01.override_value,
	cs01.portfolio_type,
	cs01.scaling_type,
	null as ""maturity_date"",
	null as ""position_description"",
	rh.model_portfolio as ""scd_model_portfolio"",
	rh.investment_dept,
	rh.investment_strat as ""investment_strategy"",
	rh.program as ""investment_program"",
	rh.sub_program as ""investment_sub_program"",
	null ""product_type"",
	null as ""product_group"",
	null as ""issuer_party_name"",
	null as ""issuer_gics_sector"",
	null as ""issuer_final_rating"",
	null as ""inst_final_rating"",
	null as ""isin"",
	null as ""sedol"",
	null as ""cusip"",
	null as ""issuer_country_of_exposure""
from radar_reporting_uat.FACT_ANALYTIC_MD_CS01 cs01
	left join RISK_HIERARCHY rh on cs01.dim_hierarchy_node_id = rh.dim_hierarchy_node_id
	and rh.node_level = 6
	join radar_reporting_uat.dim_calc_currency currency ON cs01.dim_calc_currency_id = currency.dim_calc_currency_id
	and cs01.business_date = currency.business_date
	join radar_reporting_uat.dim_calc_term term ON cs01.dim_calc_term_id = term.dim_calc_term_id
	and cs01.business_date = term.business_date
	join radar_reporting_uat.dim_calc_curve curve ON cs01.dim_calc_curve_id = curve.dim_calc_curve_id
	and cs01.business_date = curve.business_date
	join radar_reporting_uat.dim_calc_curve_type curve_type ON cs01.dim_calc_curve_type_id = curve_type.dim_calc_curve_type_id
	and cs01.business_date = curve_type.business_date
	left join radar_reporting_uat.fact_fx_rate fx ON currency.iso_currency_code = fx.to_currency
	and fx.from_currency = 'CAD'
	and fx.rate_type = 'CROSS'
	and cs01.business_date = fx.business_date
where cs01.business_date = '2025-05-27'
	and cs01.override_value is not null
	and cs01.override_value <> 0"
167dbca624b5dfcde102dd00cd5f9c3e4cd15a1d36251f7bfcd05c37022d2d3b,"/* cppi::167dbca624b5dfcde102dd00cd5f9c3e4cd15a1d36251f7bfcd05c37022d2d3b */
with risk_hierarchy as (
	select business_date,
		dim_hierarchy_node_id,
		node_level,
		(
			case
				when node_level = 1 then 'CPPIB-ALL'
				when node_level = 2 then 'DEPARTMENT'
				when node_level = 3 then 'STRATEGY'
				when node_level = 4 then 'PROGRAM'
				when node_level = 5 then 'SUB-PROGRAM'
				when node_level = 6 then 'MODEL_PORTFOLIO' else 'UNKNOWN'
			end
		) as hierarchy_level,
		'RISK' as hierarchy_type,
		node_name,
		'' as account,
		'' as pool,
		parent_node_id,
		investment_dept,
		investment_strat,
		program,
		sub_program,
		model_portfolio
	from radar_reporting_uat.mv_dim_hierarchy_node_risk
	where business_date = '2025-05-27'
),
classification_secno as (select inst_id, cppib_sector_classification_name_1 as industry_sector_name  
			from cppib_enterprise_data.enterprise_security_composite class
			join risk_uat.dim_inst i on i.security_number = class.abor_security_number and i.business_date = cast(class.business_date as varchar) 
			where i.business_date = '2025-05-27' and class.esm_instrument_type = 'abor_security_number'
			union
			select inst_id, cppib_sector_classification_name_1 as industry_sector_name  
			from cppib_enterprise_data.enterprise_security_composite class 
			join risk_uat.dim_inst i on i.cppib_security_id = cast(class.cppib_sec_id as varchar) and i.business_date = cast(class.business_date as varchar) 
			where i.business_date = '2025-05-27' and class.esm_instrument_type = 'cppib_sec_id'
)
select 
	(
		case
			when dpi.portfolio_type in ('IP', 'CASH_FOR_BENEFIT', 'ACPP_CFB') then dpi.pos_source_system_key
			when dpi.portfolio_type = 'INDEX_LOOKTHROUGH' then replace(dpi.pos_source_system_key, 'CPPSECID')
			when dpi.portfolio_type = 'LOOKTHROUGH' and position('OFFSET' in dpi.pos_source_system_key) > 0 then dpi.pos_source_system_key
			else concat(substr(dpi.pos_source_system_key, 1, position('_' in dpi.pos_source_system_key)-1), '_', dpi.pos_short_desc)
		end 
	) as ""position_key"",
	currency.iso_currency_code ""cs01_currency"",
	curve.curve_value ""cs01_curve"",
	curve_type.curve_type_value ""cs01_curve_type"",
	cs01.data_source ""cs01_data_source"",
	term.term_value ""cs01_tenor"",
	coalesce((1 / fx.mid_val), 1) * cs01.final_value ""cs01_cad_value"",
	cs01.final_value,	
	cs01.initial_value,
	cs01.override_source,
	cs01.override_value,
	cs01.portfolio_type,
	cs01.scaling_type,
	dpi.maturity_date,
	dpi.pos_short_desc as ""position_description"",
	rh.model_portfolio as ""scd_model_portfolio"",
	rh.investment_dept,
	rh.investment_strat as ""investment_strategy"",
	rh.program as ""investment_program"",
	rh.sub_program as ""investment_sub_program"",
	dpi.cppib_product_type as ""product_type"",
	dpi.security_group_name as ""product_group"",
	(
		case 
			when i_rle.party_name is not null then i_rle.party_name
			when l1_rle.party_name is not null then l1_rle.party_name
			when mi_rle.party_name is not null then mi_rle.party_name
			else null
		end
	) as issuer_party_name,
	(
		case 
			when i_rle.gics_sector is not null then i_rle.gics_sector
			when l1_rle.gics_sector is not null then l1_rle.gics_sector 
			when cl.industry_sector_name is not null then cl.industry_sector_name
			when mi_rle.gics_sector is not null then mi_rle.gics_sector
			else null
		end
	) as issuer_gics_sector,
	cpr.rating_value as ""issuer_final_rating"",
	csr.rating_value as ""inst_final_rating"",
	(
		case 
			when dpi.isin is not null then dpi.isin 
			when inst1.isin is not null then inst1.isin
			else inst2.isin
		end
	) as isin,
	(
		case 
			when dpi.sedol is not null then dpi.sedol 
			when inst1.sedol is not null then inst1.sedol
			else inst2.sedol
		end
	) as sedol,
	(
		case 
			when dpi.cusip is not null then dpi.cusip 
			when inst1.cusip is not null then inst1.cusip
			else inst2.cusip
		end
	) as cusip,
	(
		case 
			when i_rle.secm_exposure_country is not null then i_rle.secm_exposure_country
			when l1_rle.secm_exposure_country is not null then l1_rle.secm_exposure_country 
			when mi_rle.secm_exposure_country is not null then mi_rle.secm_exposure_country
			else null
		end
	) as issuer_country_of_exposure
from radar_reporting_uat.fact_pos_calc_md cs01
	join radar_reporting_uat.dim_calc_currency currency ON cs01.dim_calc_currency_id = currency.dim_calc_currency_id
	and cs01.business_date = currency.business_date
	join radar_reporting_uat.dim_calc_term term ON cs01.dim_calc_term_id = term.dim_calc_term_id
	and term.calc_dim_type = 'TERM'
	and cs01.business_date = term.business_date
	join radar_reporting_uat.dim_calc_curve curve ON cs01.dim_calc_curve_id = curve.dim_calc_curve_id
	and curve.calc_dim_type = 'CURVE'
	and cs01.business_date = curve.business_date
	join radar_reporting_uat.dim_calc_curve_type curve_type ON cs01.dim_calc_curve_type_id = curve_type.dim_calc_curve_type_id
	and curve_type.calc_dim_type = 'CURVE_TYPE'
	and cs01.business_date = curve_type.business_date
	join radar_reporting_uat.dim_pos_inst dpi ON cs01.pos_id = dpi.pos_id
	and cs01.business_date = dpi.business_date
	left join radar_reporting_uat.dim_inst main_inst on main_inst.inst_id = dpi.inst_id
	left join radar_reporting_uat.dim_inst inst1 on inst1.inst_id = dpi.inst1_id 
	left join radar_reporting_uat.dim_inst inst2 on inst2.inst_id = dpi.inst2_id
	left join classification_secno cl on cl.inst_id = main_inst.inst_id
	left join radar_reporting_uat.fact_fx_rate fx ON currency.iso_currency_code = fx.to_currency
	and fx.from_currency = 'CAD'
	and fx.rate_type = 'CROSS'
	and cs01.business_date = fx.business_date
	left join risk_hierarchy rh on rh.dim_hierarchy_node_id = cs01.dim_hierarchy_node_id
	left join radar_reporting_uat.ref_legal_entity i_rle on i_rle.legal_entity_id = dpi.issuer_id
	left join radar_reporting_uat.ref_legal_entity cp_rle on cp_rle.legal_entity_id = dpi.counter_party_id
	left join radar_reporting_uat.ref_legal_entity l1_rle on inst1.issuer_id = l1_rle.legal_entity_id
	left join radar_reporting_uat.ref_legal_entity mi_rle on main_inst.issuer_id = mi_rle.legal_entity_id
	left join radar_reporting_uat.cppib_party_rating cpr on cpr.cppib_party_id = i_rle.cppib_party_id
	and cpr.business_date = i_rle.business_date
	left join radar_reporting_uat.cppib_security_rating csr on csr.cppib_sec_id = cast(dpi.cppib_security_id as int)
	and csr.business_date = i_rle.business_date
where cs01.calc_type = 'CS01'
	and cs01.business_date = '2025-05-27'
	and cs01.final_value <> 0
union all
select null as ""position_key"",
	currency.iso_currency_code as ""cs01_currency"",
	curve.curve_value ""cs01_curve"",
	curve_type.curve_type_value ""cs01_curve_type"",
	concat(
		'CS01 MP OVERRIDE -',
		rh.model_portfolio,
		'_',
		currency.iso_currency_code
	) ""cs01_data_source"",
	term.term_value ""cs01_tenor"",
	coalesce((1 / fx.mid_val), 1) * cs01.override_value ""cs01_cad_value"",
	cs01.final_value,	
	cs01.initial_value,
	cs01.override_source,
	cs01.override_value,
	cs01.portfolio_type,
	cs01.scaling_type,
	null as ""maturity_date"",
	null as ""position_description"",
	rh.model_portfolio as ""scd_model_portfolio"",
	rh.investment_dept,
	rh.investment_strat as ""investment_strategy"",
	rh.program as ""investment_program"",
	rh.sub_program as ""investment_sub_program"",
	null ""product_type"",
	null as ""product_group"",
	null as ""issuer_party_name"",
	null as ""issuer_gics_sector"",
	null as ""issuer_final_rating"",
	null as ""inst_final_rating"",
	null as ""isin"",
	null as ""sedol"",
	null as ""cusip"",
	null as ""issuer_country_of_exposure""
from radar_reporting_uat.FACT_ANALYTIC_MD_CS01 cs01
	left join RISK_HIERARCHY rh on cs01.dim_hierarchy_node_id = rh.dim_hierarchy_node_id
	and rh.node_level = 6
	join radar_reporting_uat.dim_calc_currency currency ON cs01.dim_calc_currency_id = currency.dim_calc_currency_id
	and cs01.business_date = currency.business_date
	join radar_reporting_uat.dim_calc_term term ON cs01.dim_calc_term_id = term.dim_calc_term_id
	and cs01.business_date = term.business_date
	join radar_reporting_uat.dim_calc_curve curve ON cs01.dim_calc_curve_id = curve.dim_calc_curve_id
	and cs01.business_date = curve.business_date
	join radar_reporting_uat.dim_calc_curve_type curve_type ON cs01.dim_calc_curve_type_id = curve_type.dim_calc_curve_type_id
	and cs01.business_date = curve_type.business_date
	left join radar_reporting_uat.fact_fx_rate fx ON currency.iso_currency_code = fx.to_currency
	and fx.from_currency = 'CAD'
	and fx.rate_type = 'CROSS'
	and cs01.business_date = fx.business_date
where cs01.business_date = '2025-05-27'
	and cs01.override_value is not null
	and cs01.override_value <> 0"
167dbca624b5dfcde102dd00cd5f9c3e4cd15a1d36251f7bfcd05c37022d2d3b,"/* cppi::167dbca624b5dfcde102dd00cd5f9c3e4cd15a1d36251f7bfcd05c37022d2d3b */
with risk_hierarchy as (
	select business_date,
		dim_hierarchy_node_id,
		node_level,
		(
			case
				when node_level = 1 then 'CPPIB-ALL'
				when node_level = 2 then 'DEPARTMENT'
				when node_level = 3 then 'STRATEGY'
				when node_level = 4 then 'PROGRAM'
				when node_level = 5 then 'SUB-PROGRAM'
				when node_level = 6 then 'MODEL_PORTFOLIO' else 'UNKNOWN'
			end
		) as hierarchy_level,
		'RISK' as hierarchy_type,
		node_name,
		'' as account,
		'' as pool,
		parent_node_id,
		investment_dept,
		investment_strat,
		program,
		sub_program,
		model_portfolio
	from radar_reporting_uat.mv_dim_hierarchy_node_risk
	where business_date = '2025-05-27'
),
classification_secno as (select inst_id, cppib_sector_classification_name_1 as industry_sector_name  
			from cppib_enterprise_data.enterprise_security_composite class
			join risk_uat.dim_inst i on i.security_number = class.abor_security_number and i.business_date = cast(class.business_date as varchar) 
			where i.business_date = '2025-05-27' and class.esm_instrument_type = 'abor_security_number'
			union
			select inst_id, cppib_sector_classification_name_1 as industry_sector_name  
			from cppib_enterprise_data.enterprise_security_composite class 
			join risk_uat.dim_inst i on i.cppib_security_id = cast(class.cppib_sec_id as varchar) and i.business_date = cast(class.business_date as varchar) 
			where i.business_date = '2025-05-27' and class.esm_instrument_type = 'cppib_sec_id'
)
select 
	(
		case
			when dpi.portfolio_type in ('IP', 'CASH_FOR_BENEFIT', 'ACPP_CFB') then dpi.pos_source_system_key
			when dpi.portfolio_type = 'INDEX_LOOKTHROUGH' then replace(dpi.pos_source_system_key, 'CPPSECID')
			when dpi.portfolio_type = 'LOOKTHROUGH' and position('OFFSET' in dpi.pos_source_system_key) > 0 then dpi.pos_source_system_key
			else concat(substr(dpi.pos_source_system_key, 1, position('_' in dpi.pos_source_system_key)-1), '_', dpi.pos_short_desc)
		end 
	) as ""position_key"",
	currency.iso_currency_code ""cs01_currency"",
	curve.curve_value ""cs01_curve"",
	curve_type.curve_type_value ""cs01_curve_type"",
	cs01.data_source ""cs01_data_source"",
	term.term_value ""cs01_tenor"",
	coalesce((1 / fx.mid_val), 1) * cs01.final_value ""cs01_cad_value"",
	cs01.final_value,	
	cs01.initial_value,
	cs01.override_source,
	cs01.override_value,
	cs01.portfolio_type,
	cs01.scaling_type,
	dpi.maturity_date,
	dpi.pos_short_desc as ""position_description"",
	rh.model_portfolio as ""scd_model_portfolio"",
	rh.investment_dept,
	rh.investment_strat as ""investment_strategy"",
	rh.program as ""investment_program"",
	rh.sub_program as ""investment_sub_program"",
	dpi.cppib_product_type as ""product_type"",
	dpi.security_group_name as ""product_group"",
	(
		case 
			when i_rle.party_name is not null then i_rle.party_name
			when l1_rle.party_name is not null then l1_rle.party_name
			when mi_rle.party_name is not null then mi_rle.party_name
			else null
		end
	) as issuer_party_name,
	(
		case 
			when i_rle.gics_sector is not null then i_rle.gics_sector
			when l1_rle.gics_sector is not null then l1_rle.gics_sector 
			when cl.industry_sector_name is not null then cl.industry_sector_name
			when mi_rle.gics_sector is not null then mi_rle.gics_sector
			else null
		end
	) as issuer_gics_sector,
	cpr.rating_value as ""issuer_final_rating"",
	csr.rating_value as ""inst_final_rating"",
	(
		case 
			when dpi.isin is not null then dpi.isin 
			when inst1.isin is not null then inst1.isin
			else inst2.isin
		end
	) as isin,
	(
		case 
			when dpi.sedol is not null then dpi.sedol 
			when inst1.sedol is not null then inst1.sedol
			else inst2.sedol
		end
	) as sedol,
	(
		case 
			when dpi.cusip is not null then dpi.cusip 
			when inst1.cusip is not null then inst1.cusip
			else inst2.cusip
		end
	) as cusip,
	(
		case 
			when i_rle.secm_exposure_country is not null then i_rle.secm_exposure_country
			when l1_rle.secm_exposure_country is not null then l1_rle.secm_exposure_country 
			when mi_rle.secm_exposure_country is not null then mi_rle.secm_exposure_country
			else null
		end
	) as issuer_country_of_exposure
from radar_reporting_uat.fact_pos_calc_md cs01
	join radar_reporting_uat.dim_calc_currency currency ON cs01.dim_calc_currency_id = currency.dim_calc_currency_id
	and cs01.business_date = currency.business_date
	join radar_reporting_uat.dim_calc_term term ON cs01.dim_calc_term_id = term.dim_calc_term_id
	and term.calc_dim_type = 'TERM'
	and cs01.business_date = term.business_date
	join radar_reporting_uat.dim_calc_curve curve ON cs01.dim_calc_curve_id = curve.dim_calc_curve_id
	and curve.calc_dim_type = 'CURVE'
	and cs01.business_date = curve.business_date
	join radar_reporting_uat.dim_calc_curve_type curve_type ON cs01.dim_calc_curve_type_id = curve_type.dim_calc_curve_type_id
	and curve_type.calc_dim_type = 'CURVE_TYPE'
	and cs01.business_date = curve_type.business_date
	join radar_reporting_uat.dim_pos_inst dpi ON cs01.pos_id = dpi.pos_id
	and cs01.business_date = dpi.business_date
	left join radar_reporting_uat.dim_inst main_inst on main_inst.inst_id = dpi.inst_id
	left join radar_reporting_uat.dim_inst inst1 on inst1.inst_id = dpi.inst1_id 
	left join radar_reporting_uat.dim_inst inst2 on inst2.inst_id = dpi.inst2_id
	left join classification_secno cl on cl.inst_id = main_inst.inst_id
	left join radar_reporting_uat.fact_fx_rate fx ON currency.iso_currency_code = fx.to_currency
	and fx.from_currency = 'CAD'
	and fx.rate_type = 'CROSS'
	and cs01.business_date = fx.business_date
	left join risk_hierarchy rh on rh.dim_hierarchy_node_id = cs01.dim_hierarchy_node_id
	left join radar_reporting_uat.ref_legal_entity i_rle on i_rle.legal_entity_id = dpi.issuer_id
	left join radar_reporting_uat.ref_legal_entity cp_rle on cp_rle.legal_entity_id = dpi.counter_party_id
	left join radar_reporting_uat.ref_legal_entity l1_rle on inst1.issuer_id = l1_rle.legal_entity_id
	left join radar_reporting_uat.ref_legal_entity mi_rle on main_inst.issuer_id = mi_rle.legal_entity_id
	left join radar_reporting_uat.cppib_party_rating cpr on cpr.cppib_party_id = i_rle.cppib_party_id
	and cpr.business_date = i_rle.business_date
	left join radar_reporting_uat.cppib_security_rating csr on csr.cppib_sec_id = cast(dpi.cppib_security_id as int)
	and csr.business_date = i_rle.business_date
where cs01.calc_type = 'CS01'
	and cs01.business_date = '2025-05-27'
	and cs01.final_value <> 0
union all
select null as ""position_key"",
	currency.iso_currency_code as ""cs01_currency"",
	curve.curve_value ""cs01_curve"",
	curve_type.curve_type_value ""cs01_curve_type"",
	concat(
		'CS01 MP OVERRIDE -',
		rh.model_portfolio,
		'_',
		currency.iso_currency_code
	) ""cs01_data_source"",
	term.term_value ""cs01_tenor"",
	coalesce((1 / fx.mid_val), 1) * cs01.override_value ""cs01_cad_value"",
	cs01.final_value,	
	cs01.initial_value,
	cs01.override_source,
	cs01.override_value,
	cs01.portfolio_type,
	cs01.scaling_type,
	null as ""maturity_date"",
	null as ""position_description"",
	rh.model_portfolio as ""scd_model_portfolio"",
	rh.investment_dept,
	rh.investment_strat as ""investment_strategy"",
	rh.program as ""investment_program"",
	rh.sub_program as ""investment_sub_program"",
	null ""product_type"",
	null as ""product_group"",
	null as ""issuer_party_name"",
	null as ""issuer_gics_sector"",
	null as ""issuer_final_rating"",
	null as ""inst_final_rating"",
	null as ""isin"",
	null as ""sedol"",
	null as ""cusip"",
	null as ""issuer_country_of_exposure""
from radar_reporting_uat.FACT_ANALYTIC_MD_CS01 cs01
	left join RISK_HIERARCHY rh on cs01.dim_hierarchy_node_id = rh.dim_hierarchy_node_id
	and rh.node_level = 6
	join radar_reporting_uat.dim_calc_currency currency ON cs01.dim_calc_currency_id = currency.dim_calc_currency_id
	and cs01.business_date = currency.business_date
	join radar_reporting_uat.dim_calc_term term ON cs01.dim_calc_term_id = term.dim_calc_term_id
	and cs01.business_date = term.business_date
	join radar_reporting_uat.dim_calc_curve curve ON cs01.dim_calc_curve_id = curve.dim_calc_curve_id
	and cs01.business_date = curve.business_date
	join radar_reporting_uat.dim_calc_curve_type curve_type ON cs01.dim_calc_curve_type_id = curve_type.dim_calc_curve_type_id
	and cs01.business_date = curve_type.business_date
	left join radar_reporting_uat.fact_fx_rate fx ON currency.iso_currency_code = fx.to_currency
	and fx.from_currency = 'CAD'
	and fx.rate_type = 'CROSS'
	and cs01.business_date = fx.business_date
where cs01.business_date = '2025-05-27'
	and cs01.override_value is not null
	and cs01.override_value <> 0"
167dbca624b5dfcde102dd00cd5f9c3e4cd15a1d36251f7bfcd05c37022d2d3b,"/* cppi::167dbca624b5dfcde102dd00cd5f9c3e4cd15a1d36251f7bfcd05c37022d2d3b */
with risk_hierarchy as (
	select business_date,
		dim_hierarchy_node_id,
		node_level,
		(
			case
				when node_level = 1 then 'CPPIB-ALL'
				when node_level = 2 then 'DEPARTMENT'
				when node_level = 3 then 'STRATEGY'
				when node_level = 4 then 'PROGRAM'
				when node_level = 5 then 'SUB-PROGRAM'
				when node_level = 6 then 'MODEL_PORTFOLIO' else 'UNKNOWN'
			end
		) as hierarchy_level,
		'RISK' as hierarchy_type,
		node_name,
		'' as account,
		'' as pool,
		parent_node_id,
		investment_dept,
		investment_strat,
		program,
		sub_program,
		model_portfolio
	from radar_reporting_uat.mv_dim_hierarchy_node_risk
	where business_date = '2025-05-27'
),
classification_secno as (select inst_id, cppib_sector_classification_name_1 as industry_sector_name  
			from cppib_enterprise_data.enterprise_security_composite class
			join risk_uat.dim_inst i on i.security_number = class.abor_security_number and i.business_date = cast(class.business_date as varchar) 
			where i.business_date = '2025-05-27' and class.esm_instrument_type = 'abor_security_number'
			union
			select inst_id, cppib_sector_classification_name_1 as industry_sector_name  
			from cppib_enterprise_data.enterprise_security_composite class 
			join risk_uat.dim_inst i on i.cppib_security_id = cast(class.cppib_sec_id as varchar) and i.business_date = cast(class.business_date as varchar) 
			where i.business_date = '2025-05-27' and class.esm_instrument_type = 'cppib_sec_id'
)
select 
	(
		case
			when dpi.portfolio_type in ('IP', 'CASH_FOR_BENEFIT', 'ACPP_CFB') then dpi.pos_source_system_key
			when dpi.portfolio_type = 'INDEX_LOOKTHROUGH' then replace(dpi.pos_source_system_key, 'CPPSECID')
			when dpi.portfolio_type = 'LOOKTHROUGH' and position('OFFSET' in dpi.pos_source_system_key) > 0 then dpi.pos_source_system_key
			else concat(substr(dpi.pos_source_system_key, 1, position('_' in dpi.pos_source_system_key)-1), '_', dpi.pos_short_desc)
		end 
	) as ""position_key"",
	currency.iso_currency_code ""cs01_currency"",
	curve.curve_value ""cs01_curve"",
	curve_type.curve_type_value ""cs01_curve_type"",
	cs01.data_source ""cs01_data_source"",
	term.term_value ""cs01_tenor"",
	coalesce((1 / fx.mid_val), 1) * cs01.final_value ""cs01_cad_value"",
	cs01.final_value,	
	cs01.initial_value,
	cs01.override_source,
	cs01.override_value,
	cs01.portfolio_type,
	cs01.scaling_type,
	dpi.maturity_date,
	dpi.pos_short_desc as ""position_description"",
	rh.model_portfolio as ""scd_model_portfolio"",
	rh.investment_dept,
	rh.investment_strat as ""investment_strategy"",
	rh.program as ""investment_program"",
	rh.sub_program as ""investment_sub_program"",
	dpi.cppib_product_type as ""product_type"",
	dpi.security_group_name as ""product_group"",
	(
		case 
			when i_rle.party_name is not null then i_rle.party_name
			when l1_rle.party_name is not null then l1_rle.party_name
			when mi_rle.party_name is not null then mi_rle.party_name
			else null
		end
	) as issuer_party_name,
	(
		case 
			when i_rle.gics_sector is not null then i_rle.gics_sector
			when l1_rle.gics_sector is not null then l1_rle.gics_sector 
			when cl.industry_sector_name is not null then cl.industry_sector_name
			when mi_rle.gics_sector is not null then mi_rle.gics_sector
			else null
		end
	) as issuer_gics_sector,
	cpr.rating_value as ""issuer_final_rating"",
	csr.rating_value as ""inst_final_rating"",
	(
		case 
			when dpi.isin is not null then dpi.isin 
			when inst1.isin is not null then inst1.isin
			else inst2.isin
		end
	) as isin,
	(
		case 
			when dpi.sedol is not null then dpi.sedol 
			when inst1.sedol is not null then inst1.sedol
			else inst2.sedol
		end
	) as sedol,
	(
		case 
			when dpi.cusip is not null then dpi.cusip 
			when inst1.cusip is not null then inst1.cusip
			else inst2.cusip
		end
	) as cusip,
	(
		case 
			when i_rle.secm_exposure_country is not null then i_rle.secm_exposure_country
			when l1_rle.secm_exposure_country is not null then l1_rle.secm_exposure_country 
			when mi_rle.secm_exposure_country is not null then mi_rle.secm_exposure_country
			else null
		end
	) as issuer_country_of_exposure
from radar_reporting_uat.fact_pos_calc_md cs01
	join radar_reporting_uat.dim_calc_currency currency ON cs01.dim_calc_currency_id = currency.dim_calc_currency_id
	and cs01.business_date = currency.business_date
	join radar_reporting_uat.dim_calc_term term ON cs01.dim_calc_term_id = term.dim_calc_term_id
	and term.calc_dim_type = 'TERM'
	and cs01.business_date = term.business_date
	join radar_reporting_uat.dim_calc_curve curve ON cs01.dim_calc_curve_id = curve.dim_calc_curve_id
	and curve.calc_dim_type = 'CURVE'
	and cs01.business_date = curve.business_date
	join radar_reporting_uat.dim_calc_curve_type curve_type ON cs01.dim_calc_curve_type_id = curve_type.dim_calc_curve_type_id
	and curve_type.calc_dim_type = 'CURVE_TYPE'
	and cs01.business_date = curve_type.business_date
	join radar_reporting_uat.dim_pos_inst dpi ON cs01.pos_id = dpi.pos_id
	and cs01.business_date = dpi.business_date
	left join radar_reporting_uat.dim_inst main_inst on main_inst.inst_id = dpi.inst_id
	left join radar_reporting_uat.dim_inst inst1 on inst1.inst_id = dpi.inst1_id 
	left join radar_reporting_uat.dim_inst inst2 on inst2.inst_id = dpi.inst2_id
	left join classification_secno cl on cl.inst_id = main_inst.inst_id
	left join radar_reporting_uat.fact_fx_rate fx ON currency.iso_currency_code = fx.to_currency
	and fx.from_currency = 'CAD'
	and fx.rate_type = 'CROSS'
	and cs01.business_date = fx.business_date
	left join risk_hierarchy rh on rh.dim_hierarchy_node_id = cs01.dim_hierarchy_node_id
	left join radar_reporting_uat.ref_legal_entity i_rle on i_rle.legal_entity_id = dpi.issuer_id
	left join radar_reporting_uat.ref_legal_entity cp_rle on cp_rle.legal_entity_id = dpi.counter_party_id
	left join radar_reporting_uat.ref_legal_entity l1_rle on inst1.issuer_id = l1_rle.legal_entity_id
	left join radar_reporting_uat.ref_legal_entity mi_rle on main_inst.issuer_id = mi_rle.legal_entity_id
	left join radar_reporting_uat.cppib_party_rating cpr on cpr.cppib_party_id = i_rle.cppib_party_id
	and cpr.business_date = i_rle.business_date
	left join radar_reporting_uat.cppib_security_rating csr on csr.cppib_sec_id = cast(dpi.cppib_security_id as int)
	and csr.business_date = i_rle.business_date
where cs01.calc_type = 'CS01'
	and cs01.business_date = '2025-05-27'
	and cs01.final_value <> 0
union all
select null as ""position_key"",
	currency.iso_currency_code as ""cs01_currency"",
	curve.curve_value ""cs01_curve"",
	curve_type.curve_type_value ""cs01_curve_type"",
	concat(
		'CS01 MP OVERRIDE -',
		rh.model_portfolio,
		'_',
		currency.iso_currency_code
	) ""cs01_data_source"",
	term.term_value ""cs01_tenor"",
	coalesce((1 / fx.mid_val), 1) * cs01.override_value ""cs01_cad_value"",
	cs01.final_value,	
	cs01.initial_value,
	cs01.override_source,
	cs01.override_value,
	cs01.portfolio_type,
	cs01.scaling_type,
	null as ""maturity_date"",
	null as ""position_description"",
	rh.model_portfolio as ""scd_model_portfolio"",
	rh.investment_dept,
	rh.investment_strat as ""investment_strategy"",
	rh.program as ""investment_program"",
	rh.sub_program as ""investment_sub_program"",
	null ""product_type"",
	null as ""product_group"",
	null as ""issuer_party_name"",
	null as ""issuer_gics_sector"",
	null as ""issuer_final_rating"",
	null as ""inst_final_rating"",
	null as ""isin"",
	null as ""sedol"",
	null as ""cusip"",
	null as ""issuer_country_of_exposure""
from radar_reporting_uat.FACT_ANALYTIC_MD_CS01 cs01
	left join RISK_HIERARCHY rh on cs01.dim_hierarchy_node_id = rh.dim_hierarchy_node_id
	and rh.node_level = 6
	join radar_reporting_uat.dim_calc_currency currency ON cs01.dim_calc_currency_id = currency.dim_calc_currency_id
	and cs01.business_date = currency.business_date
	join radar_reporting_uat.dim_calc_term term ON cs01.dim_calc_term_id = term.dim_calc_term_id
	and cs01.business_date = term.business_date
	join radar_reporting_uat.dim_calc_curve curve ON cs01.dim_calc_curve_id = curve.dim_calc_curve_id
	and cs01.business_date = curve.business_date
	join radar_reporting_uat.dim_calc_curve_type curve_type ON cs01.dim_calc_curve_type_id = curve_type.dim_calc_curve_type_id
	and cs01.business_date = curve_type.business_date
	left join radar_reporting_uat.fact_fx_rate fx ON currency.iso_currency_code = fx.to_currency
	and fx.from_currency = 'CAD'
	and fx.rate_type = 'CROSS'
	and cs01.business_date = fx.business_date
where cs01.business_date = '2025-05-27'
	and cs01.override_value is not null
	and cs01.override_value <> 0"
167dbca624b5dfcde102dd00cd5f9c3e4cd15a1d36251f7bfcd05c37022d2d3b,"/* cppi::167dbca624b5dfcde102dd00cd5f9c3e4cd15a1d36251f7bfcd05c37022d2d3b */
with risk_hierarchy as (
	select business_date,
		dim_hierarchy_node_id,
		node_level,
		(
			case
				when node_level = 1 then 'CPPIB-ALL'
				when node_level = 2 then 'DEPARTMENT'
				when node_level = 3 then 'STRATEGY'
				when node_level = 4 then 'PROGRAM'
				when node_level = 5 then 'SUB-PROGRAM'
				when node_level = 6 then 'MODEL_PORTFOLIO' else 'UNKNOWN'
			end
		) as hierarchy_level,
		'RISK' as hierarchy_type,
		node_name,
		'' as account,
		'' as pool,
		parent_node_id,
		investment_dept,
		investment_strat,
		program,
		sub_program,
		model_portfolio
	from radar_reporting_uat.mv_dim_hierarchy_node_risk
	where business_date = '2025-05-27'
),
classification_secno as (select inst_id, cppib_sector_classification_name_1 as industry_sector_name  
			from cppib_enterprise_data.enterprise_security_composite class
			join risk_uat.dim_inst i on i.security_number = class.abor_security_number and i.business_date = cast(class.business_date as varchar) 
			where i.business_date = '2025-05-27' and class.esm_instrument_type = 'abor_security_number'
			union
			select inst_id, cppib_sector_classification_name_1 as industry_sector_name  
			from cppib_enterprise_data.enterprise_security_composite class 
			join risk_uat.dim_inst i on i.cppib_security_id = cast(class.cppib_sec_id as varchar) and i.business_date = cast(class.business_date as varchar) 
			where i.business_date = '2025-05-27' and class.esm_instrument_type = 'cppib_sec_id'
)
select 
	(
		case
			when dpi.portfolio_type in ('IP', 'CASH_FOR_BENEFIT', 'ACPP_CFB') then dpi.pos_source_system_key
			when dpi.portfolio_type = 'INDEX_LOOKTHROUGH' then replace(dpi.pos_source_system_key, 'CPPSECID')
			when dpi.portfolio_type = 'LOOKTHROUGH' and position('OFFSET' in dpi.pos_source_system_key) > 0 then dpi.pos_source_system_key
			else concat(substr(dpi.pos_source_system_key, 1, position('_' in dpi.pos_source_system_key)-1), '_', dpi.pos_short_desc)
		end 
	) as ""position_key"",
	currency.iso_currency_code ""cs01_currency"",
	curve.curve_value ""cs01_curve"",
	curve_type.curve_type_value ""cs01_curve_type"",
	cs01.data_source ""cs01_data_source"",
	term.term_value ""cs01_tenor"",
	coalesce((1 / fx.mid_val), 1) * cs01.final_value ""cs01_cad_value"",
	cs01.final_value,	
	cs01.initial_value,
	cs01.override_source,
	cs01.override_value,
	cs01.portfolio_type,
	cs01.scaling_type,
	dpi.maturity_date,
	dpi.pos_short_desc as ""position_description"",
	rh.model_portfolio as ""scd_model_portfolio"",
	rh.investment_dept,
	rh.investment_strat as ""investment_strategy"",
	rh.program as ""investment_program"",
	rh.sub_program as ""investment_sub_program"",
	dpi.cppib_product_type as ""product_type"",
	dpi.security_group_name as ""product_group"",
	(
		case 
			when i_rle.party_name is not null then i_rle.party_name
			when l1_rle.party_name is not null then l1_rle.party_name
			when mi_rle.party_name is not null then mi_rle.party_name
			else null
		end
	) as issuer_party_name,
	(
		case 
			when i_rle.gics_sector is not null then i_rle.gics_sector
			when l1_rle.gics_sector is not null then l1_rle.gics_sector 
			when cl.industry_sector_name is not null then cl.industry_sector_name
			when mi_rle.gics_sector is not null then mi_rle.gics_sector
			else null
		end
	) as issuer_gics_sector,
	cpr.rating_value as ""issuer_final_rating"",
	csr.rating_value as ""inst_final_rating"",
	(
		case 
			when dpi.isin is not null then dpi.isin 
			when inst1.isin is not null then inst1.isin
			else inst2.isin
		end
	) as isin,
	(
		case 
			when dpi.sedol is not null then dpi.sedol 
			when inst1.sedol is not null then inst1.sedol
			else inst2.sedol
		end
	) as sedol,
	(
		case 
			when dpi.cusip is not null then dpi.cusip 
			when inst1.cusip is not null then inst1.cusip
			else inst2.cusip
		end
	) as cusip,
	(
		case 
			when i_rle.secm_exposure_country is not null then i_rle.secm_exposure_country
			when l1_rle.secm_exposure_country is not null then l1_rle.secm_exposure_country 
			when mi_rle.secm_exposure_country is not null then mi_rle.secm_exposure_country
			else null
		end
	) as issuer_country_of_exposure
from radar_reporting_uat.fact_pos_calc_md cs01
	join radar_reporting_uat.dim_calc_currency currency ON cs01.dim_calc_currency_id = currency.dim_calc_currency_id
	and cs01.business_date = currency.business_date
	join radar_reporting_uat.dim_calc_term term ON cs01.dim_calc_term_id = term.dim_calc_term_id
	and term.calc_dim_type = 'TERM'
	and cs01.business_date = term.business_date
	join radar_reporting_uat.dim_calc_curve curve ON cs01.dim_calc_curve_id = curve.dim_calc_curve_id
	and curve.calc_dim_type = 'CURVE'
	and cs01.business_date = curve.business_date
	join radar_reporting_uat.dim_calc_curve_type curve_type ON cs01.dim_calc_curve_type_id = curve_type.dim_calc_curve_type_id
	and curve_type.calc_dim_type = 'CURVE_TYPE'
	and cs01.business_date = curve_type.business_date
	join radar_reporting_uat.dim_pos_inst dpi ON cs01.pos_id = dpi.pos_id
	and cs01.business_date = dpi.business_date
	left join radar_reporting_uat.dim_inst main_inst on main_inst.inst_id = dpi.inst_id
	left join radar_reporting_uat.dim_inst inst1 on inst1.inst_id = dpi.inst1_id 
	left join radar_reporting_uat.dim_inst inst2 on inst2.inst_id = dpi.inst2_id
	left join classification_secno cl on cl.inst_id = main_inst.inst_id
	left join radar_reporting_uat.fact_fx_rate fx ON currency.iso_currency_code = fx.to_currency
	and fx.from_currency = 'CAD'
	and fx.rate_type = 'CROSS'
	and cs01.business_date = fx.business_date
	left join risk_hierarchy rh on rh.dim_hierarchy_node_id = cs01.dim_hierarchy_node_id
	left join radar_reporting_uat.ref_legal_entity i_rle on i_rle.legal_entity_id = dpi.issuer_id
	left join radar_reporting_uat.ref_legal_entity cp_rle on cp_rle.legal_entity_id = dpi.counter_party_id
	left join radar_reporting_uat.ref_legal_entity l1_rle on inst1.issuer_id = l1_rle.legal_entity_id
	left join radar_reporting_uat.ref_legal_entity mi_rle on main_inst.issuer_id = mi_rle.legal_entity_id
	left join radar_reporting_uat.cppib_party_rating cpr on cpr.cppib_party_id = i_rle.cppib_party_id
	and cpr.business_date = i_rle.business_date
	left join radar_reporting_uat.cppib_security_rating csr on csr.cppib_sec_id = cast(dpi.cppib_security_id as int)
	and csr.business_date = i_rle.business_date
where cs01.calc_type = 'CS01'
	and cs01.business_date = '2025-05-27'
	and cs01.final_value <> 0
union all
select null as ""position_key"",
	currency.iso_currency_code as ""cs01_currency"",
	curve.curve_value ""cs01_curve"",
	curve_type.curve_type_value ""cs01_curve_type"",
	concat(
		'CS01 MP OVERRIDE -',
		rh.model_portfolio,
		'_',
		currency.iso_currency_code
	) ""cs01_data_source"",
	term.term_value ""cs01_tenor"",
	coalesce((1 / fx.mid_val), 1) * cs01.override_value ""cs01_cad_value"",
	cs01.final_value,	
	cs01.initial_value,
	cs01.override_source,
	cs01.override_value,
	cs01.portfolio_type,
	cs01.scaling_type,
	null as ""maturity_date"",
	null as ""position_description"",
	rh.model_portfolio as ""scd_model_portfolio"",
	rh.investment_dept,
	rh.investment_strat as ""investment_strategy"",
	rh.program as ""investment_program"",
	rh.sub_program as ""investment_sub_program"",
	null ""product_type"",
	null as ""product_group"",
	null as ""issuer_party_name"",
	null as ""issuer_gics_sector"",
	null as ""issuer_final_rating"",
	null as ""inst_final_rating"",
	null as ""isin"",
	null as ""sedol"",
	null as ""cusip"",
	null as ""issuer_country_of_exposure""
from radar_reporting_uat.FACT_ANALYTIC_MD_CS01 cs01
	left join RISK_HIERARCHY rh on cs01.dim_hierarchy_node_id = rh.dim_hierarchy_node_id
	and rh.node_level = 6
	join radar_reporting_uat.dim_calc_currency currency ON cs01.dim_calc_currency_id = currency.dim_calc_currency_id
	and cs01.business_date = currency.business_date
	join radar_reporting_uat.dim_calc_term term ON cs01.dim_calc_term_id = term.dim_calc_term_id
	and cs01.business_date = term.business_date
	join radar_reporting_uat.dim_calc_curve curve ON cs01.dim_calc_curve_id = curve.dim_calc_curve_id
	and cs01.business_date = curve.business_date
	join radar_reporting_uat.dim_calc_curve_type curve_type ON cs01.dim_calc_curve_type_id = curve_type.dim_calc_curve_type_id
	and cs01.business_date = curve_type.business_date
	left join radar_reporting_uat.fact_fx_rate fx ON currency.iso_currency_code = fx.to_currency
	and fx.from_currency = 'CAD'
	and fx.rate_type = 'CROSS'
	and cs01.business_date = fx.business_date
where cs01.business_date = '2025-05-27'
	and cs01.override_value is not null
	and cs01.override_value <> 0"
167dbca624b5dfcde102dd00cd5f9c3e4cd15a1d36251f7bfcd05c37022d2d3b,"/* cppi::167dbca624b5dfcde102dd00cd5f9c3e4cd15a1d36251f7bfcd05c37022d2d3b */
with risk_hierarchy as (
	select business_date,
		dim_hierarchy_node_id,
		node_level,
		(
			case
				when node_level = 1 then 'CPPIB-ALL'
				when node_level = 2 then 'DEPARTMENT'
				when node_level = 3 then 'STRATEGY'
				when node_level = 4 then 'PROGRAM'
				when node_level = 5 then 'SUB-PROGRAM'
				when node_level = 6 then 'MODEL_PORTFOLIO' else 'UNKNOWN'
			end
		) as hierarchy_level,
		'RISK' as hierarchy_type,
		node_name,
		'' as account,
		'' as pool,
		parent_node_id,
		investment_dept,
		investment_strat,
		program,
		sub_program,
		model_portfolio
	from radar_reporting_uat.mv_dim_hierarchy_node_risk
	where business_date = '2025-05-27'
),
classification_secno as (select inst_id, cppib_sector_classification_name_1 as industry_sector_name  
			from cppib_enterprise_data.enterprise_security_composite class
			join risk_uat.dim_inst i on i.security_number = class.abor_security_number and i.business_date = cast(class.business_date as varchar) 
			where i.business_date = '2025-05-27' and class.esm_instrument_type = 'abor_security_number'
			union
			select inst_id, cppib_sector_classification_name_1 as industry_sector_name  
			from cppib_enterprise_data.enterprise_security_composite class 
			join risk_uat.dim_inst i on i.cppib_security_id = cast(class.cppib_sec_id as varchar) and i.business_date = cast(class.business_date as varchar) 
			where i.business_date = '2025-05-27' and class.esm_instrument_type = 'cppib_sec_id'
)
select 
	(
		case
			when dpi.portfolio_type in ('IP', 'CASH_FOR_BENEFIT', 'ACPP_CFB') then dpi.pos_source_system_key
			when dpi.portfolio_type = 'INDEX_LOOKTHROUGH' then replace(dpi.pos_source_system_key, 'CPPSECID')
			when dpi.portfolio_type = 'LOOKTHROUGH' and position('OFFSET' in dpi.pos_source_system_key) > 0 then dpi.pos_source_system_key
			else concat(substr(dpi.pos_source_system_key, 1, position('_' in dpi.pos_source_system_key)-1), '_', dpi.pos_short_desc)
		end 
	) as ""position_key"",
	currency.iso_currency_code ""cs01_currency"",
	curve.curve_value ""cs01_curve"",
	curve_type.curve_type_value ""cs01_curve_type"",
	cs01.data_source ""cs01_data_source"",
	term.term_value ""cs01_tenor"",
	coalesce((1 / fx.mid_val), 1) * cs01.final_value ""cs01_cad_value"",
	cs01.final_value,	
	cs01.initial_value,
	cs01.override_source,
	cs01.override_value,
	cs01.portfolio_type,
	cs01.scaling_type,
	dpi.maturity_date,
	dpi.pos_short_desc as ""position_description"",
	rh.model_portfolio as ""scd_model_portfolio"",
	rh.investment_dept,
	rh.investment_strat as ""investment_strategy"",
	rh.program as ""investment_program"",
	rh.sub_program as ""investment_sub_program"",
	dpi.cppib_product_type as ""product_type"",
	dpi.security_group_name as ""product_group"",
	(
		case 
			when i_rle.party_name is not null then i_rle.party_name
			when l1_rle.party_name is not null then l1_rle.party_name
			when mi_rle.party_name is not null then mi_rle.party_name
			else null
		end
	) as issuer_party_name,
	(
		case 
			when i_rle.gics_sector is not null then i_rle.gics_sector
			when l1_rle.gics_sector is not null then l1_rle.gics_sector 
			when cl.industry_sector_name is not null then cl.industry_sector_name
			when mi_rle.gics_sector is not null then mi_rle.gics_sector
			else null
		end
	) as issuer_gics_sector,
	cpr.rating_value as ""issuer_final_rating"",
	csr.rating_value as ""inst_final_rating"",
	(
		case 
			when dpi.isin is not null then dpi.isin 
			when inst1.isin is not null then inst1.isin
			else inst2.isin
		end
	) as isin,
	(
		case 
			when dpi.sedol is not null then dpi.sedol 
			when inst1.sedol is not null then inst1.sedol
			else inst2.sedol
		end
	) as sedol,
	(
		case 
			when dpi.cusip is not null then dpi.cusip 
			when inst1.cusip is not null then inst1.cusip
			else inst2.cusip
		end
	) as cusip,
	(
		case 
			when i_rle.secm_exposure_country is not null then i_rle.secm_exposure_country
			when l1_rle.secm_exposure_country is not null then l1_rle.secm_exposure_country 
			when mi_rle.secm_exposure_country is not null then mi_rle.secm_exposure_country
			else null
		end
	) as issuer_country_of_exposure
from radar_reporting_uat.fact_pos_calc_md cs01
	join radar_reporting_uat.dim_calc_currency currency ON cs01.dim_calc_currency_id = currency.dim_calc_currency_id
	and cs01.business_date = currency.business_date
	join radar_reporting_uat.dim_calc_term term ON cs01.dim_calc_term_id = term.dim_calc_term_id
	and term.calc_dim_type = 'TERM'
	and cs01.business_date = term.business_date
	join radar_reporting_uat.dim_calc_curve curve ON cs01.dim_calc_curve_id = curve.dim_calc_curve_id
	and curve.calc_dim_type = 'CURVE'
	and cs01.business_date = curve.business_date
	join radar_reporting_uat.dim_calc_curve_type curve_type ON cs01.dim_calc_curve_type_id = curve_type.dim_calc_curve_type_id
	and curve_type.calc_dim_type = 'CURVE_TYPE'
	and cs01.business_date = curve_type.business_date
	join radar_reporting_uat.dim_pos_inst dpi ON cs01.pos_id = dpi.pos_id
	and cs01.business_date = dpi.business_date
	left join radar_reporting_uat.dim_inst main_inst on main_inst.inst_id = dpi.inst_id
	left join radar_reporting_uat.dim_inst inst1 on inst1.inst_id = dpi.inst1_id 
	left join radar_reporting_uat.dim_inst inst2 on inst2.inst_id = dpi.inst2_id
	left join classification_secno cl on cl.inst_id = main_inst.inst_id
	left join radar_reporting_uat.fact_fx_rate fx ON currency.iso_currency_code = fx.to_currency
	and fx.from_currency = 'CAD'
	and fx.rate_type = 'CROSS'
	and cs01.business_date = fx.business_date
	left join risk_hierarchy rh on rh.dim_hierarchy_node_id = cs01.dim_hierarchy_node_id
	left join radar_reporting_uat.ref_legal_entity i_rle on i_rle.legal_entity_id = dpi.issuer_id
	left join radar_reporting_uat.ref_legal_entity cp_rle on cp_rle.legal_entity_id = dpi.counter_party_id
	left join radar_reporting_uat.ref_legal_entity l1_rle on inst1.issuer_id = l1_rle.legal_entity_id
	left join radar_reporting_uat.ref_legal_entity mi_rle on main_inst.issuer_id = mi_rle.legal_entity_id
	left join radar_reporting_uat.cppib_party_rating cpr on cpr.cppib_party_id = i_rle.cppib_party_id
	and cpr.business_date = i_rle.business_date
	left join radar_reporting_uat.cppib_security_rating csr on csr.cppib_sec_id = cast(dpi.cppib_security_id as int)
	and csr.business_date = i_rle.business_date
where cs01.calc_type = 'CS01'
	and cs01.business_date = '2025-05-27'
	and cs01.final_value <> 0
union all
select null as ""position_key"",
	currency.iso_currency_code as ""cs01_currency"",
	curve.curve_value ""cs01_curve"",
	curve_type.curve_type_value ""cs01_curve_type"",
	concat(
		'CS01 MP OVERRIDE -',
		rh.model_portfolio,
		'_',
		currency.iso_currency_code
	) ""cs01_data_source"",
	term.term_value ""cs01_tenor"",
	coalesce((1 / fx.mid_val), 1) * cs01.override_value ""cs01_cad_value"",
	cs01.final_value,	
	cs01.initial_value,
	cs01.override_source,
	cs01.override_value,
	cs01.portfolio_type,
	cs01.scaling_type,
	null as ""maturity_date"",
	null as ""position_description"",
	rh.model_portfolio as ""scd_model_portfolio"",
	rh.investment_dept,
	rh.investment_strat as ""investment_strategy"",
	rh.program as ""investment_program"",
	rh.sub_program as ""investment_sub_program"",
	null ""product_type"",
	null as ""product_group"",
	null as ""issuer_party_name"",
	null as ""issuer_gics_sector"",
	null as ""issuer_final_rating"",
	null as ""inst_final_rating"",
	null as ""isin"",
	null as ""sedol"",
	null as ""cusip"",
	null as ""issuer_country_of_exposure""
from radar_reporting_uat.FACT_ANALYTIC_MD_CS01 cs01
	left join RISK_HIERARCHY rh on cs01.dim_hierarchy_node_id = rh.dim_hierarchy_node_id
	and rh.node_level = 6
	join radar_reporting_uat.dim_calc_currency currency ON cs01.dim_calc_currency_id = currency.dim_calc_currency_id
	and cs01.business_date = currency.business_date
	join radar_reporting_uat.dim_calc_term term ON cs01.dim_calc_term_id = term.dim_calc_term_id
	and cs01.business_date = term.business_date
	join radar_reporting_uat.dim_calc_curve curve ON cs01.dim_calc_curve_id = curve.dim_calc_curve_id
	and cs01.business_date = curve.business_date
	join radar_reporting_uat.dim_calc_curve_type curve_type ON cs01.dim_calc_curve_type_id = curve_type.dim_calc_curve_type_id
	and cs01.business_date = curve_type.business_date
	left join radar_reporting_uat.fact_fx_rate fx ON currency.iso_currency_code = fx.to_currency
	and fx.from_currency = 'CAD'
	and fx.rate_type = 'CROSS'
	and cs01.business_date = fx.business_date
where cs01.business_date = '2025-05-27'
	and cs01.override_value is not null
	and cs01.override_value <> 0"
167dbca624b5dfcde102dd00cd5f9c3e4cd15a1d36251f7bfcd05c37022d2d3b,"/* cppi::167dbca624b5dfcde102dd00cd5f9c3e4cd15a1d36251f7bfcd05c37022d2d3b */
with risk_hierarchy as (
	select business_date,
		dim_hierarchy_node_id,
		node_level,
		(
			case
				when node_level = 1 then 'CPPIB-ALL'
				when node_level = 2 then 'DEPARTMENT'
				when node_level = 3 then 'STRATEGY'
				when node_level = 4 then 'PROGRAM'
				when node_level = 5 then 'SUB-PROGRAM'
				when node_level = 6 then 'MODEL_PORTFOLIO' else 'UNKNOWN'
			end
		) as hierarchy_level,
		'RISK' as hierarchy_type,
		node_name,
		'' as account,
		'' as pool,
		parent_node_id,
		investment_dept,
		investment_strat,
		program,
		sub_program,
		model_portfolio
	from radar_reporting_uat.mv_dim_hierarchy_node_risk
	where business_date = '2025-05-27'
),
classification_secno as (select inst_id, cppib_sector_classification_name_1 as industry_sector_name  
			from cppib_enterprise_data.enterprise_security_composite class
			join risk_uat.dim_inst i on i.security_number = class.abor_security_number and i.business_date = cast(class.business_date as varchar) 
			where i.business_date = '2025-05-27' and class.esm_instrument_type = 'abor_security_number'
			union
			select inst_id, cppib_sector_classification_name_1 as industry_sector_name  
			from cppib_enterprise_data.enterprise_security_composite class 
			join risk_uat.dim_inst i on i.cppib_security_id = cast(class.cppib_sec_id as varchar) and i.business_date = cast(class.business_date as varchar) 
			where i.business_date = '2025-05-27' and class.esm_instrument_type = 'cppib_sec_id'
)
select 
	(
		case
			when dpi.portfolio_type in ('IP', 'CASH_FOR_BENEFIT', 'ACPP_CFB') then dpi.pos_source_system_key
			when dpi.portfolio_type = 'INDEX_LOOKTHROUGH' then replace(dpi.pos_source_system_key, 'CPPSECID')
			when dpi.portfolio_type = 'LOOKTHROUGH' and position('OFFSET' in dpi.pos_source_system_key) > 0 then dpi.pos_source_system_key
			else concat(substr(dpi.pos_source_system_key, 1, position('_' in dpi.pos_source_system_key)-1), '_', dpi.pos_short_desc)
		end 
	) as ""position_key"",
	currency.iso_currency_code ""cs01_currency"",
	curve.curve_value ""cs01_curve"",
	curve_type.curve_type_value ""cs01_curve_type"",
	cs01.data_source ""cs01_data_source"",
	term.term_value ""cs01_tenor"",
	coalesce((1 / fx.mid_val), 1) * cs01.final_value ""cs01_cad_value"",
	cs01.final_value,	
	cs01.initial_value,
	cs01.override_source,
	cs01.override_value,
	cs01.portfolio_type,
	cs01.scaling_type,
	dpi.maturity_date,
	dpi.pos_short_desc as ""position_description"",
	rh.model_portfolio as ""scd_model_portfolio"",
	rh.investment_dept,
	rh.investment_strat as ""investment_strategy"",
	rh.program as ""investment_program"",
	rh.sub_program as ""investment_sub_program"",
	dpi.cppib_product_type as ""product_type"",
	dpi.security_group_name as ""product_group"",
	(
		case 
			when i_rle.party_name is not null then i_rle.party_name
			when l1_rle.party_name is not null then l1_rle.party_name
			when mi_rle.party_name is not null then mi_rle.party_name
			else null
		end
	) as issuer_party_name,
	(
		case 
			when i_rle.gics_sector is not null then i_rle.gics_sector
			when l1_rle.gics_sector is not null then l1_rle.gics_sector 
			when cl.industry_sector_name is not null then cl.industry_sector_name
			when mi_rle.gics_sector is not null then mi_rle.gics_sector
			else null
		end
	) as issuer_gics_sector,
	cpr.rating_value as ""issuer_final_rating"",
	csr.rating_value as ""inst_final_rating"",
	(
		case 
			when dpi.isin is not null then dpi.isin 
			when inst1.isin is not null then inst1.isin
			else inst2.isin
		end
	) as isin,
	(
		case 
			when dpi.sedol is not null then dpi.sedol 
			when inst1.sedol is not null then inst1.sedol
			else inst2.sedol
		end
	) as sedol,
	(
		case 
			when dpi.cusip is not null then dpi.cusip 
			when inst1.cusip is not null then inst1.cusip
			else inst2.cusip
		end
	) as cusip,
	(
		case 
			when i_rle.secm_exposure_country is not null then i_rle.secm_exposure_country
			when l1_rle.secm_exposure_country is not null then l1_rle.secm_exposure_country 
			when mi_rle.secm_exposure_country is not null then mi_rle.secm_exposure_country
			else null
		end
	) as issuer_country_of_exposure
from radar_reporting_uat.fact_pos_calc_md cs01
	join radar_reporting_uat.dim_calc_currency currency ON cs01.dim_calc_currency_id = currency.dim_calc_currency_id
	and cs01.business_date = currency.business_date
	join radar_reporting_uat.dim_calc_term term ON cs01.dim_calc_term_id = term.dim_calc_term_id
	and term.calc_dim_type = 'TERM'
	and cs01.business_date = term.business_date
	join radar_reporting_uat.dim_calc_curve curve ON cs01.dim_calc_curve_id = curve.dim_calc_curve_id
	and curve.calc_dim_type = 'CURVE'
	and cs01.business_date = curve.business_date
	join radar_reporting_uat.dim_calc_curve_type curve_type ON cs01.dim_calc_curve_type_id = curve_type.dim_calc_curve_type_id
	and curve_type.calc_dim_type = 'CURVE_TYPE'
	and cs01.business_date = curve_type.business_date
	join radar_reporting_uat.dim_pos_inst dpi ON cs01.pos_id = dpi.pos_id
	and cs01.business_date = dpi.business_date
	left join radar_reporting_uat.dim_inst main_inst on main_inst.inst_id = dpi.inst_id
	left join radar_reporting_uat.dim_inst inst1 on inst1.inst_id = dpi.inst1_id 
	left join radar_reporting_uat.dim_inst inst2 on inst2.inst_id = dpi.inst2_id
	left join classification_secno cl on cl.inst_id = main_inst.inst_id
	left join radar_reporting_uat.fact_fx_rate fx ON currency.iso_currency_code = fx.to_currency
	and fx.from_currency = 'CAD'
	and fx.rate_type = 'CROSS'
	and cs01.business_date = fx.business_date
	left join risk_hierarchy rh on rh.dim_hierarchy_node_id = cs01.dim_hierarchy_node_id
	left join radar_reporting_uat.ref_legal_entity i_rle on i_rle.legal_entity_id = dpi.issuer_id
	left join radar_reporting_uat.ref_legal_entity cp_rle on cp_rle.legal_entity_id = dpi.counter_party_id
	left join radar_reporting_uat.ref_legal_entity l1_rle on inst1.issuer_id = l1_rle.legal_entity_id
	left join radar_reporting_uat.ref_legal_entity mi_rle on main_inst.issuer_id = mi_rle.legal_entity_id
	left join radar_reporting_uat.cppib_party_rating cpr on cpr.cppib_party_id = i_rle.cppib_party_id
	and cpr.business_date = i_rle.business_date
	left join radar_reporting_uat.cppib_security_rating csr on csr.cppib_sec_id = cast(dpi.cppib_security_id as int)
	and csr.business_date = i_rle.business_date
where cs01.calc_type = 'CS01'
	and cs01.business_date = '2025-05-27'
	and cs01.final_value <> 0
union all
select null as ""position_key"",
	currency.iso_currency_code as ""cs01_currency"",
	curve.curve_value ""cs01_curve"",
	curve_type.curve_type_value ""cs01_curve_type"",
	concat(
		'CS01 MP OVERRIDE -',
		rh.model_portfolio,
		'_',
		currency.iso_currency_code
	) ""cs01_data_source"",
	term.term_value ""cs01_tenor"",
	coalesce((1 / fx.mid_val), 1) * cs01.override_value ""cs01_cad_value"",
	cs01.final_value,	
	cs01.initial_value,
	cs01.override_source,
	cs01.override_value,
	cs01.portfolio_type,
	cs01.scaling_type,
	null as ""maturity_date"",
	null as ""position_description"",
	rh.model_portfolio as ""scd_model_portfolio"",
	rh.investment_dept,
	rh.investment_strat as ""investment_strategy"",
	rh.program as ""investment_program"",
	rh.sub_program as ""investment_sub_program"",
	null ""product_type"",
	null as ""product_group"",
	null as ""issuer_party_name"",
	null as ""issuer_gics_sector"",
	null as ""issuer_final_rating"",
	null as ""inst_final_rating"",
	null as ""isin"",
	null as ""sedol"",
	null as ""cusip"",
	null as ""issuer_country_of_exposure""
from radar_reporting_uat.FACT_ANALYTIC_MD_CS01 cs01
	left join RISK_HIERARCHY rh on cs01.dim_hierarchy_node_id = rh.dim_hierarchy_node_id
	and rh.node_level = 6
	join radar_reporting_uat.dim_calc_currency currency ON cs01.dim_calc_currency_id = currency.dim_calc_currency_id
	and cs01.business_date = currency.business_date
	join radar_reporting_uat.dim_calc_term term ON cs01.dim_calc_term_id = term.dim_calc_term_id
	and cs01.business_date = term.business_date
	join radar_reporting_uat.dim_calc_curve curve ON cs01.dim_calc_curve_id = curve.dim_calc_curve_id
	and cs01.business_date = curve.business_date
	join radar_reporting_uat.dim_calc_curve_type curve_type ON cs01.dim_calc_curve_type_id = curve_type.dim_calc_curve_type_id
	and cs01.business_date = curve_type.business_date
	left join radar_reporting_uat.fact_fx_rate fx ON currency.iso_currency_code = fx.to_currency
	and fx.from_currency = 'CAD'
	and fx.rate_type = 'CROSS'
	and cs01.business_date = fx.business_date
where cs01.business_date = '2025-05-27'
	and cs01.override_value is not null
	and cs01.override_value <> 0"
167dbca624b5dfcde102dd00cd5f9c3e4cd15a1d36251f7bfcd05c37022d2d3b,"/* cppi::167dbca624b5dfcde102dd00cd5f9c3e4cd15a1d36251f7bfcd05c37022d2d3b */
with risk_hierarchy as (
	select business_date,
		dim_hierarchy_node_id,
		node_level,
		(
			case
				when node_level = 1 then 'CPPIB-ALL'
				when node_level = 2 then 'DEPARTMENT'
				when node_level = 3 then 'STRATEGY'
				when node_level = 4 then 'PROGRAM'
				when node_level = 5 then 'SUB-PROGRAM'
				when node_level = 6 then 'MODEL_PORTFOLIO' else 'UNKNOWN'
			end
		) as hierarchy_level,
		'RISK' as hierarchy_type,
		node_name,
		'' as account,
		'' as pool,
		parent_node_id,
		investment_dept,
		investment_strat,
		program,
		sub_program,
		model_portfolio
	from radar_reporting_uat.mv_dim_hierarchy_node_risk
	where business_date = '2025-05-27'
),
classification_secno as (select inst_id, cppib_sector_classification_name_1 as industry_sector_name  
			from cppib_enterprise_data.enterprise_security_composite class
			join risk_uat.dim_inst i on i.security_number = class.abor_security_number and i.business_date = cast(class.business_date as varchar) 
			where i.business_date = '2025-05-27' and class.esm_instrument_type = 'abor_security_number'
			union
			select inst_id, cppib_sector_classification_name_1 as industry_sector_name  
			from cppib_enterprise_data.enterprise_security_composite class 
			join risk_uat.dim_inst i on i.cppib_security_id = cast(class.cppib_sec_id as varchar) and i.business_date = cast(class.business_date as varchar) 
			where i.business_date = '2025-05-27' and class.esm_instrument_type = 'cppib_sec_id'
)
select 
	(
		case
			when dpi.portfolio_type in ('IP', 'CASH_FOR_BENEFIT', 'ACPP_CFB') then dpi.pos_source_system_key
			when dpi.portfolio_type = 'INDEX_LOOKTHROUGH' then replace(dpi.pos_source_system_key, 'CPPSECID')
			when dpi.portfolio_type = 'LOOKTHROUGH' and position('OFFSET' in dpi.pos_source_system_key) > 0 then dpi.pos_source_system_key
			else concat(substr(dpi.pos_source_system_key, 1, position('_' in dpi.pos_source_system_key)-1), '_', dpi.pos_short_desc)
		end 
	) as ""position_key"",
	currency.iso_currency_code ""cs01_currency"",
	curve.curve_value ""cs01_curve"",
	curve_type.curve_type_value ""cs01_curve_type"",
	cs01.data_source ""cs01_data_source"",
	term.term_value ""cs01_tenor"",
	coalesce((1 / fx.mid_val), 1) * cs01.final_value ""cs01_cad_value"",
	cs01.final_value,	
	cs01.initial_value,
	cs01.override_source,
	cs01.override_value,
	cs01.portfolio_type,
	cs01.scaling_type,
	dpi.maturity_date,
	dpi.pos_short_desc as ""position_description"",
	rh.model_portfolio as ""scd_model_portfolio"",
	rh.investment_dept,
	rh.investment_strat as ""investment_strategy"",
	rh.program as ""investment_program"",
	rh.sub_program as ""investment_sub_program"",
	dpi.cppib_product_type as ""product_type"",
	dpi.security_group_name as ""product_group"",
	(
		case 
			when i_rle.party_name is not null then i_rle.party_name
			when l1_rle.party_name is not null then l1_rle.party_name
			when mi_rle.party_name is not null then mi_rle.party_name
			else null
		end
	) as issuer_party_name,
	(
		case 
			when i_rle.gics_sector is not null then i_rle.gics_sector
			when l1_rle.gics_sector is not null then l1_rle.gics_sector 
			when cl.industry_sector_name is not null then cl.industry_sector_name
			when mi_rle.gics_sector is not null then mi_rle.gics_sector
			else null
		end
	) as issuer_gics_sector,
	cpr.rating_value as ""issuer_final_rating"",
	csr.rating_value as ""inst_final_rating"",
	(
		case 
			when dpi.isin is not null then dpi.isin 
			when inst1.isin is not null then inst1.isin
			else inst2.isin
		end
	) as isin,
	(
		case 
			when dpi.sedol is not null then dpi.sedol 
			when inst1.sedol is not null then inst1.sedol
			else inst2.sedol
		end
	) as sedol,
	(
		case 
			when dpi.cusip is not null then dpi.cusip 
			when inst1.cusip is not null then inst1.cusip
			else inst2.cusip
		end
	) as cusip,
	(
		case 
			when i_rle.secm_exposure_country is not null then i_rle.secm_exposure_country
			when l1_rle.secm_exposure_country is not null then l1_rle.secm_exposure_country 
			when mi_rle.secm_exposure_country is not null then mi_rle.secm_exposure_country
			else null
		end
	) as issuer_country_of_exposure
from radar_reporting_uat.fact_pos_calc_md cs01
	join radar_reporting_uat.dim_calc_currency currency ON cs01.dim_calc_currency_id = currency.dim_calc_currency_id
	and cs01.business_date = currency.business_date
	join radar_reporting_uat.dim_calc_term term ON cs01.dim_calc_term_id = term.dim_calc_term_id
	and term.calc_dim_type = 'TERM'
	and cs01.business_date = term.business_date
	join radar_reporting_uat.dim_calc_curve curve ON cs01.dim_calc_curve_id = curve.dim_calc_curve_id
	and curve.calc_dim_type = 'CURVE'
	and cs01.business_date = curve.business_date
	join radar_reporting_uat.dim_calc_curve_type curve_type ON cs01.dim_calc_curve_type_id = curve_type.dim_calc_curve_type_id
	and curve_type.calc_dim_type = 'CURVE_TYPE'
	and cs01.business_date = curve_type.business_date
	join radar_reporting_uat.dim_pos_inst dpi ON cs01.pos_id = dpi.pos_id
	and cs01.business_date = dpi.business_date
	left join radar_reporting_uat.dim_inst main_inst on main_inst.inst_id = dpi.inst_id
	left join radar_reporting_uat.dim_inst inst1 on inst1.inst_id = dpi.inst1_id 
	left join radar_reporting_uat.dim_inst inst2 on inst2.inst_id = dpi.inst2_id
	left join classification_secno cl on cl.inst_id = main_inst.inst_id
	left join radar_reporting_uat.fact_fx_rate fx ON currency.iso_currency_code = fx.to_currency
	and fx.from_currency = 'CAD'
	and fx.rate_type = 'CROSS'
	and cs01.business_date = fx.business_date
	left join risk_hierarchy rh on rh.dim_hierarchy_node_id = cs01.dim_hierarchy_node_id
	left join radar_reporting_uat.ref_legal_entity i_rle on i_rle.legal_entity_id = dpi.issuer_id
	left join radar_reporting_uat.ref_legal_entity cp_rle on cp_rle.legal_entity_id = dpi.counter_party_id
	left join radar_reporting_uat.ref_legal_entity l1_rle on inst1.issuer_id = l1_rle.legal_entity_id
	left join radar_reporting_uat.ref_legal_entity mi_rle on main_inst.issuer_id = mi_rle.legal_entity_id
	left join radar_reporting_uat.cppib_party_rating cpr on cpr.cppib_party_id = i_rle.cppib_party_id
	and cpr.business_date = i_rle.business_date
	left join radar_reporting_uat.cppib_security_rating csr on csr.cppib_sec_id = cast(dpi.cppib_security_id as int)
	and csr.business_date = i_rle.business_date
where cs01.calc_type = 'CS01'
	and cs01.business_date = '2025-05-27'
	and cs01.final_value <> 0
union all
select null as ""position_key"",
	currency.iso_currency_code as ""cs01_currency"",
	curve.curve_value ""cs01_curve"",
	curve_type.curve_type_value ""cs01_curve_type"",
	concat(
		'CS01 MP OVERRIDE -',
		rh.model_portfolio,
		'_',
		currency.iso_currency_code
	) ""cs01_data_source"",
	term.term_value ""cs01_tenor"",
	coalesce((1 / fx.mid_val), 1) * cs01.override_value ""cs01_cad_value"",
	cs01.final_value,	
	cs01.initial_value,
	cs01.override_source,
	cs01.override_value,
	cs01.portfolio_type,
	cs01.scaling_type,
	null as ""maturity_date"",
	null as ""position_description"",
	rh.model_portfolio as ""scd_model_portfolio"",
	rh.investment_dept,
	rh.investment_strat as ""investment_strategy"",
	rh.program as ""investment_program"",
	rh.sub_program as ""investment_sub_program"",
	null ""product_type"",
	null as ""product_group"",
	null as ""issuer_party_name"",
	null as ""issuer_gics_sector"",
	null as ""issuer_final_rating"",
	null as ""inst_final_rating"",
	null as ""isin"",
	null as ""sedol"",
	null as ""cusip"",
	null as ""issuer_country_of_exposure""
from radar_reporting_uat.FACT_ANALYTIC_MD_CS01 cs01
	left join RISK_HIERARCHY rh on cs01.dim_hierarchy_node_id = rh.dim_hierarchy_node_id
	and rh.node_level = 6
	join radar_reporting_uat.dim_calc_currency currency ON cs01.dim_calc_currency_id = currency.dim_calc_currency_id
	and cs01.business_date = currency.business_date
	join radar_reporting_uat.dim_calc_term term ON cs01.dim_calc_term_id = term.dim_calc_term_id
	and cs01.business_date = term.business_date
	join radar_reporting_uat.dim_calc_curve curve ON cs01.dim_calc_curve_id = curve.dim_calc_curve_id
	and cs01.business_date = curve.business_date
	join radar_reporting_uat.dim_calc_curve_type curve_type ON cs01.dim_calc_curve_type_id = curve_type.dim_calc_curve_type_id
	and cs01.business_date = curve_type.business_date
	left join radar_reporting_uat.fact_fx_rate fx ON currency.iso_currency_code = fx.to_currency
	and fx.from_currency = 'CAD'
	and fx.rate_type = 'CROSS'
	and cs01.business_date = fx.business_date
where cs01.business_date = '2025-05-27'
	and cs01.override_value is not null
	and cs01.override_value <> 0"
167dbca624b5dfcde102dd00cd5f9c3e4cd15a1d36251f7bfcd05c37022d2d3b,"/* cppi::167dbca624b5dfcde102dd00cd5f9c3e4cd15a1d36251f7bfcd05c37022d2d3b */
with risk_hierarchy as (
	select business_date,
		dim_hierarchy_node_id,
		node_level,
		(
			case
				when node_level = 1 then 'CPPIB-ALL'
				when node_level = 2 then 'DEPARTMENT'
				when node_level = 3 then 'STRATEGY'
				when node_level = 4 then 'PROGRAM'
				when node_level = 5 then 'SUB-PROGRAM'
				when node_level = 6 then 'MODEL_PORTFOLIO' else 'UNKNOWN'
			end
		) as hierarchy_level,
		'RISK' as hierarchy_type,
		node_name,
		'' as account,
		'' as pool,
		parent_node_id,
		investment_dept,
		investment_strat,
		program,
		sub_program,
		model_portfolio
	from radar_reporting_uat.mv_dim_hierarchy_node_risk
	where business_date = '2025-05-27'
),
classification_secno as (select inst_id, cppib_sector_classification_name_1 as industry_sector_name  
			from cppib_enterprise_data.enterprise_security_composite class
			join risk_uat.dim_inst i on i.security_number = class.abor_security_number and i.business_date = cast(class.business_date as varchar) 
			where i.business_date = '2025-05-27' and class.esm_instrument_type = 'abor_security_number'
			union
			select inst_id, cppib_sector_classification_name_1 as industry_sector_name  
			from cppib_enterprise_data.enterprise_security_composite class 
			join risk_uat.dim_inst i on i.cppib_security_id = cast(class.cppib_sec_id as varchar) and i.business_date = cast(class.business_date as varchar) 
			where i.business_date = '2025-05-27' and class.esm_instrument_type = 'cppib_sec_id'
)
select 
	(
		case
			when dpi.portfolio_type in ('IP', 'CASH_FOR_BENEFIT', 'ACPP_CFB') then dpi.pos_source_system_key
			when dpi.portfolio_type = 'INDEX_LOOKTHROUGH' then replace(dpi.pos_source_system_key, 'CPPSECID')
			when dpi.portfolio_type = 'LOOKTHROUGH' and position('OFFSET' in dpi.pos_source_system_key) > 0 then dpi.pos_source_system_key
			else concat(substr(dpi.pos_source_system_key, 1, position('_' in dpi.pos_source_system_key)-1), '_', dpi.pos_short_desc)
		end 
	) as ""position_key"",
	currency.iso_currency_code ""cs01_currency"",
	curve.curve_value ""cs01_curve"",
	curve_type.curve_type_value ""cs01_curve_type"",
	cs01.data_source ""cs01_data_source"",
	term.term_value ""cs01_tenor"",
	coalesce((1 / fx.mid_val), 1) * cs01.final_value ""cs01_cad_value"",
	cs01.final_value,	
	cs01.initial_value,
	cs01.override_source,
	cs01.override_value,
	cs01.portfolio_type,
	cs01.scaling_type,
	dpi.maturity_date,
	dpi.pos_short_desc as ""position_description"",
	rh.model_portfolio as ""scd_model_portfolio"",
	rh.investment_dept,
	rh.investment_strat as ""investment_strategy"",
	rh.program as ""investment_program"",
	rh.sub_program as ""investment_sub_program"",
	dpi.cppib_product_type as ""product_type"",
	dpi.security_group_name as ""product_group"",
	(
		case 
			when i_rle.party_name is not null then i_rle.party_name
			when l1_rle.party_name is not null then l1_rle.party_name
			when mi_rle.party_name is not null then mi_rle.party_name
			else null
		end
	) as issuer_party_name,
	(
		case 
			when i_rle.gics_sector is not null then i_rle.gics_sector
			when l1_rle.gics_sector is not null then l1_rle.gics_sector 
			when cl.industry_sector_name is not null then cl.industry_sector_name
			when mi_rle.gics_sector is not null then mi_rle.gics_sector
			else null
		end
	) as issuer_gics_sector,
	cpr.rating_value as ""issuer_final_rating"",
	csr.rating_value as ""inst_final_rating"",
	(
		case 
			when dpi.isin is not null then dpi.isin 
			when inst1.isin is not null then inst1.isin
			else inst2.isin
		end
	) as isin,
	(
		case 
			when dpi.sedol is not null then dpi.sedol 
			when inst1.sedol is not null then inst1.sedol
			else inst2.sedol
		end
	) as sedol,
	(
		case 
			when dpi.cusip is not null then dpi.cusip 
			when inst1.cusip is not null then inst1.cusip
			else inst2.cusip
		end
	) as cusip,
	(
		case 
			when i_rle.secm_exposure_country is not null then i_rle.secm_exposure_country
			when l1_rle.secm_exposure_country is not null then l1_rle.secm_exposure_country 
			when mi_rle.secm_exposure_country is not null then mi_rle.secm_exposure_country
			else null
		end
	) as issuer_country_of_exposure
from radar_reporting_uat.fact_pos_calc_md cs01
	join radar_reporting_uat.dim_calc_currency currency ON cs01.dim_calc_currency_id = currency.dim_calc_currency_id
	and cs01.business_date = currency.business_date
	join radar_reporting_uat.dim_calc_term term ON cs01.dim_calc_term_id = term.dim_calc_term_id
	and term.calc_dim_type = 'TERM'
	and cs01.business_date = term.business_date
	join radar_reporting_uat.dim_calc_curve curve ON cs01.dim_calc_curve_id = curve.dim_calc_curve_id
	and curve.calc_dim_type = 'CURVE'
	and cs01.business_date = curve.business_date
	join radar_reporting_uat.dim_calc_curve_type curve_type ON cs01.dim_calc_curve_type_id = curve_type.dim_calc_curve_type_id
	and curve_type.calc_dim_type = 'CURVE_TYPE'
	and cs01.business_date = curve_type.business_date
	join radar_reporting_uat.dim_pos_inst dpi ON cs01.pos_id = dpi.pos_id
	and cs01.business_date = dpi.business_date
	left join radar_reporting_uat.dim_inst main_inst on main_inst.inst_id = dpi.inst_id
	left join radar_reporting_uat.dim_inst inst1 on inst1.inst_id = dpi.inst1_id 
	left join radar_reporting_uat.dim_inst inst2 on inst2.inst_id = dpi.inst2_id
	left join classification_secno cl on cl.inst_id = main_inst.inst_id
	left join radar_reporting_uat.fact_fx_rate fx ON currency.iso_currency_code = fx.to_currency
	and fx.from_currency = 'CAD'
	and fx.rate_type = 'CROSS'
	and cs01.business_date = fx.business_date
	left join risk_hierarchy rh on rh.dim_hierarchy_node_id = cs01.dim_hierarchy_node_id
	left join radar_reporting_uat.ref_legal_entity i_rle on i_rle.legal_entity_id = dpi.issuer_id
	left join radar_reporting_uat.ref_legal_entity cp_rle on cp_rle.legal_entity_id = dpi.counter_party_id
	left join radar_reporting_uat.ref_legal_entity l1_rle on inst1.issuer_id = l1_rle.legal_entity_id
	left join radar_reporting_uat.ref_legal_entity mi_rle on main_inst.issuer_id = mi_rle.legal_entity_id
	left join radar_reporting_uat.cppib_party_rating cpr on cpr.cppib_party_id = i_rle.cppib_party_id
	and cpr.business_date = i_rle.business_date
	left join radar_reporting_uat.cppib_security_rating csr on csr.cppib_sec_id = cast(dpi.cppib_security_id as int)
	and csr.business_date = i_rle.business_date
where cs01.calc_type = 'CS01'
	and cs01.business_date = '2025-05-27'
	and cs01.final_value <> 0
union all
select null as ""position_key"",
	currency.iso_currency_code as ""cs01_currency"",
	curve.curve_value ""cs01_curve"",
	curve_type.curve_type_value ""cs01_curve_type"",
	concat(
		'CS01 MP OVERRIDE -',
		rh.model_portfolio,
		'_',
		currency.iso_currency_code
	) ""cs01_data_source"",
	term.term_value ""cs01_tenor"",
	coalesce((1 / fx.mid_val), 1) * cs01.override_value ""cs01_cad_value"",
	cs01.final_value,	
	cs01.initial_value,
	cs01.override_source,
	cs01.override_value,
	cs01.portfolio_type,
	cs01.scaling_type,
	null as ""maturity_date"",
	null as ""position_description"",
	rh.model_portfolio as ""scd_model_portfolio"",
	rh.investment_dept,
	rh.investment_strat as ""investment_strategy"",
	rh.program as ""investment_program"",
	rh.sub_program as ""investment_sub_program"",
	null ""product_type"",
	null as ""product_group"",
	null as ""issuer_party_name"",
	null as ""issuer_gics_sector"",
	null as ""issuer_final_rating"",
	null as ""inst_final_rating"",
	null as ""isin"",
	null as ""sedol"",
	null as ""cusip"",
	null as ""issuer_country_of_exposure""
from radar_reporting_uat.FACT_ANALYTIC_MD_CS01 cs01
	left join RISK_HIERARCHY rh on cs01.dim_hierarchy_node_id = rh.dim_hierarchy_node_id
	and rh.node_level = 6
	join radar_reporting_uat.dim_calc_currency currency ON cs01.dim_calc_currency_id = currency.dim_calc_currency_id
	and cs01.business_date = currency.business_date
	join radar_reporting_uat.dim_calc_term term ON cs01.dim_calc_term_id = term.dim_calc_term_id
	and cs01.business_date = term.business_date
	join radar_reporting_uat.dim_calc_curve curve ON cs01.dim_calc_curve_id = curve.dim_calc_curve_id
	and cs01.business_date = curve.business_date
	join radar_reporting_uat.dim_calc_curve_type curve_type ON cs01.dim_calc_curve_type_id = curve_type.dim_calc_curve_type_id
	and cs01.business_date = curve_type.business_date
	left join radar_reporting_uat.fact_fx_rate fx ON currency.iso_currency_code = fx.to_currency
	and fx.from_currency = 'CAD'
	and fx.rate_type = 'CROSS'
	and cs01.business_date = fx.business_date
where cs01.business_date = '2025-05-27'
	and cs01.override_value is not null
	and cs01.override_value <> 0"
167dbca624b5dfcde102dd00cd5f9c3e4cd15a1d36251f7bfcd05c37022d2d3b,"/* cppi::167dbca624b5dfcde102dd00cd5f9c3e4cd15a1d36251f7bfcd05c37022d2d3b */
with risk_hierarchy as (
	select business_date,
		dim_hierarchy_node_id,
		node_level,
		(
			case
				when node_level = 1 then 'CPPIB-ALL'
				when node_level = 2 then 'DEPARTMENT'
				when node_level = 3 then 'STRATEGY'
				when node_level = 4 then 'PROGRAM'
				when node_level = 5 then 'SUB-PROGRAM'
				when node_level = 6 then 'MODEL_PORTFOLIO' else 'UNKNOWN'
			end
		) as hierarchy_level,
		'RISK' as hierarchy_type,
		node_name,
		'' as account,
		'' as pool,
		parent_node_id,
		investment_dept,
		investment_strat,
		program,
		sub_program,
		model_portfolio
	from radar_reporting_uat.mv_dim_hierarchy_node_risk
	where business_date = '2025-05-27'
),
classification_secno as (select inst_id, cppib_sector_classification_name_1 as industry_sector_name  
			from cppib_enterprise_data.enterprise_security_composite class
			join risk_uat.dim_inst i on i.security_number = class.abor_security_number and i.business_date = cast(class.business_date as varchar) 
			where i.business_date = '2025-05-27' and class.esm_instrument_type = 'abor_security_number'
			union
			select inst_id, cppib_sector_classification_name_1 as industry_sector_name  
			from cppib_enterprise_data.enterprise_security_composite class 
			join risk_uat.dim_inst i on i.cppib_security_id = cast(class.cppib_sec_id as varchar) and i.business_date = cast(class.business_date as varchar) 
			where i.business_date = '2025-05-27' and class.esm_instrument_type = 'cppib_sec_id'
)
select 
	(
		case
			when dpi.portfolio_type in ('IP', 'CASH_FOR_BENEFIT', 'ACPP_CFB') then dpi.pos_source_system_key
			when dpi.portfolio_type = 'INDEX_LOOKTHROUGH' then replace(dpi.pos_source_system_key, 'CPPSECID')
			when dpi.portfolio_type = 'LOOKTHROUGH' and position('OFFSET' in dpi.pos_source_system_key) > 0 then dpi.pos_source_system_key
			else concat(substr(dpi.pos_source_system_key, 1, position('_' in dpi.pos_source_system_key)-1), '_', dpi.pos_short_desc)
		end 
	) as ""position_key"",
	currency.iso_currency_code ""cs01_currency"",
	curve.curve_value ""cs01_curve"",
	curve_type.curve_type_value ""cs01_curve_type"",
	cs01.data_source ""cs01_data_source"",
	term.term_value ""cs01_tenor"",
	coalesce((1 / fx.mid_val), 1) * cs01.final_value ""cs01_cad_value"",
	cs01.final_value,	
	cs01.initial_value,
	cs01.override_source,
	cs01.override_value,
	cs01.portfolio_type,
	cs01.scaling_type,
	dpi.maturity_date,
	dpi.pos_short_desc as ""position_description"",
	rh.model_portfolio as ""scd_model_portfolio"",
	rh.investment_dept,
	rh.investment_strat as ""investment_strategy"",
	rh.program as ""investment_program"",
	rh.sub_program as ""investment_sub_program"",
	dpi.cppib_product_type as ""product_type"",
	dpi.security_group_name as ""product_group"",
	(
		case 
			when i_rle.party_name is not null then i_rle.party_name
			when l1_rle.party_name is not null then l1_rle.party_name
			when mi_rle.party_name is not null then mi_rle.party_name
			else null
		end
	) as issuer_party_name,
	(
		case 
			when i_rle.gics_sector is not null then i_rle.gics_sector
			when l1_rle.gics_sector is not null then l1_rle.gics_sector 
			when cl.industry_sector_name is not null then cl.industry_sector_name
			when mi_rle.gics_sector is not null then mi_rle.gics_sector
			else null
		end
	) as issuer_gics_sector,
	cpr.rating_value as ""issuer_final_rating"",
	csr.rating_value as ""inst_final_rating"",
	(
		case 
			when dpi.isin is not null then dpi.isin 
			when inst1.isin is not null then inst1.isin
			else inst2.isin
		end
	) as isin,
	(
		case 
			when dpi.sedol is not null then dpi.sedol 
			when inst1.sedol is not null then inst1.sedol
			else inst2.sedol
		end
	) as sedol,
	(
		case 
			when dpi.cusip is not null then dpi.cusip 
			when inst1.cusip is not null then inst1.cusip
			else inst2.cusip
		end
	) as cusip,
	(
		case 
			when i_rle.secm_exposure_country is not null then i_rle.secm_exposure_country
			when l1_rle.secm_exposure_country is not null then l1_rle.secm_exposure_country 
			when mi_rle.secm_exposure_country is not null then mi_rle.secm_exposure_country
			else null
		end
	) as issuer_country_of_exposure
from radar_reporting_uat.fact_pos_calc_md cs01
	join radar_reporting_uat.dim_calc_currency currency ON cs01.dim_calc_currency_id = currency.dim_calc_currency_id
	and cs01.business_date = currency.business_date
	join radar_reporting_uat.dim_calc_term term ON cs01.dim_calc_term_id = term.dim_calc_term_id
	and term.calc_dim_type = 'TERM'
	and cs01.business_date = term.business_date
	join radar_reporting_uat.dim_calc_curve curve ON cs01.dim_calc_curve_id = curve.dim_calc_curve_id
	and curve.calc_dim_type = 'CURVE'
	and cs01.business_date = curve.business_date
	join radar_reporting_uat.dim_calc_curve_type curve_type ON cs01.dim_calc_curve_type_id = curve_type.dim_calc_curve_type_id
	and curve_type.calc_dim_type = 'CURVE_TYPE'
	and cs01.business_date = curve_type.business_date
	join radar_reporting_uat.dim_pos_inst dpi ON cs01.pos_id = dpi.pos_id
	and cs01.business_date = dpi.business_date
	left join radar_reporting_uat.dim_inst main_inst on main_inst.inst_id = dpi.inst_id
	left join radar_reporting_uat.dim_inst inst1 on inst1.inst_id = dpi.inst1_id 
	left join radar_reporting_uat.dim_inst inst2 on inst2.inst_id = dpi.inst2_id
	left join classification_secno cl on cl.inst_id = main_inst.inst_id
	left join radar_reporting_uat.fact_fx_rate fx ON currency.iso_currency_code = fx.to_currency
	and fx.from_currency = 'CAD'
	and fx.rate_type = 'CROSS'
	and cs01.business_date = fx.business_date
	left join risk_hierarchy rh on rh.dim_hierarchy_node_id = cs01.dim_hierarchy_node_id
	left join radar_reporting_uat.ref_legal_entity i_rle on i_rle.legal_entity_id = dpi.issuer_id
	left join radar_reporting_uat.ref_legal_entity cp_rle on cp_rle.legal_entity_id = dpi.counter_party_id
	left join radar_reporting_uat.ref_legal_entity l1_rle on inst1.issuer_id = l1_rle.legal_entity_id
	left join radar_reporting_uat.ref_legal_entity mi_rle on main_inst.issuer_id = mi_rle.legal_entity_id
	left join radar_reporting_uat.cppib_party_rating cpr on cpr.cppib_party_id = i_rle.cppib_party_id
	and cpr.business_date = i_rle.business_date
	left join radar_reporting_uat.cppib_security_rating csr on csr.cppib_sec_id = cast(dpi.cppib_security_id as int)
	and csr.business_date = i_rle.business_date
where cs01.calc_type = 'CS01'
	and cs01.business_date = '2025-05-27'
	and cs01.final_value <> 0
union all
select null as ""position_key"",
	currency.iso_currency_code as ""cs01_currency"",
	curve.curve_value ""cs01_curve"",
	curve_type.curve_type_value ""cs01_curve_type"",
	concat(
		'CS01 MP OVERRIDE -',
		rh.model_portfolio,
		'_',
		currency.iso_currency_code
	) ""cs01_data_source"",
	term.term_value ""cs01_tenor"",
	coalesce((1 / fx.mid_val), 1) * cs01.override_value ""cs01_cad_value"",
	cs01.final_value,	
	cs01.initial_value,
	cs01.override_source,
	cs01.override_value,
	cs01.portfolio_type,
	cs01.scaling_type,
	null as ""maturity_date"",
	null as ""position_description"",
	rh.model_portfolio as ""scd_model_portfolio"",
	rh.investment_dept,
	rh.investment_strat as ""investment_strategy"",
	rh.program as ""investment_program"",
	rh.sub_program as ""investment_sub_program"",
	null ""product_type"",
	null as ""product_group"",
	null as ""issuer_party_name"",
	null as ""issuer_gics_sector"",
	null as ""issuer_final_rating"",
	null as ""inst_final_rating"",
	null as ""isin"",
	null as ""sedol"",
	null as ""cusip"",
	null as ""issuer_country_of_exposure""
from radar_reporting_uat.FACT_ANALYTIC_MD_CS01 cs01
	left join RISK_HIERARCHY rh on cs01.dim_hierarchy_node_id = rh.dim_hierarchy_node_id
	and rh.node_level = 6
	join radar_reporting_uat.dim_calc_currency currency ON cs01.dim_calc_currency_id = currency.dim_calc_currency_id
	and cs01.business_date = currency.business_date
	join radar_reporting_uat.dim_calc_term term ON cs01.dim_calc_term_id = term.dim_calc_term_id
	and cs01.business_date = term.business_date
	join radar_reporting_uat.dim_calc_curve curve ON cs01.dim_calc_curve_id = curve.dim_calc_curve_id
	and cs01.business_date = curve.business_date
	join radar_reporting_uat.dim_calc_curve_type curve_type ON cs01.dim_calc_curve_type_id = curve_type.dim_calc_curve_type_id
	and cs01.business_date = curve_type.business_date
	left join radar_reporting_uat.fact_fx_rate fx ON currency.iso_currency_code = fx.to_currency
	and fx.from_currency = 'CAD'
	and fx.rate_type = 'CROSS'
	and cs01.business_date = fx.business_date
where cs01.business_date = '2025-05-27'
	and cs01.override_value is not null
	and cs01.override_value <> 0"
8fea7927e2a03d4c6f6f6d0e1257a07debd973b838c1bec15e007ddb267c1566,"/* cppi::8fea7927e2a03d4c6f6f6d0e1257a07debd973b838c1bec15e007ddb267c1566 */
select * from cmf.pipeline_event 
    where job like '03%model_gen%portfolio' 
    and event = 'end' 
    and strategy_id = 'global_dm_long_short_v15'
    and date_ =  '2025-06-10'"
0703e8434d42ff28d9317a5f60423704a8fb6585db6d3bec144c7c84f916348e,"/* cppi::0703e8434d42ff28d9317a5f60423704a8fb6585db6d3bec144c7c84f916348e */
-- Athena JDBC driver connection test
SELECT 1"
89014767c1e9c92b092bd65324a4c647a8acbc2862ea3c1b671f61a7ae0c3e55,"/* cppi::89014767c1e9c92b092bd65324a4c647a8acbc2862ea3c1b671f61a7ae0c3e55 */
/* QuickSight a6def9ca-48c0-4627-a6dc-35125ea9fc0e 
 {""partner"":""QuickSight"",""entityId"":""1e27d052-93e4-42ae-9847-cb688b7f08c5"",""sheetId"":""1e27d052-93e4-42ae-9847-cb688b7f08c5_f7c32031-6a46-4147-8457-ae6e92950f16"",""visualId"":""1e27d052-93e4-42ae-9847-cb688b7f08c5_427fa6d4-9101-4e00-b36c-454c9c18b812""} */
SELECT ""0bc0daeb-e781-4ab1-ab18-5098d382c10d.cs01_tenor"", ""0bc0daeb-e781-4ab1-ab18-5098d382c10d.product_group"", ""count"", ""0bc0daeb-e781-4ab1-ab18-5098d382c10d.cs01_cad_value_sum"", ""ac092318-86e4-4c50-8e83-51f3f18950b2_avg"", ""2619696b-42c6-3150-9c84-e0d265c111e4"", ""7777c404-875b-310a-859c-88080e271119"", ""0bc0daeb-e781-4ab1-ab18-5098d382c10d.cs01_cad_value_sum$totals"", ""$RANK_1"" - 501 AS ""$row_index"", ""$RANK_3"" - 1 AS ""$col_index""
FROM (
SELECT *
FROM (
SELECT ""0bc0daeb-e781-4ab1-ab18-5098d382c10d.cs01_tenor"", ""0bc0daeb-e781-4ab1-ab18-5098d382c10d.product_group"", ""count"", ""0bc0daeb-e781-4ab1-ab18-5098d382c10d.cs01_cad_value_sum"", ""ac092318-86e4-4c50-8e83-51f3f18950b2_avg"", ""2619696b-42c6-3150-9c84-e0d265c111e4"", ""7777c404-875b-310a-859c-88080e271119"", ""0bc0daeb-e781-4ab1-ab18-5098d382c10d.cs01_cad_value_sum$totals"", ""$RANK_1"", DENSE_RANK() OVER (ORDER BY ""$TOTAL_OVER_2"" NULLS FIRST, ""0bc0daeb-e781-4ab1-ab18-5098d382c10d.cs01_tenor"" NULLS FIRST) AS ""$RANK_3""
FROM (
SELECT ""0bc0daeb-e781-4ab1-ab18-5098d382c10d.cs01_tenor"", ""0bc0daeb-e781-4ab1-ab18-5098d382c10d.product_group"", ""count"", ""0bc0daeb-e781-4ab1-ab18-5098d382c10d.cs01_cad_value_sum"", ""ac092318-86e4-4c50-8e83-51f3f18950b2_avg"", ""2619696b-42c6-3150-9c84-e0d265c111e4"", ""7777c404-875b-310a-859c-88080e271119"", ""0bc0daeb-e781-4ab1-ab18-5098d382c10d.cs01_cad_value_sum$totals"", ""$RANK_1"", SUM(CAST(""$weighted_avg_count_5"" AS DOUBLE) / NULLIF(CAST(""$weighted_avg_count_over_6"" AS DOUBLE), 0) * ""ac092318-86e4-4c50-8e83-51f3f18950b2_avg"") OVER (PARTITION BY ""0bc0daeb-e781-4ab1-ab18-5098d382c10d.cs01_tenor"") AS ""$TOTAL_OVER_2""
FROM (
SELECT ""cs01_tenor"" AS ""0bc0daeb-e781-4ab1-ab18-5098d382c10d.cs01_tenor"", ""product_group"" AS ""0bc0daeb-e781-4ab1-ab18-5098d382c10d.product_group"", COUNT(*) AS ""count"", SUM(""cs01_cad_value"") AS ""0bc0daeb-e781-4ab1-ab18-5098d382c10d.cs01_cad_value_sum"", AVG(CASE WHEN ""cs01_tenor"" = 'O/N' THEN 1 WHEN ""cs01_tenor"" = '1W' THEN 2 WHEN ""cs01_tenor"" = '1M' THEN 3 WHEN ""cs01_tenor"" = '3M' THEN 4 WHEN ""cs01_tenor"" = '6M' THEN 5 WHEN ""cs01_tenor"" = '1Y' THEN 6 WHEN ""cs01_tenor"" = '2Y' THEN 7 WHEN ""cs01_tenor"" = '3Y' THEN 8 WHEN ""cs01_tenor"" = '5Y' THEN 9 WHEN ""cs01_tenor"" = '7Y' THEN 10 WHEN ""cs01_tenor"" = '10Y' THEN 11 WHEN ""cs01_tenor"" = '15Y' THEN 12 WHEN ""cs01_tenor"" = '20Y' THEN 13 WHEN ""cs01_tenor"" = '30Y' THEN 14 ELSE 15 END) AS ""ac092318-86e4-4c50-8e83-51f3f18950b2_avg"", SUM(SUM(""cs01_cad_value"")) OVER (PARTITION BY ""cs01_tenor"") AS ""2619696b-42c6-3150-9c84-e0d265c111e4"", SUM(SUM(""cs01_cad_value"")) OVER (PARTITION BY ""product_group"") AS ""7777c404-875b-310a-859c-88080e271119"", SUM(SUM(""cs01_cad_value"")) OVER () AS ""0bc0daeb-e781-4ab1-ab18-5098d382c10d.cs01_cad_value_sum$totals"", DENSE_RANK() OVER (ORDER BY ""product_group"" NULLS FIRST) AS ""$RANK_1"", COUNT(CASE WHEN ""cs01_tenor"" = 'O/N' THEN 1 WHEN ""cs01_tenor"" = '1W' THEN 2 WHEN ""cs01_tenor"" = '1M' THEN 3 WHEN ""cs01_tenor"" = '3M' THEN 4 WHEN ""cs01_tenor"" = '6M' THEN 5 WHEN ""cs01_tenor"" = '1Y' THEN 6 WHEN ""cs01_tenor"" = '2Y' THEN 7 WHEN ""cs01_tenor"" = '3Y' THEN 8 WHEN ""cs01_tenor"" = '5Y' THEN 9 WHEN ""cs01_tenor"" = '7Y' THEN 10 WHEN ""cs01_tenor"" = '10Y' THEN 11 WHEN ""cs01_tenor"" = '15Y' THEN 12 WHEN ""cs01_tenor"" = '20Y' THEN 13 WHEN ""cs01_tenor"" = '30Y' THEN 14 ELSE 15 END) AS ""$weighted_avg_count_5"", SUM(COUNT(CASE WHEN ""cs01_tenor"" = 'O/N' THEN 1 WHEN ""cs01_tenor"" = '1W' THEN 2 WHEN ""cs01_tenor"" = '1M' THEN 3 WHEN ""cs01_tenor"" = '3M' THEN 4 WHEN ""cs01_tenor"" = '6M' THEN 5 WHEN ""cs01_tenor"" = '1Y' THEN 6 WHEN ""cs01_tenor"" = '2Y' THEN 7 WHEN ""cs01_tenor"" = '3Y' THEN 8 WHEN ""cs01_tenor"" = '5Y' THEN 9 WHEN ""cs01_tenor"" = '7Y' THEN 10 WHEN ""cs01_tenor"" = '10Y' THEN 11 WHEN ""cs01_tenor"" = '15Y' THEN 12 WHEN ""cs01_tenor"" = '20Y' THEN 13 WHEN ""cs01_tenor"" = '30Y' THEN 14 ELSE 15 END)) OVER (PARTITION BY ""cs01_tenor"") AS ""$weighted_avg_count_over_6""
FROM (with ellm_mp_exclude(MP) as (
    values ('XXXGCMRGAC'),('XXXFSCSHEQ'),('XXIPCFSBCS'),('XXXSUPPREP'),('XXXCMCDET2'),('XXXCMFDET1'),('XXXCMFDET2'),('RIRBPLEVG'),('SUPPREPO'),('IPCCMCCSG'),('IPCCMCCSH'),('IPCCMCCSI'),('IPCCMCCSJ'),('IPCCMCCSK'),('IPCCMCCSL'),('IPCCMCCSM'),('IPCCMCCSN'),('IPCCMCCSO'),('IPCCMCCSP'),('IPCCMCCSQ'),('IPCCMCCSR'),('IPCCMCCSS'),('XIPCCMCCST'),('XIPCCMCCSU'),('IPCCMCCSV'),('IPCCMCCSW'),('IPCCMCCSX'),('IPCCMCCSY'),('IPCCMCCSA'),('IPCCMCCSB'),('IPCCMCCSC'),('IPCCMCCSD'),('IPCCMCCSE'),('IPCCMCCSF'),('IPCCMCCSZ'),('IPCCMCCS2'),('IPCCMCCS3'),('IPCCMCCS4'),('IPCCMCCS5'),('IPCCMCCS6'),('IPCCMCCS7'),('IPCCMCCS8'),('IPCCMCCS9'),('IPCCMCCS10'),('IPCCMCCS11'),('IPCCMCCS12'),('IPCCMCCS13'),('IPCCMCCS14'),('IPCCMCCS15'),('IPCCMCCS16'),('IPCCMCCS17'),('IPCCMCCS19'),('IPCCMCCS20'),('IPCCMCCS22'),('IPCCMCCS23'),('IPCCMCCS24'),('IPCCMCCS25'),('IPCCMCCS26'),('IPCCMCCS27'),('IPCCMCCS28'),('IPCCMCCS29'),('IPCCMCCS30'),('IPCCMCCS31'),('IPCCMCCS32'),('IPCCMCCS33'),('IPCCMCCS21'),('IPCCMCCS34'),('IPCCMCCS37'),('IPCCMCCS39'),('IPCCMCCS38'),('IPCCMCCS40'),('IPCCMCCS41'),('IPCCMCCS43'),('XXXXMCCS44'),('XXXCMCCS42'),('IPCCMCCS45'),('IPCCMCCS46'),('IPCCMCCS47'),('IPCCMCCS48'),('IPCCMCCS50'),('IPCCMCCS49'),('IPCCMCCS51'),('IPCCMCCS52'),('IPCCMCCS54'),('IPCCMCCS56'),('IPCCMCCS57'),('IPCCMCCS59'),('IPCCMCCS58'),('IPCCMCCS60'),('IPCCMCCS61'),('IPCCMCCS62'),('IPCCMCCS63'),('IPCCMCCS64'),('IPCCMCCS65'),('IPCCMCCS67'),('IPCCMCCS66'),('IPCCMCCS68'),('IPCCMCCS69'),('IPCCMCCS71'),('IPCCMCCS72'),('IPCCMCCS70'),('IPCCMCCS73'),('IPCCMCCS74'),('IPCCMCCS75'),('IPCCMCCS76'),('IPCCMCCS77'),('IPCCMCCS78'),('IPCCMCCS79'),('IPCCMCCS80'),('IPCCMCCS81'),('IPCCMCCS82'),('IPCCMCCS83'),('IPCCMCCS84'),('IPCCMCCS85'),('IPCCMCCS86'),('IPCCMCCS87'),('IPCCMCCS88'),('IPCCMCCS94'),('IPCCMCCS95'),('IPCCMCCS96'),('IPCCMCCS97'),('IPCCMCCSA2'),('IPCCMCCS99'),('IPCCMCCS98'),('IPCCMCCSA3'),('IPCCMCCSA1'),('IPCCMCCSA4'),('IPCCMCCSA6'),('IPCCMCCSA5'),('IPCCMCCSA7'),('IPCCMCCSA8'),('IPCCMCCSB2'),('IPCCMCCSA9'),('IPCCMCCSB1'),('IPCCMCCSB3'),('IPCCMCCSB4'),('IPCCMCCSB5'),('IPCCMCCSB6'),('IPCCMCCSB7'),('IPCCMCCSC4'),('IPCCMCCSC5'),('IPCCMCCSC6'),('IPCCMCCSC7'),('IPCCMCCSD1'),('IPCCMCCSD2'),('IPCCMCCSD3'),('IPCCMCCSD4'),('IPCCMCCSD5'),('IPCCMCCSD6'),('IPCCMCCSD7'),('IPCCMCCSD8'),('IPCCMCCSD9'),('IPCCMCCSE1'),('IPCCMCCSE2'),('IPCCMCCSE4'),('IPCCMCCSE3'),('IPCCMCCSE6'),('IPCCMCCSE5'),('IPCCMCCSE7'),('IPCCMCCSE8'),('IPCCMCCSE9'),('IPCCMCCSF1'),('IPCCMCCSF2'),('IPCCMCCSF3'),('IPCCMCCSF4'),('IPCCMCCSF5'),('IPCCMCCSF6'),('IPCCMCCSF7'),('IPCCMCCSF8'),('IPCCMCCSF9'),('IPCCMCCSG2'),('IPCCMCCSG3'),('IPCCMCCSG4'),('IPCCMCCSG5'),('IPCCMCCSG6'),('IPCCMCCSG7'),('IPCCMCCSG8'),('IPCCMCCSG9'),('IPCCMCCSH2'),('IPCCMCCSH3'),('IPCCMCCSH4'),('IPCCMCCSH1'),('IPCCMCCSH5'),('IPCCMCCSH6'),('IPCCMCCSH7'),('IPCCMCCSH8'),('IPCCMCCSH9'),('IPCCMCCSI1'),('IPCCMCCSI2'),('IPCCMCCSI3'),('IPCCMCCSI4'),('IPCCMCCSI6'),('IPCCMCCSI5'),('IPCCMCCSI8'),('IPCCMCCSI9'),('IPCCMCCSJ2'),('IPCCMCCSJ5'),('IPCCMCCSJ1'),('IPCCMCCSJ3'),('IPCCMCCSK1'),('IPCCMCCSJ9'),('IPCCMCCSJ8'),('IPCCMCCSK6'),('IPCCMCCSK7'),('IPCCMCCSK8'),('IPCCMCCSK3'),('IPCCMCCSK5'),('IPCCMCCSK4'),('IPCCMCCSK2'),('IPCCMCCSL1'),('IPCCMCCSL2'),('IPCCMCCSL5'),('IPCCMCCSL7'),('IPCCMCCSL8'),('IPCCMCCSUP'),('IPCCMCCSM3'),('IPCCMCCSM5'),('IPCCMCCSM2'),('IPCCMCCSM4'),('IPCCMCCSM9'),('IPCCMCCSM1'),('IPCCMCCSM8'),('IPCCMCCSM6'),('IPCCMCCSM7'),('IPCCMCCSL9'),('IPCCMCCSN1'),('IPCCMCCSN3'),('IPCCMCCSN4'),('IPCCMCCSN6'),('IPCCMCCSN7'),('IPCCMCCSN5'),('IPCCMCCSN8'),('MCPPLUXEUR'),('MCLUXBREUR'),('MPLUBEUIPC'),('MPLUCEUIPC'),('MPLUBUSIPC'),('MPLUCUSIPC'),('MCLUXEUPCI'),('MCLUXBRPCI'),('CIILUXFLT'),('MFSCLUXEUR'),('MP31DNAUSD'),('MP31DTDUSD'),('MCLUXEREUR'),('MCLUXRNEUR'),('IPCCMCCS'),('FCTS'),('XXXPMICOLS'),('PMICOLSUP'),('SUPPELD'),('CLEARSTRM'),('ELLMFSA'),('ELLMESA'),('RIADMCLXB'),('RILUXCO'),('XXRIREHII'),('XXXRIHKRE'),('LUXBREUR'),('XXXRIUSRE8'),('RICIILUX2')

)

select * from risk_prod.rmv_cs01 ana
INNER JOIN (select business_date as sa_business_date,SPLIT_PART(node_path, '|',3) AS Department_SA,
                      SPLIT_PART(node_path, '|',4) AS Strategy_SA,
                      SPLIT_PART(node_path, '|',5) AS program_SA, 
                      SPLIT_PART(node_path, '|',13) AS MP_SA from risk_prod.dim_hierarchy_node where business_date >= '2025-04-01' and hierarchy_type in ('SA') and node_level=12) dh 
ON ana.scd_model_portfolio = dh.MP_SA and ana.business_date = dh.sa_business_date
where ana.business_date >= '2025-04-01' and program_SA IN ('Excess Liquidity Deployment','Collateral Optimization','Financing') and MP_SA NOT IN (select MP from ellm_mp_exclude)) AS ""ELLM_CS01""
WHERE date_trunc('day', CAST(CAST(PARSE_DATETIME(""business_date"", 'yyyy-MM-dd') AS TIMESTAMP) AS TIMESTAMP)) = date_trunc('day', CAST(CAST(PARSE_DATETIME('2025-06-10 00:00:00', 'yyyy-MM-dd HH:mm:ss') AS TIMESTAMP) AS TIMESTAMP))
GROUP BY ""cs01_tenor"", ""product_group""
) AS ""t""
) AS ""t0""
) AS ""t1""
WHERE ""$RANK_1"" > 500 AND ""$RANK_1"" <= 1000 AND ""$RANK_3"" <= 100
ORDER BY ""$RANK_1"", ""$RANK_3""
) AS ""t2"""
89014767c1e9c92b092bd65324a4c647a8acbc2862ea3c1b671f61a7ae0c3e55,"/* cppi::89014767c1e9c92b092bd65324a4c647a8acbc2862ea3c1b671f61a7ae0c3e55 */
/* QuickSight a6def9ca-48c0-4627-a6dc-35125ea9fc0e 
 {""partner"":""QuickSight"",""entityId"":""1e27d052-93e4-42ae-9847-cb688b7f08c5"",""sheetId"":""1e27d052-93e4-42ae-9847-cb688b7f08c5_f7c32031-6a46-4147-8457-ae6e92950f16"",""visualId"":""1e27d052-93e4-42ae-9847-cb688b7f08c5_427fa6d4-9101-4e00-b36c-454c9c18b812""} */
SELECT ""0bc0daeb-e781-4ab1-ab18-5098d382c10d.cs01_tenor"", ""0bc0daeb-e781-4ab1-ab18-5098d382c10d.product_group"", ""count"", ""0bc0daeb-e781-4ab1-ab18-5098d382c10d.cs01_cad_value_sum"", ""ac092318-86e4-4c50-8e83-51f3f18950b2_avg"", ""2619696b-42c6-3150-9c84-e0d265c111e4"", ""7777c404-875b-310a-859c-88080e271119"", ""0bc0daeb-e781-4ab1-ab18-5098d382c10d.cs01_cad_value_sum$totals"", ""$RANK_1"" - 501 AS ""$row_index"", ""$RANK_3"" - 1 AS ""$col_index""
FROM (
SELECT *
FROM (
SELECT ""0bc0daeb-e781-4ab1-ab18-5098d382c10d.cs01_tenor"", ""0bc0daeb-e781-4ab1-ab18-5098d382c10d.product_group"", ""count"", ""0bc0daeb-e781-4ab1-ab18-5098d382c10d.cs01_cad_value_sum"", ""ac092318-86e4-4c50-8e83-51f3f18950b2_avg"", ""2619696b-42c6-3150-9c84-e0d265c111e4"", ""7777c404-875b-310a-859c-88080e271119"", ""0bc0daeb-e781-4ab1-ab18-5098d382c10d.cs01_cad_value_sum$totals"", ""$RANK_1"", DENSE_RANK() OVER (ORDER BY ""$TOTAL_OVER_2"" NULLS FIRST, ""0bc0daeb-e781-4ab1-ab18-5098d382c10d.cs01_tenor"" NULLS FIRST) AS ""$RANK_3""
FROM (
SELECT ""0bc0daeb-e781-4ab1-ab18-5098d382c10d.cs01_tenor"", ""0bc0daeb-e781-4ab1-ab18-5098d382c10d.product_group"", ""count"", ""0bc0daeb-e781-4ab1-ab18-5098d382c10d.cs01_cad_value_sum"", ""ac092318-86e4-4c50-8e83-51f3f18950b2_avg"", ""2619696b-42c6-3150-9c84-e0d265c111e4"", ""7777c404-875b-310a-859c-88080e271119"", ""0bc0daeb-e781-4ab1-ab18-5098d382c10d.cs01_cad_value_sum$totals"", ""$RANK_1"", SUM(CAST(""$weighted_avg_count_5"" AS DOUBLE) / NULLIF(CAST(""$weighted_avg_count_over_6"" AS DOUBLE), 0) * ""ac092318-86e4-4c50-8e83-51f3f18950b2_avg"") OVER (PARTITION BY ""0bc0daeb-e781-4ab1-ab18-5098d382c10d.cs01_tenor"") AS ""$TOTAL_OVER_2""
FROM (
SELECT ""cs01_tenor"" AS ""0bc0daeb-e781-4ab1-ab18-5098d382c10d.cs01_tenor"", ""product_group"" AS ""0bc0daeb-e781-4ab1-ab18-5098d382c10d.product_group"", COUNT(*) AS ""count"", SUM(""cs01_cad_value"") AS ""0bc0daeb-e781-4ab1-ab18-5098d382c10d.cs01_cad_value_sum"", AVG(CASE WHEN ""cs01_tenor"" = 'O/N' THEN 1 WHEN ""cs01_tenor"" = '1W' THEN 2 WHEN ""cs01_tenor"" = '1M' THEN 3 WHEN ""cs01_tenor"" = '3M' THEN 4 WHEN ""cs01_tenor"" = '6M' THEN 5 WHEN ""cs01_tenor"" = '1Y' THEN 6 WHEN ""cs01_tenor"" = '2Y' THEN 7 WHEN ""cs01_tenor"" = '3Y' THEN 8 WHEN ""cs01_tenor"" = '5Y' THEN 9 WHEN ""cs01_tenor"" = '7Y' THEN 10 WHEN ""cs01_tenor"" = '10Y' THEN 11 WHEN ""cs01_tenor"" = '15Y' THEN 12 WHEN ""cs01_tenor"" = '20Y' THEN 13 WHEN ""cs01_tenor"" = '30Y' THEN 14 ELSE 15 END) AS ""ac092318-86e4-4c50-8e83-51f3f18950b2_avg"", SUM(SUM(""cs01_cad_value"")) OVER (PARTITION BY ""cs01_tenor"") AS ""2619696b-42c6-3150-9c84-e0d265c111e4"", SUM(SUM(""cs01_cad_value"")) OVER (PARTITION BY ""product_group"") AS ""7777c404-875b-310a-859c-88080e271119"", SUM(SUM(""cs01_cad_value"")) OVER () AS ""0bc0daeb-e781-4ab1-ab18-5098d382c10d.cs01_cad_value_sum$totals"", DENSE_RANK() OVER (ORDER BY ""product_group"" NULLS FIRST) AS ""$RANK_1"", COUNT(CASE WHEN ""cs01_tenor"" = 'O/N' THEN 1 WHEN ""cs01_tenor"" = '1W' THEN 2 WHEN ""cs01_tenor"" = '1M' THEN 3 WHEN ""cs01_tenor"" = '3M' THEN 4 WHEN ""cs01_tenor"" = '6M' THEN 5 WHEN ""cs01_tenor"" = '1Y' THEN 6 WHEN ""cs01_tenor"" = '2Y' THEN 7 WHEN ""cs01_tenor"" = '3Y' THEN 8 WHEN ""cs01_tenor"" = '5Y' THEN 9 WHEN ""cs01_tenor"" = '7Y' THEN 10 WHEN ""cs01_tenor"" = '10Y' THEN 11 WHEN ""cs01_tenor"" = '15Y' THEN 12 WHEN ""cs01_tenor"" = '20Y' THEN 13 WHEN ""cs01_tenor"" = '30Y' THEN 14 ELSE 15 END) AS ""$weighted_avg_count_5"", SUM(COUNT(CASE WHEN ""cs01_tenor"" = 'O/N' THEN 1 WHEN ""cs01_tenor"" = '1W' THEN 2 WHEN ""cs01_tenor"" = '1M' THEN 3 WHEN ""cs01_tenor"" = '3M' THEN 4 WHEN ""cs01_tenor"" = '6M' THEN 5 WHEN ""cs01_tenor"" = '1Y' THEN 6 WHEN ""cs01_tenor"" = '2Y' THEN 7 WHEN ""cs01_tenor"" = '3Y' THEN 8 WHEN ""cs01_tenor"" = '5Y' THEN 9 WHEN ""cs01_tenor"" = '7Y' THEN 10 WHEN ""cs01_tenor"" = '10Y' THEN 11 WHEN ""cs01_tenor"" = '15Y' THEN 12 WHEN ""cs01_tenor"" = '20Y' THEN 13 WHEN ""cs01_tenor"" = '30Y' THEN 14 ELSE 15 END)) OVER (PARTITION BY ""cs01_tenor"") AS ""$weighted_avg_count_over_6""
FROM (with ellm_mp_exclude(MP) as (
    values ('XXXGCMRGAC'),('XXXFSCSHEQ'),('XXIPCFSBCS'),('XXXSUPPREP'),('XXXCMCDET2'),('XXXCMFDET1'),('XXXCMFDET2'),('RIRBPLEVG'),('SUPPREPO'),('IPCCMCCSG'),('IPCCMCCSH'),('IPCCMCCSI'),('IPCCMCCSJ'),('IPCCMCCSK'),('IPCCMCCSL'),('IPCCMCCSM'),('IPCCMCCSN'),('IPCCMCCSO'),('IPCCMCCSP'),('IPCCMCCSQ'),('IPCCMCCSR'),('IPCCMCCSS'),('XIPCCMCCST'),('XIPCCMCCSU'),('IPCCMCCSV'),('IPCCMCCSW'),('IPCCMCCSX'),('IPCCMCCSY'),('IPCCMCCSA'),('IPCCMCCSB'),('IPCCMCCSC'),('IPCCMCCSD'),('IPCCMCCSE'),('IPCCMCCSF'),('IPCCMCCSZ'),('IPCCMCCS2'),('IPCCMCCS3'),('IPCCMCCS4'),('IPCCMCCS5'),('IPCCMCCS6'),('IPCCMCCS7'),('IPCCMCCS8'),('IPCCMCCS9'),('IPCCMCCS10'),('IPCCMCCS11'),('IPCCMCCS12'),('IPCCMCCS13'),('IPCCMCCS14'),('IPCCMCCS15'),('IPCCMCCS16'),('IPCCMCCS17'),('IPCCMCCS19'),('IPCCMCCS20'),('IPCCMCCS22'),('IPCCMCCS23'),('IPCCMCCS24'),('IPCCMCCS25'),('IPCCMCCS26'),('IPCCMCCS27'),('IPCCMCCS28'),('IPCCMCCS29'),('IPCCMCCS30'),('IPCCMCCS31'),('IPCCMCCS32'),('IPCCMCCS33'),('IPCCMCCS21'),('IPCCMCCS34'),('IPCCMCCS37'),('IPCCMCCS39'),('IPCCMCCS38'),('IPCCMCCS40'),('IPCCMCCS41'),('IPCCMCCS43'),('XXXXMCCS44'),('XXXCMCCS42'),('IPCCMCCS45'),('IPCCMCCS46'),('IPCCMCCS47'),('IPCCMCCS48'),('IPCCMCCS50'),('IPCCMCCS49'),('IPCCMCCS51'),('IPCCMCCS52'),('IPCCMCCS54'),('IPCCMCCS56'),('IPCCMCCS57'),('IPCCMCCS59'),('IPCCMCCS58'),('IPCCMCCS60'),('IPCCMCCS61'),('IPCCMCCS62'),('IPCCMCCS63'),('IPCCMCCS64'),('IPCCMCCS65'),('IPCCMCCS67'),('IPCCMCCS66'),('IPCCMCCS68'),('IPCCMCCS69'),('IPCCMCCS71'),('IPCCMCCS72'),('IPCCMCCS70'),('IPCCMCCS73'),('IPCCMCCS74'),('IPCCMCCS75'),('IPCCMCCS76'),('IPCCMCCS77'),('IPCCMCCS78'),('IPCCMCCS79'),('IPCCMCCS80'),('IPCCMCCS81'),('IPCCMCCS82'),('IPCCMCCS83'),('IPCCMCCS84'),('IPCCMCCS85'),('IPCCMCCS86'),('IPCCMCCS87'),('IPCCMCCS88'),('IPCCMCCS94'),('IPCCMCCS95'),('IPCCMCCS96'),('IPCCMCCS97'),('IPCCMCCSA2'),('IPCCMCCS99'),('IPCCMCCS98'),('IPCCMCCSA3'),('IPCCMCCSA1'),('IPCCMCCSA4'),('IPCCMCCSA6'),('IPCCMCCSA5'),('IPCCMCCSA7'),('IPCCMCCSA8'),('IPCCMCCSB2'),('IPCCMCCSA9'),('IPCCMCCSB1'),('IPCCMCCSB3'),('IPCCMCCSB4'),('IPCCMCCSB5'),('IPCCMCCSB6'),('IPCCMCCSB7'),('IPCCMCCSC4'),('IPCCMCCSC5'),('IPCCMCCSC6'),('IPCCMCCSC7'),('IPCCMCCSD1'),('IPCCMCCSD2'),('IPCCMCCSD3'),('IPCCMCCSD4'),('IPCCMCCSD5'),('IPCCMCCSD6'),('IPCCMCCSD7'),('IPCCMCCSD8'),('IPCCMCCSD9'),('IPCCMCCSE1'),('IPCCMCCSE2'),('IPCCMCCSE4'),('IPCCMCCSE3'),('IPCCMCCSE6'),('IPCCMCCSE5'),('IPCCMCCSE7'),('IPCCMCCSE8'),('IPCCMCCSE9'),('IPCCMCCSF1'),('IPCCMCCSF2'),('IPCCMCCSF3'),('IPCCMCCSF4'),('IPCCMCCSF5'),('IPCCMCCSF6'),('IPCCMCCSF7'),('IPCCMCCSF8'),('IPCCMCCSF9'),('IPCCMCCSG2'),('IPCCMCCSG3'),('IPCCMCCSG4'),('IPCCMCCSG5'),('IPCCMCCSG6'),('IPCCMCCSG7'),('IPCCMCCSG8'),('IPCCMCCSG9'),('IPCCMCCSH2'),('IPCCMCCSH3'),('IPCCMCCSH4'),('IPCCMCCSH1'),('IPCCMCCSH5'),('IPCCMCCSH6'),('IPCCMCCSH7'),('IPCCMCCSH8'),('IPCCMCCSH9'),('IPCCMCCSI1'),('IPCCMCCSI2'),('IPCCMCCSI3'),('IPCCMCCSI4'),('IPCCMCCSI6'),('IPCCMCCSI5'),('IPCCMCCSI8'),('IPCCMCCSI9'),('IPCCMCCSJ2'),('IPCCMCCSJ5'),('IPCCMCCSJ1'),('IPCCMCCSJ3'),('IPCCMCCSK1'),('IPCCMCCSJ9'),('IPCCMCCSJ8'),('IPCCMCCSK6'),('IPCCMCCSK7'),('IPCCMCCSK8'),('IPCCMCCSK3'),('IPCCMCCSK5'),('IPCCMCCSK4'),('IPCCMCCSK2'),('IPCCMCCSL1'),('IPCCMCCSL2'),('IPCCMCCSL5'),('IPCCMCCSL7'),('IPCCMCCSL8'),('IPCCMCCSUP'),('IPCCMCCSM3'),('IPCCMCCSM5'),('IPCCMCCSM2'),('IPCCMCCSM4'),('IPCCMCCSM9'),('IPCCMCCSM1'),('IPCCMCCSM8'),('IPCCMCCSM6'),('IPCCMCCSM7'),('IPCCMCCSL9'),('IPCCMCCSN1'),('IPCCMCCSN3'),('IPCCMCCSN4'),('IPCCMCCSN6'),('IPCCMCCSN7'),('IPCCMCCSN5'),('IPCCMCCSN8'),('MCPPLUXEUR'),('MCLUXBREUR'),('MPLUBEUIPC'),('MPLUCEUIPC'),('MPLUBUSIPC'),('MPLUCUSIPC'),('MCLUXEUPCI'),('MCLUXBRPCI'),('CIILUXFLT'),('MFSCLUXEUR'),('MP31DNAUSD'),('MP31DTDUSD'),('MCLUXEREUR'),('MCLUXRNEUR'),('IPCCMCCS'),('FCTS'),('XXXPMICOLS'),('PMICOLSUP'),('SUPPELD'),('CLEARSTRM'),('ELLMFSA'),('ELLMESA'),('RIADMCLXB'),('RILUXCO'),('XXRIREHII'),('XXXRIHKRE'),('LUXBREUR'),('XXXRIUSRE8'),('RICIILUX2')

)

select * from risk_prod.rmv_cs01 ana
INNER JOIN (select business_date as sa_business_date,SPLIT_PART(node_path, '|',3) AS Department_SA,
                      SPLIT_PART(node_path, '|',4) AS Strategy_SA,
                      SPLIT_PART(node_path, '|',5) AS program_SA, 
                      SPLIT_PART(node_path, '|',13) AS MP_SA from risk_prod.dim_hierarchy_node where business_date >= '2025-04-01' and hierarchy_type in ('SA') and node_level=12) dh 
ON ana.scd_model_portfolio = dh.MP_SA and ana.business_date = dh.sa_business_date
where ana.business_date >= '2025-04-01' and program_SA IN ('Excess Liquidity Deployment','Collateral Optimization','Financing') and MP_SA NOT IN (select MP from ellm_mp_exclude)) AS ""ELLM_CS01""
WHERE date_trunc('day', CAST(CAST(PARSE_DATETIME(""business_date"", 'yyyy-MM-dd') AS TIMESTAMP) AS TIMESTAMP)) = date_trunc('day', CAST(CAST(PARSE_DATETIME('2025-06-10 00:00:00', 'yyyy-MM-dd HH:mm:ss') AS TIMESTAMP) AS TIMESTAMP))
GROUP BY ""cs01_tenor"", ""product_group""
) AS ""t""
) AS ""t0""
) AS ""t1""
WHERE ""$RANK_1"" > 500 AND ""$RANK_1"" <= 1000 AND ""$RANK_3"" <= 100
ORDER BY ""$RANK_1"", ""$RANK_3""
) AS ""t2"""
ef375d49613230d7baf01ba9373223ea4ff96f42c270e06b30f9237ad436978e,"/* cppi::ef375d49613230d7baf01ba9373223ea4ff96f42c270e06b30f9237ad436978e */
select * from cmf.pipeline_event 
    where job like '03%model_gen%portfolio' 
    and event = 'end' 
    and strategy_id = 'tfm_ai_long_short_v1'
    and date_ =  '2025-06-10'"
d149fb9836e19202ccc33c7f4b1cacbc589aed908feb90c7b12ba2e3289e3e6e,"/* cppi::d149fb9836e19202ccc33c7f4b1cacbc589aed908feb90c7b12ba2e3289e3e6e */
select * from cmf.pipeline_event 
    where job like '03%model_gen%portfolio' 
    and event = 'end' 
    and strategy_id = 'us_eb_gics30_v3'
    and date_ =  '2025-06-10'"
071c950d82506067bbae76ae5218634c5e0c20c50f6de412dd56da9bcc52707d,"/* cppi::071c950d82506067bbae76ae5218634c5e0c20c50f6de412dd56da9bcc52707d */
select * from cmf.pipeline_event 
    where job like '03%model_gen%portfolio' 
    and event = 'end' 
    and strategy_id = 'euxuk_v9'
    and date_ =  '2025-06-10'"
ef375d49613230d7baf01ba9373223ea4ff96f42c270e06b30f9237ad436978e,"/* cppi::ef375d49613230d7baf01ba9373223ea4ff96f42c270e06b30f9237ad436978e */
select * from cmf.pipeline_event 
    where job like '03%model_gen%portfolio' 
    and event = 'end' 
    and strategy_id = 'tfm_ai_long_short_v1'
    and date_ =  '2025-06-10'"
e514112a7748503c71299fa566d592de6a976b7a6212e6f6281891342301336e,"/* cppi::e514112a7748503c71299fa566d592de6a976b7a6212e6f6281891342301336e */
SELECT pricing_date, security_id as cppib_sec_id, daily_return
FROM market.cppib_market_equity_prices
WHERE pricing_date > DATE_ADD('year', -1, date'2022-06-27') and pricing_date <= date'2025-06-11'
AND pricing_date >= date'2022-04-01'
AND is_suspended_flag = 0 AND is_exchange_holiday = 0
and security_id in (23894319, 8117, 17195533, 885, 596, 1572, 1394, 7100, 13135914, 1489, 17477277, 4625, 21272659, 3281538, 13300, 3400, 7030, 19115522, 22305457, 108, 827, 23153166, 24924821, 24739654, 3418, 3125, 3223417, 760, 1594, 18475732, 6971160, 19383090, 24159135, 1179, 9796, 4717, 205813, 23313591, 10579, 10390, 11346, 19369850, 3336469, 18276562, 6287, 26783965, 26530198)"
8a49342d60a9cd5287302c36ae7678c8a339af2d8cef5899cff84c882c74eabf,"/* cppi::8a49342d60a9cd5287302c36ae7678c8a339af2d8cef5899cff84c882c74eabf */
SELECT 1 FROM ioa_uat.tpm_tpm_daily_factor_portfolio_weights WHERE edl_meta_business_date='2025-06-09' limit 1"
0703e8434d42ff28d9317a5f60423704a8fb6585db6d3bec144c7c84f916348e,"/* cppi::0703e8434d42ff28d9317a5f60423704a8fb6585db6d3bec144c7c84f916348e */
-- Athena JDBC driver connection test
SELECT 1"
bb6bacc670af5eea3b2c739a0f14a5988c05759e369cd76dd38b47ecf25bf06e,"/* cppi::bb6bacc670af5eea3b2c739a0f14a5988c05759e369cd76dd38b47ecf25bf06e */
SELECT
            DISTINCT sec.cppib_security_id,
            sec.issuer_identifier,
            corp.cppib_entity_id,
            corp.party_name AS company,
            corp.party_short_name AS company_short_name,
            corp.start_date AS period_start,
            corp.end_date AS period_end,
            corp.reporting_currency AS ccy,
            corp.revenue,
            corp.gross_profit,
            corp.reported_unadjusted_ebitda,
            corp.reported_adjusted_ebitda,
            corp.cpp_adjusted_ebitda,
            corp.reported_ebit,
            corp.adjusted_ebit,
            corp.interest_expense,
            corp.tax_expense,
            corp.net_income,
            corp.total_assets,
            corp.total_liabilities,
            corp.total_equity,
            corp.cash_from_operations,
            corp.cash_from_investing,
            corp.cash_from_financing,
            corp.capital_expenditure,
            corp.change_in_net_working_capital,
            corp.net_change_in_cash,
            corp.levered_free_cash_flow,
            corp.unlevered_free_cash_flow,
            corp.lfcf_yield_to_gross_total_secured_debt,
            corp.lfcf_yield_to_gross_total_unsecured_debt,
            corp.lfcf_yield_to_gross_total_debt,
            corp.ulfcf_yield_to_gross_total_secured_debt,
            corp.ulfcf_yield_to_gross_total_unsecured_debt,
            corp.ulfcf_yield_to_gross_total_debt,
            corp.levered_free_cash_flow_yield,
            corp.unlevered_free_cash_flow_yield,
            corp.cash,
            corp.senior_secured_debt,
            corp.subordinated_secured_debt,
            corp.total_secured_debt,
            corp.senior_unsecured_debt,
            corp.subordinated_unsecured_debt,
            corp.total_unsecured_debt,
            corp.hybrid_securities,
            corp.total_gross_debt,
            corp.total_net_debt,
            corp.equity,
            corp.market_capitalization,
            corp.total_enterprise_value,
            corp.reported_unadjusted_ebitda_margin,
            corp.reported_adjusted_ebitda_margin,
            corp.cpp_adjusted_ebitda_margin,
            corp.secured_gross_leverage_reported_unadjusted_ebitda,
            corp.unsecured_gross_leverage_reported_unadjusted_ebitda,
            corp.total_gross_leverage_reported_unadjusted_ebitda,
            corp.total_net_leverage_reported_unadjusted_ebitda,
            corp.secured_gross_leverage_reported_adjusted_ebitda,
            corp.unsecured_gross_leverage_reported_adjusted_ebitda,
            corp.total_gross_leverage_reported_adjusted_ebitda,
            corp.total_net_leverage_reported_adjusted_ebitda,
            corp.secured_gross_leverage_cpp_adjusted_ebitda,
            corp.unsecured_gross_leverage_cpp_adjusted_ebitda,
            corp.total_gross_leverage_cpp_adjusted_ebitda,
            corp.total_net_leverage_cpp_adjusted_ebitda,
            corp.senior_secured_leverage_reported_adjusted_ebitda,
            corp.senior_unsecured_leverage_reported_adjusted_ebitda,
            corp.subordinated_secured_leverage_reported_adjusted_ebitda,
            corp.subordinated_unsecured_leverage_reported_adjusted_ebitda,
            corp.interest_coverage_reported_unadjusted_ebitda,
            corp.interest_coverage_reported_adjusted_ebitda,
            corp.interest_coverage_cpp_adjusted_ebitda,
            corp.interest_coverage_reported_ebit,
            corp.interest_coverage_adjusted_ebit,
            corp.cash_flow_to_debt_ratio,
            corp.ltm_revenue,
            corp.ltm_gross_profit,
            corp.ltm_reported_unadjusted_ebitda,
            corp.ltm_reported_adjusted_ebitda,
            corp.ltm_cpp_adjusted_ebitda,
            corp.ltm_reported_ebit,
            corp.ltm_adjusted_ebit,
            corp.ltm_interest_expense,
            corp.ltm_tax_expense,
            corp.ltm_net_income,
            corp.ltm_cash_from_operations,
            corp.ltm_cash_from_investing,
            corp.ltm_cash_from_financing,
            corp.ltm_capital_expenditure,
            corp.ltm_change_in_net_working_capital,
            corp.ltm_net_change_in_cash,
            corp.ltm_levered_free_cash_flow,
            corp.ltm_unlevered_free_cash_flow,
            corp.ltm_reported_unadjusted_ebitda_margin,
            corp.ltm_reported_adjusted_ebitda_margin,
            corp.ltm_cpp_adjusted_ebitda_margin
        FROM
            reference.ci_sentry_security sec
            LEFT JOIN reference.ci_sentry_fundamental_corporate corp ON sec.issuer_identifier = corp.organization_id
        WHERE
            sec.cppib_security_id <> ''
            AND corp.template_name = 'Corporate Actual Fundamentals'
            AND corp.scenario_type = 'Actual'
            AND corp.end_date = '2018-04-30'
        ORDER BY
            sec.issuer_identifier"
bb6bacc670af5eea3b2c739a0f14a5988c05759e369cd76dd38b47ecf25bf06e,"/* cppi::bb6bacc670af5eea3b2c739a0f14a5988c05759e369cd76dd38b47ecf25bf06e */
SELECT
            DISTINCT sec.cppib_security_id,
            sec.issuer_identifier,
            corp.cppib_entity_id,
            corp.party_name AS company,
            corp.party_short_name AS company_short_name,
            corp.start_date AS period_start,
            corp.end_date AS period_end,
            corp.reporting_currency AS ccy,
            corp.revenue,
            corp.gross_profit,
            corp.reported_unadjusted_ebitda,
            corp.reported_adjusted_ebitda,
            corp.cpp_adjusted_ebitda,
            corp.reported_ebit,
            corp.adjusted_ebit,
            corp.interest_expense,
            corp.tax_expense,
            corp.net_income,
            corp.total_assets,
            corp.total_liabilities,
            corp.total_equity,
            corp.cash_from_operations,
            corp.cash_from_investing,
            corp.cash_from_financing,
            corp.capital_expenditure,
            corp.change_in_net_working_capital,
            corp.net_change_in_cash,
            corp.levered_free_cash_flow,
            corp.unlevered_free_cash_flow,
            corp.lfcf_yield_to_gross_total_secured_debt,
            corp.lfcf_yield_to_gross_total_unsecured_debt,
            corp.lfcf_yield_to_gross_total_debt,
            corp.ulfcf_yield_to_gross_total_secured_debt,
            corp.ulfcf_yield_to_gross_total_unsecured_debt,
            corp.ulfcf_yield_to_gross_total_debt,
            corp.levered_free_cash_flow_yield,
            corp.unlevered_free_cash_flow_yield,
            corp.cash,
            corp.senior_secured_debt,
            corp.subordinated_secured_debt,
            corp.total_secured_debt,
            corp.senior_unsecured_debt,
            corp.subordinated_unsecured_debt,
            corp.total_unsecured_debt,
            corp.hybrid_securities,
            corp.total_gross_debt,
            corp.total_net_debt,
            corp.equity,
            corp.market_capitalization,
            corp.total_enterprise_value,
            corp.reported_unadjusted_ebitda_margin,
            corp.reported_adjusted_ebitda_margin,
            corp.cpp_adjusted_ebitda_margin,
            corp.secured_gross_leverage_reported_unadjusted_ebitda,
            corp.unsecured_gross_leverage_reported_unadjusted_ebitda,
            corp.total_gross_leverage_reported_unadjusted_ebitda,
            corp.total_net_leverage_reported_unadjusted_ebitda,
            corp.secured_gross_leverage_reported_adjusted_ebitda,
            corp.unsecured_gross_leverage_reported_adjusted_ebitda,
            corp.total_gross_leverage_reported_adjusted_ebitda,
            corp.total_net_leverage_reported_adjusted_ebitda,
            corp.secured_gross_leverage_cpp_adjusted_ebitda,
            corp.unsecured_gross_leverage_cpp_adjusted_ebitda,
            corp.total_gross_leverage_cpp_adjusted_ebitda,
            corp.total_net_leverage_cpp_adjusted_ebitda,
            corp.senior_secured_leverage_reported_adjusted_ebitda,
            corp.senior_unsecured_leverage_reported_adjusted_ebitda,
            corp.subordinated_secured_leverage_reported_adjusted_ebitda,
            corp.subordinated_unsecured_leverage_reported_adjusted_ebitda,
            corp.interest_coverage_reported_unadjusted_ebitda,
            corp.interest_coverage_reported_adjusted_ebitda,
            corp.interest_coverage_cpp_adjusted_ebitda,
            corp.interest_coverage_reported_ebit,
            corp.interest_coverage_adjusted_ebit,
            corp.cash_flow_to_debt_ratio,
            corp.ltm_revenue,
            corp.ltm_gross_profit,
            corp.ltm_reported_unadjusted_ebitda,
            corp.ltm_reported_adjusted_ebitda,
            corp.ltm_cpp_adjusted_ebitda,
            corp.ltm_reported_ebit,
            corp.ltm_adjusted_ebit,
            corp.ltm_interest_expense,
            corp.ltm_tax_expense,
            corp.ltm_net_income,
            corp.ltm_cash_from_operations,
            corp.ltm_cash_from_investing,
            corp.ltm_cash_from_financing,
            corp.ltm_capital_expenditure,
            corp.ltm_change_in_net_working_capital,
            corp.ltm_net_change_in_cash,
            corp.ltm_levered_free_cash_flow,
            corp.ltm_unlevered_free_cash_flow,
            corp.ltm_reported_unadjusted_ebitda_margin,
            corp.ltm_reported_adjusted_ebitda_margin,
            corp.ltm_cpp_adjusted_ebitda_margin
        FROM
            reference.ci_sentry_security sec
            LEFT JOIN reference.ci_sentry_fundamental_corporate corp ON sec.issuer_identifier = corp.organization_id
        WHERE
            sec.cppib_security_id <> ''
            AND corp.template_name = 'Corporate Actual Fundamentals'
            AND corp.scenario_type = 'Actual'
            AND corp.end_date = '2018-04-30'
        ORDER BY
            sec.issuer_identifier"
e514112a7748503c71299fa566d592de6a976b7a6212e6f6281891342301336e,"/* cppi::e514112a7748503c71299fa566d592de6a976b7a6212e6f6281891342301336e */
SELECT pricing_date, security_id as cppib_sec_id, daily_return
FROM market.cppib_market_equity_prices
WHERE pricing_date > DATE_ADD('year', -1, date'2022-06-27') and pricing_date <= date'2025-06-11'
AND pricing_date >= date'2022-04-01'
AND is_suspended_flag = 0 AND is_exchange_holiday = 0
and security_id in (23894319, 8117, 17195533, 885, 596, 1572, 1394, 7100, 13135914, 1489, 17477277, 4625, 21272659, 3281538, 13300, 3400, 7030, 19115522, 22305457, 108, 827, 23153166, 24924821, 24739654, 3418, 3125, 3223417, 760, 1594, 18475732, 6971160, 19383090, 24159135, 1179, 9796, 4717, 205813, 23313591, 10579, 10390, 11346, 19369850, 3336469, 18276562, 6287, 26783965, 26530198)"
7037108dfddb407acb103f9f3c3397d9109c910107f8434a7bb1e0273745012f,"/* cppi::7037108dfddb407acb103f9f3c3397d9109c910107f8434a7bb1e0273745012f */
select * from cmf.pipeline_event 
    where job like '03%model_gen%portfolio' 
    and event = 'end' 
    and strategy_id = 'global_em_long_short_v1'
    and date_ =  '2025-06-10'"
c2649e7d6f1c7ef66d99b02920b48da1dafdbd64754c3d47d96ad707f1d9db4c,"/* cppi::c2649e7d6f1c7ef66d99b02920b48da1dafdbd64754c3d47d96ad707f1d9db4c */
SELECT * 
FROM holdings.seed_holding_lookthrough
WHERE business_date >= date'2025-6-10' 
AND instrument_type_name_parent NOT IN ('Synthetic Equity Index')

AND
(
--instrument_name_source LIKE ('%GDS%')
--security_number_parent IN ('EJP241218B')
--total_return_swap_index IN ('NDDUSG INDEX')
--AND id_model_portfolio IN ('CLG2','CLG5','FEAHSST')
--AND total_return_swap_index IS NOT NULL
--id_sedol = 'BLLJ4H7'
--id_isin IN ('US81141R1005')
--OR id_isin_underlying IN ('KRA3655501F0')
--instrument_type_name_parent = 'Unit'
id_cppibsec_parent IN ('29235368')
--id_cppibsec IN ('10792290','29221835')
--OR id_bloomberg_company IN (111567)
--OR id_bloomberg_ticker LIKE ('%APAX%')
--AND balance_nominal > 0
--investment_department_name in ('Private Equity')
--AND holding_level LIKE ('%LOOK%')
) 

ORDER BY 1"
0703e8434d42ff28d9317a5f60423704a8fb6585db6d3bec144c7c84f916348e,"/* cppi::0703e8434d42ff28d9317a5f60423704a8fb6585db6d3bec144c7c84f916348e */
-- Athena JDBC driver connection test
SELECT 1"
0703e8434d42ff28d9317a5f60423704a8fb6585db6d3bec144c7c84f916348e,"/* cppi::0703e8434d42ff28d9317a5f60423704a8fb6585db6d3bec144c7c84f916348e */
-- Athena JDBC driver connection test
SELECT 1"
bff8c0e4a08c9bc62b024144eb96ca2e38a9f8346c6db18227d1392b6c8ef371,"/* cppi::bff8c0e4a08c9bc62b024144eb96ca2e38a9f8346c6db18227d1392b6c8ef371 */
SELECT 1 FROM ioa_uat.tpm_tpm_rp_sx_ultx_ulcp_weight WHERE portfolio='SX' and edl_meta_business_date='2025-06-09' limit 1"
a51794cc94f700fe997f5bcd6f3e73add2d548a7a89ce507f4ebe6940fe1b597,"/* cppi::a51794cc94f700fe997f5bcd6f3e73add2d548a7a89ce507f4ebe6940fe1b597 */
select * from cmf.pipeline_event 
    where job like '03%model_gen%portfolio' 
    and event = 'end' 
    and strategy_id = 'us_eb_gics20_v3'
    and date_ =  '2025-06-10'"
ac4623c0453a9d1a6daa01a497f8ad25fd21d67c83c695d43b19cc29862623b6,"/* cppi::ac4623c0453a9d1a6daa01a497f8ad25fd21d67c83c695d43b19cc29862623b6 */
select * from cmf.pipeline_event 
    where job like '03%model_gen%portfolio' 
    and event = 'end' 
    and strategy_id = 'us_eb_gics25_v1'
    and date_ =  '2025-06-10'"
ad2f69a4769a69c367fa1be92816cb281cdf501d1a38e77f6dd0f473b18ca6b4,"/* cppi::ad2f69a4769a69c367fa1be92816cb281cdf501d1a38e77f6dd0f473b18ca6b4 */
select * from cmf.pipeline_event 
    where job like '03%model_gen%portfolio' 
    and event = 'end' 
    and strategy_id = 'us_eb_gics35_v3'
    and date_ =  '2025-06-10'"
d149fb9836e19202ccc33c7f4b1cacbc589aed908feb90c7b12ba2e3289e3e6e,"/* cppi::d149fb9836e19202ccc33c7f4b1cacbc589aed908feb90c7b12ba2e3289e3e6e */
select * from cmf.pipeline_event 
    where job like '03%model_gen%portfolio' 
    and event = 'end' 
    and strategy_id = 'us_eb_gics30_v3'
    and date_ =  '2025-06-10'"
ef375d49613230d7baf01ba9373223ea4ff96f42c270e06b30f9237ad436978e,"/* cppi::ef375d49613230d7baf01ba9373223ea4ff96f42c270e06b30f9237ad436978e */
select * from cmf.pipeline_event 
    where job like '03%model_gen%portfolio' 
    and event = 'end' 
    and strategy_id = 'tfm_ai_long_short_v1'
    and date_ =  '2025-06-10'"
ac4623c0453a9d1a6daa01a497f8ad25fd21d67c83c695d43b19cc29862623b6,"/* cppi::ac4623c0453a9d1a6daa01a497f8ad25fd21d67c83c695d43b19cc29862623b6 */
select * from cmf.pipeline_event 
    where job like '03%model_gen%portfolio' 
    and event = 'end' 
    and strategy_id = 'us_eb_gics25_v1'
    and date_ =  '2025-06-10'"
74508129188db2031dcd6f90f0b4b7b9f16b8474bdf498dbaffa69a9546f5f8d,"/* cppi::74508129188db2031dcd6f90f0b4b7b9f16b8474bdf498dbaffa69a9546f5f8d */
select run_id from dag_runs where dag_id = 'benchmark_msci_dag'and business_date = '2025-06-10'"
a26a61c0358623b21fdf191095f02e6628a014518e223ff180e634bd2d165e8a,"/* cppi::a26a61c0358623b21fdf191095f02e6628a014518e223ff180e634bd2d165e8a */
select
benchmark_name,
hierarchy_type,
hierarchy_node,
node_name,
node_level,
hierarchy_level as node_hierarchy_level,
business_date, 
cast(element_at(pnl, 1) as decimal(22,6)) AS t1,
cast(element_at(pnl, 2) as decimal(22,6)) AS t2,
cast(element_at(pnl, 3) as decimal(22,6)) AS t3,
cast(element_at(pnl, 4) as decimal(22,6)) AS t4,
cast(element_at(pnl, 5) as decimal(22,6)) AS t5,
cast(element_at(pnl, 6) as decimal(22,6)) AS t6,
cast(element_at(pnl, 7) as decimal(22,6)) AS t7,
cast(element_at(pnl, 8) as decimal(22,6)) AS t8,
cast(element_at(pnl, 9) as decimal(22,6)) AS t9,
cast(element_at(pnl, 10) as decimal(22,6)) AS t10,
cast(element_at(pnl, 11) as decimal(22,6)) AS t11,
cast(element_at(pnl, 12) as decimal(22,6)) AS t12,
cast(element_at(pnl, 13) as decimal(22,6)) AS t13,
cast(element_at(pnl, 14) as decimal(22,6)) AS t14,
cast(element_at(pnl, 15) as decimal(22,6)) AS t15,
cast(element_at(pnl, 16) as decimal(22,6)) AS t16,
cast(element_at(pnl, 17) as decimal(22,6)) AS t17,
cast(element_at(pnl, 18) as decimal(22,6)) AS t18,
cast(element_at(pnl, 19) as decimal(22,6)) AS t19,
cast(element_at(pnl, 20) as decimal(22,6)) AS t20,
cast(element_at(pnl, 21) as decimal(22,6)) AS t21,
cast(element_at(pnl, 22) as decimal(22,6)) AS t22,
cast(element_at(pnl, 23) as decimal(22,6)) AS t23,
cast(element_at(pnl, 24) as decimal(22,6)) AS t24,
cast(element_at(pnl, 25) as decimal(22,6)) AS t25,
cast(element_at(pnl, 26) as decimal(22,6)) AS t26,
cast(element_at(pnl, 27) as decimal(22,6)) AS t27,
cast(element_at(pnl, 28) as decimal(22,6)) AS t28,
cast(element_at(pnl, 29) as decimal(22,6)) AS t29,
cast(element_at(pnl, 30) as decimal(22,6)) AS t30,
cast(element_at(pnl, 31) as decimal(22,6)) AS t31,
cast(element_at(pnl, 32) as decimal(22,6)) AS t32,
cast(element_at(pnl, 33) as decimal(22,6)) AS t33,
cast(element_at(pnl, 34) as decimal(22,6)) AS t34,
cast(element_at(pnl, 35) as decimal(22,6)) AS t35,
cast(element_at(pnl, 36) as decimal(22,6)) AS t36,
cast(element_at(pnl, 37) as decimal(22,6)) AS t37,
cast(element_at(pnl, 38) as decimal(22,6)) AS t38,
cast(element_at(pnl, 39) as decimal(22,6)) AS t39,
cast(element_at(pnl, 40) as decimal(22,6)) AS t40,
cast(element_at(pnl, 41) as decimal(22,6)) AS t41,
cast(element_at(pnl, 42) as decimal(22,6)) AS t42,
cast(element_at(pnl, 43) as decimal(22,6)) AS t43,
cast(element_at(pnl, 44) as decimal(22,6)) AS t44,
cast(element_at(pnl, 45) as decimal(22,6)) AS t45,
cast(element_at(pnl, 46) as decimal(22,6)) AS t46,
cast(element_at(pnl, 47) as decimal(22,6)) AS t47,
cast(element_at(pnl, 48) as decimal(22,6)) AS t48,
cast(element_at(pnl, 49) as decimal(22,6)) AS t49,
cast(element_at(pnl, 50) as decimal(22,6)) AS t50,
cast(element_at(pnl, 51) as decimal(22,6)) AS t51,
cast(element_at(pnl, 52) as decimal(22,6)) AS t52,
cast(element_at(pnl, 53) as decimal(22,6)) AS t53,
cast(element_at(pnl, 54) as decimal(22,6)) AS t54,
cast(element_at(pnl, 55) as decimal(22,6)) AS t55,
cast(element_at(pnl, 56) as decimal(22,6)) AS t56,
cast(element_at(pnl, 57) as decimal(22,6)) AS t57,
cast(element_at(pnl, 58) as decimal(22,6)) AS t58,
cast(element_at(pnl, 59) as decimal(22,6)) AS t59,
cast(element_at(pnl, 60) as decimal(22,6)) AS t60,
cast(element_at(pnl, 61) as decimal(22,6)) AS t61,
cast(element_at(pnl, 62) as decimal(22,6)) AS t62,
cast(element_at(pnl, 63) as decimal(22,6)) AS t63,
cast(element_at(pnl, 64) as decimal(22,6)) AS t64,
cast(element_at(pnl, 65) as decimal(22,6)) AS t65,
cast(element_at(pnl, 66) as decimal(22,6)) AS t66,
cast(element_at(pnl, 67) as decimal(22,6)) AS t67,
cast(element_at(pnl, 68) as decimal(22,6)) AS t68,
cast(element_at(pnl, 69) as decimal(22,6)) AS t69,
cast(element_at(pnl, 70) as decimal(22,6)) AS t70,
cast(element_at(pnl, 71) as decimal(22,6)) AS t71,
cast(element_at(pnl, 72) as decimal(22,6)) AS t72,
cast(element_at(pnl, 73) as decimal(22,6)) AS t73,
cast(element_at(pnl, 74) as decimal(22,6)) AS t74,
cast(element_at(pnl, 75) as decimal(22,6)) AS t75,
cast(element_at(pnl, 76) as decimal(22,6)) AS t76,
cast(element_at(pnl, 77) as decimal(22,6)) AS t77,
cast(element_at(pnl, 78) as decimal(22,6)) AS t78,
cast(element_at(pnl, 79) as decimal(22,6)) AS t79,
cast(element_at(pnl, 80) as decimal(22,6)) AS t80,
cast(element_at(pnl, 81) as decimal(22,6)) AS t81,
cast(element_at(pnl, 82) as decimal(22,6)) AS t82,
cast(element_at(pnl, 83) as decimal(22,6)) AS t83,
cast(element_at(pnl, 84) as decimal(22,6)) AS t84,
cast(element_at(pnl, 85) as decimal(22,6)) AS t85,
cast(element_at(pnl, 86) as decimal(22,6)) AS t86,
cast(element_at(pnl, 87) as decimal(22,6)) AS t87,
cast(element_at(pnl, 88) as decimal(22,6)) AS t88,
cast(element_at(pnl, 89) as decimal(22,6)) AS t89,
cast(element_at(pnl, 90) as decimal(22,6)) AS t90,
cast(element_at(pnl, 91) as decimal(22,6)) AS t91,
cast(element_at(pnl, 92) as decimal(22,6)) AS t92,
cast(element_at(pnl, 93) as decimal(22,6)) AS t93,
cast(element_at(pnl, 94) as decimal(22,6)) AS t94,
cast(element_at(pnl, 95) as decimal(22,6)) AS t95,
cast(element_at(pnl, 96) as decimal(22,6)) AS t96,
cast(element_at(pnl, 97) as decimal(22,6)) AS t97,
cast(element_at(pnl, 98) as decimal(22,6)) AS t98,
cast(element_at(pnl, 99) as decimal(22,6)) AS t99,
cast(element_at(pnl, 100) as decimal(22,6)) AS t100,
cast(element_at(pnl, 101) as decimal(22,6)) AS t101,
cast(element_at(pnl, 102) as decimal(22,6)) AS t102,
cast(element_at(pnl, 103) as decimal(22,6)) AS t103,
cast(element_at(pnl, 104) as decimal(22,6)) AS t104,
cast(element_at(pnl, 105) as decimal(22,6)) AS t105,
cast(element_at(pnl, 106) as decimal(22,6)) AS t106,
cast(element_at(pnl, 107) as decimal(22,6)) AS t107,
cast(element_at(pnl, 108) as decimal(22,6)) AS t108,
cast(element_at(pnl, 109) as decimal(22,6)) AS t109,
cast(element_at(pnl, 110) as decimal(22,6)) AS t110,
cast(element_at(pnl, 111) as decimal(22,6)) AS t111,
cast(element_at(pnl, 112) as decimal(22,6)) AS t112,
cast(element_at(pnl, 113) as decimal(22,6)) AS t113,
cast(element_at(pnl, 114) as decimal(22,6)) AS t114,
cast(element_at(pnl, 115) as decimal(22,6)) AS t115,
cast(element_at(pnl, 116) as decimal(22,6)) AS t116,
cast(element_at(pnl, 117) as decimal(22,6)) AS t117,
cast(element_at(pnl, 118) as decimal(22,6)) AS t118,
cast(element_at(pnl, 119) as decimal(22,6)) AS t119,
cast(element_at(pnl, 120) as decimal(22,6)) AS t120,
cast(element_at(pnl, 121) as decimal(22,6)) AS t121,
cast(element_at(pnl, 122) as decimal(22,6)) AS t122,
cast(element_at(pnl, 123) as decimal(22,6)) AS t123,
cast(element_at(pnl, 124) as decimal(22,6)) AS t124,
cast(element_at(pnl, 125) as decimal(22,6)) AS t125,
cast(element_at(pnl, 126) as decimal(22,6)) AS t126,
cast(element_at(pnl, 127) as decimal(22,6)) AS t127,
cast(element_at(pnl, 128) as decimal(22,6)) AS t128,
cast(element_at(pnl, 129) as decimal(22,6)) AS t129,
cast(element_at(pnl, 130) as decimal(22,6)) AS t130,
cast(element_at(pnl, 131) as decimal(22,6)) AS t131,
cast(element_at(pnl, 132) as decimal(22,6)) AS t132,
cast(element_at(pnl, 133) as decimal(22,6)) AS t133,
cast(element_at(pnl, 134) as decimal(22,6)) AS t134,
cast(element_at(pnl, 135) as decimal(22,6)) AS t135,
cast(element_at(pnl, 136) as decimal(22,6)) AS t136,
cast(element_at(pnl, 137) as decimal(22,6)) AS t137,
cast(element_at(pnl, 138) as decimal(22,6)) AS t138,
cast(element_at(pnl, 139) as decimal(22,6)) AS t139,
cast(element_at(pnl, 140) as decimal(22,6)) AS t140,
cast(element_at(pnl, 141) as decimal(22,6)) AS t141,
cast(element_at(pnl, 142) as decimal(22,6)) AS t142,
cast(element_at(pnl, 143) as decimal(22,6)) AS t143,
cast(element_at(pnl, 144) as decimal(22,6)) AS t144,
cast(element_at(pnl, 145) as decimal(22,6)) AS t145,
cast(element_at(pnl, 146) as decimal(22,6)) AS t146,
cast(element_at(pnl, 147) as decimal(22,6)) AS t147,
cast(element_at(pnl, 148) as decimal(22,6)) AS t148,
cast(element_at(pnl, 149) as decimal(22,6)) AS t149,
cast(element_at(pnl, 150) as decimal(22,6)) AS t150,
cast(element_at(pnl, 151) as decimal(22,6)) AS t151,
cast(element_at(pnl, 152) as decimal(22,6)) AS t152,
cast(element_at(pnl, 153) as decimal(22,6)) AS t153,
cast(element_at(pnl, 154) as decimal(22,6)) AS t154,
cast(element_at(pnl, 155) as decimal(22,6)) AS t155,
cast(element_at(pnl, 156) as decimal(22,6)) AS t156,
cast(element_at(pnl, 157) as decimal(22,6)) AS t157,
cast(element_at(pnl, 158) as decimal(22,6)) AS t158,
cast(element_at(pnl, 159) as decimal(22,6)) AS t159,
cast(element_at(pnl, 160) as decimal(22,6)) AS t160,
cast(element_at(pnl, 161) as decimal(22,6)) AS t161,
cast(element_at(pnl, 162) as decimal(22,6)) AS t162,
cast(element_at(pnl, 163) as decimal(22,6)) AS t163,
cast(element_at(pnl, 164) as decimal(22,6)) AS t164,
cast(element_at(pnl, 165) as decimal(22,6)) AS t165,
cast(element_at(pnl, 166) as decimal(22,6)) AS t166,
cast(element_at(pnl, 167) as decimal(22,6)) AS t167,
cast(element_at(pnl, 168) as decimal(22,6)) AS t168,
cast(element_at(pnl, 169) as decimal(22,6)) AS t169,
cast(element_at(pnl, 170) as decimal(22,6)) AS t170,
cast(element_at(pnl, 171) as decimal(22,6)) AS t171,
cast(element_at(pnl, 172) as decimal(22,6)) AS t172,
cast(element_at(pnl, 173) as decimal(22,6)) AS t173,
cast(element_at(pnl, 174) as decimal(22,6)) AS t174,
cast(element_at(pnl, 175) as decimal(22,6)) AS t175,
cast(element_at(pnl, 176) as decimal(22,6)) AS t176,
cast(element_at(pnl, 177) as decimal(22,6)) AS t177,
cast(element_at(pnl, 178) as decimal(22,6)) AS t178,
cast(element_at(pnl, 179) as decimal(22,6)) AS t179,
cast(element_at(pnl, 180) as decimal(22,6)) AS t180,
cast(element_at(pnl, 181) as decimal(22,6)) AS t181,
cast(element_at(pnl, 182) as decimal(22,6)) AS t182,
cast(element_at(pnl, 183) as decimal(22,6)) AS t183,
cast(element_at(pnl, 184) as decimal(22,6)) AS t184,
cast(element_at(pnl, 185) as decimal(22,6)) AS t185,
cast(element_at(pnl, 186) as decimal(22,6)) AS t186,
cast(element_at(pnl, 187) as decimal(22,6)) AS t187,
cast(element_at(pnl, 188) as decimal(22,6)) AS t188,
cast(element_at(pnl, 189) as decimal(22,6)) AS t189,
cast(element_at(pnl, 190) as decimal(22,6)) AS t190,
cast(element_at(pnl, 191) as decimal(22,6)) AS t191,
cast(element_at(pnl, 192) as decimal(22,6)) AS t192,
cast(element_at(pnl, 193) as decimal(22,6)) AS t193,
cast(element_at(pnl, 194) as decimal(22,6)) AS t194,
cast(element_at(pnl, 195) as decimal(22,6)) AS t195,
cast(element_at(pnl, 196) as decimal(22,6)) AS t196,
cast(element_at(pnl, 197) as decimal(22,6)) AS t197,
cast(element_at(pnl, 198) as decimal(22,6)) AS t198,
cast(element_at(pnl, 199) as decimal(22,6)) AS t199,
cast(element_at(pnl, 200) as decimal(22,6)) AS t200,
cast(element_at(pnl, 201) as decimal(22,6)) AS t201,
cast(element_at(pnl, 202) as decimal(22,6)) AS t202,
cast(element_at(pnl, 203) as decimal(22,6)) AS t203,
cast(element_at(pnl, 204) as decimal(22,6)) AS t204,
cast(element_at(pnl, 205) as decimal(22,6)) AS t205,
cast(element_at(pnl, 206) as decimal(22,6)) AS t206,
cast(element_at(pnl, 207) as decimal(22,6)) AS t207,
cast(element_at(pnl, 208) as decimal(22,6)) AS t208,
cast(element_at(pnl, 209) as decimal(22,6)) AS t209,
cast(element_at(pnl, 210) as decimal(22,6)) AS t210,
cast(element_at(pnl, 211) as decimal(22,6)) AS t211,
cast(element_at(pnl, 212) as decimal(22,6)) AS t212,
cast(element_at(pnl, 213) as decimal(22,6)) AS t213,
cast(element_at(pnl, 214) as decimal(22,6)) AS t214,
cast(element_at(pnl, 215) as decimal(22,6)) AS t215,
cast(element_at(pnl, 216) as decimal(22,6)) AS t216,
cast(element_at(pnl, 217) as decimal(22,6)) AS t217,
cast(element_at(pnl, 218) as decimal(22,6)) AS t218,
cast(element_at(pnl, 219) as decimal(22,6)) AS t219,
cast(element_at(pnl, 220) as decimal(22,6)) AS t220,
cast(element_at(pnl, 221) as decimal(22,6)) AS t221,
cast(element_at(pnl, 222) as decimal(22,6)) AS t222,
cast(element_at(pnl, 223) as decimal(22,6)) AS t223,
cast(element_at(pnl, 224) as decimal(22,6)) AS t224,
cast(element_at(pnl, 225) as decimal(22,6)) AS t225,
cast(element_at(pnl, 226) as decimal(22,6)) AS t226,
cast(element_at(pnl, 227) as decimal(22,6)) AS t227,
cast(element_at(pnl, 228) as decimal(22,6)) AS t228,
cast(element_at(pnl, 229) as decimal(22,6)) AS t229,
cast(element_at(pnl, 230) as decimal(22,6)) AS t230,
cast(element_at(pnl, 231) as decimal(22,6)) AS t231,
cast(element_at(pnl, 232) as decimal(22,6)) AS t232,
cast(element_at(pnl, 233) as decimal(22,6)) AS t233,
cast(element_at(pnl, 234) as decimal(22,6)) AS t234,
cast(element_at(pnl, 235) as decimal(22,6)) AS t235,
cast(element_at(pnl, 236) as decimal(22,6)) AS t236,
cast(element_at(pnl, 237) as decimal(22,6)) AS t237,
cast(element_at(pnl, 238) as decimal(22,6)) AS t238,
cast(element_at(pnl, 239) as decimal(22,6)) AS t239,
cast(element_at(pnl, 240) as decimal(22,6)) AS t240,
cast(element_at(pnl, 241) as decimal(22,6)) AS t241,
cast(element_at(pnl, 242) as decimal(22,6)) AS t242,
cast(element_at(pnl, 243) as decimal(22,6)) AS t243,
cast(element_at(pnl, 244) as decimal(22,6)) AS t244,
cast(element_at(pnl, 245) as decimal(22,6)) AS t245,
cast(element_at(pnl, 246) as decimal(22,6)) AS t246,
cast(element_at(pnl, 247) as decimal(22,6)) AS t247,
cast(element_at(pnl, 248) as decimal(22,6)) AS t248,
cast(element_at(pnl, 249) as decimal(22,6)) AS t249,
cast(element_at(pnl, 250) as decimal(22,6)) AS t250,
cast(element_at(pnl, 251) as decimal(22,6)) AS t251,
cast(element_at(pnl, 252) as decimal(22,6)) AS t252,
cast(element_at(pnl, 253) as decimal(22,6)) AS t253,
cast(element_at(pnl, 254) as decimal(22,6)) AS t254,
cast(element_at(pnl, 255) as decimal(22,6)) AS t255,
cast(element_at(pnl, 256) as decimal(22,6)) AS t256,
cast(element_at(pnl, 257) as decimal(22,6)) AS t257,
cast(element_at(pnl, 258) as decimal(22,6)) AS t258,
cast(element_at(pnl, 259) as decimal(22,6)) AS t259,
cast(element_at(pnl, 260) as decimal(22,6)) AS t260,
cast(element_at(pnl, 261) as decimal(22,6)) AS t261,
cast(element_at(pnl, 262) as decimal(22,6)) AS t262,
cast(element_at(pnl, 263) as decimal(22,6)) AS t263,
cast(element_at(pnl, 264) as decimal(22,6)) AS t264,
cast(element_at(pnl, 265) as decimal(22,6)) AS t265,
cast(element_at(pnl, 266) as decimal(22,6)) AS t266,
cast(element_at(pnl, 267) as decimal(22,6)) AS t267,
cast(element_at(pnl, 268) as decimal(22,6)) AS t268,
cast(element_at(pnl, 269) as decimal(22,6)) AS t269,
cast(element_at(pnl, 270) as decimal(22,6)) AS t270,
cast(element_at(pnl, 271) as decimal(22,6)) AS t271,
cast(element_at(pnl, 272) as decimal(22,6)) AS t272,
cast(element_at(pnl, 273) as decimal(22,6)) AS t273,
cast(element_at(pnl, 274) as decimal(22,6)) AS t274,
cast(element_at(pnl, 275) as decimal(22,6)) AS t275,
cast(element_at(pnl, 276) as decimal(22,6)) AS t276,
cast(element_at(pnl, 277) as decimal(22,6)) AS t277,
cast(element_at(pnl, 278) as decimal(22,6)) AS t278,
cast(element_at(pnl, 279) as decimal(22,6)) AS t279,
cast(element_at(pnl, 280) as decimal(22,6)) AS t280,
cast(element_at(pnl, 281) as decimal(22,6)) AS t281,
cast(element_at(pnl, 282) as decimal(22,6)) AS t282,
cast(element_at(pnl, 283) as decimal(22,6)) AS t283,
cast(element_at(pnl, 284) as decimal(22,6)) AS t284,
cast(element_at(pnl, 285) as decimal(22,6)) AS t285,
cast(element_at(pnl, 286) as decimal(22,6)) AS t286,
cast(element_at(pnl, 287) as decimal(22,6)) AS t287,
cast(element_at(pnl, 288) as decimal(22,6)) AS t288,
cast(element_at(pnl, 289) as decimal(22,6)) AS t289,
cast(element_at(pnl, 290) as decimal(22,6)) AS t290,
cast(element_at(pnl, 291) as decimal(22,6)) AS t291,
cast(element_at(pnl, 292) as decimal(22,6)) AS t292,
cast(element_at(pnl, 293) as decimal(22,6)) AS t293,
cast(element_at(pnl, 294) as decimal(22,6)) AS t294,
cast(element_at(pnl, 295) as decimal(22,6)) AS t295,
cast(element_at(pnl, 296) as decimal(22,6)) AS t296,
cast(element_at(pnl, 297) as decimal(22,6)) AS t297,
cast(element_at(pnl, 298) as decimal(22,6)) AS t298,
cast(element_at(pnl, 299) as decimal(22,6)) AS t299,
cast(element_at(pnl, 300) as decimal(22,6)) AS t300,
cast(element_at(pnl, 301) as decimal(22,6)) AS t301,
cast(element_at(pnl, 302) as decimal(22,6)) AS t302,
cast(element_at(pnl, 303) as decimal(22,6)) AS t303,
cast(element_at(pnl, 304) as decimal(22,6)) AS t304,
cast(element_at(pnl, 305) as decimal(22,6)) AS t305,
cast(element_at(pnl, 306) as decimal(22,6)) AS t306,
cast(element_at(pnl, 307) as decimal(22,6)) AS t307,
cast(element_at(pnl, 308) as decimal(22,6)) AS t308,
cast(element_at(pnl, 309) as decimal(22,6)) AS t309,
cast(element_at(pnl, 310) as decimal(22,6)) AS t310,
cast(element_at(pnl, 311) as decimal(22,6)) AS t311,
cast(element_at(pnl, 312) as decimal(22,6)) AS t312,
cast(element_at(pnl, 313) as decimal(22,6)) AS t313,
cast(element_at(pnl, 314) as decimal(22,6)) AS t314,
cast(element_at(pnl, 315) as decimal(22,6)) AS t315,
cast(element_at(pnl, 316) as decimal(22,6)) AS t316,
cast(element_at(pnl, 317) as decimal(22,6)) AS t317,
cast(element_at(pnl, 318) as decimal(22,6)) AS t318,
cast(element_at(pnl, 319) as decimal(22,6)) AS t319,
cast(element_at(pnl, 320) as decimal(22,6)) AS t320,
cast(element_at(pnl, 321) as decimal(22,6)) AS t321,
cast(element_at(pnl, 322) as decimal(22,6)) AS t322,
cast(element_at(pnl, 323) as decimal(22,6)) AS t323,
cast(element_at(pnl, 324) as decimal(22,6)) AS t324,
cast(element_at(pnl, 325) as decimal(22,6)) AS t325,
cast(element_at(pnl, 326) as decimal(22,6)) AS t326,
cast(element_at(pnl, 327) as decimal(22,6)) AS t327,
cast(element_at(pnl, 328) as decimal(22,6)) AS t328,
cast(element_at(pnl, 329) as decimal(22,6)) AS t329,
cast(element_at(pnl, 330) as decimal(22,6)) AS t330,
cast(element_at(pnl, 331) as decimal(22,6)) AS t331,
cast(element_at(pnl, 332) as decimal(22,6)) AS t332,
cast(element_at(pnl, 333) as decimal(22,6)) AS t333,
cast(element_at(pnl, 334) as decimal(22,6)) AS t334,
cast(element_at(pnl, 335) as decimal(22,6)) AS t335,
cast(element_at(pnl, 336) as decimal(22,6)) AS t336,
cast(element_at(pnl, 337) as decimal(22,6)) AS t337,
cast(element_at(pnl, 338) as decimal(22,6)) AS t338,
cast(element_at(pnl, 339) as decimal(22,6)) AS t339,
cast(element_at(pnl, 340) as decimal(22,6)) AS t340,
cast(element_at(pnl, 341) as decimal(22,6)) AS t341,
cast(element_at(pnl, 342) as decimal(22,6)) AS t342,
cast(element_at(pnl, 343) as decimal(22,6)) AS t343,
cast(element_at(pnl, 344) as decimal(22,6)) AS t344,
cast(element_at(pnl, 345) as decimal(22,6)) AS t345,
cast(element_at(pnl, 346) as decimal(22,6)) AS t346,
cast(element_at(pnl, 347) as decimal(22,6)) AS t347,
cast(element_at(pnl, 348) as decimal(22,6)) AS t348,
cast(element_at(pnl, 349) as decimal(22,6)) AS t349,
cast(element_at(pnl, 350) as decimal(22,6)) AS t350,
cast(element_at(pnl, 351) as decimal(22,6)) AS t351,
cast(element_at(pnl, 352) as decimal(22,6)) AS t352,
cast(element_at(pnl, 353) as decimal(22,6)) AS t353,
cast(element_at(pnl, 354) as decimal(22,6)) AS t354,
cast(element_at(pnl, 355) as decimal(22,6)) AS t355,
cast(element_at(pnl, 356) as decimal(22,6)) AS t356,
cast(element_at(pnl, 357) as decimal(22,6)) AS t357,
cast(element_at(pnl, 358) as decimal(22,6)) AS t358,
cast(element_at(pnl, 359) as decimal(22,6)) AS t359,
cast(element_at(pnl, 360) as decimal(22,6)) AS t360,
cast(element_at(pnl, 361) as decimal(22,6)) AS t361,
cast(element_at(pnl, 362) as decimal(22,6)) AS t362,
cast(element_at(pnl, 363) as decimal(22,6)) AS t363,
cast(element_at(pnl, 364) as decimal(22,6)) AS t364,
cast(element_at(pnl, 365) as decimal(22,6)) AS t365,
cast(element_at(pnl, 366) as decimal(22,6)) AS t366,
cast(element_at(pnl, 367) as decimal(22,6)) AS t367,
cast(element_at(pnl, 368) as decimal(22,6)) AS t368,
cast(element_at(pnl, 369) as decimal(22,6)) AS t369,
cast(element_at(pnl, 370) as decimal(22,6)) AS t370,
cast(element_at(pnl, 371) as decimal(22,6)) AS t371,
cast(element_at(pnl, 372) as decimal(22,6)) AS t372,
cast(element_at(pnl, 373) as decimal(22,6)) AS t373,
cast(element_at(pnl, 374) as decimal(22,6)) AS t374,
cast(element_at(pnl, 375) as decimal(22,6)) AS t375,
cast(element_at(pnl, 376) as decimal(22,6)) AS t376,
cast(element_at(pnl, 377) as decimal(22,6)) AS t377,
cast(element_at(pnl, 378) as decimal(22,6)) AS t378,
cast(element_at(pnl, 379) as decimal(22,6)) AS t379,
cast(element_at(pnl, 380) as decimal(22,6)) AS t380,
cast(element_at(pnl, 381) as decimal(22,6)) AS t381,
cast(element_at(pnl, 382) as decimal(22,6)) AS t382,
cast(element_at(pnl, 383) as decimal(22,6)) AS t383,
cast(element_at(pnl, 384) as decimal(22,6)) AS t384,
cast(element_at(pnl, 385) as decimal(22,6)) AS t385,
cast(element_at(pnl, 386) as decimal(22,6)) AS t386,
cast(element_at(pnl, 387) as decimal(22,6)) AS t387,
cast(element_at(pnl, 388) as decimal(22,6)) AS t388,
cast(element_at(pnl, 389) as decimal(22,6)) AS t389,
cast(element_at(pnl, 390) as decimal(22,6)) AS t390,
cast(element_at(pnl, 391) as decimal(22,6)) AS t391,
cast(element_at(pnl, 392) as decimal(22,6)) AS t392,
cast(element_at(pnl, 393) as decimal(22,6)) AS t393,
cast(element_at(pnl, 394) as decimal(22,6)) AS t394,
cast(element_at(pnl, 395) as decimal(22,6)) AS t395,
cast(element_at(pnl, 396) as decimal(22,6)) AS t396,
cast(element_at(pnl, 397) as decimal(22,6)) AS t397,
cast(element_at(pnl, 398) as decimal(22,6)) AS t398,
cast(element_at(pnl, 399) as decimal(22,6)) AS t399,
cast(element_at(pnl, 400) as decimal(22,6)) AS t400,
cast(element_at(pnl, 401) as decimal(22,6)) AS t401,
cast(element_at(pnl, 402) as decimal(22,6)) AS t402,
cast(element_at(pnl, 403) as decimal(22,6)) AS t403,
cast(element_at(pnl, 404) as decimal(22,6)) AS t404,
cast(element_at(pnl, 405) as decimal(22,6)) AS t405,
cast(element_at(pnl, 406) as decimal(22,6)) AS t406,
cast(element_at(pnl, 407) as decimal(22,6)) AS t407,
cast(element_at(pnl, 408) as decimal(22,6)) AS t408,
cast(element_at(pnl, 409) as decimal(22,6)) AS t409,
cast(element_at(pnl, 410) as decimal(22,6)) AS t410,
cast(element_at(pnl, 411) as decimal(22,6)) AS t411,
cast(element_at(pnl, 412) as decimal(22,6)) AS t412,
cast(element_at(pnl, 413) as decimal(22,6)) AS t413,
cast(element_at(pnl, 414) as decimal(22,6)) AS t414,
cast(element_at(pnl, 415) as decimal(22,6)) AS t415,
cast(element_at(pnl, 416) as decimal(22,6)) AS t416,
cast(element_at(pnl, 417) as decimal(22,6)) AS t417,
cast(element_at(pnl, 418) as decimal(22,6)) AS t418,
cast(element_at(pnl, 419) as decimal(22,6)) AS t419,
cast(element_at(pnl, 420) as decimal(22,6)) AS t420,
cast(element_at(pnl, 421) as decimal(22,6)) AS t421,
cast(element_at(pnl, 422) as decimal(22,6)) AS t422,
cast(element_at(pnl, 423) as decimal(22,6)) AS t423,
cast(element_at(pnl, 424) as decimal(22,6)) AS t424,
cast(element_at(pnl, 425) as decimal(22,6)) AS t425,
cast(element_at(pnl, 426) as decimal(22,6)) AS t426,
cast(element_at(pnl, 427) as decimal(22,6)) AS t427,
cast(element_at(pnl, 428) as decimal(22,6)) AS t428,
cast(element_at(pnl, 429) as decimal(22,6)) AS t429,
cast(element_at(pnl, 430) as decimal(22,6)) AS t430,
cast(element_at(pnl, 431) as decimal(22,6)) AS t431,
cast(element_at(pnl, 432) as decimal(22,6)) AS t432,
cast(element_at(pnl, 433) as decimal(22,6)) AS t433,
cast(element_at(pnl, 434) as decimal(22,6)) AS t434,
cast(element_at(pnl, 435) as decimal(22,6)) AS t435,
cast(element_at(pnl, 436) as decimal(22,6)) AS t436,
cast(element_at(pnl, 437) as decimal(22,6)) AS t437,
cast(element_at(pnl, 438) as decimal(22,6)) AS t438,
cast(element_at(pnl, 439) as decimal(22,6)) AS t439,
cast(element_at(pnl, 440) as decimal(22,6)) AS t440,
cast(element_at(pnl, 441) as decimal(22,6)) AS t441,
cast(element_at(pnl, 442) as decimal(22,6)) AS t442,
cast(element_at(pnl, 443) as decimal(22,6)) AS t443,
cast(element_at(pnl, 444) as decimal(22,6)) AS t444,
cast(element_at(pnl, 445) as decimal(22,6)) AS t445,
cast(element_at(pnl, 446) as decimal(22,6)) AS t446,
cast(element_at(pnl, 447) as decimal(22,6)) AS t447,
cast(element_at(pnl, 448) as decimal(22,6)) AS t448,
cast(element_at(pnl, 449) as decimal(22,6)) AS t449,
cast(element_at(pnl, 450) as decimal(22,6)) AS t450,
cast(element_at(pnl, 451) as decimal(22,6)) AS t451,
cast(element_at(pnl, 452) as decimal(22,6)) AS t452,
cast(element_at(pnl, 453) as decimal(22,6)) AS t453,
cast(element_at(pnl, 454) as decimal(22,6)) AS t454,
cast(element_at(pnl, 455) as decimal(22,6)) AS t455,
cast(element_at(pnl, 456) as decimal(22,6)) AS t456,
cast(element_at(pnl, 457) as decimal(22,6)) AS t457,
cast(element_at(pnl, 458) as decimal(22,6)) AS t458,
cast(element_at(pnl, 459) as decimal(22,6)) AS t459,
cast(element_at(pnl, 460) as decimal(22,6)) AS t460,
cast(element_at(pnl, 461) as decimal(22,6)) AS t461,
cast(element_at(pnl, 462) as decimal(22,6)) AS t462,
cast(element_at(pnl, 463) as decimal(22,6)) AS t463,
cast(element_at(pnl, 464) as decimal(22,6)) AS t464,
cast(element_at(pnl, 465) as decimal(22,6)) AS t465,
cast(element_at(pnl, 466) as decimal(22,6)) AS t466,
cast(element_at(pnl, 467) as decimal(22,6)) AS t467,
cast(element_at(pnl, 468) as decimal(22,6)) AS t468,
cast(element_at(pnl, 469) as decimal(22,6)) AS t469,
cast(element_at(pnl, 470) as decimal(22,6)) AS t470,
cast(element_at(pnl, 471) as decimal(22,6)) AS t471,
cast(element_at(pnl, 472) as decimal(22,6)) AS t472,
cast(element_at(pnl, 473) as decimal(22,6)) AS t473,
cast(element_at(pnl, 474) as decimal(22,6)) AS t474,
cast(element_at(pnl, 475) as decimal(22,6)) AS t475,
cast(element_at(pnl, 476) as decimal(22,6)) AS t476,
cast(element_at(pnl, 477) as decimal(22,6)) AS t477,
cast(element_at(pnl, 478) as decimal(22,6)) AS t478,
cast(element_at(pnl, 479) as decimal(22,6)) AS t479,
cast(element_at(pnl, 480) as decimal(22,6)) AS t480,
cast(element_at(pnl, 481) as decimal(22,6)) AS t481,
cast(element_at(pnl, 482) as decimal(22,6)) AS t482,
cast(element_at(pnl, 483) as decimal(22,6)) AS t483,
cast(element_at(pnl, 484) as decimal(22,6)) AS t484,
cast(element_at(pnl, 485) as decimal(22,6)) AS t485,
cast(element_at(pnl, 486) as decimal(22,6)) AS t486,
cast(element_at(pnl, 487) as decimal(22,6)) AS t487,
cast(element_at(pnl, 488) as decimal(22,6)) AS t488,
cast(element_at(pnl, 489) as decimal(22,6)) AS t489,
cast(element_at(pnl, 490) as decimal(22,6)) AS t490,
cast(element_at(pnl, 491) as decimal(22,6)) AS t491,
cast(element_at(pnl, 492) as decimal(22,6)) AS t492,
cast(element_at(pnl, 493) as decimal(22,6)) AS t493,
cast(element_at(pnl, 494) as decimal(22,6)) AS t494,
cast(element_at(pnl, 495) as decimal(22,6)) AS t495,
cast(element_at(pnl, 496) as decimal(22,6)) AS t496,
cast(element_at(pnl, 497) as decimal(22,6)) AS t497,
cast(element_at(pnl, 498) as decimal(22,6)) AS t498,
cast(element_at(pnl, 499) as decimal(22,6)) AS t499,
cast(element_at(pnl, 500) as decimal(22,6)) AS t500,
cast(element_at(pnl, 501) as decimal(22,6)) AS t501,
cast(element_at(pnl, 502) as decimal(22,6)) AS t502,
cast(element_at(pnl, 503) as decimal(22,6)) AS t503,
cast(element_at(pnl, 504) as decimal(22,6)) AS t504,
cast(element_at(pnl, 505) as decimal(22,6)) AS t505,
cast(element_at(pnl, 506) as decimal(22,6)) AS t506,
cast(element_at(pnl, 507) as decimal(22,6)) AS t507,
cast(element_at(pnl, 508) as decimal(22,6)) AS t508,
cast(element_at(pnl, 509) as decimal(22,6)) AS t509,
cast(element_at(pnl, 510) as decimal(22,6)) AS t510,
cast(element_at(pnl, 511) as decimal(22,6)) AS t511,
cast(element_at(pnl, 512) as decimal(22,6)) AS t512,
cast(element_at(pnl, 513) as decimal(22,6)) AS t513,
cast(element_at(pnl, 514) as decimal(22,6)) AS t514,
cast(element_at(pnl, 515) as decimal(22,6)) AS t515,
cast(element_at(pnl, 516) as decimal(22,6)) AS t516,
cast(element_at(pnl, 517) as decimal(22,6)) AS t517,
cast(element_at(pnl, 518) as decimal(22,6)) AS t518,
cast(element_at(pnl, 519) as decimal(22,6)) AS t519,
cast(element_at(pnl, 520) as decimal(22,6)) AS t520,
cast(element_at(pnl, 521) as decimal(22,6)) AS t521,
cast(element_at(pnl, 522) as decimal(22,6)) AS t522,
cast(element_at(pnl, 523) as decimal(22,6)) AS t523,
cast(element_at(pnl, 524) as decimal(22,6)) AS t524,
cast(element_at(pnl, 525) as decimal(22,6)) AS t525,
cast(element_at(pnl, 526) as decimal(22,6)) AS t526,
cast(element_at(pnl, 527) as decimal(22,6)) AS t527,
cast(element_at(pnl, 528) as decimal(22,6)) AS t528,
cast(element_at(pnl, 529) as decimal(22,6)) AS t529,
cast(element_at(pnl, 530) as decimal(22,6)) AS t530,
cast(element_at(pnl, 531) as decimal(22,6)) AS t531,
cast(element_at(pnl, 532) as decimal(22,6)) AS t532,
cast(element_at(pnl, 533) as decimal(22,6)) AS t533,
cast(element_at(pnl, 534) as decimal(22,6)) AS t534,
cast(element_at(pnl, 535) as decimal(22,6)) AS t535,
cast(element_at(pnl, 536) as decimal(22,6)) AS t536,
cast(element_at(pnl, 537) as decimal(22,6)) AS t537,
cast(element_at(pnl, 538) as decimal(22,6)) AS t538,
cast(element_at(pnl, 539) as decimal(22,6)) AS t539,
cast(element_at(pnl, 540) as decimal(22,6)) AS t540,
cast(element_at(pnl, 541) as decimal(22,6)) AS t541,
cast(element_at(pnl, 542) as decimal(22,6)) AS t542,
cast(element_at(pnl, 543) as decimal(22,6)) AS t543,
cast(element_at(pnl, 544) as decimal(22,6)) AS t544,
cast(element_at(pnl, 545) as decimal(22,6)) AS t545,
cast(element_at(pnl, 546) as decimal(22,6)) AS t546,
cast(element_at(pnl, 547) as decimal(22,6)) AS t547,
cast(element_at(pnl, 548) as decimal(22,6)) AS t548,
cast(element_at(pnl, 549) as decimal(22,6)) AS t549,
cast(element_at(pnl, 550) as decimal(22,6)) AS t550,
cast(element_at(pnl, 551) as decimal(22,6)) AS t551,
cast(element_at(pnl, 552) as decimal(22,6)) AS t552,
cast(element_at(pnl, 553) as decimal(22,6)) AS t553,
cast(element_at(pnl, 554) as decimal(22,6)) AS t554,
cast(element_at(pnl, 555) as decimal(22,6)) AS t555,
cast(element_at(pnl, 556) as decimal(22,6)) AS t556,
cast(element_at(pnl, 557) as decimal(22,6)) AS t557,
cast(element_at(pnl, 558) as decimal(22,6)) AS t558,
cast(element_at(pnl, 559) as decimal(22,6)) AS t559,
cast(element_at(pnl, 560) as decimal(22,6)) AS t560,
cast(element_at(pnl, 561) as decimal(22,6)) AS t561,
cast(element_at(pnl, 562) as decimal(22,6)) AS t562,
cast(element_at(pnl, 563) as decimal(22,6)) AS t563,
cast(element_at(pnl, 564) as decimal(22,6)) AS t564,
cast(element_at(pnl, 565) as decimal(22,6)) AS t565,
cast(element_at(pnl, 566) as decimal(22,6)) AS t566,
cast(element_at(pnl, 567) as decimal(22,6)) AS t567,
cast(element_at(pnl, 568) as decimal(22,6)) AS t568,
cast(element_at(pnl, 569) as decimal(22,6)) AS t569,
cast(element_at(pnl, 570) as decimal(22,6)) AS t570,
cast(element_at(pnl, 571) as decimal(22,6)) AS t571,
cast(element_at(pnl, 572) as decimal(22,6)) AS t572,
cast(element_at(pnl, 573) as decimal(22,6)) AS t573,
cast(element_at(pnl, 574) as decimal(22,6)) AS t574,
cast(element_at(pnl, 575) as decimal(22,6)) AS t575,
cast(element_at(pnl, 576) as decimal(22,6)) AS t576,
cast(element_at(pnl, 577) as decimal(22,6)) AS t577,
cast(element_at(pnl, 578) as decimal(22,6)) AS t578,
cast(element_at(pnl, 579) as decimal(22,6)) AS t579,
cast(element_at(pnl, 580) as decimal(22,6)) AS t580,
cast(element_at(pnl, 581) as decimal(22,6)) AS t581,
cast(element_at(pnl, 582) as decimal(22,6)) AS t582,
cast(element_at(pnl, 583) as decimal(22,6)) AS t583,
cast(element_at(pnl, 584) as decimal(22,6)) AS t584,
cast(element_at(pnl, 585) as decimal(22,6)) AS t585,
cast(element_at(pnl, 586) as decimal(22,6)) AS t586,
cast(element_at(pnl, 587) as decimal(22,6)) AS t587,
cast(element_at(pnl, 588) as decimal(22,6)) AS t588,
cast(element_at(pnl, 589) as decimal(22,6)) AS t589,
cast(element_at(pnl, 590) as decimal(22,6)) AS t590,
cast(element_at(pnl, 591) as decimal(22,6)) AS t591,
cast(element_at(pnl, 592) as decimal(22,6)) AS t592,
cast(element_at(pnl, 593) as decimal(22,6)) AS t593,
cast(element_at(pnl, 594) as decimal(22,6)) AS t594,
cast(element_at(pnl, 595) as decimal(22,6)) AS t595,
cast(element_at(pnl, 596) as decimal(22,6)) AS t596,
cast(element_at(pnl, 597) as decimal(22,6)) AS t597,
cast(element_at(pnl, 598) as decimal(22,6)) AS t598,
cast(element_at(pnl, 599) as decimal(22,6)) AS t599,
cast(element_at(pnl, 600) as decimal(22,6)) AS t600,
cast(element_at(pnl, 601) as decimal(22,6)) AS t601,
cast(element_at(pnl, 602) as decimal(22,6)) AS t602,
cast(element_at(pnl, 603) as decimal(22,6)) AS t603,
cast(element_at(pnl, 604) as decimal(22,6)) AS t604,
cast(element_at(pnl, 605) as decimal(22,6)) AS t605,
cast(element_at(pnl, 606) as decimal(22,6)) AS t606,
cast(element_at(pnl, 607) as decimal(22,6)) AS t607,
cast(element_at(pnl, 608) as decimal(22,6)) AS t608,
cast(element_at(pnl, 609) as decimal(22,6)) AS t609,
cast(element_at(pnl, 610) as decimal(22,6)) AS t610,
cast(element_at(pnl, 611) as decimal(22,6)) AS t611,
cast(element_at(pnl, 612) as decimal(22,6)) AS t612,
cast(element_at(pnl, 613) as decimal(22,6)) AS t613,
cast(element_at(pnl, 614) as decimal(22,6)) AS t614,
cast(element_at(pnl, 615) as decimal(22,6)) AS t615,
cast(element_at(pnl, 616) as decimal(22,6)) AS t616,
cast(element_at(pnl, 617) as decimal(22,6)) AS t617,
cast(element_at(pnl, 618) as decimal(22,6)) AS t618,
cast(element_at(pnl, 619) as decimal(22,6)) AS t619,
cast(element_at(pnl, 620) as decimal(22,6)) AS t620,
cast(element_at(pnl, 621) as decimal(22,6)) AS t621,
cast(element_at(pnl, 622) as decimal(22,6)) AS t622,
cast(element_at(pnl, 623) as decimal(22,6)) AS t623,
cast(element_at(pnl, 624) as decimal(22,6)) AS t624,
cast(element_at(pnl, 625) as decimal(22,6)) AS t625,
cast(element_at(pnl, 626) as decimal(22,6)) AS t626,
cast(element_at(pnl, 627) as decimal(22,6)) AS t627,
cast(element_at(pnl, 628) as decimal(22,6)) AS t628,
cast(element_at(pnl, 629) as decimal(22,6)) AS t629,
cast(element_at(pnl, 630) as decimal(22,6)) AS t630,
cast(element_at(pnl, 631) as decimal(22,6)) AS t631,
cast(element_at(pnl, 632) as decimal(22,6)) AS t632,
cast(element_at(pnl, 633) as decimal(22,6)) AS t633,
cast(element_at(pnl, 634) as decimal(22,6)) AS t634,
cast(element_at(pnl, 635) as decimal(22,6)) AS t635,
cast(element_at(pnl, 636) as decimal(22,6)) AS t636,
cast(element_at(pnl, 637) as decimal(22,6)) AS t637,
cast(element_at(pnl, 638) as decimal(22,6)) AS t638,
cast(element_at(pnl, 639) as decimal(22,6)) AS t639,
cast(element_at(pnl, 640) as decimal(22,6)) AS t640,
cast(element_at(pnl, 641) as decimal(22,6)) AS t641,
cast(element_at(pnl, 642) as decimal(22,6)) AS t642,
cast(element_at(pnl, 643) as decimal(22,6)) AS t643,
cast(element_at(pnl, 644) as decimal(22,6)) AS t644,
cast(element_at(pnl, 645) as decimal(22,6)) AS t645,
cast(element_at(pnl, 646) as decimal(22,6)) AS t646,
cast(element_at(pnl, 647) as decimal(22,6)) AS t647,
cast(element_at(pnl, 648) as decimal(22,6)) AS t648,
cast(element_at(pnl, 649) as decimal(22,6)) AS t649,
cast(element_at(pnl, 650) as decimal(22,6)) AS t650,
cast(element_at(pnl, 651) as decimal(22,6)) AS t651,
cast(element_at(pnl, 652) as decimal(22,6)) AS t652,
cast(element_at(pnl, 653) as decimal(22,6)) AS t653,
cast(element_at(pnl, 654) as decimal(22,6)) AS t654,
cast(element_at(pnl, 655) as decimal(22,6)) AS t655,
cast(element_at(pnl, 656) as decimal(22,6)) AS t656,
cast(element_at(pnl, 657) as decimal(22,6)) AS t657,
cast(element_at(pnl, 658) as decimal(22,6)) AS t658,
cast(element_at(pnl, 659) as decimal(22,6)) AS t659,
cast(element_at(pnl, 660) as decimal(22,6)) AS t660,
cast(element_at(pnl, 661) as decimal(22,6)) AS t661,
cast(element_at(pnl, 662) as decimal(22,6)) AS t662,
cast(element_at(pnl, 663) as decimal(22,6)) AS t663,
cast(element_at(pnl, 664) as decimal(22,6)) AS t664,
cast(element_at(pnl, 665) as decimal(22,6)) AS t665,
cast(element_at(pnl, 666) as decimal(22,6)) AS t666,
cast(element_at(pnl, 667) as decimal(22,6)) AS t667,
cast(element_at(pnl, 668) as decimal(22,6)) AS t668,
cast(element_at(pnl, 669) as decimal(22,6)) AS t669,
cast(element_at(pnl, 670) as decimal(22,6)) AS t670,
cast(element_at(pnl, 671) as decimal(22,6)) AS t671,
cast(element_at(pnl, 672) as decimal(22,6)) AS t672,
cast(element_at(pnl, 673) as decimal(22,6)) AS t673,
cast(element_at(pnl, 674) as decimal(22,6)) AS t674,
cast(element_at(pnl, 675) as decimal(22,6)) AS t675,
cast(element_at(pnl, 676) as decimal(22,6)) AS t676,
cast(element_at(pnl, 677) as decimal(22,6)) AS t677,
cast(element_at(pnl, 678) as decimal(22,6)) AS t678,
cast(element_at(pnl, 679) as decimal(22,6)) AS t679,
cast(element_at(pnl, 680) as decimal(22,6)) AS t680,
cast(element_at(pnl, 681) as decimal(22,6)) AS t681,
cast(element_at(pnl, 682) as decimal(22,6)) AS t682,
cast(element_at(pnl, 683) as decimal(22,6)) AS t683,
cast(element_at(pnl, 684) as decimal(22,6)) AS t684,
cast(element_at(pnl, 685) as decimal(22,6)) AS t685,
cast(element_at(pnl, 686) as decimal(22,6)) AS t686,
cast(element_at(pnl, 687) as decimal(22,6)) AS t687,
cast(element_at(pnl, 688) as decimal(22,6)) AS t688,
cast(element_at(pnl, 689) as decimal(22,6)) AS t689,
cast(element_at(pnl, 690) as decimal(22,6)) AS t690,
cast(element_at(pnl, 691) as decimal(22,6)) AS t691,
cast(element_at(pnl, 692) as decimal(22,6)) AS t692,
cast(element_at(pnl, 693) as decimal(22,6)) AS t693,
cast(element_at(pnl, 694) as decimal(22,6)) AS t694,
cast(element_at(pnl, 695) as decimal(22,6)) AS t695,
cast(element_at(pnl, 696) as decimal(22,6)) AS t696,
cast(element_at(pnl, 697) as decimal(22,6)) AS t697,
cast(element_at(pnl, 698) as decimal(22,6)) AS t698,
cast(element_at(pnl, 699) as decimal(22,6)) AS t699,
cast(element_at(pnl, 700) as decimal(22,6)) AS t700,
cast(element_at(pnl, 701) as decimal(22,6)) AS t701,
cast(element_at(pnl, 702) as decimal(22,6)) AS t702,
cast(element_at(pnl, 703) as decimal(22,6)) AS t703,
cast(element_at(pnl, 704) as decimal(22,6)) AS t704,
cast(element_at(pnl, 705) as decimal(22,6)) AS t705,
cast(element_at(pnl, 706) as decimal(22,6)) AS t706,
cast(element_at(pnl, 707) as decimal(22,6)) AS t707,
cast(element_at(pnl, 708) as decimal(22,6)) AS t708,
cast(element_at(pnl, 709) as decimal(22,6)) AS t709,
cast(element_at(pnl, 710) as decimal(22,6)) AS t710,
cast(element_at(pnl, 711) as decimal(22,6)) AS t711,
cast(element_at(pnl, 712) as decimal(22,6)) AS t712,
cast(element_at(pnl, 713) as decimal(22,6)) AS t713,
cast(element_at(pnl, 714) as decimal(22,6)) AS t714,
cast(element_at(pnl, 715) as decimal(22,6)) AS t715,
cast(element_at(pnl, 716) as decimal(22,6)) AS t716,
cast(element_at(pnl, 717) as decimal(22,6)) AS t717,
cast(element_at(pnl, 718) as decimal(22,6)) AS t718,
cast(element_at(pnl, 719) as decimal(22,6)) AS t719,
cast(element_at(pnl, 720) as decimal(22,6)) AS t720,
cast(element_at(pnl, 721) as decimal(22,6)) AS t721,
cast(element_at(pnl, 722) as decimal(22,6)) AS t722,
cast(element_at(pnl, 723) as decimal(22,6)) AS t723,
cast(element_at(pnl, 724) as decimal(22,6)) AS t724,
cast(element_at(pnl, 725) as decimal(22,6)) AS t725,
cast(element_at(pnl, 726) as decimal(22,6)) AS t726,
cast(element_at(pnl, 727) as decimal(22,6)) AS t727,
cast(element_at(pnl, 728) as decimal(22,6)) AS t728,
cast(element_at(pnl, 729) as decimal(22,6)) AS t729,
cast(element_at(pnl, 730) as decimal(22,6)) AS t730,
cast(element_at(pnl, 731) as decimal(22,6)) AS t731,
cast(element_at(pnl, 732) as decimal(22,6)) AS t732,
cast(element_at(pnl, 733) as decimal(22,6)) AS t733,
cast(element_at(pnl, 734) as decimal(22,6)) AS t734,
cast(element_at(pnl, 735) as decimal(22,6)) AS t735,
cast(element_at(pnl, 736) as decimal(22,6)) AS t736,
cast(element_at(pnl, 737) as decimal(22,6)) AS t737,
cast(element_at(pnl, 738) as decimal(22,6)) AS t738,
cast(element_at(pnl, 739) as decimal(22,6)) AS t739,
cast(element_at(pnl, 740) as decimal(22,6)) AS t740,
cast(element_at(pnl, 741) as decimal(22,6)) AS t741,
cast(element_at(pnl, 742) as decimal(22,6)) AS t742,
cast(element_at(pnl, 743) as decimal(22,6)) AS t743,
cast(element_at(pnl, 744) as decimal(22,6)) AS t744,
cast(element_at(pnl, 745) as decimal(22,6)) AS t745,
cast(element_at(pnl, 746) as decimal(22,6)) AS t746,
cast(element_at(pnl, 747) as decimal(22,6)) AS t747,
cast(element_at(pnl, 748) as decimal(22,6)) AS t748,
cast(element_at(pnl, 749) as decimal(22,6)) AS t749,
cast(element_at(pnl, 750) as decimal(22,6)) AS t750,
cast(element_at(pnl, 751) as decimal(22,6)) AS t751,
cast(element_at(pnl, 752) as decimal(22,6)) AS t752,
cast(element_at(pnl, 753) as decimal(22,6)) AS t753,
cast(element_at(pnl, 754) as decimal(22,6)) AS t754,
cast(element_at(pnl, 755) as decimal(22,6)) AS t755,
cast(element_at(pnl, 756) as decimal(22,6)) AS t756,
cast(element_at(pnl, 757) as decimal(22,6)) AS t757,
cast(element_at(pnl, 758) as decimal(22,6)) AS t758,
cast(element_at(pnl, 759) as decimal(22,6)) AS t759,
cast(element_at(pnl, 760) as decimal(22,6)) AS t760,
cast(element_at(pnl, 761) as decimal(22,6)) AS t761,
cast(element_at(pnl, 762) as decimal(22,6)) AS t762,
cast(element_at(pnl, 763) as decimal(22,6)) AS t763,
cast(element_at(pnl, 764) as decimal(22,6)) AS t764,
cast(element_at(pnl, 765) as decimal(22,6)) AS t765,
cast(element_at(pnl, 766) as decimal(22,6)) AS t766,
cast(element_at(pnl, 767) as decimal(22,6)) AS t767,
cast(element_at(pnl, 768) as decimal(22,6)) AS t768,
cast(element_at(pnl, 769) as decimal(22,6)) AS t769,
cast(element_at(pnl, 770) as decimal(22,6)) AS t770,
cast(element_at(pnl, 771) as decimal(22,6)) AS t771,
cast(element_at(pnl, 772) as decimal(22,6)) AS t772,
cast(element_at(pnl, 773) as decimal(22,6)) AS t773,
cast(element_at(pnl, 774) as decimal(22,6)) AS t774,
cast(element_at(pnl, 775) as decimal(22,6)) AS t775,
cast(element_at(pnl, 776) as decimal(22,6)) AS t776,
cast(element_at(pnl, 777) as decimal(22,6)) AS t777,
cast(element_at(pnl, 778) as decimal(22,6)) AS t778,
cast(element_at(pnl, 779) as decimal(22,6)) AS t779,
cast(element_at(pnl, 780) as decimal(22,6)) AS t780,
cast(element_at(pnl, 781) as decimal(22,6)) AS t781,
cast(element_at(pnl, 782) as decimal(22,6)) AS t782,
cast(element_at(pnl, 783) as decimal(22,6)) AS t783,
cast(element_at(pnl, 784) as decimal(22,6)) AS t784,
cast(element_at(pnl, 785) as decimal(22,6)) AS t785,
cast(element_at(pnl, 786) as decimal(22,6)) AS t786,
cast(element_at(pnl, 787) as decimal(22,6)) AS t787,
cast(element_at(pnl, 788) as decimal(22,6)) AS t788,
cast(element_at(pnl, 789) as decimal(22,6)) AS t789,
cast(element_at(pnl, 790) as decimal(22,6)) AS t790,
cast(element_at(pnl, 791) as decimal(22,6)) AS t791,
cast(element_at(pnl, 792) as decimal(22,6)) AS t792,
cast(element_at(pnl, 793) as decimal(22,6)) AS t793,
cast(element_at(pnl, 794) as decimal(22,6)) AS t794,
cast(element_at(pnl, 795) as decimal(22,6)) AS t795,
cast(element_at(pnl, 796) as decimal(22,6)) AS t796,
cast(element_at(pnl, 797) as decimal(22,6)) AS t797,
cast(element_at(pnl, 798) as decimal(22,6)) AS t798,
cast(element_at(pnl, 799) as decimal(22,6)) AS t799,
cast(element_at(pnl, 800) as decimal(22,6)) AS t800,
cast(element_at(pnl, 801) as decimal(22,6)) AS t801,
cast(element_at(pnl, 802) as decimal(22,6)) AS t802,
cast(element_at(pnl, 803) as decimal(22,6)) AS t803,
cast(element_at(pnl, 804) as decimal(22,6)) AS t804,
cast(element_at(pnl, 805) as decimal(22,6)) AS t805,
cast(element_at(pnl, 806) as decimal(22,6)) AS t806,
cast(element_at(pnl, 807) as decimal(22,6)) AS t807,
cast(element_at(pnl, 808) as decimal(22,6)) AS t808,
cast(element_at(pnl, 809) as decimal(22,6)) AS t809,
cast(element_at(pnl, 810) as decimal(22,6)) AS t810,
cast(element_at(pnl, 811) as decimal(22,6)) AS t811,
cast(element_at(pnl, 812) as decimal(22,6)) AS t812,
cast(element_at(pnl, 813) as decimal(22,6)) AS t813,
cast(element_at(pnl, 814) as decimal(22,6)) AS t814,
cast(element_at(pnl, 815) as decimal(22,6)) AS t815,
cast(element_at(pnl, 816) as decimal(22,6)) AS t816,
cast(element_at(pnl, 817) as decimal(22,6)) AS t817,
cast(element_at(pnl, 818) as decimal(22,6)) AS t818,
cast(element_at(pnl, 819) as decimal(22,6)) AS t819,
cast(element_at(pnl, 820) as decimal(22,6)) AS t820,
cast(element_at(pnl, 821) as decimal(22,6)) AS t821,
cast(element_at(pnl, 822) as decimal(22,6)) AS t822,
cast(element_at(pnl, 823) as decimal(22,6)) AS t823,
cast(element_at(pnl, 824) as decimal(22,6)) AS t824,
cast(element_at(pnl, 825) as decimal(22,6)) AS t825,
cast(element_at(pnl, 826) as decimal(22,6)) AS t826,
cast(element_at(pnl, 827) as decimal(22,6)) AS t827,
cast(element_at(pnl, 828) as decimal(22,6)) AS t828,
cast(element_at(pnl, 829) as decimal(22,6)) AS t829,
cast(element_at(pnl, 830) as decimal(22,6)) AS t830,
cast(element_at(pnl, 831) as decimal(22,6)) AS t831,
cast(element_at(pnl, 832) as decimal(22,6)) AS t832,
cast(element_at(pnl, 833) as decimal(22,6)) AS t833,
cast(element_at(pnl, 834) as decimal(22,6)) AS t834,
cast(element_at(pnl, 835) as decimal(22,6)) AS t835,
cast(element_at(pnl, 836) as decimal(22,6)) AS t836,
cast(element_at(pnl, 837) as decimal(22,6)) AS t837,
cast(element_at(pnl, 838) as decimal(22,6)) AS t838,
cast(element_at(pnl, 839) as decimal(22,6)) AS t839,
cast(element_at(pnl, 840) as decimal(22,6)) AS t840,
cast(element_at(pnl, 841) as decimal(22,6)) AS t841,
cast(element_at(pnl, 842) as decimal(22,6)) AS t842,
cast(element_at(pnl, 843) as decimal(22,6)) AS t843,
cast(element_at(pnl, 844) as decimal(22,6)) AS t844,
cast(element_at(pnl, 845) as decimal(22,6)) AS t845,
cast(element_at(pnl, 846) as decimal(22,6)) AS t846,
cast(element_at(pnl, 847) as decimal(22,6)) AS t847,
cast(element_at(pnl, 848) as decimal(22,6)) AS t848,
cast(element_at(pnl, 849) as decimal(22,6)) AS t849,
cast(element_at(pnl, 850) as decimal(22,6)) AS t850,
cast(element_at(pnl, 851) as decimal(22,6)) AS t851,
cast(element_at(pnl, 852) as decimal(22,6)) AS t852,
cast(element_at(pnl, 853) as decimal(22,6)) AS t853,
cast(element_at(pnl, 854) as decimal(22,6)) AS t854,
cast(element_at(pnl, 855) as decimal(22,6)) AS t855,
cast(element_at(pnl, 856) as decimal(22,6)) AS t856,
cast(element_at(pnl, 857) as decimal(22,6)) AS t857,
cast(element_at(pnl, 858) as decimal(22,6)) AS t858,
cast(element_at(pnl, 859) as decimal(22,6)) AS t859,
cast(element_at(pnl, 860) as decimal(22,6)) AS t860,
cast(element_at(pnl, 861) as decimal(22,6)) AS t861,
cast(element_at(pnl, 862) as decimal(22,6)) AS t862,
cast(element_at(pnl, 863) as decimal(22,6)) AS t863,
cast(element_at(pnl, 864) as decimal(22,6)) AS t864,
cast(element_at(pnl, 865) as decimal(22,6)) AS t865,
cast(element_at(pnl, 866) as decimal(22,6)) AS t866,
cast(element_at(pnl, 867) as decimal(22,6)) AS t867,
cast(element_at(pnl, 868) as decimal(22,6)) AS t868,
cast(element_at(pnl, 869) as decimal(22,6)) AS t869,
cast(element_at(pnl, 870) as decimal(22,6)) AS t870,
cast(element_at(pnl, 871) as decimal(22,6)) AS t871,
cast(element_at(pnl, 872) as decimal(22,6)) AS t872,
cast(element_at(pnl, 873) as decimal(22,6)) AS t873,
cast(element_at(pnl, 874) as decimal(22,6)) AS t874,
cast(element_at(pnl, 875) as decimal(22,6)) AS t875,
cast(element_at(pnl, 876) as decimal(22,6)) AS t876,
cast(element_at(pnl, 877) as decimal(22,6)) AS t877,
cast(element_at(pnl, 878) as decimal(22,6)) AS t878,
cast(element_at(pnl, 879) as decimal(22,6)) AS t879,
cast(element_at(pnl, 880) as decimal(22,6)) AS t880,
cast(element_at(pnl, 881) as decimal(22,6)) AS t881,
cast(element_at(pnl, 882) as decimal(22,6)) AS t882,
cast(element_at(pnl, 883) as decimal(22,6)) AS t883,
cast(element_at(pnl, 884) as decimal(22,6)) AS t884,
cast(element_at(pnl, 885) as decimal(22,6)) AS t885,
cast(element_at(pnl, 886) as decimal(22,6)) AS t886,
cast(element_at(pnl, 887) as decimal(22,6)) AS t887,
cast(element_at(pnl, 888) as decimal(22,6)) AS t888,
cast(element_at(pnl, 889) as decimal(22,6)) AS t889,
cast(element_at(pnl, 890) as decimal(22,6)) AS t890,
cast(element_at(pnl, 891) as decimal(22,6)) AS t891,
cast(element_at(pnl, 892) as decimal(22,6)) AS t892,
cast(element_at(pnl, 893) as decimal(22,6)) AS t893,
cast(element_at(pnl, 894) as decimal(22,6)) AS t894,
cast(element_at(pnl, 895) as decimal(22,6)) AS t895,
cast(element_at(pnl, 896) as decimal(22,6)) AS t896,
cast(element_at(pnl, 897) as decimal(22,6)) AS t897,
cast(element_at(pnl, 898) as decimal(22,6)) AS t898,
cast(element_at(pnl, 899) as decimal(22,6)) AS t899,
cast(element_at(pnl, 900) as decimal(22,6)) AS t900,
cast(element_at(pnl, 901) as decimal(22,6)) AS t901,
cast(element_at(pnl, 902) as decimal(22,6)) AS t902,
cast(element_at(pnl, 903) as decimal(22,6)) AS t903,
cast(element_at(pnl, 904) as decimal(22,6)) AS t904,
cast(element_at(pnl, 905) as decimal(22,6)) AS t905,
cast(element_at(pnl, 906) as decimal(22,6)) AS t906,
cast(element_at(pnl, 907) as decimal(22,6)) AS t907,
cast(element_at(pnl, 908) as decimal(22,6)) AS t908,
cast(element_at(pnl, 909) as decimal(22,6)) AS t909,
cast(element_at(pnl, 910) as decimal(22,6)) AS t910,
cast(element_at(pnl, 911) as decimal(22,6)) AS t911,
cast(element_at(pnl, 912) as decimal(22,6)) AS t912,
cast(element_at(pnl, 913) as decimal(22,6)) AS t913,
cast(element_at(pnl, 914) as decimal(22,6)) AS t914,
cast(element_at(pnl, 915) as decimal(22,6)) AS t915,
cast(element_at(pnl, 916) as decimal(22,6)) AS t916,
cast(element_at(pnl, 917) as decimal(22,6)) AS t917,
cast(element_at(pnl, 918) as decimal(22,6)) AS t918,
cast(element_at(pnl, 919) as decimal(22,6)) AS t919,
cast(element_at(pnl, 920) as decimal(22,6)) AS t920,
cast(element_at(pnl, 921) as decimal(22,6)) AS t921,
cast(element_at(pnl, 922) as decimal(22,6)) AS t922,
cast(element_at(pnl, 923) as decimal(22,6)) AS t923,
cast(element_at(pnl, 924) as decimal(22,6)) AS t924,
cast(element_at(pnl, 925) as decimal(22,6)) AS t925,
cast(element_at(pnl, 926) as decimal(22,6)) AS t926,
cast(element_at(pnl, 927) as decimal(22,6)) AS t927,
cast(element_at(pnl, 928) as decimal(22,6)) AS t928,
cast(element_at(pnl, 929) as decimal(22,6)) AS t929,
cast(element_at(pnl, 930) as decimal(22,6)) AS t930,
cast(element_at(pnl, 931) as decimal(22,6)) AS t931,
cast(element_at(pnl, 932) as decimal(22,6)) AS t932,
cast(element_at(pnl, 933) as decimal(22,6)) AS t933,
cast(element_at(pnl, 934) as decimal(22,6)) AS t934,
cast(element_at(pnl, 935) as decimal(22,6)) AS t935,
cast(element_at(pnl, 936) as decimal(22,6)) AS t936,
cast(element_at(pnl, 937) as decimal(22,6)) AS t937,
cast(element_at(pnl, 938) as decimal(22,6)) AS t938,
cast(element_at(pnl, 939) as decimal(22,6)) AS t939,
cast(element_at(pnl, 940) as decimal(22,6)) AS t940,
cast(element_at(pnl, 941) as decimal(22,6)) AS t941,
cast(element_at(pnl, 942) as decimal(22,6)) AS t942,
cast(element_at(pnl, 943) as decimal(22,6)) AS t943,
cast(element_at(pnl, 944) as decimal(22,6)) AS t944,
cast(element_at(pnl, 945) as decimal(22,6)) AS t945,
cast(element_at(pnl, 946) as decimal(22,6)) AS t946,
cast(element_at(pnl, 947) as decimal(22,6)) AS t947,
cast(element_at(pnl, 948) as decimal(22,6)) AS t948,
cast(element_at(pnl, 949) as decimal(22,6)) AS t949,
cast(element_at(pnl, 950) as decimal(22,6)) AS t950,
cast(element_at(pnl, 951) as decimal(22,6)) AS t951,
cast(element_at(pnl, 952) as decimal(22,6)) AS t952,
cast(element_at(pnl, 953) as decimal(22,6)) AS t953,
cast(element_at(pnl, 954) as decimal(22,6)) AS t954,
cast(element_at(pnl, 955) as decimal(22,6)) AS t955,
cast(element_at(pnl, 956) as decimal(22,6)) AS t956,
cast(element_at(pnl, 957) as decimal(22,6)) AS t957,
cast(element_at(pnl, 958) as decimal(22,6)) AS t958,
cast(element_at(pnl, 959) as decimal(22,6)) AS t959,
cast(element_at(pnl, 960) as decimal(22,6)) AS t960,
cast(element_at(pnl, 961) as decimal(22,6)) AS t961,
cast(element_at(pnl, 962) as decimal(22,6)) AS t962,
cast(element_at(pnl, 963) as decimal(22,6)) AS t963,
cast(element_at(pnl, 964) as decimal(22,6)) AS t964,
cast(element_at(pnl, 965) as decimal(22,6)) AS t965,
cast(element_at(pnl, 966) as decimal(22,6)) AS t966,
cast(element_at(pnl, 967) as decimal(22,6)) AS t967,
cast(element_at(pnl, 968) as decimal(22,6)) AS t968,
cast(element_at(pnl, 969) as decimal(22,6)) AS t969,
cast(element_at(pnl, 970) as decimal(22,6)) AS t970,
cast(element_at(pnl, 971) as decimal(22,6)) AS t971,
cast(element_at(pnl, 972) as decimal(22,6)) AS t972,
cast(element_at(pnl, 973) as decimal(22,6)) AS t973,
cast(element_at(pnl, 974) as decimal(22,6)) AS t974,
cast(element_at(pnl, 975) as decimal(22,6)) AS t975,
cast(element_at(pnl, 976) as decimal(22,6)) AS t976,
cast(element_at(pnl, 977) as decimal(22,6)) AS t977,
cast(element_at(pnl, 978) as decimal(22,6)) AS t978,
cast(element_at(pnl, 979) as decimal(22,6)) AS t979,
cast(element_at(pnl, 980) as decimal(22,6)) AS t980,
cast(element_at(pnl, 981) as decimal(22,6)) AS t981,
cast(element_at(pnl, 982) as decimal(22,6)) AS t982,
cast(element_at(pnl, 983) as decimal(22,6)) AS t983,
cast(element_at(pnl, 984) as decimal(22,6)) AS t984,
cast(element_at(pnl, 985) as decimal(22,6)) AS t985,
cast(element_at(pnl, 986) as decimal(22,6)) AS t986,
cast(element_at(pnl, 987) as decimal(22,6)) AS t987,
cast(element_at(pnl, 988) as decimal(22,6)) AS t988,
cast(element_at(pnl, 989) as decimal(22,6)) AS t989,
cast(element_at(pnl, 990) as decimal(22,6)) AS t990,
cast(element_at(pnl, 991) as decimal(22,6)) AS t991,
cast(element_at(pnl, 992) as decimal(22,6)) AS t992,
cast(element_at(pnl, 993) as decimal(22,6)) AS t993,
cast(element_at(pnl, 994) as decimal(22,6)) AS t994,
cast(element_at(pnl, 995) as decimal(22,6)) AS t995,
cast(element_at(pnl, 996) as decimal(22,6)) AS t996,
cast(element_at(pnl, 997) as decimal(22,6)) AS t997,
cast(element_at(pnl, 998) as decimal(22,6)) AS t998,
cast(element_at(pnl, 999) as decimal(22,6)) AS t999,
cast(element_at(pnl, 1000) as decimal(22,6)) AS t1000,
cast(element_at(pnl, 1001) as decimal(22,6)) AS t1001,
cast(element_at(pnl, 1002) as decimal(22,6)) AS t1002,
cast(element_at(pnl, 1003) as decimal(22,6)) AS t1003,
cast(element_at(pnl, 1004) as decimal(22,6)) AS t1004,
cast(element_at(pnl, 1005) as decimal(22,6)) AS t1005,
cast(element_at(pnl, 1006) as decimal(22,6)) AS t1006,
cast(element_at(pnl, 1007) as decimal(22,6)) AS t1007,
cast(element_at(pnl, 1008) as decimal(22,6)) AS t1008,
cast(element_at(pnl, 1009) as decimal(22,6)) AS t1009,
cast(element_at(pnl, 1010) as decimal(22,6)) AS t1010,
cast(element_at(pnl, 1011) as decimal(22,6)) AS t1011,
cast(element_at(pnl, 1012) as decimal(22,6)) AS t1012,
cast(element_at(pnl, 1013) as decimal(22,6)) AS t1013,
cast(element_at(pnl, 1014) as decimal(22,6)) AS t1014,
cast(element_at(pnl, 1015) as decimal(22,6)) AS t1015,
cast(element_at(pnl, 1016) as decimal(22,6)) AS t1016,
cast(element_at(pnl, 1017) as decimal(22,6)) AS t1017,
cast(element_at(pnl, 1018) as decimal(22,6)) AS t1018,
cast(element_at(pnl, 1019) as decimal(22,6)) AS t1019,
cast(element_at(pnl, 1020) as decimal(22,6)) AS t1020,
cast(element_at(pnl, 1021) as decimal(22,6)) AS t1021,
cast(element_at(pnl, 1022) as decimal(22,6)) AS t1022,
cast(element_at(pnl, 1023) as decimal(22,6)) AS t1023,
cast(element_at(pnl, 1024) as decimal(22,6)) AS t1024,
cast(element_at(pnl, 1025) as decimal(22,6)) AS t1025,
cast(element_at(pnl, 1026) as decimal(22,6)) AS t1026,
cast(element_at(pnl, 1027) as decimal(22,6)) AS t1027,
cast(element_at(pnl, 1028) as decimal(22,6)) AS t1028,
cast(element_at(pnl, 1029) as decimal(22,6)) AS t1029,
cast(element_at(pnl, 1030) as decimal(22,6)) AS t1030,
cast(element_at(pnl, 1031) as decimal(22,6)) AS t1031,
cast(element_at(pnl, 1032) as decimal(22,6)) AS t1032,
cast(element_at(pnl, 1033) as decimal(22,6)) AS t1033,
cast(element_at(pnl, 1034) as decimal(22,6)) AS t1034,
cast(element_at(pnl, 1035) as decimal(22,6)) AS t1035,
cast(element_at(pnl, 1036) as decimal(22,6)) AS t1036,
cast(element_at(pnl, 1037) as decimal(22,6)) AS t1037,
cast(element_at(pnl, 1038) as decimal(22,6)) AS t1038,
cast(element_at(pnl, 1039) as decimal(22,6)) AS t1039,
cast(element_at(pnl, 1040) as decimal(22,6)) AS t1040,
cast(element_at(pnl, 1041) as decimal(22,6)) AS t1041,
cast(element_at(pnl, 1042) as decimal(22,6)) AS t1042,
cast(element_at(pnl, 1043) as decimal(22,6)) AS t1043,
cast(element_at(pnl, 1044) as decimal(22,6)) AS t1044,
cast(element_at(pnl, 1045) as decimal(22,6)) AS t1045,
cast(element_at(pnl, 1046) as decimal(22,6)) AS t1046,
cast(element_at(pnl, 1047) as decimal(22,6)) AS t1047,
cast(element_at(pnl, 1048) as decimal(22,6)) AS t1048,
cast(element_at(pnl, 1049) as decimal(22,6)) AS t1049,
cast(element_at(pnl, 1050) as decimal(22,6)) AS t1050,
cast(element_at(pnl, 1051) as decimal(22,6)) AS t1051,
cast(element_at(pnl, 1052) as decimal(22,6)) AS t1052,
cast(element_at(pnl, 1053) as decimal(22,6)) AS t1053,
cast(element_at(pnl, 1054) as decimal(22,6)) AS t1054,
cast(element_at(pnl, 1055) as decimal(22,6)) AS t1055,
cast(element_at(pnl, 1056) as decimal(22,6)) AS t1056,
cast(element_at(pnl, 1057) as decimal(22,6)) AS t1057,
cast(element_at(pnl, 1058) as decimal(22,6)) AS t1058,
cast(element_at(pnl, 1059) as decimal(22,6)) AS t1059,
cast(element_at(pnl, 1060) as decimal(22,6)) AS t1060,
cast(element_at(pnl, 1061) as decimal(22,6)) AS t1061,
cast(element_at(pnl, 1062) as decimal(22,6)) AS t1062,
cast(element_at(pnl, 1063) as decimal(22,6)) AS t1063,
cast(element_at(pnl, 1064) as decimal(22,6)) AS t1064,
cast(element_at(pnl, 1065) as decimal(22,6)) AS t1065,
cast(element_at(pnl, 1066) as decimal(22,6)) AS t1066,
cast(element_at(pnl, 1067) as decimal(22,6)) AS t1067,
cast(element_at(pnl, 1068) as decimal(22,6)) AS t1068,
cast(element_at(pnl, 1069) as decimal(22,6)) AS t1069,
cast(element_at(pnl, 1070) as decimal(22,6)) AS t1070,
cast(element_at(pnl, 1071) as decimal(22,6)) AS t1071,
cast(element_at(pnl, 1072) as decimal(22,6)) AS t1072,
cast(element_at(pnl, 1073) as decimal(22,6)) AS t1073,
cast(element_at(pnl, 1074) as decimal(22,6)) AS t1074,
cast(element_at(pnl, 1075) as decimal(22,6)) AS t1075,
cast(element_at(pnl, 1076) as decimal(22,6)) AS t1076,
cast(element_at(pnl, 1077) as decimal(22,6)) AS t1077,
cast(element_at(pnl, 1078) as decimal(22,6)) AS t1078,
cast(element_at(pnl, 1079) as decimal(22,6)) AS t1079,
cast(element_at(pnl, 1080) as decimal(22,6)) AS t1080,
cast(element_at(pnl, 1081) as decimal(22,6)) AS t1081,
cast(element_at(pnl, 1082) as decimal(22,6)) AS t1082,
cast(element_at(pnl, 1083) as decimal(22,6)) AS t1083,
cast(element_at(pnl, 1084) as decimal(22,6)) AS t1084,
cast(element_at(pnl, 1085) as decimal(22,6)) AS t1085,
cast(element_at(pnl, 1086) as decimal(22,6)) AS t1086,
cast(element_at(pnl, 1087) as decimal(22,6)) AS t1087,
cast(element_at(pnl, 1088) as decimal(22,6)) AS t1088,
cast(element_at(pnl, 1089) as decimal(22,6)) AS t1089,
cast(element_at(pnl, 1090) as decimal(22,6)) AS t1090,
cast(element_at(pnl, 1091) as decimal(22,6)) AS t1091,
cast(element_at(pnl, 1092) as decimal(22,6)) AS t1092,
cast(element_at(pnl, 1093) as decimal(22,6)) AS t1093,
cast(element_at(pnl, 1094) as decimal(22,6)) AS t1094,
cast(element_at(pnl, 1095) as decimal(22,6)) AS t1095,
cast(element_at(pnl, 1096) as decimal(22,6)) AS t1096,
cast(element_at(pnl, 1097) as decimal(22,6)) AS t1097,
cast(element_at(pnl, 1098) as decimal(22,6)) AS t1098,
cast(element_at(pnl, 1099) as decimal(22,6)) AS t1099,
cast(element_at(pnl, 1100) as decimal(22,6)) AS t1100,
cast(element_at(pnl, 1101) as decimal(22,6)) AS t1101,
cast(element_at(pnl, 1102) as decimal(22,6)) AS t1102,
cast(element_at(pnl, 1103) as decimal(22,6)) AS t1103,
cast(element_at(pnl, 1104) as decimal(22,6)) AS t1104,
cast(element_at(pnl, 1105) as decimal(22,6)) AS t1105,
cast(element_at(pnl, 1106) as decimal(22,6)) AS t1106,
cast(element_at(pnl, 1107) as decimal(22,6)) AS t1107,
cast(element_at(pnl, 1108) as decimal(22,6)) AS t1108,
cast(element_at(pnl, 1109) as decimal(22,6)) AS t1109,
cast(element_at(pnl, 1110) as decimal(22,6)) AS t1110,
cast(element_at(pnl, 1111) as decimal(22,6)) AS t1111,
cast(element_at(pnl, 1112) as decimal(22,6)) AS t1112,
cast(element_at(pnl, 1113) as decimal(22,6)) AS t1113,
cast(element_at(pnl, 1114) as decimal(22,6)) AS t1114,
cast(element_at(pnl, 1115) as decimal(22,6)) AS t1115,
cast(element_at(pnl, 1116) as decimal(22,6)) AS t1116,
cast(element_at(pnl, 1117) as decimal(22,6)) AS t1117,
cast(element_at(pnl, 1118) as decimal(22,6)) AS t1118,
cast(element_at(pnl, 1119) as decimal(22,6)) AS t1119,
cast(element_at(pnl, 1120) as decimal(22,6)) AS t1120,
cast(element_at(pnl, 1121) as decimal(22,6)) AS t1121,
cast(element_at(pnl, 1122) as decimal(22,6)) AS t1122,
cast(element_at(pnl, 1123) as decimal(22,6)) AS t1123,
cast(element_at(pnl, 1124) as decimal(22,6)) AS t1124,
cast(element_at(pnl, 1125) as decimal(22,6)) AS t1125,
cast(element_at(pnl, 1126) as decimal(22,6)) AS t1126,
cast(element_at(pnl, 1127) as decimal(22,6)) AS t1127,
cast(element_at(pnl, 1128) as decimal(22,6)) AS t1128,
cast(element_at(pnl, 1129) as decimal(22,6)) AS t1129,
cast(element_at(pnl, 1130) as decimal(22,6)) AS t1130,
cast(element_at(pnl, 1131) as decimal(22,6)) AS t1131,
cast(element_at(pnl, 1132) as decimal(22,6)) AS t1132,
cast(element_at(pnl, 1133) as decimal(22,6)) AS t1133,
cast(element_at(pnl, 1134) as decimal(22,6)) AS t1134,
cast(element_at(pnl, 1135) as decimal(22,6)) AS t1135,
cast(element_at(pnl, 1136) as decimal(22,6)) AS t1136,
cast(element_at(pnl, 1137) as decimal(22,6)) AS t1137,
cast(element_at(pnl, 1138) as decimal(22,6)) AS t1138,
cast(element_at(pnl, 1139) as decimal(22,6)) AS t1139,
cast(element_at(pnl, 1140) as decimal(22,6)) AS t1140,
cast(element_at(pnl, 1141) as decimal(22,6)) AS t1141,
cast(element_at(pnl, 1142) as decimal(22,6)) AS t1142,
cast(element_at(pnl, 1143) as decimal(22,6)) AS t1143,
cast(element_at(pnl, 1144) as decimal(22,6)) AS t1144,
cast(element_at(pnl, 1145) as decimal(22,6)) AS t1145,
cast(element_at(pnl, 1146) as decimal(22,6)) AS t1146,
cast(element_at(pnl, 1147) as decimal(22,6)) AS t1147,
cast(element_at(pnl, 1148) as decimal(22,6)) AS t1148,
cast(element_at(pnl, 1149) as decimal(22,6)) AS t1149,
cast(element_at(pnl, 1150) as decimal(22,6)) AS t1150,
cast(element_at(pnl, 1151) as decimal(22,6)) AS t1151,
cast(element_at(pnl, 1152) as decimal(22,6)) AS t1152,
cast(element_at(pnl, 1153) as decimal(22,6)) AS t1153,
cast(element_at(pnl, 1154) as decimal(22,6)) AS t1154,
cast(element_at(pnl, 1155) as decimal(22,6)) AS t1155,
cast(element_at(pnl, 1156) as decimal(22,6)) AS t1156,
cast(element_at(pnl, 1157) as decimal(22,6)) AS t1157,
cast(element_at(pnl, 1158) as decimal(22,6)) AS t1158,
cast(element_at(pnl, 1159) as decimal(22,6)) AS t1159,
cast(element_at(pnl, 1160) as decimal(22,6)) AS t1160,
cast(element_at(pnl, 1161) as decimal(22,6)) AS t1161,
cast(element_at(pnl, 1162) as decimal(22,6)) AS t1162,
cast(element_at(pnl, 1163) as decimal(22,6)) AS t1163,
cast(element_at(pnl, 1164) as decimal(22,6)) AS t1164,
cast(element_at(pnl, 1165) as decimal(22,6)) AS t1165,
cast(element_at(pnl, 1166) as decimal(22,6)) AS t1166,
cast(element_at(pnl, 1167) as decimal(22,6)) AS t1167,
cast(element_at(pnl, 1168) as decimal(22,6)) AS t1168,
cast(element_at(pnl, 1169) as decimal(22,6)) AS t1169,
cast(element_at(pnl, 1170) as decimal(22,6)) AS t1170,
cast(element_at(pnl, 1171) as decimal(22,6)) AS t1171,
cast(element_at(pnl, 1172) as decimal(22,6)) AS t1172,
cast(element_at(pnl, 1173) as decimal(22,6)) AS t1173,
cast(element_at(pnl, 1174) as decimal(22,6)) AS t1174,
cast(element_at(pnl, 1175) as decimal(22,6)) AS t1175,
cast(element_at(pnl, 1176) as decimal(22,6)) AS t1176,
cast(element_at(pnl, 1177) as decimal(22,6)) AS t1177,
cast(element_at(pnl, 1178) as decimal(22,6)) AS t1178,
cast(element_at(pnl, 1179) as decimal(22,6)) AS t1179,
cast(element_at(pnl, 1180) as decimal(22,6)) AS t1180,
cast(element_at(pnl, 1181) as decimal(22,6)) AS t1181,
cast(element_at(pnl, 1182) as decimal(22,6)) AS t1182,
cast(element_at(pnl, 1183) as decimal(22,6)) AS t1183,
cast(element_at(pnl, 1184) as decimal(22,6)) AS t1184,
cast(element_at(pnl, 1185) as decimal(22,6)) AS t1185,
cast(element_at(pnl, 1186) as decimal(22,6)) AS t1186,
cast(element_at(pnl, 1187) as decimal(22,6)) AS t1187,
cast(element_at(pnl, 1188) as decimal(22,6)) AS t1188,
cast(element_at(pnl, 1189) as decimal(22,6)) AS t1189,
cast(element_at(pnl, 1190) as decimal(22,6)) AS t1190,
cast(element_at(pnl, 1191) as decimal(22,6)) AS t1191,
cast(element_at(pnl, 1192) as decimal(22,6)) AS t1192,
cast(element_at(pnl, 1193) as decimal(22,6)) AS t1193,
cast(element_at(pnl, 1194) as decimal(22,6)) AS t1194,
cast(element_at(pnl, 1195) as decimal(22,6)) AS t1195,
cast(element_at(pnl, 1196) as decimal(22,6)) AS t1196,
cast(element_at(pnl, 1197) as decimal(22,6)) AS t1197,
cast(element_at(pnl, 1198) as decimal(22,6)) AS t1198,
cast(element_at(pnl, 1199) as decimal(22,6)) AS t1199,
cast(element_at(pnl, 1200) as decimal(22,6)) AS t1200,
cast(element_at(pnl, 1201) as decimal(22,6)) AS t1201,
cast(element_at(pnl, 1202) as decimal(22,6)) AS t1202,
cast(element_at(pnl, 1203) as decimal(22,6)) AS t1203,
cast(element_at(pnl, 1204) as decimal(22,6)) AS t1204,
cast(element_at(pnl, 1205) as decimal(22,6)) AS t1205,
cast(element_at(pnl, 1206) as decimal(22,6)) AS t1206,
cast(element_at(pnl, 1207) as decimal(22,6)) AS t1207,
cast(element_at(pnl, 1208) as decimal(22,6)) AS t1208,
cast(element_at(pnl, 1209) as decimal(22,6)) AS t1209,
cast(element_at(pnl, 1210) as decimal(22,6)) AS t1210,
cast(element_at(pnl, 1211) as decimal(22,6)) AS t1211,
cast(element_at(pnl, 1212) as decimal(22,6)) AS t1212,
cast(element_at(pnl, 1213) as decimal(22,6)) AS t1213,
cast(element_at(pnl, 1214) as decimal(22,6)) AS t1214,
cast(element_at(pnl, 1215) as decimal(22,6)) AS t1215,
cast(element_at(pnl, 1216) as decimal(22,6)) AS t1216,
cast(element_at(pnl, 1217) as decimal(22,6)) AS t1217,
cast(element_at(pnl, 1218) as decimal(22,6)) AS t1218,
cast(element_at(pnl, 1219) as decimal(22,6)) AS t1219,
cast(element_at(pnl, 1220) as decimal(22,6)) AS t1220,
cast(element_at(pnl, 1221) as decimal(22,6)) AS t1221,
cast(element_at(pnl, 1222) as decimal(22,6)) AS t1222,
cast(element_at(pnl, 1223) as decimal(22,6)) AS t1223,
cast(element_at(pnl, 1224) as decimal(22,6)) AS t1224,
cast(element_at(pnl, 1225) as decimal(22,6)) AS t1225,
cast(element_at(pnl, 1226) as decimal(22,6)) AS t1226,
cast(element_at(pnl, 1227) as decimal(22,6)) AS t1227,
cast(element_at(pnl, 1228) as decimal(22,6)) AS t1228,
cast(element_at(pnl, 1229) as decimal(22,6)) AS t1229,
cast(element_at(pnl, 1230) as decimal(22,6)) AS t1230,
cast(element_at(pnl, 1231) as decimal(22,6)) AS t1231,
cast(element_at(pnl, 1232) as decimal(22,6)) AS t1232,
cast(element_at(pnl, 1233) as decimal(22,6)) AS t1233,
cast(element_at(pnl, 1234) as decimal(22,6)) AS t1234,
cast(element_at(pnl, 1235) as decimal(22,6)) AS t1235,
cast(element_at(pnl, 1236) as decimal(22,6)) AS t1236,
cast(element_at(pnl, 1237) as decimal(22,6)) AS t1237,
cast(element_at(pnl, 1238) as decimal(22,6)) AS t1238,
cast(element_at(pnl, 1239) as decimal(22,6)) AS t1239,
cast(element_at(pnl, 1240) as decimal(22,6)) AS t1240,
cast(element_at(pnl, 1241) as decimal(22,6)) AS t1241,
cast(element_at(pnl, 1242) as decimal(22,6)) AS t1242,
cast(element_at(pnl, 1243) as decimal(22,6)) AS t1243,
cast(element_at(pnl, 1244) as decimal(22,6)) AS t1244,
cast(element_at(pnl, 1245) as decimal(22,6)) AS t1245,
cast(element_at(pnl, 1246) as decimal(22,6)) AS t1246,
cast(element_at(pnl, 1247) as decimal(22,6)) AS t1247,
cast(element_at(pnl, 1248) as decimal(22,6)) AS t1248,
cast(element_at(pnl, 1249) as decimal(22,6)) AS t1249,
cast(element_at(pnl, 1250) as decimal(22,6)) AS t1250,
cast(element_at(pnl, 1251) as decimal(22,6)) AS t1251,
cast(element_at(pnl, 1252) as decimal(22,6)) AS t1252,
cast(element_at(pnl, 1253) as decimal(22,6)) AS t1253,
cast(element_at(pnl, 1254) as decimal(22,6)) AS t1254,
cast(element_at(pnl, 1255) as decimal(22,6)) AS t1255,
cast(element_at(pnl, 1256) as decimal(22,6)) AS t1256,
cast(element_at(pnl, 1257) as decimal(22,6)) AS t1257,
cast(element_at(pnl, 1258) as decimal(22,6)) AS t1258,
cast(element_at(pnl, 1259) as decimal(22,6)) AS t1259,
cast(element_at(pnl, 1260) as decimal(22,6)) AS t1260,
cast(element_at(pnl, 1261) as decimal(22,6)) AS t1261,
cast(element_at(pnl, 1262) as decimal(22,6)) AS t1262,
cast(element_at(pnl, 1263) as decimal(22,6)) AS t1263,
cast(element_at(pnl, 1264) as decimal(22,6)) AS t1264,
cast(element_at(pnl, 1265) as decimal(22,6)) AS t1265,
cast(element_at(pnl, 1266) as decimal(22,6)) AS t1266,
cast(element_at(pnl, 1267) as decimal(22,6)) AS t1267,
cast(element_at(pnl, 1268) as decimal(22,6)) AS t1268,
cast(element_at(pnl, 1269) as decimal(22,6)) AS t1269,
cast(element_at(pnl, 1270) as decimal(22,6)) AS t1270,
cast(element_at(pnl, 1271) as decimal(22,6)) AS t1271,
cast(element_at(pnl, 1272) as decimal(22,6)) AS t1272,
cast(element_at(pnl, 1273) as decimal(22,6)) AS t1273,
cast(element_at(pnl, 1274) as decimal(22,6)) AS t1274,
cast(element_at(pnl, 1275) as decimal(22,6)) AS t1275,
cast(element_at(pnl, 1276) as decimal(22,6)) AS t1276,
cast(element_at(pnl, 1277) as decimal(22,6)) AS t1277,
cast(element_at(pnl, 1278) as decimal(22,6)) AS t1278,
cast(element_at(pnl, 1279) as decimal(22,6)) AS t1279,
cast(element_at(pnl, 1280) as decimal(22,6)) AS t1280,
cast(element_at(pnl, 1281) as decimal(22,6)) AS t1281,
cast(element_at(pnl, 1282) as decimal(22,6)) AS t1282,
cast(element_at(pnl, 1283) as decimal(22,6)) AS t1283,
cast(element_at(pnl, 1284) as decimal(22,6)) AS t1284,
cast(element_at(pnl, 1285) as decimal(22,6)) AS t1285,
cast(element_at(pnl, 1286) as decimal(22,6)) AS t1286,
cast(element_at(pnl, 1287) as decimal(22,6)) AS t1287,
cast(element_at(pnl, 1288) as decimal(22,6)) AS t1288,
cast(element_at(pnl, 1289) as decimal(22,6)) AS t1289,
cast(element_at(pnl, 1290) as decimal(22,6)) AS t1290,
cast(element_at(pnl, 1291) as decimal(22,6)) AS t1291,
cast(element_at(pnl, 1292) as decimal(22,6)) AS t1292,
cast(element_at(pnl, 1293) as decimal(22,6)) AS t1293,
cast(element_at(pnl, 1294) as decimal(22,6)) AS t1294,
cast(element_at(pnl, 1295) as decimal(22,6)) AS t1295,
cast(element_at(pnl, 1296) as decimal(22,6)) AS t1296,
cast(element_at(pnl, 1297) as decimal(22,6)) AS t1297,
cast(element_at(pnl, 1298) as decimal(22,6)) AS t1298,
cast(element_at(pnl, 1299) as decimal(22,6)) AS t1299,
cast(element_at(pnl, 1300) as decimal(22,6)) AS t1300,
cast(element_at(pnl, 1301) as decimal(22,6)) AS t1301,
cast(element_at(pnl, 1302) as decimal(22,6)) AS t1302,
cast(element_at(pnl, 1303) as decimal(22,6)) AS t1303,
cast(element_at(pnl, 1304) as decimal(22,6)) AS t1304,
cast(element_at(pnl, 1305) as decimal(22,6)) AS t1305,
cast(element_at(pnl, 1306) as decimal(22,6)) AS t1306,
cast(element_at(pnl, 1307) as decimal(22,6)) AS t1307,
cast(element_at(pnl, 1308) as decimal(22,6)) AS t1308,
cast(element_at(pnl, 1309) as decimal(22,6)) AS t1309,
cast(element_at(pnl, 1310) as decimal(22,6)) AS t1310,
cast(element_at(pnl, 1311) as decimal(22,6)) AS t1311,
cast(element_at(pnl, 1312) as decimal(22,6)) AS t1312,
cast(element_at(pnl, 1313) as decimal(22,6)) AS t1313,
cast(element_at(pnl, 1314) as decimal(22,6)) AS t1314,
cast(element_at(pnl, 1315) as decimal(22,6)) AS t1315,
cast(element_at(pnl, 1316) as decimal(22,6)) AS t1316,
cast(element_at(pnl, 1317) as decimal(22,6)) AS t1317,
cast(element_at(pnl, 1318) as decimal(22,6)) AS t1318,
cast(element_at(pnl, 1319) as decimal(22,6)) AS t1319,
cast(element_at(pnl, 1320) as decimal(22,6)) AS t1320,
cast(element_at(pnl, 1321) as decimal(22,6)) AS t1321,
cast(element_at(pnl, 1322) as decimal(22,6)) AS t1322,
cast(element_at(pnl, 1323) as decimal(22,6)) AS t1323,
cast(element_at(pnl, 1324) as decimal(22,6)) AS t1324,
cast(element_at(pnl, 1325) as decimal(22,6)) AS t1325,
cast(element_at(pnl, 1326) as decimal(22,6)) AS t1326,
cast(element_at(pnl, 1327) as decimal(22,6)) AS t1327,
cast(element_at(pnl, 1328) as decimal(22,6)) AS t1328,
cast(element_at(pnl, 1329) as decimal(22,6)) AS t1329,
cast(element_at(pnl, 1330) as decimal(22,6)) AS t1330,
cast(element_at(pnl, 1331) as decimal(22,6)) AS t1331,
cast(element_at(pnl, 1332) as decimal(22,6)) AS t1332,
cast(element_at(pnl, 1333) as decimal(22,6)) AS t1333,
cast(element_at(pnl, 1334) as decimal(22,6)) AS t1334,
cast(element_at(pnl, 1335) as decimal(22,6)) AS t1335,
cast(element_at(pnl, 1336) as decimal(22,6)) AS t1336,
cast(element_at(pnl, 1337) as decimal(22,6)) AS t1337,
cast(element_at(pnl, 1338) as decimal(22,6)) AS t1338,
cast(element_at(pnl, 1339) as decimal(22,6)) AS t1339,
cast(element_at(pnl, 1340) as decimal(22,6)) AS t1340,
cast(element_at(pnl, 1341) as decimal(22,6)) AS t1341,
cast(element_at(pnl, 1342) as decimal(22,6)) AS t1342,
cast(element_at(pnl, 1343) as decimal(22,6)) AS t1343,
cast(element_at(pnl, 1344) as decimal(22,6)) AS t1344,
cast(element_at(pnl, 1345) as decimal(22,6)) AS t1345,
cast(element_at(pnl, 1346) as decimal(22,6)) AS t1346,
cast(element_at(pnl, 1347) as decimal(22,6)) AS t1347,
cast(element_at(pnl, 1348) as decimal(22,6)) AS t1348,
cast(element_at(pnl, 1349) as decimal(22,6)) AS t1349,
cast(element_at(pnl, 1350) as decimal(22,6)) AS t1350,
cast(element_at(pnl, 1351) as decimal(22,6)) AS t1351,
cast(element_at(pnl, 1352) as decimal(22,6)) AS t1352,
cast(element_at(pnl, 1353) as decimal(22,6)) AS t1353,
cast(element_at(pnl, 1354) as decimal(22,6)) AS t1354,
cast(element_at(pnl, 1355) as decimal(22,6)) AS t1355,
cast(element_at(pnl, 1356) as decimal(22,6)) AS t1356,
cast(element_at(pnl, 1357) as decimal(22,6)) AS t1357,
cast(element_at(pnl, 1358) as decimal(22,6)) AS t1358,
cast(element_at(pnl, 1359) as decimal(22,6)) AS t1359,
cast(element_at(pnl, 1360) as decimal(22,6)) AS t1360,
cast(element_at(pnl, 1361) as decimal(22,6)) AS t1361,
cast(element_at(pnl, 1362) as decimal(22,6)) AS t1362,
cast(element_at(pnl, 1363) as decimal(22,6)) AS t1363,
cast(element_at(pnl, 1364) as decimal(22,6)) AS t1364,
cast(element_at(pnl, 1365) as decimal(22,6)) AS t1365,
cast(element_at(pnl, 1366) as decimal(22,6)) AS t1366,
cast(element_at(pnl, 1367) as decimal(22,6)) AS t1367,
cast(element_at(pnl, 1368) as decimal(22,6)) AS t1368,
cast(element_at(pnl, 1369) as decimal(22,6)) AS t1369,
cast(element_at(pnl, 1370) as decimal(22,6)) AS t1370,
cast(element_at(pnl, 1371) as decimal(22,6)) AS t1371,
cast(element_at(pnl, 1372) as decimal(22,6)) AS t1372,
cast(element_at(pnl, 1373) as decimal(22,6)) AS t1373,
cast(element_at(pnl, 1374) as decimal(22,6)) AS t1374,
cast(element_at(pnl, 1375) as decimal(22,6)) AS t1375,
cast(element_at(pnl, 1376) as decimal(22,6)) AS t1376,
cast(element_at(pnl, 1377) as decimal(22,6)) AS t1377,
cast(element_at(pnl, 1378) as decimal(22,6)) AS t1378,
cast(element_at(pnl, 1379) as decimal(22,6)) AS t1379,
cast(element_at(pnl, 1380) as decimal(22,6)) AS t1380,
cast(element_at(pnl, 1381) as decimal(22,6)) AS t1381,
cast(element_at(pnl, 1382) as decimal(22,6)) AS t1382,
cast(element_at(pnl, 1383) as decimal(22,6)) AS t1383,
cast(element_at(pnl, 1384) as decimal(22,6)) AS t1384,
cast(element_at(pnl, 1385) as decimal(22,6)) AS t1385,
cast(element_at(pnl, 1386) as decimal(22,6)) AS t1386,
cast(element_at(pnl, 1387) as decimal(22,6)) AS t1387,
cast(element_at(pnl, 1388) as decimal(22,6)) AS t1388,
cast(element_at(pnl, 1389) as decimal(22,6)) AS t1389,
cast(element_at(pnl, 1390) as decimal(22,6)) AS t1390,
cast(element_at(pnl, 1391) as decimal(22,6)) AS t1391,
cast(element_at(pnl, 1392) as decimal(22,6)) AS t1392,
cast(element_at(pnl, 1393) as decimal(22,6)) AS t1393,
cast(element_at(pnl, 1394) as decimal(22,6)) AS t1394,
cast(element_at(pnl, 1395) as decimal(22,6)) AS t1395,
cast(element_at(pnl, 1396) as decimal(22,6)) AS t1396,
cast(element_at(pnl, 1397) as decimal(22,6)) AS t1397,
cast(element_at(pnl, 1398) as decimal(22,6)) AS t1398,
cast(element_at(pnl, 1399) as decimal(22,6)) AS t1399,
cast(element_at(pnl, 1400) as decimal(22,6)) AS t1400,
cast(element_at(pnl, 1401) as decimal(22,6)) AS t1401,
cast(element_at(pnl, 1402) as decimal(22,6)) AS t1402,
cast(element_at(pnl, 1403) as decimal(22,6)) AS t1403,
cast(element_at(pnl, 1404) as decimal(22,6)) AS t1404,
cast(element_at(pnl, 1405) as decimal(22,6)) AS t1405,
cast(element_at(pnl, 1406) as decimal(22,6)) AS t1406,
cast(element_at(pnl, 1407) as decimal(22,6)) AS t1407,
cast(element_at(pnl, 1408) as decimal(22,6)) AS t1408,
cast(element_at(pnl, 1409) as decimal(22,6)) AS t1409,
cast(element_at(pnl, 1410) as decimal(22,6)) AS t1410,
cast(element_at(pnl, 1411) as decimal(22,6)) AS t1411,
cast(element_at(pnl, 1412) as decimal(22,6)) AS t1412,
cast(element_at(pnl, 1413) as decimal(22,6)) AS t1413,
cast(element_at(pnl, 1414) as decimal(22,6)) AS t1414,
cast(element_at(pnl, 1415) as decimal(22,6)) AS t1415,
cast(element_at(pnl, 1416) as decimal(22,6)) AS t1416,
cast(element_at(pnl, 1417) as decimal(22,6)) AS t1417,
cast(element_at(pnl, 1418) as decimal(22,6)) AS t1418,
cast(element_at(pnl, 1419) as decimal(22,6)) AS t1419,
cast(element_at(pnl, 1420) as decimal(22,6)) AS t1420,
cast(element_at(pnl, 1421) as decimal(22,6)) AS t1421,
cast(element_at(pnl, 1422) as decimal(22,6)) AS t1422,
cast(element_at(pnl, 1423) as decimal(22,6)) AS t1423,
cast(element_at(pnl, 1424) as decimal(22,6)) AS t1424,
cast(element_at(pnl, 1425) as decimal(22,6)) AS t1425,
cast(element_at(pnl, 1426) as decimal(22,6)) AS t1426,
cast(element_at(pnl, 1427) as decimal(22,6)) AS t1427,
cast(element_at(pnl, 1428) as decimal(22,6)) AS t1428,
cast(element_at(pnl, 1429) as decimal(22,6)) AS t1429,
cast(element_at(pnl, 1430) as decimal(22,6)) AS t1430,
cast(element_at(pnl, 1431) as decimal(22,6)) AS t1431,
cast(element_at(pnl, 1432) as decimal(22,6)) AS t1432,
cast(element_at(pnl, 1433) as decimal(22,6)) AS t1433,
cast(element_at(pnl, 1434) as decimal(22,6)) AS t1434,
cast(element_at(pnl, 1435) as decimal(22,6)) AS t1435,
cast(element_at(pnl, 1436) as decimal(22,6)) AS t1436,
cast(element_at(pnl, 1437) as decimal(22,6)) AS t1437,
cast(element_at(pnl, 1438) as decimal(22,6)) AS t1438,
cast(element_at(pnl, 1439) as decimal(22,6)) AS t1439,
cast(element_at(pnl, 1440) as decimal(22,6)) AS t1440,
cast(element_at(pnl, 1441) as decimal(22,6)) AS t1441,
cast(element_at(pnl, 1442) as decimal(22,6)) AS t1442,
cast(element_at(pnl, 1443) as decimal(22,6)) AS t1443,
cast(element_at(pnl, 1444) as decimal(22,6)) AS t1444,
cast(element_at(pnl, 1445) as decimal(22,6)) AS t1445,
cast(element_at(pnl, 1446) as decimal(22,6)) AS t1446,
cast(element_at(pnl, 1447) as decimal(22,6)) AS t1447,
cast(element_at(pnl, 1448) as decimal(22,6)) AS t1448,
cast(element_at(pnl, 1449) as decimal(22,6)) AS t1449,
cast(element_at(pnl, 1450) as decimal(22,6)) AS t1450,
cast(element_at(pnl, 1451) as decimal(22,6)) AS t1451,
cast(element_at(pnl, 1452) as decimal(22,6)) AS t1452,
cast(element_at(pnl, 1453) as decimal(22,6)) AS t1453,
cast(element_at(pnl, 1454) as decimal(22,6)) AS t1454,
cast(element_at(pnl, 1455) as decimal(22,6)) AS t1455,
cast(element_at(pnl, 1456) as decimal(22,6)) AS t1456,
cast(element_at(pnl, 1457) as decimal(22,6)) AS t1457,
cast(element_at(pnl, 1458) as decimal(22,6)) AS t1458,
cast(element_at(pnl, 1459) as decimal(22,6)) AS t1459,
cast(element_at(pnl, 1460) as decimal(22,6)) AS t1460,
cast(element_at(pnl, 1461) as decimal(22,6)) AS t1461,
cast(element_at(pnl, 1462) as decimal(22,6)) AS t1462,
cast(element_at(pnl, 1463) as decimal(22,6)) AS t1463,
cast(element_at(pnl, 1464) as decimal(22,6)) AS t1464,
cast(element_at(pnl, 1465) as decimal(22,6)) AS t1465,
cast(element_at(pnl, 1466) as decimal(22,6)) AS t1466,
cast(element_at(pnl, 1467) as decimal(22,6)) AS t1467,
cast(element_at(pnl, 1468) as decimal(22,6)) AS t1468,
cast(element_at(pnl, 1469) as decimal(22,6)) AS t1469,
cast(element_at(pnl, 1470) as decimal(22,6)) AS t1470,
cast(element_at(pnl, 1471) as decimal(22,6)) AS t1471,
cast(element_at(pnl, 1472) as decimal(22,6)) AS t1472,
cast(element_at(pnl, 1473) as decimal(22,6)) AS t1473,
cast(element_at(pnl, 1474) as decimal(22,6)) AS t1474,
cast(element_at(pnl, 1475) as decimal(22,6)) AS t1475,
cast(element_at(pnl, 1476) as decimal(22,6)) AS t1476,
cast(element_at(pnl, 1477) as decimal(22,6)) AS t1477,
cast(element_at(pnl, 1478) as decimal(22,6)) AS t1478,
cast(element_at(pnl, 1479) as decimal(22,6)) AS t1479,
cast(element_at(pnl, 1480) as decimal(22,6)) AS t1480,
cast(element_at(pnl, 1481) as decimal(22,6)) AS t1481,
cast(element_at(pnl, 1482) as decimal(22,6)) AS t1482,
cast(element_at(pnl, 1483) as decimal(22,6)) AS t1483,
cast(element_at(pnl, 1484) as decimal(22,6)) AS t1484,
cast(element_at(pnl, 1485) as decimal(22,6)) AS t1485,
cast(element_at(pnl, 1486) as decimal(22,6)) AS t1486,
cast(element_at(pnl, 1487) as decimal(22,6)) AS t1487,
cast(element_at(pnl, 1488) as decimal(22,6)) AS t1488,
cast(element_at(pnl, 1489) as decimal(22,6)) AS t1489,
cast(element_at(pnl, 1490) as decimal(22,6)) AS t1490,
cast(element_at(pnl, 1491) as decimal(22,6)) AS t1491,
cast(element_at(pnl, 1492) as decimal(22,6)) AS t1492,
cast(element_at(pnl, 1493) as decimal(22,6)) AS t1493,
cast(element_at(pnl, 1494) as decimal(22,6)) AS t1494,
cast(element_at(pnl, 1495) as decimal(22,6)) AS t1495,
cast(element_at(pnl, 1496) as decimal(22,6)) AS t1496,
cast(element_at(pnl, 1497) as decimal(22,6)) AS t1497,
cast(element_at(pnl, 1498) as decimal(22,6)) AS t1498,
cast(element_at(pnl, 1499) as decimal(22,6)) AS t1499,
cast(element_at(pnl, 1500) as decimal(22,6)) AS t1500,
cast(element_at(pnl, 1501) as decimal(22,6)) AS t1501,
cast(element_at(pnl, 1502) as decimal(22,6)) AS t1502,
cast(element_at(pnl, 1503) as decimal(22,6)) AS t1503,
cast(element_at(pnl, 1504) as decimal(22,6)) AS t1504,
cast(element_at(pnl, 1505) as decimal(22,6)) AS t1505,
cast(element_at(pnl, 1506) as decimal(22,6)) AS t1506,
cast(element_at(pnl, 1507) as decimal(22,6)) AS t1507,
cast(element_at(pnl, 1508) as decimal(22,6)) AS t1508,
cast(element_at(pnl, 1509) as decimal(22,6)) AS t1509,
cast(element_at(pnl, 1510) as decimal(22,6)) AS t1510,
cast(element_at(pnl, 1511) as decimal(22,6)) AS t1511,
cast(element_at(pnl, 1512) as decimal(22,6)) AS t1512,
cast(element_at(pnl, 1513) as decimal(22,6)) AS t1513,
cast(element_at(pnl, 1514) as decimal(22,6)) AS t1514,
cast(element_at(pnl, 1515) as decimal(22,6)) AS t1515,
cast(element_at(pnl, 1516) as decimal(22,6)) AS t1516,
cast(element_at(pnl, 1517) as decimal(22,6)) AS t1517,
cast(element_at(pnl, 1518) as decimal(22,6)) AS t1518,
cast(element_at(pnl, 1519) as decimal(22,6)) AS t1519,
cast(element_at(pnl, 1520) as decimal(22,6)) AS t1520,
cast(element_at(pnl, 1521) as decimal(22,6)) AS t1521,
cast(element_at(pnl, 1522) as decimal(22,6)) AS t1522,
cast(element_at(pnl, 1523) as decimal(22,6)) AS t1523,
cast(element_at(pnl, 1524) as decimal(22,6)) AS t1524,
cast(element_at(pnl, 1525) as decimal(22,6)) AS t1525,
cast(element_at(pnl, 1526) as decimal(22,6)) AS t1526,
cast(element_at(pnl, 1527) as decimal(22,6)) AS t1527,
cast(element_at(pnl, 1528) as decimal(22,6)) AS t1528,
cast(element_at(pnl, 1529) as decimal(22,6)) AS t1529,
cast(element_at(pnl, 1530) as decimal(22,6)) AS t1530,
cast(element_at(pnl, 1531) as decimal(22,6)) AS t1531,
cast(element_at(pnl, 1532) as decimal(22,6)) AS t1532,
cast(element_at(pnl, 1533) as decimal(22,6)) AS t1533,
cast(element_at(pnl, 1534) as decimal(22,6)) AS t1534,
cast(element_at(pnl, 1535) as decimal(22,6)) AS t1535,
cast(element_at(pnl, 1536) as decimal(22,6)) AS t1536,
cast(element_at(pnl, 1537) as decimal(22,6)) AS t1537,
cast(element_at(pnl, 1538) as decimal(22,6)) AS t1538,
cast(element_at(pnl, 1539) as decimal(22,6)) AS t1539,
cast(element_at(pnl, 1540) as decimal(22,6)) AS t1540,
cast(element_at(pnl, 1541) as decimal(22,6)) AS t1541,
cast(element_at(pnl, 1542) as decimal(22,6)) AS t1542,
cast(element_at(pnl, 1543) as decimal(22,6)) AS t1543,
cast(element_at(pnl, 1544) as decimal(22,6)) AS t1544,
cast(element_at(pnl, 1545) as decimal(22,6)) AS t1545,
cast(element_at(pnl, 1546) as decimal(22,6)) AS t1546,
cast(element_at(pnl, 1547) as decimal(22,6)) AS t1547,
cast(element_at(pnl, 1548) as decimal(22,6)) AS t1548,
cast(element_at(pnl, 1549) as decimal(22,6)) AS t1549,
cast(element_at(pnl, 1550) as decimal(22,6)) AS t1550,
cast(element_at(pnl, 1551) as decimal(22,6)) AS t1551,
cast(element_at(pnl, 1552) as decimal(22,6)) AS t1552,
cast(element_at(pnl, 1553) as decimal(22,6)) AS t1553,
cast(element_at(pnl, 1554) as decimal(22,6)) AS t1554,
cast(element_at(pnl, 1555) as decimal(22,6)) AS t1555,
cast(element_at(pnl, 1556) as decimal(22,6)) AS t1556,
cast(element_at(pnl, 1557) as decimal(22,6)) AS t1557,
cast(element_at(pnl, 1558) as decimal(22,6)) AS t1558,
cast(element_at(pnl, 1559) as decimal(22,6)) AS t1559,
cast(element_at(pnl, 1560) as decimal(22,6)) AS t1560,
cast(element_at(pnl, 1561) as decimal(22,6)) AS t1561,
cast(element_at(pnl, 1562) as decimal(22,6)) AS t1562,
cast(element_at(pnl, 1563) as decimal(22,6)) AS t1563,
cast(element_at(pnl, 1564) as decimal(22,6)) AS t1564,
cast(element_at(pnl, 1565) as decimal(22,6)) AS t1565,
cast(element_at(pnl, 1566) as decimal(22,6)) AS t1566,
cast(element_at(pnl, 1567) as decimal(22,6)) AS t1567,
cast(element_at(pnl, 1568) as decimal(22,6)) AS t1568,
cast(element_at(pnl, 1569) as decimal(22,6)) AS t1569,
cast(element_at(pnl, 1570) as decimal(22,6)) AS t1570,
cast(element_at(pnl, 1571) as decimal(22,6)) AS t1571,
cast(element_at(pnl, 1572) as decimal(22,6)) AS t1572,
cast(element_at(pnl, 1573) as decimal(22,6)) AS t1573,
cast(element_at(pnl, 1574) as decimal(22,6)) AS t1574,
cast(element_at(pnl, 1575) as decimal(22,6)) AS t1575,
cast(element_at(pnl, 1576) as decimal(22,6)) AS t1576,
cast(element_at(pnl, 1577) as decimal(22,6)) AS t1577,
cast(element_at(pnl, 1578) as decimal(22,6)) AS t1578,
cast(element_at(pnl, 1579) as decimal(22,6)) AS t1579,
cast(element_at(pnl, 1580) as decimal(22,6)) AS t1580,
cast(element_at(pnl, 1581) as decimal(22,6)) AS t1581,
cast(element_at(pnl, 1582) as decimal(22,6)) AS t1582,
cast(element_at(pnl, 1583) as decimal(22,6)) AS t1583,
cast(element_at(pnl, 1584) as decimal(22,6)) AS t1584,
cast(element_at(pnl, 1585) as decimal(22,6)) AS t1585,
cast(element_at(pnl, 1586) as decimal(22,6)) AS t1586,
cast(element_at(pnl, 1587) as decimal(22,6)) AS t1587,
cast(element_at(pnl, 1588) as decimal(22,6)) AS t1588,
cast(element_at(pnl, 1589) as decimal(22,6)) AS t1589,
cast(element_at(pnl, 1590) as decimal(22,6)) AS t1590,
cast(element_at(pnl, 1591) as decimal(22,6)) AS t1591,
cast(element_at(pnl, 1592) as decimal(22,6)) AS t1592,
cast(element_at(pnl, 1593) as decimal(22,6)) AS t1593,
cast(element_at(pnl, 1594) as decimal(22,6)) AS t1594,
cast(element_at(pnl, 1595) as decimal(22,6)) AS t1595,
cast(element_at(pnl, 1596) as decimal(22,6)) AS t1596,
cast(element_at(pnl, 1597) as decimal(22,6)) AS t1597,
cast(element_at(pnl, 1598) as decimal(22,6)) AS t1598,
cast(element_at(pnl, 1599) as decimal(22,6)) AS t1599,
cast(element_at(pnl, 1600) as decimal(22,6)) AS t1600,
cast(element_at(pnl, 1601) as decimal(22,6)) AS t1601,
cast(element_at(pnl, 1602) as decimal(22,6)) AS t1602,
cast(element_at(pnl, 1603) as decimal(22,6)) AS t1603,
cast(element_at(pnl, 1604) as decimal(22,6)) AS t1604,
cast(element_at(pnl, 1605) as decimal(22,6)) AS t1605,
cast(element_at(pnl, 1606) as decimal(22,6)) AS t1606,
cast(element_at(pnl, 1607) as decimal(22,6)) AS t1607,
cast(element_at(pnl, 1608) as decimal(22,6)) AS t1608,
cast(element_at(pnl, 1609) as decimal(22,6)) AS t1609,
cast(element_at(pnl, 1610) as decimal(22,6)) AS t1610,
cast(element_at(pnl, 1611) as decimal(22,6)) AS t1611,
cast(element_at(pnl, 1612) as decimal(22,6)) AS t1612,
cast(element_at(pnl, 1613) as decimal(22,6)) AS t1613,
cast(element_at(pnl, 1614) as decimal(22,6)) AS t1614,
cast(element_at(pnl, 1615) as decimal(22,6)) AS t1615,
cast(element_at(pnl, 1616) as decimal(22,6)) AS t1616,
cast(element_at(pnl, 1617) as decimal(22,6)) AS t1617,
cast(element_at(pnl, 1618) as decimal(22,6)) AS t1618,
cast(element_at(pnl, 1619) as decimal(22,6)) AS t1619,
cast(element_at(pnl, 1620) as decimal(22,6)) AS t1620,
cast(element_at(pnl, 1621) as decimal(22,6)) AS t1621,
cast(element_at(pnl, 1622) as decimal(22,6)) AS t1622,
cast(element_at(pnl, 1623) as decimal(22,6)) AS t1623,
cast(element_at(pnl, 1624) as decimal(22,6)) AS t1624,
cast(element_at(pnl, 1625) as decimal(22,6)) AS t1625,
cast(element_at(pnl, 1626) as decimal(22,6)) AS t1626,
cast(element_at(pnl, 1627) as decimal(22,6)) AS t1627,
cast(element_at(pnl, 1628) as decimal(22,6)) AS t1628,
cast(element_at(pnl, 1629) as decimal(22,6)) AS t1629,
cast(element_at(pnl, 1630) as decimal(22,6)) AS t1630,
cast(element_at(pnl, 1631) as decimal(22,6)) AS t1631,
cast(element_at(pnl, 1632) as decimal(22,6)) AS t1632,
cast(element_at(pnl, 1633) as decimal(22,6)) AS t1633,
cast(element_at(pnl, 1634) as decimal(22,6)) AS t1634,
cast(element_at(pnl, 1635) as decimal(22,6)) AS t1635,
cast(element_at(pnl, 1636) as decimal(22,6)) AS t1636,
cast(element_at(pnl, 1637) as decimal(22,6)) AS t1637,
cast(element_at(pnl, 1638) as decimal(22,6)) AS t1638,
cast(element_at(pnl, 1639) as decimal(22,6)) AS t1639,
cast(element_at(pnl, 1640) as decimal(22,6)) AS t1640,
cast(element_at(pnl, 1641) as decimal(22,6)) AS t1641,
cast(element_at(pnl, 1642) as decimal(22,6)) AS t1642,
cast(element_at(pnl, 1643) as decimal(22,6)) AS t1643,
cast(element_at(pnl, 1644) as decimal(22,6)) AS t1644,
cast(element_at(pnl, 1645) as decimal(22,6)) AS t1645,
cast(element_at(pnl, 1646) as decimal(22,6)) AS t1646,
cast(element_at(pnl, 1647) as decimal(22,6)) AS t1647,
cast(element_at(pnl, 1648) as decimal(22,6)) AS t1648,
cast(element_at(pnl, 1649) as decimal(22,6)) AS t1649,
cast(element_at(pnl, 1650) as decimal(22,6)) AS t1650,
cast(element_at(pnl, 1651) as decimal(22,6)) AS t1651,
cast(element_at(pnl, 1652) as decimal(22,6)) AS t1652,
cast(element_at(pnl, 1653) as decimal(22,6)) AS t1653,
cast(element_at(pnl, 1654) as decimal(22,6)) AS t1654,
cast(element_at(pnl, 1655) as decimal(22,6)) AS t1655,
cast(element_at(pnl, 1656) as decimal(22,6)) AS t1656,
cast(element_at(pnl, 1657) as decimal(22,6)) AS t1657,
cast(element_at(pnl, 1658) as decimal(22,6)) AS t1658,
cast(element_at(pnl, 1659) as decimal(22,6)) AS t1659,
cast(element_at(pnl, 1660) as decimal(22,6)) AS t1660,
cast(element_at(pnl, 1661) as decimal(22,6)) AS t1661,
cast(element_at(pnl, 1662) as decimal(22,6)) AS t1662,
cast(element_at(pnl, 1663) as decimal(22,6)) AS t1663,
cast(element_at(pnl, 1664) as decimal(22,6)) AS t1664,
cast(element_at(pnl, 1665) as decimal(22,6)) AS t1665,
cast(element_at(pnl, 1666) as decimal(22,6)) AS t1666,
cast(element_at(pnl, 1667) as decimal(22,6)) AS t1667,
cast(element_at(pnl, 1668) as decimal(22,6)) AS t1668,
cast(element_at(pnl, 1669) as decimal(22,6)) AS t1669,
cast(element_at(pnl, 1670) as decimal(22,6)) AS t1670,
cast(element_at(pnl, 1671) as decimal(22,6)) AS t1671,
cast(element_at(pnl, 1672) as decimal(22,6)) AS t1672,
cast(element_at(pnl, 1673) as decimal(22,6)) AS t1673,
cast(element_at(pnl, 1674) as decimal(22,6)) AS t1674,
cast(element_at(pnl, 1675) as decimal(22,6)) AS t1675,
cast(element_at(pnl, 1676) as decimal(22,6)) AS t1676,
cast(element_at(pnl, 1677) as decimal(22,6)) AS t1677,
cast(element_at(pnl, 1678) as decimal(22,6)) AS t1678,
cast(element_at(pnl, 1679) as decimal(22,6)) AS t1679,
cast(element_at(pnl, 1680) as decimal(22,6)) AS t1680,
cast(element_at(pnl, 1681) as decimal(22,6)) AS t1681,
cast(element_at(pnl, 1682) as decimal(22,6)) AS t1682,
cast(element_at(pnl, 1683) as decimal(22,6)) AS t1683,
cast(element_at(pnl, 1684) as decimal(22,6)) AS t1684,
cast(element_at(pnl, 1685) as decimal(22,6)) AS t1685,
cast(element_at(pnl, 1686) as decimal(22,6)) AS t1686,
cast(element_at(pnl, 1687) as decimal(22,6)) AS t1687,
cast(element_at(pnl, 1688) as decimal(22,6)) AS t1688,
cast(element_at(pnl, 1689) as decimal(22,6)) AS t1689,
cast(element_at(pnl, 1690) as decimal(22,6)) AS t1690,
cast(element_at(pnl, 1691) as decimal(22,6)) AS t1691,
cast(element_at(pnl, 1692) as decimal(22,6)) AS t1692,
cast(element_at(pnl, 1693) as decimal(22,6)) AS t1693,
cast(element_at(pnl, 1694) as decimal(22,6)) AS t1694,
cast(element_at(pnl, 1695) as decimal(22,6)) AS t1695,
cast(element_at(pnl, 1696) as decimal(22,6)) AS t1696,
cast(element_at(pnl, 1697) as decimal(22,6)) AS t1697,
cast(element_at(pnl, 1698) as decimal(22,6)) AS t1698,
cast(element_at(pnl, 1699) as decimal(22,6)) AS t1699,
cast(element_at(pnl, 1700) as decimal(22,6)) AS t1700,
cast(element_at(pnl, 1701) as decimal(22,6)) AS t1701,
cast(element_at(pnl, 1702) as decimal(22,6)) AS t1702,
cast(element_at(pnl, 1703) as decimal(22,6)) AS t1703,
cast(element_at(pnl, 1704) as decimal(22,6)) AS t1704,
cast(element_at(pnl, 1705) as decimal(22,6)) AS t1705,
cast(element_at(pnl, 1706) as decimal(22,6)) AS t1706,
cast(element_at(pnl, 1707) as decimal(22,6)) AS t1707,
cast(element_at(pnl, 1708) as decimal(22,6)) AS t1708,
cast(element_at(pnl, 1709) as decimal(22,6)) AS t1709,
cast(element_at(pnl, 1710) as decimal(22,6)) AS t1710,
cast(element_at(pnl, 1711) as decimal(22,6)) AS t1711,
cast(element_at(pnl, 1712) as decimal(22,6)) AS t1712,
cast(element_at(pnl, 1713) as decimal(22,6)) AS t1713,
cast(element_at(pnl, 1714) as decimal(22,6)) AS t1714,
cast(element_at(pnl, 1715) as decimal(22,6)) AS t1715,
cast(element_at(pnl, 1716) as decimal(22,6)) AS t1716,
cast(element_at(pnl, 1717) as decimal(22,6)) AS t1717,
cast(element_at(pnl, 1718) as decimal(22,6)) AS t1718,
cast(element_at(pnl, 1719) as decimal(22,6)) AS t1719,
cast(element_at(pnl, 1720) as decimal(22,6)) AS t1720,
cast(element_at(pnl, 1721) as decimal(22,6)) AS t1721,
cast(element_at(pnl, 1722) as decimal(22,6)) AS t1722,
cast(element_at(pnl, 1723) as decimal(22,6)) AS t1723,
cast(element_at(pnl, 1724) as decimal(22,6)) AS t1724,
cast(element_at(pnl, 1725) as decimal(22,6)) AS t1725,
cast(element_at(pnl, 1726) as decimal(22,6)) AS t1726,
cast(element_at(pnl, 1727) as decimal(22,6)) AS t1727,
cast(element_at(pnl, 1728) as decimal(22,6)) AS t1728,
cast(element_at(pnl, 1729) as decimal(22,6)) AS t1729,
cast(element_at(pnl, 1730) as decimal(22,6)) AS t1730,
cast(element_at(pnl, 1731) as decimal(22,6)) AS t1731,
cast(element_at(pnl, 1732) as decimal(22,6)) AS t1732,
cast(element_at(pnl, 1733) as decimal(22,6)) AS t1733,
cast(element_at(pnl, 1734) as decimal(22,6)) AS t1734,
cast(element_at(pnl, 1735) as decimal(22,6)) AS t1735,
cast(element_at(pnl, 1736) as decimal(22,6)) AS t1736,
cast(element_at(pnl, 1737) as decimal(22,6)) AS t1737,
cast(element_at(pnl, 1738) as decimal(22,6)) AS t1738,
cast(element_at(pnl, 1739) as decimal(22,6)) AS t1739,
cast(element_at(pnl, 1740) as decimal(22,6)) AS t1740,
cast(element_at(pnl, 1741) as decimal(22,6)) AS t1741,
cast(element_at(pnl, 1742) as decimal(22,6)) AS t1742,
cast(element_at(pnl, 1743) as decimal(22,6)) AS t1743,
cast(element_at(pnl, 1744) as decimal(22,6)) AS t1744,
cast(element_at(pnl, 1745) as decimal(22,6)) AS t1745,
cast(element_at(pnl, 1746) as decimal(22,6)) AS t1746,
cast(element_at(pnl, 1747) as decimal(22,6)) AS t1747,
cast(element_at(pnl, 1748) as decimal(22,6)) AS t1748,
cast(element_at(pnl, 1749) as decimal(22,6)) AS t1749,
cast(element_at(pnl, 1750) as decimal(22,6)) AS t1750,
cast(element_at(pnl, 1751) as decimal(22,6)) AS t1751,
cast(element_at(pnl, 1752) as decimal(22,6)) AS t1752,
cast(element_at(pnl, 1753) as decimal(22,6)) AS t1753,
cast(element_at(pnl, 1754) as decimal(22,6)) AS t1754,
cast(element_at(pnl, 1755) as decimal(22,6)) AS t1755,
cast(element_at(pnl, 1756) as decimal(22,6)) AS t1756,
cast(element_at(pnl, 1757) as decimal(22,6)) AS t1757,
cast(element_at(pnl, 1758) as decimal(22,6)) AS t1758,
cast(element_at(pnl, 1759) as decimal(22,6)) AS t1759,
cast(element_at(pnl, 1760) as decimal(22,6)) AS t1760,
cast(element_at(pnl, 1761) as decimal(22,6)) AS t1761,
cast(element_at(pnl, 1762) as decimal(22,6)) AS t1762,
cast(element_at(pnl, 1763) as decimal(22,6)) AS t1763,
cast(element_at(pnl, 1764) as decimal(22,6)) AS t1764,
cast(element_at(pnl, 1765) as decimal(22,6)) AS t1765,
cast(element_at(pnl, 1766) as decimal(22,6)) AS t1766,
cast(element_at(pnl, 1767) as decimal(22,6)) AS t1767,
cast(element_at(pnl, 1768) as decimal(22,6)) AS t1768,
cast(element_at(pnl, 1769) as decimal(22,6)) AS t1769,
cast(element_at(pnl, 1770) as decimal(22,6)) AS t1770,
cast(element_at(pnl, 1771) as decimal(22,6)) AS t1771,
cast(element_at(pnl, 1772) as decimal(22,6)) AS t1772,
cast(element_at(pnl, 1773) as decimal(22,6)) AS t1773,
cast(element_at(pnl, 1774) as decimal(22,6)) AS t1774,
cast(element_at(pnl, 1775) as decimal(22,6)) AS t1775,
cast(element_at(pnl, 1776) as decimal(22,6)) AS t1776,
cast(element_at(pnl, 1777) as decimal(22,6)) AS t1777,
cast(element_at(pnl, 1778) as decimal(22,6)) AS t1778,
cast(element_at(pnl, 1779) as decimal(22,6)) AS t1779,
cast(element_at(pnl, 1780) as decimal(22,6)) AS t1780,
cast(element_at(pnl, 1781) as decimal(22,6)) AS t1781,
cast(element_at(pnl, 1782) as decimal(22,6)) AS t1782,
cast(element_at(pnl, 1783) as decimal(22,6)) AS t1783,
cast(element_at(pnl, 1784) as decimal(22,6)) AS t1784,
cast(element_at(pnl, 1785) as decimal(22,6)) AS t1785,
cast(element_at(pnl, 1786) as decimal(22,6)) AS t1786,
cast(element_at(pnl, 1787) as decimal(22,6)) AS t1787,
cast(element_at(pnl, 1788) as decimal(22,6)) AS t1788,
cast(element_at(pnl, 1789) as decimal(22,6)) AS t1789,
cast(element_at(pnl, 1790) as decimal(22,6)) AS t1790,
cast(element_at(pnl, 1791) as decimal(22,6)) AS t1791,
cast(element_at(pnl, 1792) as decimal(22,6)) AS t1792,
cast(element_at(pnl, 1793) as decimal(22,6)) AS t1793,
cast(element_at(pnl, 1794) as decimal(22,6)) AS t1794,
cast(element_at(pnl, 1795) as decimal(22,6)) AS t1795,
cast(element_at(pnl, 1796) as decimal(22,6)) AS t1796,
cast(element_at(pnl, 1797) as decimal(22,6)) AS t1797,
cast(element_at(pnl, 1798) as decimal(22,6)) AS t1798,
cast(element_at(pnl, 1799) as decimal(22,6)) AS t1799,
cast(element_at(pnl, 1800) as decimal(22,6)) AS t1800,
cast(element_at(pnl, 1801) as decimal(22,6)) AS t1801,
cast(element_at(pnl, 1802) as decimal(22,6)) AS t1802,
cast(element_at(pnl, 1803) as decimal(22,6)) AS t1803,
cast(element_at(pnl, 1804) as decimal(22,6)) AS t1804,
cast(element_at(pnl, 1805) as decimal(22,6)) AS t1805,
cast(element_at(pnl, 1806) as decimal(22,6)) AS t1806,
cast(element_at(pnl, 1807) as decimal(22,6)) AS t1807,
cast(element_at(pnl, 1808) as decimal(22,6)) AS t1808,
cast(element_at(pnl, 1809) as decimal(22,6)) AS t1809,
cast(element_at(pnl, 1810) as decimal(22,6)) AS t1810,
cast(element_at(pnl, 1811) as decimal(22,6)) AS t1811,
cast(element_at(pnl, 1812) as decimal(22,6)) AS t1812,
cast(element_at(pnl, 1813) as decimal(22,6)) AS t1813,
cast(element_at(pnl, 1814) as decimal(22,6)) AS t1814,
cast(element_at(pnl, 1815) as decimal(22,6)) AS t1815,
cast(element_at(pnl, 1816) as decimal(22,6)) AS t1816,
cast(element_at(pnl, 1817) as decimal(22,6)) AS t1817,
cast(element_at(pnl, 1818) as decimal(22,6)) AS t1818,
cast(element_at(pnl, 1819) as decimal(22,6)) AS t1819,
cast(element_at(pnl, 1820) as decimal(22,6)) AS t1820,
cast(element_at(pnl, 1821) as decimal(22,6)) AS t1821,
cast(element_at(pnl, 1822) as decimal(22,6)) AS t1822,
cast(element_at(pnl, 1823) as decimal(22,6)) AS t1823,
cast(element_at(pnl, 1824) as decimal(22,6)) AS t1824,
cast(element_at(pnl, 1825) as decimal(22,6)) AS t1825,
cast(element_at(pnl, 1826) as decimal(22,6)) AS t1826,
cast(element_at(pnl, 1827) as decimal(22,6)) AS t1827,
cast(element_at(pnl, 1828) as decimal(22,6)) AS t1828,
cast(element_at(pnl, 1829) as decimal(22,6)) AS t1829,
cast(element_at(pnl, 1830) as decimal(22,6)) AS t1830,
cast(element_at(pnl, 1831) as decimal(22,6)) AS t1831,
cast(element_at(pnl, 1832) as decimal(22,6)) AS t1832,
cast(element_at(pnl, 1833) as decimal(22,6)) AS t1833,
cast(element_at(pnl, 1834) as decimal(22,6)) AS t1834,
cast(element_at(pnl, 1835) as decimal(22,6)) AS t1835,
cast(element_at(pnl, 1836) as decimal(22,6)) AS t1836,
cast(element_at(pnl, 1837) as decimal(22,6)) AS t1837,
cast(element_at(pnl, 1838) as decimal(22,6)) AS t1838,
cast(element_at(pnl, 1839) as decimal(22,6)) AS t1839,
cast(element_at(pnl, 1840) as decimal(22,6)) AS t1840,
cast(element_at(pnl, 1841) as decimal(22,6)) AS t1841,
cast(element_at(pnl, 1842) as decimal(22,6)) AS t1842,
cast(element_at(pnl, 1843) as decimal(22,6)) AS t1843,
cast(element_at(pnl, 1844) as decimal(22,6)) AS t1844,
cast(element_at(pnl, 1845) as decimal(22,6)) AS t1845,
cast(element_at(pnl, 1846) as decimal(22,6)) AS t1846,
cast(element_at(pnl, 1847) as decimal(22,6)) AS t1847,
cast(element_at(pnl, 1848) as decimal(22,6)) AS t1848,
cast(element_at(pnl, 1849) as decimal(22,6)) AS t1849,
cast(element_at(pnl, 1850) as decimal(22,6)) AS t1850,
cast(element_at(pnl, 1851) as decimal(22,6)) AS t1851,
cast(element_at(pnl, 1852) as decimal(22,6)) AS t1852,
cast(element_at(pnl, 1853) as decimal(22,6)) AS t1853,
cast(element_at(pnl, 1854) as decimal(22,6)) AS t1854,
cast(element_at(pnl, 1855) as decimal(22,6)) AS t1855,
cast(element_at(pnl, 1856) as decimal(22,6)) AS t1856,
cast(element_at(pnl, 1857) as decimal(22,6)) AS t1857,
cast(element_at(pnl, 1858) as decimal(22,6)) AS t1858,
cast(element_at(pnl, 1859) as decimal(22,6)) AS t1859,
cast(element_at(pnl, 1860) as decimal(22,6)) AS t1860,
cast(element_at(pnl, 1861) as decimal(22,6)) AS t1861,
cast(element_at(pnl, 1862) as decimal(22,6)) AS t1862,
cast(element_at(pnl, 1863) as decimal(22,6)) AS t1863,
cast(element_at(pnl, 1864) as decimal(22,6)) AS t1864,
cast(element_at(pnl, 1865) as decimal(22,6)) AS t1865,
cast(element_at(pnl, 1866) as decimal(22,6)) AS t1866,
cast(element_at(pnl, 1867) as decimal(22,6)) AS t1867,
cast(element_at(pnl, 1868) as decimal(22,6)) AS t1868,
cast(element_at(pnl, 1869) as decimal(22,6)) AS t1869,
cast(element_at(pnl, 1870) as decimal(22,6)) AS t1870,
cast(element_at(pnl, 1871) as decimal(22,6)) AS t1871,
cast(element_at(pnl, 1872) as decimal(22,6)) AS t1872,
cast(element_at(pnl, 1873) as decimal(22,6)) AS t1873,
cast(element_at(pnl, 1874) as decimal(22,6)) AS t1874,
cast(element_at(pnl, 1875) as decimal(22,6)) AS t1875,
cast(element_at(pnl, 1876) as decimal(22,6)) AS t1876,
cast(element_at(pnl, 1877) as decimal(22,6)) AS t1877,
cast(element_at(pnl, 1878) as decimal(22,6)) AS t1878,
cast(element_at(pnl, 1879) as decimal(22,6)) AS t1879,
cast(element_at(pnl, 1880) as decimal(22,6)) AS t1880,
cast(element_at(pnl, 1881) as decimal(22,6)) AS t1881,
cast(element_at(pnl, 1882) as decimal(22,6)) AS t1882,
cast(element_at(pnl, 1883) as decimal(22,6)) AS t1883,
cast(element_at(pnl, 1884) as decimal(22,6)) AS t1884,
cast(element_at(pnl, 1885) as decimal(22,6)) AS t1885,
cast(element_at(pnl, 1886) as decimal(22,6)) AS t1886,
cast(element_at(pnl, 1887) as decimal(22,6)) AS t1887,
cast(element_at(pnl, 1888) as decimal(22,6)) AS t1888,
cast(element_at(pnl, 1889) as decimal(22,6)) AS t1889,
cast(element_at(pnl, 1890) as decimal(22,6)) AS t1890,
cast(element_at(pnl, 1891) as decimal(22,6)) AS t1891,
cast(element_at(pnl, 1892) as decimal(22,6)) AS t1892,
cast(element_at(pnl, 1893) as decimal(22,6)) AS t1893,
cast(element_at(pnl, 1894) as decimal(22,6)) AS t1894,
cast(element_at(pnl, 1895) as decimal(22,6)) AS t1895,
cast(element_at(pnl, 1896) as decimal(22,6)) AS t1896,
cast(element_at(pnl, 1897) as decimal(22,6)) AS t1897,
cast(element_at(pnl, 1898) as decimal(22,6)) AS t1898,
cast(element_at(pnl, 1899) as decimal(22,6)) AS t1899,
cast(element_at(pnl, 1900) as decimal(22,6)) AS t1900,
cast(element_at(pnl, 1901) as decimal(22,6)) AS t1901,
cast(element_at(pnl, 1902) as decimal(22,6)) AS t1902,
cast(element_at(pnl, 1903) as decimal(22,6)) AS t1903,
cast(element_at(pnl, 1904) as decimal(22,6)) AS t1904,
cast(element_at(pnl, 1905) as decimal(22,6)) AS t1905,
cast(element_at(pnl, 1906) as decimal(22,6)) AS t1906,
cast(element_at(pnl, 1907) as decimal(22,6)) AS t1907,
cast(element_at(pnl, 1908) as decimal(22,6)) AS t1908,
cast(element_at(pnl, 1909) as decimal(22,6)) AS t1909,
cast(element_at(pnl, 1910) as decimal(22,6)) AS t1910,
cast(element_at(pnl, 1911) as decimal(22,6)) AS t1911,
cast(element_at(pnl, 1912) as decimal(22,6)) AS t1912,
cast(element_at(pnl, 1913) as decimal(22,6)) AS t1913,
cast(element_at(pnl, 1914) as decimal(22,6)) AS t1914,
cast(element_at(pnl, 1915) as decimal(22,6)) AS t1915,
cast(element_at(pnl, 1916) as decimal(22,6)) AS t1916,
cast(element_at(pnl, 1917) as decimal(22,6)) AS t1917,
cast(element_at(pnl, 1918) as decimal(22,6)) AS t1918,
cast(element_at(pnl, 1919) as decimal(22,6)) AS t1919,
cast(element_at(pnl, 1920) as decimal(22,6)) AS t1920,
cast(element_at(pnl, 1921) as decimal(22,6)) AS t1921,
cast(element_at(pnl, 1922) as decimal(22,6)) AS t1922,
cast(element_at(pnl, 1923) as decimal(22,6)) AS t1923,
cast(element_at(pnl, 1924) as decimal(22,6)) AS t1924,
cast(element_at(pnl, 1925) as decimal(22,6)) AS t1925,
cast(element_at(pnl, 1926) as decimal(22,6)) AS t1926,
cast(element_at(pnl, 1927) as decimal(22,6)) AS t1927,
cast(element_at(pnl, 1928) as decimal(22,6)) AS t1928,
cast(element_at(pnl, 1929) as decimal(22,6)) AS t1929,
cast(element_at(pnl, 1930) as decimal(22,6)) AS t1930,
cast(element_at(pnl, 1931) as decimal(22,6)) AS t1931,
cast(element_at(pnl, 1932) as decimal(22,6)) AS t1932,
cast(element_at(pnl, 1933) as decimal(22,6)) AS t1933,
cast(element_at(pnl, 1934) as decimal(22,6)) AS t1934,
cast(element_at(pnl, 1935) as decimal(22,6)) AS t1935,
cast(element_at(pnl, 1936) as decimal(22,6)) AS t1936,
cast(element_at(pnl, 1937) as decimal(22,6)) AS t1937,
cast(element_at(pnl, 1938) as decimal(22,6)) AS t1938,
cast(element_at(pnl, 1939) as decimal(22,6)) AS t1939,
cast(element_at(pnl, 1940) as decimal(22,6)) AS t1940,
cast(element_at(pnl, 1941) as decimal(22,6)) AS t1941,
cast(element_at(pnl, 1942) as decimal(22,6)) AS t1942,
cast(element_at(pnl, 1943) as decimal(22,6)) AS t1943,
cast(element_at(pnl, 1944) as decimal(22,6)) AS t1944,
cast(element_at(pnl, 1945) as decimal(22,6)) AS t1945,
cast(element_at(pnl, 1946) as decimal(22,6)) AS t1946,
cast(element_at(pnl, 1947) as decimal(22,6)) AS t1947,
cast(element_at(pnl, 1948) as decimal(22,6)) AS t1948,
cast(element_at(pnl, 1949) as decimal(22,6)) AS t1949,
cast(element_at(pnl, 1950) as decimal(22,6)) AS t1950,
cast(element_at(pnl, 1951) as decimal(22,6)) AS t1951,
cast(element_at(pnl, 1952) as decimal(22,6)) AS t1952,
cast(element_at(pnl, 1953) as decimal(22,6)) AS t1953,
cast(element_at(pnl, 1954) as decimal(22,6)) AS t1954,
cast(element_at(pnl, 1955) as decimal(22,6)) AS t1955,
cast(element_at(pnl, 1956) as decimal(22,6)) AS t1956,
cast(element_at(pnl, 1957) as decimal(22,6)) AS t1957,
cast(element_at(pnl, 1958) as decimal(22,6)) AS t1958,
cast(element_at(pnl, 1959) as decimal(22,6)) AS t1959,
cast(element_at(pnl, 1960) as decimal(22,6)) AS t1960,
cast(element_at(pnl, 1961) as decimal(22,6)) AS t1961,
cast(element_at(pnl, 1962) as decimal(22,6)) AS t1962,
cast(element_at(pnl, 1963) as decimal(22,6)) AS t1963,
cast(element_at(pnl, 1964) as decimal(22,6)) AS t1964,
cast(element_at(pnl, 1965) as decimal(22,6)) AS t1965,
cast(element_at(pnl, 1966) as decimal(22,6)) AS t1966,
cast(element_at(pnl, 1967) as decimal(22,6)) AS t1967,
cast(element_at(pnl, 1968) as decimal(22,6)) AS t1968,
cast(element_at(pnl, 1969) as decimal(22,6)) AS t1969,
cast(element_at(pnl, 1970) as decimal(22,6)) AS t1970,
cast(element_at(pnl, 1971) as decimal(22,6)) AS t1971,
cast(element_at(pnl, 1972) as decimal(22,6)) AS t1972,
cast(element_at(pnl, 1973) as decimal(22,6)) AS t1973,
cast(element_at(pnl, 1974) as decimal(22,6)) AS t1974,
cast(element_at(pnl, 1975) as decimal(22,6)) AS t1975,
cast(element_at(pnl, 1976) as decimal(22,6)) AS t1976,
cast(element_at(pnl, 1977) as decimal(22,6)) AS t1977,
cast(element_at(pnl, 1978) as decimal(22,6)) AS t1978,
cast(element_at(pnl, 1979) as decimal(22,6)) AS t1979,
cast(element_at(pnl, 1980) as decimal(22,6)) AS t1980,
cast(element_at(pnl, 1981) as decimal(22,6)) AS t1981,
cast(element_at(pnl, 1982) as decimal(22,6)) AS t1982,
cast(element_at(pnl, 1983) as decimal(22,6)) AS t1983,
cast(element_at(pnl, 1984) as decimal(22,6)) AS t1984,
cast(element_at(pnl, 1985) as decimal(22,6)) AS t1985,
cast(element_at(pnl, 1986) as decimal(22,6)) AS t1986,
cast(element_at(pnl, 1987) as decimal(22,6)) AS t1987,
cast(element_at(pnl, 1988) as decimal(22,6)) AS t1988,
cast(element_at(pnl, 1989) as decimal(22,6)) AS t1989,
cast(element_at(pnl, 1990) as decimal(22,6)) AS t1990,
cast(element_at(pnl, 1991) as decimal(22,6)) AS t1991,
cast(element_at(pnl, 1992) as decimal(22,6)) AS t1992,
cast(element_at(pnl, 1993) as decimal(22,6)) AS t1993,
cast(element_at(pnl, 1994) as decimal(22,6)) AS t1994,
cast(element_at(pnl, 1995) as decimal(22,6)) AS t1995,
cast(element_at(pnl, 1996) as decimal(22,6)) AS t1996,
cast(element_at(pnl, 1997) as decimal(22,6)) AS t1997,
cast(element_at(pnl, 1998) as decimal(22,6)) AS t1998,
cast(element_at(pnl, 1999) as decimal(22,6)) AS t1999,
cast(element_at(pnl, 2000) as decimal(22,6)) AS t2000,
cast(element_at(pnl, 2001) as decimal(22,6)) AS t2001,
cast(element_at(pnl, 2002) as decimal(22,6)) AS t2002,
cast(element_at(pnl, 2003) as decimal(22,6)) AS t2003,
cast(element_at(pnl, 2004) as decimal(22,6)) AS t2004,
cast(element_at(pnl, 2005) as decimal(22,6)) AS t2005,
cast(element_at(pnl, 2006) as decimal(22,6)) AS t2006,
cast(element_at(pnl, 2007) as decimal(22,6)) AS t2007,
cast(element_at(pnl, 2008) as decimal(22,6)) AS t2008,
cast(element_at(pnl, 2009) as decimal(22,6)) AS t2009,
cast(element_at(pnl, 2010) as decimal(22,6)) AS t2010,
cast(element_at(pnl, 2011) as decimal(22,6)) AS t2011,
cast(element_at(pnl, 2012) as decimal(22,6)) AS t2012,
cast(element_at(pnl, 2013) as decimal(22,6)) AS t2013,
cast(element_at(pnl, 2014) as decimal(22,6)) AS t2014,
cast(element_at(pnl, 2015) as decimal(22,6)) AS t2015,
cast(element_at(pnl, 2016) as decimal(22,6)) AS t2016,
cast(element_at(pnl, 2017) as decimal(22,6)) AS t2017,
cast(element_at(pnl, 2018) as decimal(22,6)) AS t2018,
cast(element_at(pnl, 2019) as decimal(22,6)) AS t2019,
cast(element_at(pnl, 2020) as decimal(22,6)) AS t2020,
cast(element_at(pnl, 2021) as decimal(22,6)) AS t2021,
cast(element_at(pnl, 2022) as decimal(22,6)) AS t2022,
cast(element_at(pnl, 2023) as decimal(22,6)) AS t2023,
cast(element_at(pnl, 2024) as decimal(22,6)) AS t2024,
cast(element_at(pnl, 2025) as decimal(22,6)) AS t2025,
cast(element_at(pnl, 2026) as decimal(22,6)) AS t2026,
cast(element_at(pnl, 2027) as decimal(22,6)) AS t2027,
cast(element_at(pnl, 2028) as decimal(22,6)) AS t2028,
cast(element_at(pnl, 2029) as decimal(22,6)) AS t2029,
cast(element_at(pnl, 2030) as decimal(22,6)) AS t2030,
cast(element_at(pnl, 2031) as decimal(22,6)) AS t2031,
cast(element_at(pnl, 2032) as decimal(22,6)) AS t2032,
cast(element_at(pnl, 2033) as decimal(22,6)) AS t2033,
cast(element_at(pnl, 2034) as decimal(22,6)) AS t2034,
cast(element_at(pnl, 2035) as decimal(22,6)) AS t2035,
cast(element_at(pnl, 2036) as decimal(22,6)) AS t2036,
cast(element_at(pnl, 2037) as decimal(22,6)) AS t2037,
cast(element_at(pnl, 2038) as decimal(22,6)) AS t2038,
cast(element_at(pnl, 2039) as decimal(22,6)) AS t2039,
cast(element_at(pnl, 2040) as decimal(22,6)) AS t2040,
cast(element_at(pnl, 2041) as decimal(22,6)) AS t2041,
cast(element_at(pnl, 2042) as decimal(22,6)) AS t2042,
cast(element_at(pnl, 2043) as decimal(22,6)) AS t2043,
cast(element_at(pnl, 2044) as decimal(22,6)) AS t2044,
cast(element_at(pnl, 2045) as decimal(22,6)) AS t2045,
cast(element_at(pnl, 2046) as decimal(22,6)) AS t2046,
cast(element_at(pnl, 2047) as decimal(22,6)) AS t2047,
cast(element_at(pnl, 2048) as decimal(22,6)) AS t2048,
cast(element_at(pnl, 2049) as decimal(22,6)) AS t2049,
cast(element_at(pnl, 2050) as decimal(22,6)) AS t2050,
cast(element_at(pnl, 2051) as decimal(22,6)) AS t2051,
cast(element_at(pnl, 2052) as decimal(22,6)) AS t2052,
cast(element_at(pnl, 2053) as decimal(22,6)) AS t2053,
cast(element_at(pnl, 2054) as decimal(22,6)) AS t2054,
cast(element_at(pnl, 2055) as decimal(22,6)) AS t2055,
cast(element_at(pnl, 2056) as decimal(22,6)) AS t2056,
cast(element_at(pnl, 2057) as decimal(22,6)) AS t2057,
cast(element_at(pnl, 2058) as decimal(22,6)) AS t2058,
cast(element_at(pnl, 2059) as decimal(22,6)) AS t2059,
cast(element_at(pnl, 2060) as decimal(22,6)) AS t2060,
cast(element_at(pnl, 2061) as decimal(22,6)) AS t2061,
cast(element_at(pnl, 2062) as decimal(22,6)) AS t2062,
cast(element_at(pnl, 2063) as decimal(22,6)) AS t2063,
cast(element_at(pnl, 2064) as decimal(22,6)) AS t2064,
cast(element_at(pnl, 2065) as decimal(22,6)) AS t2065,
cast(element_at(pnl, 2066) as decimal(22,6)) AS t2066,
cast(element_at(pnl, 2067) as decimal(22,6)) AS t2067,
cast(element_at(pnl, 2068) as decimal(22,6)) AS t2068,
cast(element_at(pnl, 2069) as decimal(22,6)) AS t2069,
cast(element_at(pnl, 2070) as decimal(22,6)) AS t2070,
cast(element_at(pnl, 2071) as decimal(22,6)) AS t2071,
cast(element_at(pnl, 2072) as decimal(22,6)) AS t2072,
cast(element_at(pnl, 2073) as decimal(22,6)) AS t2073,
cast(element_at(pnl, 2074) as decimal(22,6)) AS t2074,
cast(element_at(pnl, 2075) as decimal(22,6)) AS t2075,
cast(element_at(pnl, 2076) as decimal(22,6)) AS t2076,
cast(element_at(pnl, 2077) as decimal(22,6)) AS t2077,
cast(element_at(pnl, 2078) as decimal(22,6)) AS t2078,
cast(element_at(pnl, 2079) as decimal(22,6)) AS t2079,
cast(element_at(pnl, 2080) as decimal(22,6)) AS t2080,
cast(element_at(pnl, 2081) as decimal(22,6)) AS t2081,
cast(element_at(pnl, 2082) as decimal(22,6)) AS t2082,
cast(element_at(pnl, 2083) as decimal(22,6)) AS t2083,
cast(element_at(pnl, 2084) as decimal(22,6)) AS t2084,
cast(element_at(pnl, 2085) as decimal(22,6)) AS t2085,
cast(element_at(pnl, 2086) as decimal(22,6)) AS t2086,
cast(element_at(pnl, 2087) as decimal(22,6)) AS t2087,
cast(element_at(pnl, 2088) as decimal(22,6)) AS t2088,
cast(element_at(pnl, 2089) as decimal(22,6)) AS t2089,
cast(element_at(pnl, 2090) as decimal(22,6)) AS t2090,
cast(element_at(pnl, 2091) as decimal(22,6)) AS t2091,
cast(element_at(pnl, 2092) as decimal(22,6)) AS t2092,
cast(element_at(pnl, 2093) as decimal(22,6)) AS t2093,
cast(element_at(pnl, 2094) as decimal(22,6)) AS t2094,
cast(element_at(pnl, 2095) as decimal(22,6)) AS t2095,
cast(element_at(pnl, 2096) as decimal(22,6)) AS t2096,
cast(element_at(pnl, 2097) as decimal(22,6)) AS t2097,
cast(element_at(pnl, 2098) as decimal(22,6)) AS t2098,
cast(element_at(pnl, 2099) as decimal(22,6)) AS t2099,
cast(element_at(pnl, 2100) as decimal(22,6)) AS t2100,
cast(element_at(pnl, 2101) as decimal(22,6)) AS t2101,
cast(element_at(pnl, 2102) as decimal(22,6)) AS t2102,
cast(element_at(pnl, 2103) as decimal(22,6)) AS t2103,
cast(element_at(pnl, 2104) as decimal(22,6)) AS t2104,
cast(element_at(pnl, 2105) as decimal(22,6)) AS t2105,
cast(element_at(pnl, 2106) as decimal(22,6)) AS t2106,
cast(element_at(pnl, 2107) as decimal(22,6)) AS t2107,
cast(element_at(pnl, 2108) as decimal(22,6)) AS t2108,
cast(element_at(pnl, 2109) as decimal(22,6)) AS t2109,
cast(element_at(pnl, 2110) as decimal(22,6)) AS t2110,
cast(element_at(pnl, 2111) as decimal(22,6)) AS t2111,
cast(element_at(pnl, 2112) as decimal(22,6)) AS t2112,
cast(element_at(pnl, 2113) as decimal(22,6)) AS t2113,
cast(element_at(pnl, 2114) as decimal(22,6)) AS t2114,
cast(element_at(pnl, 2115) as decimal(22,6)) AS t2115,
cast(element_at(pnl, 2116) as decimal(22,6)) AS t2116,
cast(element_at(pnl, 2117) as decimal(22,6)) AS t2117,
cast(element_at(pnl, 2118) as decimal(22,6)) AS t2118,
cast(element_at(pnl, 2119) as decimal(22,6)) AS t2119,
cast(element_at(pnl, 2120) as decimal(22,6)) AS t2120,
cast(element_at(pnl, 2121) as decimal(22,6)) AS t2121,
cast(element_at(pnl, 2122) as decimal(22,6)) AS t2122,
cast(element_at(pnl, 2123) as decimal(22,6)) AS t2123,
cast(element_at(pnl, 2124) as decimal(22,6)) AS t2124,
cast(element_at(pnl, 2125) as decimal(22,6)) AS t2125,
cast(element_at(pnl, 2126) as decimal(22,6)) AS t2126,
cast(element_at(pnl, 2127) as decimal(22,6)) AS t2127,
cast(element_at(pnl, 2128) as decimal(22,6)) AS t2128,
cast(element_at(pnl, 2129) as decimal(22,6)) AS t2129,
cast(element_at(pnl, 2130) as decimal(22,6)) AS t2130,
cast(element_at(pnl, 2131) as decimal(22,6)) AS t2131,
cast(element_at(pnl, 2132) as decimal(22,6)) AS t2132,
cast(element_at(pnl, 2133) as decimal(22,6)) AS t2133,
cast(element_at(pnl, 2134) as decimal(22,6)) AS t2134,
cast(element_at(pnl, 2135) as decimal(22,6)) AS t2135,
cast(element_at(pnl, 2136) as decimal(22,6)) AS t2136,
cast(element_at(pnl, 2137) as decimal(22,6)) AS t2137,
cast(element_at(pnl, 2138) as decimal(22,6)) AS t2138,
cast(element_at(pnl, 2139) as decimal(22,6)) AS t2139,
cast(element_at(pnl, 2140) as decimal(22,6)) AS t2140,
cast(element_at(pnl, 2141) as decimal(22,6)) AS t2141,
cast(element_at(pnl, 2142) as decimal(22,6)) AS t2142,
cast(element_at(pnl, 2143) as decimal(22,6)) AS t2143,
cast(element_at(pnl, 2144) as decimal(22,6)) AS t2144,
cast(element_at(pnl, 2145) as decimal(22,6)) AS t2145,
cast(element_at(pnl, 2146) as decimal(22,6)) AS t2146,
cast(element_at(pnl, 2147) as decimal(22,6)) AS t2147,
cast(element_at(pnl, 2148) as decimal(22,6)) AS t2148,
cast(element_at(pnl, 2149) as decimal(22,6)) AS t2149,
cast(element_at(pnl, 2150) as decimal(22,6)) AS t2150,
cast(element_at(pnl, 2151) as decimal(22,6)) AS t2151,
cast(element_at(pnl, 2152) as decimal(22,6)) AS t2152,
cast(element_at(pnl, 2153) as decimal(22,6)) AS t2153,
cast(element_at(pnl, 2154) as decimal(22,6)) AS t2154,
cast(element_at(pnl, 2155) as decimal(22,6)) AS t2155,
cast(element_at(pnl, 2156) as decimal(22,6)) AS t2156,
cast(element_at(pnl, 2157) as decimal(22,6)) AS t2157,
cast(element_at(pnl, 2158) as decimal(22,6)) AS t2158,
cast(element_at(pnl, 2159) as decimal(22,6)) AS t2159,
cast(element_at(pnl, 2160) as decimal(22,6)) AS t2160,
cast(element_at(pnl, 2161) as decimal(22,6)) AS t2161,
cast(element_at(pnl, 2162) as decimal(22,6)) AS t2162,
cast(element_at(pnl, 2163) as decimal(22,6)) AS t2163,
cast(element_at(pnl, 2164) as decimal(22,6)) AS t2164,
cast(element_at(pnl, 2165) as decimal(22,6)) AS t2165,
cast(element_at(pnl, 2166) as decimal(22,6)) AS t2166,
cast(element_at(pnl, 2167) as decimal(22,6)) AS t2167,
cast(element_at(pnl, 2168) as decimal(22,6)) AS t2168,
cast(element_at(pnl, 2169) as decimal(22,6)) AS t2169,
cast(element_at(pnl, 2170) as decimal(22,6)) AS t2170,
cast(element_at(pnl, 2171) as decimal(22,6)) AS t2171,
cast(element_at(pnl, 2172) as decimal(22,6)) AS t2172,
cast(element_at(pnl, 2173) as decimal(22,6)) AS t2173,
cast(element_at(pnl, 2174) as decimal(22,6)) AS t2174,
cast(element_at(pnl, 2175) as decimal(22,6)) AS t2175,
cast(element_at(pnl, 2176) as decimal(22,6)) AS t2176,
cast(element_at(pnl, 2177) as decimal(22,6)) AS t2177,
cast(element_at(pnl, 2178) as decimal(22,6)) AS t2178,
cast(element_at(pnl, 2179) as decimal(22,6)) AS t2179,
cast(element_at(pnl, 2180) as decimal(22,6)) AS t2180,
cast(element_at(pnl, 2181) as decimal(22,6)) AS t2181,
cast(element_at(pnl, 2182) as decimal(22,6)) AS t2182,
cast(element_at(pnl, 2183) as decimal(22,6)) AS t2183,
cast(element_at(pnl, 2184) as decimal(22,6)) AS t2184,
cast(element_at(pnl, 2185) as decimal(22,6)) AS t2185,
cast(element_at(pnl, 2186) as decimal(22,6)) AS t2186,
cast(element_at(pnl, 2187) as decimal(22,6)) AS t2187,
cast(element_at(pnl, 2188) as decimal(22,6)) AS t2188,
cast(element_at(pnl, 2189) as decimal(22,6)) AS t2189,
cast(element_at(pnl, 2190) as decimal(22,6)) AS t2190,
cast(element_at(pnl, 2191) as decimal(22,6)) AS t2191,
cast(element_at(pnl, 2192) as decimal(22,6)) AS t2192,
cast(element_at(pnl, 2193) as decimal(22,6)) AS t2193,
cast(element_at(pnl, 2194) as decimal(22,6)) AS t2194,
cast(element_at(pnl, 2195) as decimal(22,6)) AS t2195,
cast(element_at(pnl, 2196) as decimal(22,6)) AS t2196,
cast(element_at(pnl, 2197) as decimal(22,6)) AS t2197,
cast(element_at(pnl, 2198) as decimal(22,6)) AS t2198,
cast(element_at(pnl, 2199) as decimal(22,6)) AS t2199,
cast(element_at(pnl, 2200) as decimal(22,6)) AS t2200,
cast(element_at(pnl, 2201) as decimal(22,6)) AS t2201,
cast(element_at(pnl, 2202) as decimal(22,6)) AS t2202,
cast(element_at(pnl, 2203) as decimal(22,6)) AS t2203,
cast(element_at(pnl, 2204) as decimal(22,6)) AS t2204,
cast(element_at(pnl, 2205) as decimal(22,6)) AS t2205,
cast(element_at(pnl, 2206) as decimal(22,6)) AS t2206,
cast(element_at(pnl, 2207) as decimal(22,6)) AS t2207,
cast(element_at(pnl, 2208) as decimal(22,6)) AS t2208,
cast(element_at(pnl, 2209) as decimal(22,6)) AS t2209,
cast(element_at(pnl, 2210) as decimal(22,6)) AS t2210,
cast(element_at(pnl, 2211) as decimal(22,6)) AS t2211,
cast(element_at(pnl, 2212) as decimal(22,6)) AS t2212,
cast(element_at(pnl, 2213) as decimal(22,6)) AS t2213,
cast(element_at(pnl, 2214) as decimal(22,6)) AS t2214,
cast(element_at(pnl, 2215) as decimal(22,6)) AS t2215,
cast(element_at(pnl, 2216) as decimal(22,6)) AS t2216,
cast(element_at(pnl, 2217) as decimal(22,6)) AS t2217,
cast(element_at(pnl, 2218) as decimal(22,6)) AS t2218,
cast(element_at(pnl, 2219) as decimal(22,6)) AS t2219,
cast(element_at(pnl, 2220) as decimal(22,6)) AS t2220,
cast(element_at(pnl, 2221) as decimal(22,6)) AS t2221,
cast(element_at(pnl, 2222) as decimal(22,6)) AS t2222,
cast(element_at(pnl, 2223) as decimal(22,6)) AS t2223,
cast(element_at(pnl, 2224) as decimal(22,6)) AS t2224,
cast(element_at(pnl, 2225) as decimal(22,6)) AS t2225,
cast(element_at(pnl, 2226) as decimal(22,6)) AS t2226,
cast(element_at(pnl, 2227) as decimal(22,6)) AS t2227,
cast(element_at(pnl, 2228) as decimal(22,6)) AS t2228,
cast(element_at(pnl, 2229) as decimal(22,6)) AS t2229,
cast(element_at(pnl, 2230) as decimal(22,6)) AS t2230,
cast(element_at(pnl, 2231) as decimal(22,6)) AS t2231,
cast(element_at(pnl, 2232) as decimal(22,6)) AS t2232,
cast(element_at(pnl, 2233) as decimal(22,6)) AS t2233,
cast(element_at(pnl, 2234) as decimal(22,6)) AS t2234,
cast(element_at(pnl, 2235) as decimal(22,6)) AS t2235,
cast(element_at(pnl, 2236) as decimal(22,6)) AS t2236,
cast(element_at(pnl, 2237) as decimal(22,6)) AS t2237,
cast(element_at(pnl, 2238) as decimal(22,6)) AS t2238,
cast(element_at(pnl, 2239) as decimal(22,6)) AS t2239,
cast(element_at(pnl, 2240) as decimal(22,6)) AS t2240,
cast(element_at(pnl, 2241) as decimal(22,6)) AS t2241,
cast(element_at(pnl, 2242) as decimal(22,6)) AS t2242,
cast(element_at(pnl, 2243) as decimal(22,6)) AS t2243,
cast(element_at(pnl, 2244) as decimal(22,6)) AS t2244,
cast(element_at(pnl, 2245) as decimal(22,6)) AS t2245,
cast(element_at(pnl, 2246) as decimal(22,6)) AS t2246,
cast(element_at(pnl, 2247) as decimal(22,6)) AS t2247,
cast(element_at(pnl, 2248) as decimal(22,6)) AS t2248,
cast(element_at(pnl, 2249) as decimal(22,6)) AS t2249,
cast(element_at(pnl, 2250) as decimal(22,6)) AS t2250,
cast(element_at(pnl, 2251) as decimal(22,6)) AS t2251,
cast(element_at(pnl, 2252) as decimal(22,6)) AS t2252,
cast(element_at(pnl, 2253) as decimal(22,6)) AS t2253,
cast(element_at(pnl, 2254) as decimal(22,6)) AS t2254,
cast(element_at(pnl, 2255) as decimal(22,6)) AS t2255,
cast(element_at(pnl, 2256) as decimal(22,6)) AS t2256,
cast(element_at(pnl, 2257) as decimal(22,6)) AS t2257,
cast(element_at(pnl, 2258) as decimal(22,6)) AS t2258,
cast(element_at(pnl, 2259) as decimal(22,6)) AS t2259,
cast(element_at(pnl, 2260) as decimal(22,6)) AS t2260,
cast(element_at(pnl, 2261) as decimal(22,6)) AS t2261,
cast(element_at(pnl, 2262) as decimal(22,6)) AS t2262,
cast(element_at(pnl, 2263) as decimal(22,6)) AS t2263,
cast(element_at(pnl, 2264) as decimal(22,6)) AS t2264,
cast(element_at(pnl, 2265) as decimal(22,6)) AS t2265,
cast(element_at(pnl, 2266) as decimal(22,6)) AS t2266,
cast(element_at(pnl, 2267) as decimal(22,6)) AS t2267,
cast(element_at(pnl, 2268) as decimal(22,6)) AS t2268,
cast(element_at(pnl, 2269) as decimal(22,6)) AS t2269,
cast(element_at(pnl, 2270) as decimal(22,6)) AS t2270,
cast(element_at(pnl, 2271) as decimal(22,6)) AS t2271,
cast(element_at(pnl, 2272) as decimal(22,6)) AS t2272,
cast(element_at(pnl, 2273) as decimal(22,6)) AS t2273,
cast(element_at(pnl, 2274) as decimal(22,6)) AS t2274,
cast(element_at(pnl, 2275) as decimal(22,6)) AS t2275,
cast(element_at(pnl, 2276) as decimal(22,6)) AS t2276,
cast(element_at(pnl, 2277) as decimal(22,6)) AS t2277,
cast(element_at(pnl, 2278) as decimal(22,6)) AS t2278,
cast(element_at(pnl, 2279) as decimal(22,6)) AS t2279,
cast(element_at(pnl, 2280) as decimal(22,6)) AS t2280,
cast(element_at(pnl, 2281) as decimal(22,6)) AS t2281,
cast(element_at(pnl, 2282) as decimal(22,6)) AS t2282,
cast(element_at(pnl, 2283) as decimal(22,6)) AS t2283,
cast(element_at(pnl, 2284) as decimal(22,6)) AS t2284,
cast(element_at(pnl, 2285) as decimal(22,6)) AS t2285,
cast(element_at(pnl, 2286) as decimal(22,6)) AS t2286,
cast(element_at(pnl, 2287) as decimal(22,6)) AS t2287,
cast(element_at(pnl, 2288) as decimal(22,6)) AS t2288,
cast(element_at(pnl, 2289) as decimal(22,6)) AS t2289,
cast(element_at(pnl, 2290) as decimal(22,6)) AS t2290,
cast(element_at(pnl, 2291) as decimal(22,6)) AS t2291,
cast(element_at(pnl, 2292) as decimal(22,6)) AS t2292,
cast(element_at(pnl, 2293) as decimal(22,6)) AS t2293,
cast(element_at(pnl, 2294) as decimal(22,6)) AS t2294,
cast(element_at(pnl, 2295) as decimal(22,6)) AS t2295,
cast(element_at(pnl, 2296) as decimal(22,6)) AS t2296,
cast(element_at(pnl, 2297) as decimal(22,6)) AS t2297,
cast(element_at(pnl, 2298) as decimal(22,6)) AS t2298,
cast(element_at(pnl, 2299) as decimal(22,6)) AS t2299,
cast(element_at(pnl, 2300) as decimal(22,6)) AS t2300,
cast(element_at(pnl, 2301) as decimal(22,6)) AS t2301,
cast(element_at(pnl, 2302) as decimal(22,6)) AS t2302,
cast(element_at(pnl, 2303) as decimal(22,6)) AS t2303,
cast(element_at(pnl, 2304) as decimal(22,6)) AS t2304,
cast(element_at(pnl, 2305) as decimal(22,6)) AS t2305,
cast(element_at(pnl, 2306) as decimal(22,6)) AS t2306,
cast(element_at(pnl, 2307) as decimal(22,6)) AS t2307,
cast(element_at(pnl, 2308) as decimal(22,6)) AS t2308,
cast(element_at(pnl, 2309) as decimal(22,6)) AS t2309,
cast(element_at(pnl, 2310) as decimal(22,6)) AS t2310,
cast(element_at(pnl, 2311) as decimal(22,6)) AS t2311,
cast(element_at(pnl, 2312) as decimal(22,6)) AS t2312,
cast(element_at(pnl, 2313) as decimal(22,6)) AS t2313,
cast(element_at(pnl, 2314) as decimal(22,6)) AS t2314,
cast(element_at(pnl, 2315) as decimal(22,6)) AS t2315,
cast(element_at(pnl, 2316) as decimal(22,6)) AS t2316,
cast(element_at(pnl, 2317) as decimal(22,6)) AS t2317,
cast(element_at(pnl, 2318) as decimal(22,6)) AS t2318,
cast(element_at(pnl, 2319) as decimal(22,6)) AS t2319,
cast(element_at(pnl, 2320) as decimal(22,6)) AS t2320,
cast(element_at(pnl, 2321) as decimal(22,6)) AS t2321,
cast(element_at(pnl, 2322) as decimal(22,6)) AS t2322,
cast(element_at(pnl, 2323) as decimal(22,6)) AS t2323,
cast(element_at(pnl, 2324) as decimal(22,6)) AS t2324,
cast(element_at(pnl, 2325) as decimal(22,6)) AS t2325,
cast(element_at(pnl, 2326) as decimal(22,6)) AS t2326,
cast(element_at(pnl, 2327) as decimal(22,6)) AS t2327,
cast(element_at(pnl, 2328) as decimal(22,6)) AS t2328,
cast(element_at(pnl, 2329) as decimal(22,6)) AS t2329,
cast(element_at(pnl, 2330) as decimal(22,6)) AS t2330,
cast(element_at(pnl, 2331) as decimal(22,6)) AS t2331,
cast(element_at(pnl, 2332) as decimal(22,6)) AS t2332,
cast(element_at(pnl, 2333) as decimal(22,6)) AS t2333,
cast(element_at(pnl, 2334) as decimal(22,6)) AS t2334,
cast(element_at(pnl, 2335) as decimal(22,6)) AS t2335,
cast(element_at(pnl, 2336) as decimal(22,6)) AS t2336,
cast(element_at(pnl, 2337) as decimal(22,6)) AS t2337,
cast(element_at(pnl, 2338) as decimal(22,6)) AS t2338,
cast(element_at(pnl, 2339) as decimal(22,6)) AS t2339,
cast(element_at(pnl, 2340) as decimal(22,6)) AS t2340,
cast(element_at(pnl, 2341) as decimal(22,6)) AS t2341,
cast(element_at(pnl, 2342) as decimal(22,6)) AS t2342,
cast(element_at(pnl, 2343) as decimal(22,6)) AS t2343,
cast(element_at(pnl, 2344) as decimal(22,6)) AS t2344,
cast(element_at(pnl, 2345) as decimal(22,6)) AS t2345,
cast(element_at(pnl, 2346) as decimal(22,6)) AS t2346,
cast(element_at(pnl, 2347) as decimal(22,6)) AS t2347,
cast(element_at(pnl, 2348) as decimal(22,6)) AS t2348,
cast(element_at(pnl, 2349) as decimal(22,6)) AS t2349,
cast(element_at(pnl, 2350) as decimal(22,6)) AS t2350,
cast(element_at(pnl, 2351) as decimal(22,6)) AS t2351,
cast(element_at(pnl, 2352) as decimal(22,6)) AS t2352,
cast(element_at(pnl, 2353) as decimal(22,6)) AS t2353,
cast(element_at(pnl, 2354) as decimal(22,6)) AS t2354,
cast(element_at(pnl, 2355) as decimal(22,6)) AS t2355,
cast(element_at(pnl, 2356) as decimal(22,6)) AS t2356,
cast(element_at(pnl, 2357) as decimal(22,6)) AS t2357,
cast(element_at(pnl, 2358) as decimal(22,6)) AS t2358,
cast(element_at(pnl, 2359) as decimal(22,6)) AS t2359,
cast(element_at(pnl, 2360) as decimal(22,6)) AS t2360,
cast(element_at(pnl, 2361) as decimal(22,6)) AS t2361,
cast(element_at(pnl, 2362) as decimal(22,6)) AS t2362,
cast(element_at(pnl, 2363) as decimal(22,6)) AS t2363,
cast(element_at(pnl, 2364) as decimal(22,6)) AS t2364,
cast(element_at(pnl, 2365) as decimal(22,6)) AS t2365,
cast(element_at(pnl, 2366) as decimal(22,6)) AS t2366,
cast(element_at(pnl, 2367) as decimal(22,6)) AS t2367,
cast(element_at(pnl, 2368) as decimal(22,6)) AS t2368,
cast(element_at(pnl, 2369) as decimal(22,6)) AS t2369,
cast(element_at(pnl, 2370) as decimal(22,6)) AS t2370,
cast(element_at(pnl, 2371) as decimal(22,6)) AS t2371,
cast(element_at(pnl, 2372) as decimal(22,6)) AS t2372,
cast(element_at(pnl, 2373) as decimal(22,6)) AS t2373,
cast(element_at(pnl, 2374) as decimal(22,6)) AS t2374,
cast(element_at(pnl, 2375) as decimal(22,6)) AS t2375,
cast(element_at(pnl, 2376) as decimal(22,6)) AS t2376,
cast(element_at(pnl, 2377) as decimal(22,6)) AS t2377,
cast(element_at(pnl, 2378) as decimal(22,6)) AS t2378,
cast(element_at(pnl, 2379) as decimal(22,6)) AS t2379,
cast(element_at(pnl, 2380) as decimal(22,6)) AS t2380,
cast(element_at(pnl, 2381) as decimal(22,6)) AS t2381,
cast(element_at(pnl, 2382) as decimal(22,6)) AS t2382,
cast(element_at(pnl, 2383) as decimal(22,6)) AS t2383,
cast(element_at(pnl, 2384) as decimal(22,6)) AS t2384,
cast(element_at(pnl, 2385) as decimal(22,6)) AS t2385,
cast(element_at(pnl, 2386) as decimal(22,6)) AS t2386,
cast(element_at(pnl, 2387) as decimal(22,6)) AS t2387,
cast(element_at(pnl, 2388) as decimal(22,6)) AS t2388,
cast(element_at(pnl, 2389) as decimal(22,6)) AS t2389,
cast(element_at(pnl, 2390) as decimal(22,6)) AS t2390,
cast(element_at(pnl, 2391) as decimal(22,6)) AS t2391,
cast(element_at(pnl, 2392) as decimal(22,6)) AS t2392,
cast(element_at(pnl, 2393) as decimal(22,6)) AS t2393,
cast(element_at(pnl, 2394) as decimal(22,6)) AS t2394,
cast(element_at(pnl, 2395) as decimal(22,6)) AS t2395,
cast(element_at(pnl, 2396) as decimal(22,6)) AS t2396,
cast(element_at(pnl, 2397) as decimal(22,6)) AS t2397,
cast(element_at(pnl, 2398) as decimal(22,6)) AS t2398,
cast(element_at(pnl, 2399) as decimal(22,6)) AS t2399,
cast(element_at(pnl, 2400) as decimal(22,6)) AS t2400,
cast(element_at(pnl, 2401) as decimal(22,6)) AS t2401,
cast(element_at(pnl, 2402) as decimal(22,6)) AS t2402,
cast(element_at(pnl, 2403) as decimal(22,6)) AS t2403,
cast(element_at(pnl, 2404) as decimal(22,6)) AS t2404,
cast(element_at(pnl, 2405) as decimal(22,6)) AS t2405,
cast(element_at(pnl, 2406) as decimal(22,6)) AS t2406,
cast(element_at(pnl, 2407) as decimal(22,6)) AS t2407,
cast(element_at(pnl, 2408) as decimal(22,6)) AS t2408,
cast(element_at(pnl, 2409) as decimal(22,6)) AS t2409,
cast(element_at(pnl, 2410) as decimal(22,6)) AS t2410,
cast(element_at(pnl, 2411) as decimal(22,6)) AS t2411,
cast(element_at(pnl, 2412) as decimal(22,6)) AS t2412,
cast(element_at(pnl, 2413) as decimal(22,6)) AS t2413,
cast(element_at(pnl, 2414) as decimal(22,6)) AS t2414,
cast(element_at(pnl, 2415) as decimal(22,6)) AS t2415,
cast(element_at(pnl, 2416) as decimal(22,6)) AS t2416,
cast(element_at(pnl, 2417) as decimal(22,6)) AS t2417,
cast(element_at(pnl, 2418) as decimal(22,6)) AS t2418,
cast(element_at(pnl, 2419) as decimal(22,6)) AS t2419,
cast(element_at(pnl, 2420) as decimal(22,6)) AS t2420,
cast(element_at(pnl, 2421) as decimal(22,6)) AS t2421,
cast(element_at(pnl, 2422) as decimal(22,6)) AS t2422,
cast(element_at(pnl, 2423) as decimal(22,6)) AS t2423,
cast(element_at(pnl, 2424) as decimal(22,6)) AS t2424,
cast(element_at(pnl, 2425) as decimal(22,6)) AS t2425,
cast(element_at(pnl, 2426) as decimal(22,6)) AS t2426,
cast(element_at(pnl, 2427) as decimal(22,6)) AS t2427,
cast(element_at(pnl, 2428) as decimal(22,6)) AS t2428,
cast(element_at(pnl, 2429) as decimal(22,6)) AS t2429,
cast(element_at(pnl, 2430) as decimal(22,6)) AS t2430,
cast(element_at(pnl, 2431) as decimal(22,6)) AS t2431,
cast(element_at(pnl, 2432) as decimal(22,6)) AS t2432,
cast(element_at(pnl, 2433) as decimal(22,6)) AS t2433,
cast(element_at(pnl, 2434) as decimal(22,6)) AS t2434,
cast(element_at(pnl, 2435) as decimal(22,6)) AS t2435,
cast(element_at(pnl, 2436) as decimal(22,6)) AS t2436,
cast(element_at(pnl, 2437) as decimal(22,6)) AS t2437,
cast(element_at(pnl, 2438) as decimal(22,6)) AS t2438,
cast(element_at(pnl, 2439) as decimal(22,6)) AS t2439,
cast(element_at(pnl, 2440) as decimal(22,6)) AS t2440,
cast(element_at(pnl, 2441) as decimal(22,6)) AS t2441,
cast(element_at(pnl, 2442) as decimal(22,6)) AS t2442,
cast(element_at(pnl, 2443) as decimal(22,6)) AS t2443,
cast(element_at(pnl, 2444) as decimal(22,6)) AS t2444,
cast(element_at(pnl, 2445) as decimal(22,6)) AS t2445,
cast(element_at(pnl, 2446) as decimal(22,6)) AS t2446,
cast(element_at(pnl, 2447) as decimal(22,6)) AS t2447,
cast(element_at(pnl, 2448) as decimal(22,6)) AS t2448,
cast(element_at(pnl, 2449) as decimal(22,6)) AS t2449,
cast(element_at(pnl, 2450) as decimal(22,6)) AS t2450,
cast(element_at(pnl, 2451) as decimal(22,6)) AS t2451,
cast(element_at(pnl, 2452) as decimal(22,6)) AS t2452,
cast(element_at(pnl, 2453) as decimal(22,6)) AS t2453,
cast(element_at(pnl, 2454) as decimal(22,6)) AS t2454,
cast(element_at(pnl, 2455) as decimal(22,6)) AS t2455,
cast(element_at(pnl, 2456) as decimal(22,6)) AS t2456,
cast(element_at(pnl, 2457) as decimal(22,6)) AS t2457,
cast(element_at(pnl, 2458) as decimal(22,6)) AS t2458,
cast(element_at(pnl, 2459) as decimal(22,6)) AS t2459,
cast(element_at(pnl, 2460) as decimal(22,6)) AS t2460,
cast(element_at(pnl, 2461) as decimal(22,6)) AS t2461,
cast(element_at(pnl, 2462) as decimal(22,6)) AS t2462,
cast(element_at(pnl, 2463) as decimal(22,6)) AS t2463,
cast(element_at(pnl, 2464) as decimal(22,6)) AS t2464,
cast(element_at(pnl, 2465) as decimal(22,6)) AS t2465,
cast(element_at(pnl, 2466) as decimal(22,6)) AS t2466,
cast(element_at(pnl, 2467) as decimal(22,6)) AS t2467,
cast(element_at(pnl, 2468) as decimal(22,6)) AS t2468,
cast(element_at(pnl, 2469) as decimal(22,6)) AS t2469,
cast(element_at(pnl, 2470) as decimal(22,6)) AS t2470,
cast(element_at(pnl, 2471) as decimal(22,6)) AS t2471,
cast(element_at(pnl, 2472) as decimal(22,6)) AS t2472,
cast(element_at(pnl, 2473) as decimal(22,6)) AS t2473,
cast(element_at(pnl, 2474) as decimal(22,6)) AS t2474,
cast(element_at(pnl, 2475) as decimal(22,6)) AS t2475,
cast(element_at(pnl, 2476) as decimal(22,6)) AS t2476,
cast(element_at(pnl, 2477) as decimal(22,6)) AS t2477,
cast(element_at(pnl, 2478) as decimal(22,6)) AS t2478,
cast(element_at(pnl, 2479) as decimal(22,6)) AS t2479,
cast(element_at(pnl, 2480) as decimal(22,6)) AS t2480,
cast(element_at(pnl, 2481) as decimal(22,6)) AS t2481,
cast(element_at(pnl, 2482) as decimal(22,6)) AS t2482,
cast(element_at(pnl, 2483) as decimal(22,6)) AS t2483,
cast(element_at(pnl, 2484) as decimal(22,6)) AS t2484,
cast(element_at(pnl, 2485) as decimal(22,6)) AS t2485,
cast(element_at(pnl, 2486) as decimal(22,6)) AS t2486,
cast(element_at(pnl, 2487) as decimal(22,6)) AS t2487,
cast(element_at(pnl, 2488) as decimal(22,6)) AS t2488,
cast(element_at(pnl, 2489) as decimal(22,6)) AS t2489,
cast(element_at(pnl, 2490) as decimal(22,6)) AS t2490,
cast(element_at(pnl, 2491) as decimal(22,6)) AS t2491,
cast(element_at(pnl, 2492) as decimal(22,6)) AS t2492,
cast(element_at(pnl, 2493) as decimal(22,6)) AS t2493,
cast(element_at(pnl, 2494) as decimal(22,6)) AS t2494,
cast(element_at(pnl, 2495) as decimal(22,6)) AS t2495,
cast(element_at(pnl, 2496) as decimal(22,6)) AS t2496,
cast(element_at(pnl, 2497) as decimal(22,6)) AS t2497,
cast(element_at(pnl, 2498) as decimal(22,6)) AS t2498,
cast(element_at(pnl, 2499) as decimal(22,6)) AS t2499,
cast(element_at(pnl, 2500) as decimal(22,6)) AS t2500,
cast(element_at(pnl, 2501) as decimal(22,6)) AS t2501,
cast(element_at(pnl, 2502) as decimal(22,6)) AS t2502,
cast(element_at(pnl, 2503) as decimal(22,6)) AS t2503,
cast(element_at(pnl, 2504) as decimal(22,6)) AS t2504,
cast(element_at(pnl, 2505) as decimal(22,6)) AS t2505,
cast(element_at(pnl, 2506) as decimal(22,6)) AS t2506,
cast(element_at(pnl, 2507) as decimal(22,6)) AS t2507,
cast(element_at(pnl, 2508) as decimal(22,6)) AS t2508,
cast(element_at(pnl, 2509) as decimal(22,6)) AS t2509,
cast(element_at(pnl, 2510) as decimal(22,6)) AS t2510,
cast(element_at(pnl, 2511) as decimal(22,6)) AS t2511,
cast(element_at(pnl, 2512) as decimal(22,6)) AS t2512,
cast(element_at(pnl, 2513) as decimal(22,6)) AS t2513,
cast(element_at(pnl, 2514) as decimal(22,6)) AS t2514,
cast(element_at(pnl, 2515) as decimal(22,6)) AS t2515,
cast(element_at(pnl, 2516) as decimal(22,6)) AS t2516,
cast(element_at(pnl, 2517) as decimal(22,6)) AS t2517,
cast(element_at(pnl, 2518) as decimal(22,6)) AS t2518,
cast(element_at(pnl, 2519) as decimal(22,6)) AS t2519,
cast(element_at(pnl, 2520) as decimal(22,6)) AS t2520,
cast(element_at(pnl, 2521) as decimal(22,6)) AS t2521,
cast(element_at(pnl, 2522) as decimal(22,6)) AS t2522,
cast(element_at(pnl, 2523) as decimal(22,6)) AS t2523,
cast(element_at(pnl, 2524) as decimal(22,6)) AS t2524,
cast(element_at(pnl, 2525) as decimal(22,6)) AS t2525,
cast(element_at(pnl, 2526) as decimal(22,6)) AS t2526,
cast(element_at(pnl, 2527) as decimal(22,6)) AS t2527,
cast(element_at(pnl, 2528) as decimal(22,6)) AS t2528,
cast(element_at(pnl, 2529) as decimal(22,6)) AS t2529,
cast(element_at(pnl, 2530) as decimal(22,6)) AS t2530,
cast(element_at(pnl, 2531) as decimal(22,6)) AS t2531,
cast(element_at(pnl, 2532) as decimal(22,6)) AS t2532,
cast(element_at(pnl, 2533) as decimal(22,6)) AS t2533,
cast(element_at(pnl, 2534) as decimal(22,6)) AS t2534,
cast(element_at(pnl, 2535) as decimal(22,6)) AS t2535,
cast(element_at(pnl, 2536) as decimal(22,6)) AS t2536,
cast(element_at(pnl, 2537) as decimal(22,6)) AS t2537,
cast(element_at(pnl, 2538) as decimal(22,6)) AS t2538,
cast(element_at(pnl, 2539) as decimal(22,6)) AS t2539,
cast(element_at(pnl, 2540) as decimal(22,6)) AS t2540,
cast(element_at(pnl, 2541) as decimal(22,6)) AS t2541,
cast(element_at(pnl, 2542) as decimal(22,6)) AS t2542,
cast(element_at(pnl, 2543) as decimal(22,6)) AS t2543,
cast(element_at(pnl, 2544) as decimal(22,6)) AS t2544,
cast(element_at(pnl, 2545) as decimal(22,6)) AS t2545,
cast(element_at(pnl, 2546) as decimal(22,6)) AS t2546,
cast(element_at(pnl, 2547) as decimal(22,6)) AS t2547,
cast(element_at(pnl, 2548) as decimal(22,6)) AS t2548,
cast(element_at(pnl, 2549) as decimal(22,6)) AS t2549,
cast(element_at(pnl, 2550) as decimal(22,6)) AS t2550,
cast(element_at(pnl, 2551) as decimal(22,6)) AS t2551,
cast(element_at(pnl, 2552) as decimal(22,6)) AS t2552,
cast(element_at(pnl, 2553) as decimal(22,6)) AS t2553,
cast(element_at(pnl, 2554) as decimal(22,6)) AS t2554,
cast(element_at(pnl, 2555) as decimal(22,6)) AS t2555,
cast(element_at(pnl, 2556) as decimal(22,6)) AS t2556,
cast(element_at(pnl, 2557) as decimal(22,6)) AS t2557,
cast(element_at(pnl, 2558) as decimal(22,6)) AS t2558,
cast(element_at(pnl, 2559) as decimal(22,6)) AS t2559,
cast(element_at(pnl, 2560) as decimal(22,6)) AS t2560,
cast(element_at(pnl, 2561) as decimal(22,6)) AS t2561,
cast(element_at(pnl, 2562) as decimal(22,6)) AS t2562,
cast(element_at(pnl, 2563) as decimal(22,6)) AS t2563,
cast(element_at(pnl, 2564) as decimal(22,6)) AS t2564,
cast(element_at(pnl, 2565) as decimal(22,6)) AS t2565,
cast(element_at(pnl, 2566) as decimal(22,6)) AS t2566,
cast(element_at(pnl, 2567) as decimal(22,6)) AS t2567,
cast(element_at(pnl, 2568) as decimal(22,6)) AS t2568,
cast(element_at(pnl, 2569) as decimal(22,6)) AS t2569,
cast(element_at(pnl, 2570) as decimal(22,6)) AS t2570,
cast(element_at(pnl, 2571) as decimal(22,6)) AS t2571,
cast(element_at(pnl, 2572) as decimal(22,6)) AS t2572,
cast(element_at(pnl, 2573) as decimal(22,6)) AS t2573,
cast(element_at(pnl, 2574) as decimal(22,6)) AS t2574,
cast(element_at(pnl, 2575) as decimal(22,6)) AS t2575,
cast(element_at(pnl, 2576) as decimal(22,6)) AS t2576,
cast(element_at(pnl, 2577) as decimal(22,6)) AS t2577,
cast(element_at(pnl, 2578) as decimal(22,6)) AS t2578,
cast(element_at(pnl, 2579) as decimal(22,6)) AS t2579,
cast(element_at(pnl, 2580) as decimal(22,6)) AS t2580,
cast(element_at(pnl, 2581) as decimal(22,6)) AS t2581,
cast(element_at(pnl, 2582) as decimal(22,6)) AS t2582,
cast(element_at(pnl, 2583) as decimal(22,6)) AS t2583,
cast(element_at(pnl, 2584) as decimal(22,6)) AS t2584,
cast(element_at(pnl, 2585) as decimal(22,6)) AS t2585,
cast(element_at(pnl, 2586) as decimal(22,6)) AS t2586,
cast(element_at(pnl, 2587) as decimal(22,6)) AS t2587,
cast(element_at(pnl, 2588) as decimal(22,6)) AS t2588,
cast(element_at(pnl, 2589) as decimal(22,6)) AS t2589,
cast(element_at(pnl, 2590) as decimal(22,6)) AS t2590,
cast(element_at(pnl, 2591) as decimal(22,6)) AS t2591,
cast(element_at(pnl, 2592) as decimal(22,6)) AS t2592,
cast(element_at(pnl, 2593) as decimal(22,6)) AS t2593,
cast(element_at(pnl, 2594) as decimal(22,6)) AS t2594,
cast(element_at(pnl, 2595) as decimal(22,6)) AS t2595,
cast(element_at(pnl, 2596) as decimal(22,6)) AS t2596,
cast(element_at(pnl, 2597) as decimal(22,6)) AS t2597,
cast(element_at(pnl, 2598) as decimal(22,6)) AS t2598,
cast(element_at(pnl, 2599) as decimal(22,6)) AS t2599,
cast(element_at(pnl, 2600) as decimal(22,6)) AS t2600,
cast(element_at(pnl, 2601) as decimal(22,6)) AS t2601,
cast(element_at(pnl, 2602) as decimal(22,6)) AS t2602,
cast(element_at(pnl, 2603) as decimal(22,6)) AS t2603,
cast(element_at(pnl, 2604) as decimal(22,6)) AS t2604,
cast(element_at(pnl, 2605) as decimal(22,6)) AS t2605,
cast(element_at(pnl, 2606) as decimal(22,6)) AS t2606,
cast(element_at(pnl, 2607) as decimal(22,6)) AS t2607,
cast(element_at(pnl, 2608) as decimal(22,6)) AS t2608,
cast(element_at(pnl, 2609) as decimal(22,6)) AS t2609,
cast(element_at(pnl, 2610) as decimal(22,6)) AS t2610,
cast(element_at(pnl, 2611) as decimal(22,6)) AS t2611,
cast(element_at(pnl, 2612) as decimal(22,6)) AS t2612,
cast(element_at(pnl, 2613) as decimal(22,6)) AS t2613,
cast(element_at(pnl, 2614) as decimal(22,6)) AS t2614,
cast(element_at(pnl, 2615) as decimal(22,6)) AS t2615,
cast(element_at(pnl, 2616) as decimal(22,6)) AS t2616,
cast(element_at(pnl, 2617) as decimal(22,6)) AS t2617,
cast(element_at(pnl, 2618) as decimal(22,6)) AS t2618,
cast(element_at(pnl, 2619) as decimal(22,6)) AS t2619,
cast(element_at(pnl, 2620) as decimal(22,6)) AS t2620,
cast(element_at(pnl, 2621) as decimal(22,6)) AS t2621,
cast(element_at(pnl, 2622) as decimal(22,6)) AS t2622,
cast(element_at(pnl, 2623) as decimal(22,6)) AS t2623,
cast(element_at(pnl, 2624) as decimal(22,6)) AS t2624,
cast(element_at(pnl, 2625) as decimal(22,6)) AS t2625,
cast(element_at(pnl, 2626) as decimal(22,6)) AS t2626,
cast(element_at(pnl, 2627) as decimal(22,6)) AS t2627,
cast(element_at(pnl, 2628) as decimal(22,6)) AS t2628,
cast(element_at(pnl, 2629) as decimal(22,6)) AS t2629,
cast(element_at(pnl, 2630) as decimal(22,6)) AS t2630,
cast(element_at(pnl, 2631) as decimal(22,6)) AS t2631,
cast(element_at(pnl, 2632) as decimal(22,6)) AS t2632,
cast(element_at(pnl, 2633) as decimal(22,6)) AS t2633,
cast(element_at(pnl, 2634) as decimal(22,6)) AS t2634,
cast(element_at(pnl, 2635) as decimal(22,6)) AS t2635,
cast(element_at(pnl, 2636) as decimal(22,6)) AS t2636,
cast(element_at(pnl, 2637) as decimal(22,6)) AS t2637,
cast(element_at(pnl, 2638) as decimal(22,6)) AS t2638,
cast(element_at(pnl, 2639) as decimal(22,6)) AS t2639,
cast(element_at(pnl, 2640) as decimal(22,6)) AS t2640,
cast(element_at(pnl, 2641) as decimal(22,6)) AS t2641,
cast(element_at(pnl, 2642) as decimal(22,6)) AS t2642,
cast(element_at(pnl, 2643) as decimal(22,6)) AS t2643,
cast(element_at(pnl, 2644) as decimal(22,6)) AS t2644,
cast(element_at(pnl, 2645) as decimal(22,6)) AS t2645,
cast(element_at(pnl, 2646) as decimal(22,6)) AS t2646,
cast(element_at(pnl, 2647) as decimal(22,6)) AS t2647,
cast(element_at(pnl, 2648) as decimal(22,6)) AS t2648,
cast(element_at(pnl, 2649) as decimal(22,6)) AS t2649,
cast(element_at(pnl, 2650) as decimal(22,6)) AS t2650,
cast(element_at(pnl, 2651) as decimal(22,6)) AS t2651,
cast(element_at(pnl, 2652) as decimal(22,6)) AS t2652,
cast(element_at(pnl, 2653) as decimal(22,6)) AS t2653,
cast(element_at(pnl, 2654) as decimal(22,6)) AS t2654,
cast(element_at(pnl, 2655) as decimal(22,6)) AS t2655,
cast(element_at(pnl, 2656) as decimal(22,6)) AS t2656,
cast(element_at(pnl, 2657) as decimal(22,6)) AS t2657,
cast(element_at(pnl, 2658) as decimal(22,6)) AS t2658,
cast(element_at(pnl, 2659) as decimal(22,6)) AS t2659,
cast(element_at(pnl, 2660) as decimal(22,6)) AS t2660,
cast(element_at(pnl, 2661) as decimal(22,6)) AS t2661,
cast(element_at(pnl, 2662) as decimal(22,6)) AS t2662,
cast(element_at(pnl, 2663) as decimal(22,6)) AS t2663,
cast(element_at(pnl, 2664) as decimal(22,6)) AS t2664,
cast(element_at(pnl, 2665) as decimal(22,6)) AS t2665,
cast(element_at(pnl, 2666) as decimal(22,6)) AS t2666,
cast(element_at(pnl, 2667) as decimal(22,6)) AS t2667,
cast(element_at(pnl, 2668) as decimal(22,6)) AS t2668,
cast(element_at(pnl, 2669) as decimal(22,6)) AS t2669,
cast(element_at(pnl, 2670) as decimal(22,6)) AS t2670,
cast(element_at(pnl, 2671) as decimal(22,6)) AS t2671,
cast(element_at(pnl, 2672) as decimal(22,6)) AS t2672,
cast(element_at(pnl, 2673) as decimal(22,6)) AS t2673,
cast(element_at(pnl, 2674) as decimal(22,6)) AS t2674,
cast(element_at(pnl, 2675) as decimal(22,6)) AS t2675,
cast(element_at(pnl, 2676) as decimal(22,6)) AS t2676,
cast(element_at(pnl, 2677) as decimal(22,6)) AS t2677,
cast(element_at(pnl, 2678) as decimal(22,6)) AS t2678,
cast(element_at(pnl, 2679) as decimal(22,6)) AS t2679,
cast(element_at(pnl, 2680) as decimal(22,6)) AS t2680,
cast(element_at(pnl, 2681) as decimal(22,6)) AS t2681,
cast(element_at(pnl, 2682) as decimal(22,6)) AS t2682,
cast(element_at(pnl, 2683) as decimal(22,6)) AS t2683,
cast(element_at(pnl, 2684) as decimal(22,6)) AS t2684,
cast(element_at(pnl, 2685) as decimal(22,6)) AS t2685,
cast(element_at(pnl, 2686) as decimal(22,6)) AS t2686,
cast(element_at(pnl, 2687) as decimal(22,6)) AS t2687,
cast(element_at(pnl, 2688) as decimal(22,6)) AS t2688,
cast(element_at(pnl, 2689) as decimal(22,6)) AS t2689,
cast(element_at(pnl, 2690) as decimal(22,6)) AS t2690,
cast(element_at(pnl, 2691) as decimal(22,6)) AS t2691,
cast(element_at(pnl, 2692) as decimal(22,6)) AS t2692,
cast(element_at(pnl, 2693) as decimal(22,6)) AS t2693,
cast(element_at(pnl, 2694) as decimal(22,6)) AS t2694,
cast(element_at(pnl, 2695) as decimal(22,6)) AS t2695,
cast(element_at(pnl, 2696) as decimal(22,6)) AS t2696,
cast(element_at(pnl, 2697) as decimal(22,6)) AS t2697,
cast(element_at(pnl, 2698) as decimal(22,6)) AS t2698,
cast(element_at(pnl, 2699) as decimal(22,6)) AS t2699,
cast(element_at(pnl, 2700) as decimal(22,6)) AS t2700,
cast(element_at(pnl, 2701) as decimal(22,6)) AS t2701,
cast(element_at(pnl, 2702) as decimal(22,6)) AS t2702,
cast(element_at(pnl, 2703) as decimal(22,6)) AS t2703,
cast(element_at(pnl, 2704) as decimal(22,6)) AS t2704,
cast(element_at(pnl, 2705) as decimal(22,6)) AS t2705,
cast(element_at(pnl, 2706) as decimal(22,6)) AS t2706,
cast(element_at(pnl, 2707) as decimal(22,6)) AS t2707,
cast(element_at(pnl, 2708) as decimal(22,6)) AS t2708,
cast(element_at(pnl, 2709) as decimal(22,6)) AS t2709,
cast(element_at(pnl, 2710) as decimal(22,6)) AS t2710,
cast(element_at(pnl, 2711) as decimal(22,6)) AS t2711,
cast(element_at(pnl, 2712) as decimal(22,6)) AS t2712,
cast(element_at(pnl, 2713) as decimal(22,6)) AS t2713,
cast(element_at(pnl, 2714) as decimal(22,6)) AS t2714,
cast(element_at(pnl, 2715) as decimal(22,6)) AS t2715,
cast(element_at(pnl, 2716) as decimal(22,6)) AS t2716,
cast(element_at(pnl, 2717) as decimal(22,6)) AS t2717,
cast(element_at(pnl, 2718) as decimal(22,6)) AS t2718,
cast(element_at(pnl, 2719) as decimal(22,6)) AS t2719,
cast(element_at(pnl, 2720) as decimal(22,6)) AS t2720,
cast(element_at(pnl, 2721) as decimal(22,6)) AS t2721,
cast(element_at(pnl, 2722) as decimal(22,6)) AS t2722,
cast(element_at(pnl, 2723) as decimal(22,6)) AS t2723,
cast(element_at(pnl, 2724) as decimal(22,6)) AS t2724,
cast(element_at(pnl, 2725) as decimal(22,6)) AS t2725,
cast(element_at(pnl, 2726) as decimal(22,6)) AS t2726,
cast(element_at(pnl, 2727) as decimal(22,6)) AS t2727,
cast(element_at(pnl, 2728) as decimal(22,6)) AS t2728,
cast(element_at(pnl, 2729) as decimal(22,6)) AS t2729,
cast(element_at(pnl, 2730) as decimal(22,6)) AS t2730,
cast(element_at(pnl, 2731) as decimal(22,6)) AS t2731,
cast(element_at(pnl, 2732) as decimal(22,6)) AS t2732,
cast(element_at(pnl, 2733) as decimal(22,6)) AS t2733,
cast(element_at(pnl, 2734) as decimal(22,6)) AS t2734,
cast(element_at(pnl, 2735) as decimal(22,6)) AS t2735,
cast(element_at(pnl, 2736) as decimal(22,6)) AS t2736,
cast(element_at(pnl, 2737) as decimal(22,6)) AS t2737,
cast(element_at(pnl, 2738) as decimal(22,6)) AS t2738,
cast(element_at(pnl, 2739) as decimal(22,6)) AS t2739,
cast(element_at(pnl, 2740) as decimal(22,6)) AS t2740,
cast(element_at(pnl, 2741) as decimal(22,6)) AS t2741,
cast(element_at(pnl, 2742) as decimal(22,6)) AS t2742,
cast(element_at(pnl, 2743) as decimal(22,6)) AS t2743,
cast(element_at(pnl, 2744) as decimal(22,6)) AS t2744,
cast(element_at(pnl, 2745) as decimal(22,6)) AS t2745,
cast(element_at(pnl, 2746) as decimal(22,6)) AS t2746,
cast(element_at(pnl, 2747) as decimal(22,6)) AS t2747,
cast(element_at(pnl, 2748) as decimal(22,6)) AS t2748,
cast(element_at(pnl, 2749) as decimal(22,6)) AS t2749,
cast(element_at(pnl, 2750) as decimal(22,6)) AS t2750,
cast(element_at(pnl, 2751) as decimal(22,6)) AS t2751,
cast(element_at(pnl, 2752) as decimal(22,6)) AS t2752,
cast(element_at(pnl, 2753) as decimal(22,6)) AS t2753,
cast(element_at(pnl, 2754) as decimal(22,6)) AS t2754,
cast(element_at(pnl, 2755) as decimal(22,6)) AS t2755,
cast(element_at(pnl, 2756) as decimal(22,6)) AS t2756,
cast(element_at(pnl, 2757) as decimal(22,6)) AS t2757,
cast(element_at(pnl, 2758) as decimal(22,6)) AS t2758,
cast(element_at(pnl, 2759) as decimal(22,6)) AS t2759,
cast(element_at(pnl, 2760) as decimal(22,6)) AS t2760,
cast(element_at(pnl, 2761) as decimal(22,6)) AS t2761,
cast(element_at(pnl, 2762) as decimal(22,6)) AS t2762,
cast(element_at(pnl, 2763) as decimal(22,6)) AS t2763,
cast(element_at(pnl, 2764) as decimal(22,6)) AS t2764,
cast(element_at(pnl, 2765) as decimal(22,6)) AS t2765,
cast(element_at(pnl, 2766) as decimal(22,6)) AS t2766,
cast(element_at(pnl, 2767) as decimal(22,6)) AS t2767,
cast(element_at(pnl, 2768) as decimal(22,6)) AS t2768,
cast(element_at(pnl, 2769) as decimal(22,6)) AS t2769,
cast(element_at(pnl, 2770) as decimal(22,6)) AS t2770,
cast(element_at(pnl, 2771) as decimal(22,6)) AS t2771,
cast(element_at(pnl, 2772) as decimal(22,6)) AS t2772,
cast(element_at(pnl, 2773) as decimal(22,6)) AS t2773,
cast(element_at(pnl, 2774) as decimal(22,6)) AS t2774,
cast(element_at(pnl, 2775) as decimal(22,6)) AS t2775,
cast(element_at(pnl, 2776) as decimal(22,6)) AS t2776,
cast(element_at(pnl, 2777) as decimal(22,6)) AS t2777,
cast(element_at(pnl, 2778) as decimal(22,6)) AS t2778,
cast(element_at(pnl, 2779) as decimal(22,6)) AS t2779,
cast(element_at(pnl, 2780) as decimal(22,6)) AS t2780,
cast(element_at(pnl, 2781) as decimal(22,6)) AS t2781,
cast(element_at(pnl, 2782) as decimal(22,6)) AS t2782,
cast(element_at(pnl, 2783) as decimal(22,6)) AS t2783,
cast(element_at(pnl, 2784) as decimal(22,6)) AS t2784,
cast(element_at(pnl, 2785) as decimal(22,6)) AS t2785,
cast(element_at(pnl, 2786) as decimal(22,6)) AS t2786,
cast(element_at(pnl, 2787) as decimal(22,6)) AS t2787,
cast(element_at(pnl, 2788) as decimal(22,6)) AS t2788,
cast(element_at(pnl, 2789) as decimal(22,6)) AS t2789,
cast(element_at(pnl, 2790) as decimal(22,6)) AS t2790,
cast(element_at(pnl, 2791) as decimal(22,6)) AS t2791,
cast(element_at(pnl, 2792) as decimal(22,6)) AS t2792,
cast(element_at(pnl, 2793) as decimal(22,6)) AS t2793,
cast(element_at(pnl, 2794) as decimal(22,6)) AS t2794,
cast(element_at(pnl, 2795) as decimal(22,6)) AS t2795,
cast(element_at(pnl, 2796) as decimal(22,6)) AS t2796,
cast(element_at(pnl, 2797) as decimal(22,6)) AS t2797,
cast(element_at(pnl, 2798) as decimal(22,6)) AS t2798,
cast(element_at(pnl, 2799) as decimal(22,6)) AS t2799,
cast(element_at(pnl, 2800) as decimal(22,6)) AS t2800,
cast(element_at(pnl, 2801) as decimal(22,6)) AS t2801,
cast(element_at(pnl, 2802) as decimal(22,6)) AS t2802,
cast(element_at(pnl, 2803) as decimal(22,6)) AS t2803,
cast(element_at(pnl, 2804) as decimal(22,6)) AS t2804,
cast(element_at(pnl, 2805) as decimal(22,6)) AS t2805,
cast(element_at(pnl, 2806) as decimal(22,6)) AS t2806,
cast(element_at(pnl, 2807) as decimal(22,6)) AS t2807,
cast(element_at(pnl, 2808) as decimal(22,6)) AS t2808,
cast(element_at(pnl, 2809) as decimal(22,6)) AS t2809,
cast(element_at(pnl, 2810) as decimal(22,6)) AS t2810,
cast(element_at(pnl, 2811) as decimal(22,6)) AS t2811,
cast(element_at(pnl, 2812) as decimal(22,6)) AS t2812,
cast(element_at(pnl, 2813) as decimal(22,6)) AS t2813,
cast(element_at(pnl, 2814) as decimal(22,6)) AS t2814,
cast(element_at(pnl, 2815) as decimal(22,6)) AS t2815,
cast(element_at(pnl, 2816) as decimal(22,6)) AS t2816,
cast(element_at(pnl, 2817) as decimal(22,6)) AS t2817,
cast(element_at(pnl, 2818) as decimal(22,6)) AS t2818,
cast(element_at(pnl, 2819) as decimal(22,6)) AS t2819,
cast(element_at(pnl, 2820) as decimal(22,6)) AS t2820,
cast(element_at(pnl, 2821) as decimal(22,6)) AS t2821,
cast(element_at(pnl, 2822) as decimal(22,6)) AS t2822,
cast(element_at(pnl, 2823) as decimal(22,6)) AS t2823,
cast(element_at(pnl, 2824) as decimal(22,6)) AS t2824,
cast(element_at(pnl, 2825) as decimal(22,6)) AS t2825,
cast(element_at(pnl, 2826) as decimal(22,6)) AS t2826,
cast(element_at(pnl, 2827) as decimal(22,6)) AS t2827,
cast(element_at(pnl, 2828) as decimal(22,6)) AS t2828,
cast(element_at(pnl, 2829) as decimal(22,6)) AS t2829,
cast(element_at(pnl, 2830) as decimal(22,6)) AS t2830,
cast(element_at(pnl, 2831) as decimal(22,6)) AS t2831,
cast(element_at(pnl, 2832) as decimal(22,6)) AS t2832,
cast(element_at(pnl, 2833) as decimal(22,6)) AS t2833,
cast(element_at(pnl, 2834) as decimal(22,6)) AS t2834,
cast(element_at(pnl, 2835) as decimal(22,6)) AS t2835,
cast(element_at(pnl, 2836) as decimal(22,6)) AS t2836,
cast(element_at(pnl, 2837) as decimal(22,6)) AS t2837,
cast(element_at(pnl, 2838) as decimal(22,6)) AS t2838,
cast(element_at(pnl, 2839) as decimal(22,6)) AS t2839,
cast(element_at(pnl, 2840) as decimal(22,6)) AS t2840,
cast(element_at(pnl, 2841) as decimal(22,6)) AS t2841,
cast(element_at(pnl, 2842) as decimal(22,6)) AS t2842,
cast(element_at(pnl, 2843) as decimal(22,6)) AS t2843,
cast(element_at(pnl, 2844) as decimal(22,6)) AS t2844,
cast(element_at(pnl, 2845) as decimal(22,6)) AS t2845,
cast(element_at(pnl, 2846) as decimal(22,6)) AS t2846,
cast(element_at(pnl, 2847) as decimal(22,6)) AS t2847,
cast(element_at(pnl, 2848) as decimal(22,6)) AS t2848,
cast(element_at(pnl, 2849) as decimal(22,6)) AS t2849,
cast(element_at(pnl, 2850) as decimal(22,6)) AS t2850,
cast(element_at(pnl, 2851) as decimal(22,6)) AS t2851,
cast(element_at(pnl, 2852) as decimal(22,6)) AS t2852,
cast(element_at(pnl, 2853) as decimal(22,6)) AS t2853,
cast(element_at(pnl, 2854) as decimal(22,6)) AS t2854,
cast(element_at(pnl, 2855) as decimal(22,6)) AS t2855,
cast(element_at(pnl, 2856) as decimal(22,6)) AS t2856,
cast(element_at(pnl, 2857) as decimal(22,6)) AS t2857,
cast(element_at(pnl, 2858) as decimal(22,6)) AS t2858,
cast(element_at(pnl, 2859) as decimal(22,6)) AS t2859,
cast(element_at(pnl, 2860) as decimal(22,6)) AS t2860,
cast(element_at(pnl, 2861) as decimal(22,6)) AS t2861,
cast(element_at(pnl, 2862) as decimal(22,6)) AS t2862,
cast(element_at(pnl, 2863) as decimal(22,6)) AS t2863,
cast(element_at(pnl, 2864) as decimal(22,6)) AS t2864,
cast(element_at(pnl, 2865) as decimal(22,6)) AS t2865,
cast(element_at(pnl, 2866) as decimal(22,6)) AS t2866,
cast(element_at(pnl, 2867) as decimal(22,6)) AS t2867,
cast(element_at(pnl, 2868) as decimal(22,6)) AS t2868,
cast(element_at(pnl, 2869) as decimal(22,6)) AS t2869,
cast(element_at(pnl, 2870) as decimal(22,6)) AS t2870,
cast(element_at(pnl, 2871) as decimal(22,6)) AS t2871,
cast(element_at(pnl, 2872) as decimal(22,6)) AS t2872,
cast(element_at(pnl, 2873) as decimal(22,6)) AS t2873,
cast(element_at(pnl, 2874) as decimal(22,6)) AS t2874,
cast(element_at(pnl, 2875) as decimal(22,6)) AS t2875,
cast(element_at(pnl, 2876) as decimal(22,6)) AS t2876,
cast(element_at(pnl, 2877) as decimal(22,6)) AS t2877,
cast(element_at(pnl, 2878) as decimal(22,6)) AS t2878,
cast(element_at(pnl, 2879) as decimal(22,6)) AS t2879,
cast(element_at(pnl, 2880) as decimal(22,6)) AS t2880,
cast(element_at(pnl, 2881) as decimal(22,6)) AS t2881,
cast(element_at(pnl, 2882) as decimal(22,6)) AS t2882,
cast(element_at(pnl, 2883) as decimal(22,6)) AS t2883,
cast(element_at(pnl, 2884) as decimal(22,6)) AS t2884,
cast(element_at(pnl, 2885) as decimal(22,6)) AS t2885,
cast(element_at(pnl, 2886) as decimal(22,6)) AS t2886,
cast(element_at(pnl, 2887) as decimal(22,6)) AS t2887,
cast(element_at(pnl, 2888) as decimal(22,6)) AS t2888,
cast(element_at(pnl, 2889) as decimal(22,6)) AS t2889,
cast(element_at(pnl, 2890) as decimal(22,6)) AS t2890,
cast(element_at(pnl, 2891) as decimal(22,6)) AS t2891,
cast(element_at(pnl, 2892) as decimal(22,6)) AS t2892,
cast(element_at(pnl, 2893) as decimal(22,6)) AS t2893,
cast(element_at(pnl, 2894) as decimal(22,6)) AS t2894,
cast(element_at(pnl, 2895) as decimal(22,6)) AS t2895,
cast(element_at(pnl, 2896) as decimal(22,6)) AS t2896,
cast(element_at(pnl, 2897) as decimal(22,6)) AS t2897,
cast(element_at(pnl, 2898) as decimal(22,6)) AS t2898,
cast(element_at(pnl, 2899) as decimal(22,6)) AS t2899,
cast(element_at(pnl, 2900) as decimal(22,6)) AS t2900,
cast(element_at(pnl, 2901) as decimal(22,6)) AS t2901,
cast(element_at(pnl, 2902) as decimal(22,6)) AS t2902,
cast(element_at(pnl, 2903) as decimal(22,6)) AS t2903,
cast(element_at(pnl, 2904) as decimal(22,6)) AS t2904,
cast(element_at(pnl, 2905) as decimal(22,6)) AS t2905,
cast(element_at(pnl, 2906) as decimal(22,6)) AS t2906,
cast(element_at(pnl, 2907) as decimal(22,6)) AS t2907,
cast(element_at(pnl, 2908) as decimal(22,6)) AS t2908,
cast(element_at(pnl, 2909) as decimal(22,6)) AS t2909,
cast(element_at(pnl, 2910) as decimal(22,6)) AS t2910,
cast(element_at(pnl, 2911) as decimal(22,6)) AS t2911,
cast(element_at(pnl, 2912) as decimal(22,6)) AS t2912,
cast(element_at(pnl, 2913) as decimal(22,6)) AS t2913,
cast(element_at(pnl, 2914) as decimal(22,6)) AS t2914,
cast(element_at(pnl, 2915) as decimal(22,6)) AS t2915,
cast(element_at(pnl, 2916) as decimal(22,6)) AS t2916,
cast(element_at(pnl, 2917) as decimal(22,6)) AS t2917,
cast(element_at(pnl, 2918) as decimal(22,6)) AS t2918,
cast(element_at(pnl, 2919) as decimal(22,6)) AS t2919,
cast(element_at(pnl, 2920) as decimal(22,6)) AS t2920,
cast(element_at(pnl, 2921) as decimal(22,6)) AS t2921,
cast(element_at(pnl, 2922) as decimal(22,6)) AS t2922,
cast(element_at(pnl, 2923) as decimal(22,6)) AS t2923,
cast(element_at(pnl, 2924) as decimal(22,6)) AS t2924,
cast(element_at(pnl, 2925) as decimal(22,6)) AS t2925,
cast(element_at(pnl, 2926) as decimal(22,6)) AS t2926,
cast(element_at(pnl, 2927) as decimal(22,6)) AS t2927,
cast(element_at(pnl, 2928) as decimal(22,6)) AS t2928,
cast(element_at(pnl, 2929) as decimal(22,6)) AS t2929,
cast(element_at(pnl, 2930) as decimal(22,6)) AS t2930,
cast(element_at(pnl, 2931) as decimal(22,6)) AS t2931,
cast(element_at(pnl, 2932) as decimal(22,6)) AS t2932,
cast(element_at(pnl, 2933) as decimal(22,6)) AS t2933,
cast(element_at(pnl, 2934) as decimal(22,6)) AS t2934,
cast(element_at(pnl, 2935) as decimal(22,6)) AS t2935,
cast(element_at(pnl, 2936) as decimal(22,6)) AS t2936,
cast(element_at(pnl, 2937) as decimal(22,6)) AS t2937,
cast(element_at(pnl, 2938) as decimal(22,6)) AS t2938,
cast(element_at(pnl, 2939) as decimal(22,6)) AS t2939,
cast(element_at(pnl, 2940) as decimal(22,6)) AS t2940,
cast(element_at(pnl, 2941) as decimal(22,6)) AS t2941,
cast(element_at(pnl, 2942) as decimal(22,6)) AS t2942,
cast(element_at(pnl, 2943) as decimal(22,6)) AS t2943,
cast(element_at(pnl, 2944) as decimal(22,6)) AS t2944,
cast(element_at(pnl, 2945) as decimal(22,6)) AS t2945,
cast(element_at(pnl, 2946) as decimal(22,6)) AS t2946,
cast(element_at(pnl, 2947) as decimal(22,6)) AS t2947,
cast(element_at(pnl, 2948) as decimal(22,6)) AS t2948,
cast(element_at(pnl, 2949) as decimal(22,6)) AS t2949,
cast(element_at(pnl, 2950) as decimal(22,6)) AS t2950,
cast(element_at(pnl, 2951) as decimal(22,6)) AS t2951,
cast(element_at(pnl, 2952) as decimal(22,6)) AS t2952,
cast(element_at(pnl, 2953) as decimal(22,6)) AS t2953,
cast(element_at(pnl, 2954) as decimal(22,6)) AS t2954,
cast(element_at(pnl, 2955) as decimal(22,6)) AS t2955,
cast(element_at(pnl, 2956) as decimal(22,6)) AS t2956,
cast(element_at(pnl, 2957) as decimal(22,6)) AS t2957,
cast(element_at(pnl, 2958) as decimal(22,6)) AS t2958,
cast(element_at(pnl, 2959) as decimal(22,6)) AS t2959,
cast(element_at(pnl, 2960) as decimal(22,6)) AS t2960,
cast(element_at(pnl, 2961) as decimal(22,6)) AS t2961,
cast(element_at(pnl, 2962) as decimal(22,6)) AS t2962,
cast(element_at(pnl, 2963) as decimal(22,6)) AS t2963,
cast(element_at(pnl, 2964) as decimal(22,6)) AS t2964,
cast(element_at(pnl, 2965) as decimal(22,6)) AS t2965,
cast(element_at(pnl, 2966) as decimal(22,6)) AS t2966,
cast(element_at(pnl, 2967) as decimal(22,6)) AS t2967,
cast(element_at(pnl, 2968) as decimal(22,6)) AS t2968,
cast(element_at(pnl, 2969) as decimal(22,6)) AS t2969,
cast(element_at(pnl, 2970) as decimal(22,6)) AS t2970,
cast(element_at(pnl, 2971) as decimal(22,6)) AS t2971,
cast(element_at(pnl, 2972) as decimal(22,6)) AS t2972,
cast(element_at(pnl, 2973) as decimal(22,6)) AS t2973,
cast(element_at(pnl, 2974) as decimal(22,6)) AS t2974,
cast(element_at(pnl, 2975) as decimal(22,6)) AS t2975,
cast(element_at(pnl, 2976) as decimal(22,6)) AS t2976,
cast(element_at(pnl, 2977) as decimal(22,6)) AS t2977,
cast(element_at(pnl, 2978) as decimal(22,6)) AS t2978,
cast(element_at(pnl, 2979) as decimal(22,6)) AS t2979,
cast(element_at(pnl, 2980) as decimal(22,6)) AS t2980,
cast(element_at(pnl, 2981) as decimal(22,6)) AS t2981,
cast(element_at(pnl, 2982) as decimal(22,6)) AS t2982,
cast(element_at(pnl, 2983) as decimal(22,6)) AS t2983,
cast(element_at(pnl, 2984) as decimal(22,6)) AS t2984,
cast(element_at(pnl, 2985) as decimal(22,6)) AS t2985,
cast(element_at(pnl, 2986) as decimal(22,6)) AS t2986,
cast(element_at(pnl, 2987) as decimal(22,6)) AS t2987,
cast(element_at(pnl, 2988) as decimal(22,6)) AS t2988,
cast(element_at(pnl, 2989) as decimal(22,6)) AS t2989,
cast(element_at(pnl, 2990) as decimal(22,6)) AS t2990,
cast(element_at(pnl, 2991) as decimal(22,6)) AS t2991,
cast(element_at(pnl, 2992) as decimal(22,6)) AS t2992,
cast(element_at(pnl, 2993) as decimal(22,6)) AS t2993,
cast(element_at(pnl, 2994) as decimal(22,6)) AS t2994,
cast(element_at(pnl, 2995) as decimal(22,6)) AS t2995,
cast(element_at(pnl, 2996) as decimal(22,6)) AS t2996,
cast(element_at(pnl, 2997) as decimal(22,6)) AS t2997,
cast(element_at(pnl, 2998) as decimal(22,6)) AS t2998,
cast(element_at(pnl, 2999) as decimal(22,6)) AS t2999,
cast(element_at(pnl, 3000) as decimal(22,6)) AS t3000,
cast(element_at(pnl, 3001) as decimal(22,6)) AS t3001,
cast(element_at(pnl, 3002) as decimal(22,6)) AS t3002,
cast(element_at(pnl, 3003) as decimal(22,6)) AS t3003,
cast(element_at(pnl, 3004) as decimal(22,6)) AS t3004,
cast(element_at(pnl, 3005) as decimal(22,6)) AS t3005,
cast(element_at(pnl, 3006) as decimal(22,6)) AS t3006,
cast(element_at(pnl, 3007) as decimal(22,6)) AS t3007,
cast(element_at(pnl, 3008) as decimal(22,6)) AS t3008,
cast(element_at(pnl, 3009) as decimal(22,6)) AS t3009,
cast(element_at(pnl, 3010) as decimal(22,6)) AS t3010,
cast(element_at(pnl, 3011) as decimal(22,6)) AS t3011,
cast(element_at(pnl, 3012) as decimal(22,6)) AS t3012,
cast(element_at(pnl, 3013) as decimal(22,6)) AS t3013,
cast(element_at(pnl, 3014) as decimal(22,6)) AS t3014,
cast(element_at(pnl, 3015) as decimal(22,6)) AS t3015,
cast(element_at(pnl, 3016) as decimal(22,6)) AS t3016,
cast(element_at(pnl, 3017) as decimal(22,6)) AS t3017,
cast(element_at(pnl, 3018) as decimal(22,6)) AS t3018,
cast(element_at(pnl, 3019) as decimal(22,6)) AS t3019,
cast(element_at(pnl, 3020) as decimal(22,6)) AS t3020,
cast(element_at(pnl, 3021) as decimal(22,6)) AS t3021,
cast(element_at(pnl, 3022) as decimal(22,6)) AS t3022,
cast(element_at(pnl, 3023) as decimal(22,6)) AS t3023,
cast(element_at(pnl, 3024) as decimal(22,6)) AS t3024,
cast(element_at(pnl, 3025) as decimal(22,6)) AS t3025,
cast(element_at(pnl, 3026) as decimal(22,6)) AS t3026,
cast(element_at(pnl, 3027) as decimal(22,6)) AS t3027,
cast(element_at(pnl, 3028) as decimal(22,6)) AS t3028,
cast(element_at(pnl, 3029) as decimal(22,6)) AS t3029,
cast(element_at(pnl, 3030) as decimal(22,6)) AS t3030,
cast(element_at(pnl, 3031) as decimal(22,6)) AS t3031,
cast(element_at(pnl, 3032) as decimal(22,6)) AS t3032,
cast(element_at(pnl, 3033) as decimal(22,6)) AS t3033,
cast(element_at(pnl, 3034) as decimal(22,6)) AS t3034,
cast(element_at(pnl, 3035) as decimal(22,6)) AS t3035,
cast(element_at(pnl, 3036) as decimal(22,6)) AS t3036,
cast(element_at(pnl, 3037) as decimal(22,6)) AS t3037,
cast(element_at(pnl, 3038) as decimal(22,6)) AS t3038,
cast(element_at(pnl, 3039) as decimal(22,6)) AS t3039,
cast(element_at(pnl, 3040) as decimal(22,6)) AS t3040,
cast(element_at(pnl, 3041) as decimal(22,6)) AS t3041,
cast(element_at(pnl, 3042) as decimal(22,6)) AS t3042,
cast(element_at(pnl, 3043) as decimal(22,6)) AS t3043,
cast(element_at(pnl, 3044) as decimal(22,6)) AS t3044,
cast(element_at(pnl, 3045) as decimal(22,6)) AS t3045,
cast(element_at(pnl, 3046) as decimal(22,6)) AS t3046,
cast(element_at(pnl, 3047) as decimal(22,6)) AS t3047,
cast(element_at(pnl, 3048) as decimal(22,6)) AS t3048,
cast(element_at(pnl, 3049) as decimal(22,6)) AS t3049,
cast(element_at(pnl, 3050) as decimal(22,6)) AS t3050,
cast(element_at(pnl, 3051) as decimal(22,6)) AS t3051,
cast(element_at(pnl, 3052) as decimal(22,6)) AS t3052,
cast(element_at(pnl, 3053) as decimal(22,6)) AS t3053,
cast(element_at(pnl, 3054) as decimal(22,6)) AS t3054,
cast(element_at(pnl, 3055) as decimal(22,6)) AS t3055,
cast(element_at(pnl, 3056) as decimal(22,6)) AS t3056,
cast(element_at(pnl, 3057) as decimal(22,6)) AS t3057,
cast(element_at(pnl, 3058) as decimal(22,6)) AS t3058,
cast(element_at(pnl, 3059) as decimal(22,6)) AS t3059,
cast(element_at(pnl, 3060) as decimal(22,6)) AS t3060,
cast(element_at(pnl, 3061) as decimal(22,6)) AS t3061,
cast(element_at(pnl, 3062) as decimal(22,6)) AS t3062,
cast(element_at(pnl, 3063) as decimal(22,6)) AS t3063,
cast(element_at(pnl, 3064) as decimal(22,6)) AS t3064,
cast(element_at(pnl, 3065) as decimal(22,6)) AS t3065,
cast(element_at(pnl, 3066) as decimal(22,6)) AS t3066,
cast(element_at(pnl, 3067) as decimal(22,6)) AS t3067,
cast(element_at(pnl, 3068) as decimal(22,6)) AS t3068,
cast(element_at(pnl, 3069) as decimal(22,6)) AS t3069,
cast(element_at(pnl, 3070) as decimal(22,6)) AS t3070,
cast(element_at(pnl, 3071) as decimal(22,6)) AS t3071,
cast(element_at(pnl, 3072) as decimal(22,6)) AS t3072,
cast(element_at(pnl, 3073) as decimal(22,6)) AS t3073,
cast(element_at(pnl, 3074) as decimal(22,6)) AS t3074,
cast(element_at(pnl, 3075) as decimal(22,6)) AS t3075,
cast(element_at(pnl, 3076) as decimal(22,6)) AS t3076,
cast(element_at(pnl, 3077) as decimal(22,6)) AS t3077,
cast(element_at(pnl, 3078) as decimal(22,6)) AS t3078,
cast(element_at(pnl, 3079) as decimal(22,6)) AS t3079,
cast(element_at(pnl, 3080) as decimal(22,6)) AS t3080,
cast(element_at(pnl, 3081) as decimal(22,6)) AS t3081,
cast(element_at(pnl, 3082) as decimal(22,6)) AS t3082,
cast(element_at(pnl, 3083) as decimal(22,6)) AS t3083,
cast(element_at(pnl, 3084) as decimal(22,6)) AS t3084,
cast(element_at(pnl, 3085) as decimal(22,6)) AS t3085,
cast(element_at(pnl, 3086) as decimal(22,6)) AS t3086,
cast(element_at(pnl, 3087) as decimal(22,6)) AS t3087,
cast(element_at(pnl, 3088) as decimal(22,6)) AS t3088,
cast(element_at(pnl, 3089) as decimal(22,6)) AS t3089,
cast(element_at(pnl, 3090) as decimal(22,6)) AS t3090,
cast(element_at(pnl, 3091) as decimal(22,6)) AS t3091,
cast(element_at(pnl, 3092) as decimal(22,6)) AS t3092,
cast(element_at(pnl, 3093) as decimal(22,6)) AS t3093,
cast(element_at(pnl, 3094) as decimal(22,6)) AS t3094,
cast(element_at(pnl, 3095) as decimal(22,6)) AS t3095,
cast(element_at(pnl, 3096) as decimal(22,6)) AS t3096,
cast(element_at(pnl, 3097) as decimal(22,6)) AS t3097,
cast(element_at(pnl, 3098) as decimal(22,6)) AS t3098,
cast(element_at(pnl, 3099) as decimal(22,6)) AS t3099,
cast(element_at(pnl, 3100) as decimal(22,6)) AS t3100,
cast(element_at(pnl, 3101) as decimal(22,6)) AS t3101,
cast(element_at(pnl, 3102) as decimal(22,6)) AS t3102,
cast(element_at(pnl, 3103) as decimal(22,6)) AS t3103,
cast(element_at(pnl, 3104) as decimal(22,6)) AS t3104,
cast(element_at(pnl, 3105) as decimal(22,6)) AS t3105,
cast(element_at(pnl, 3106) as decimal(22,6)) AS t3106,
cast(element_at(pnl, 3107) as decimal(22,6)) AS t3107,
cast(element_at(pnl, 3108) as decimal(22,6)) AS t3108,
cast(element_at(pnl, 3109) as decimal(22,6)) AS t3109,
cast(element_at(pnl, 3110) as decimal(22,6)) AS t3110,
cast(element_at(pnl, 3111) as decimal(22,6)) AS t3111,
cast(element_at(pnl, 3112) as decimal(22,6)) AS t3112,
cast(element_at(pnl, 3113) as decimal(22,6)) AS t3113,
cast(element_at(pnl, 3114) as decimal(22,6)) AS t3114,
cast(element_at(pnl, 3115) as decimal(22,6)) AS t3115,
cast(element_at(pnl, 3116) as decimal(22,6)) AS t3116,
cast(element_at(pnl, 3117) as decimal(22,6)) AS t3117,
cast(element_at(pnl, 3118) as decimal(22,6)) AS t3118,
cast(element_at(pnl, 3119) as decimal(22,6)) AS t3119,
cast(element_at(pnl, 3120) as decimal(22,6)) AS t3120
from radar_reporting_prod.benchmark_analytic_pnl
where benchmark_name = 'MRP SUPP' and hierarchy_type = 'POOL' and business_date = '2025-06-10' and run_id = 'MRP_SUPP'"
878be550dfd290a99959e4ad18124b8191d3e07689b035398a6bf4ade7dc07c3,"/* cppi::878be550dfd290a99959e4ad18124b8191d3e07689b035398a6bf4ade7dc07c3 */
select 'haver.index' as feed, 'indexValue' as itemName, index_name as entityId1, business_date  as timekey, index_value as tsValue, arrival_time as arrivalTime from df_enriched_prod.qsrp_haver_index_scaled_latest where index_name in ('N156VMCP@G10', 'N158VMCP@G10', 'N193VMCP@G10', 'N196VMCP@G10')"
f7de4b235538b8588a68f34cfe2831671d5608275e21fd53387f722febd5ebe5,"/* cppi::f7de4b235538b8588a68f34cfe2831671d5608275e21fd53387f722febd5ebe5 */
select 'haver.index' as feed, 'indexValue' as itemName, index_name as entityId1, business_date  as timekey, index_value as tsValue, arrival_time as arrivalTime from df_enriched_prod.qsrp_haver_index_scaled_latest where index_name in ('S111MPO@MKTPMI', 'S112SPC@MKTPMI', 'S193SPC@MKTPMI', 'S023SPC@MKTPMI', 'S134SPC@MKTPMI', 'S156SPO@MKTPMI')"
ffce916bd3e121cefd82ef89cf0d195b793041e336a0b977b918eb831ef365a0,"/* cppi::ffce916bd3e121cefd82ef89cf0d195b793041e336a0b977b918eb831ef365a0 */
select * from df_enriched_prod.idm_api_timeseries_meta where feed_name = 'haver.index' and api_item_name in ('index_value') and (entity_id_1 in ('POP@USECON','POPJ@USECON','A134POP@EUDATA','A134POPA@EUDATA','A136POP@EUDATA','A132POP@EUDATA','A184POP@EUDATA','P134B@EUPOP','P136B@EUPOP','P132B@EUPOP','P184B@EUPOP'))"
62d9d1eea6978cd95ab6d2fdc6b4e35256acd504de5a219db9619faed85a0727,"/* cppi::62d9d1eea6978cd95ab6d2fdc6b4e35256acd504de5a219db9619faed85a0727 */
select 'bbg.index' as feed, field_name as itemName, bbg_code as entityId1, business_date  as timekey, numeric_value as tsValue, arrival_time as arrivalTime from df_enriched_prod.bloomberg_index_latest where field_name in ('px_last', 'last_price', 'px_last_eod') and bbg_code in ('AUD CMPL Curncy', 'CAD CMPL Curncy', 'JPY CMPL Curncy', 'SEK CMPL Curncy', 'CHF CMPL Curncy', 'GBP CMPL Curncy', 'USD CMPL Curncy', 'NOK CMPL Curncy', 'NZD CMPL Curncy', 'EUR CMPL Curncy', 'DEM CMPL Curncy', 'BEF CMPL Curncy', 'NLG CMPL Curncy', 'ITL CMPL Curncy', 'ESP CMPL Curncy', 'FRF CMPL Curncy') and business_date <= date '2025-06-10'  and source in ('bloomberg_index_close_price_pit','bloomberg_index_ohlc_price_pit','bloomberg_eod_price_pit','bloomberg_customized_forward_pit','qsrp','bloomberg_index_close_price_pit','bloomberg_index_ohlc_price_pit','bloomberg_eod_price_pit','bloomberg_customized_forward_pit')"
b7e9f9dd933f69f668257882a26a2d0b4d3d8dc07e5eae70e6ab6971d978299c,"/* cppi::b7e9f9dd933f69f668257882a26a2d0b4d3d8dc07e5eae70e6ab6971d978299c */
select * from df_enriched_prod.idm_api_timeseries_meta where feed_name = 'bbg.index' and api_item_name in ('px_last_eod','last_price','px_last') and (entity_id_1 in ('CAD Curncy','EUR Curncy','GBP Curncy','JPY Curncy','AUD Curncy','CHF Curncy','SEK Curncy','NOK Curncy','NZD Curncy','DEM Curncy'))"
52c448089a667c65889bc3385a8f4c15008ea762d6142a7092b202b6db544dc7,"/* cppi::52c448089a667c65889bc3385a8f4c15008ea762d6142a7092b202b6db544dc7 */
select terms_trade_id as id,
                                          terms_fixed_rate as coupon_rate,
                                          terms_effective_date as effective_date,
                                          terms_first_payment_date as first_premium_date,
                                          terms_maturity_date as maturity_date,
                                          file_date as pricedate,
                                          terms_period as tenor,
                                          terms_frequency as payment_freq
                                          FROM market.markit_credit_index_term
                                          where file_date >= date'2025-05-21'
                                          and file_date <= date'2025-06-11'
                                          and ((terms_trade_id like 'ITRAXX-EUROPES%')) and terms_period in ('10Y')"
927e21034bb2f504ba24c667627a62c6ca7741a3cd26866ca97b99651b6f53d9,"/* cppi::927e21034bb2f504ba24c667627a62c6ca7741a3cd26866ca97b99651b6f53d9 */
SELECT pricing_date, security_id as cppib_sec_id, daily_return
FROM market.cppib_market_equity_prices
WHERE pricing_date > DATE_ADD('year', -1, date'2022-06-27') and pricing_date <= date'2025-06-11'
AND pricing_date >= date'2022-04-01'
AND is_suspended_flag = 0 AND is_exchange_holiday = 0
and security_id in (4477, 9577, 220077, 23723599, 1291, 573270, 282, 16462896, 8164, 1387, 15399779, 121, 932, 1097, 1546, 11397876, 2697, 4515, 9601, 20822957, 112, 12257, 20817390, 6208, 19183662, 224771, 1560, 4385, 2966, 19626988, 1382, 13181, 9371, 179, 2677, 4505, 4321, 175396, 23379263, 12588, 1477, 221747, 1177, 946, 1412, 7290, 26388302, 1071, 1074, 916, 528983, 4333, 2681, 8298, 24398454, 24744502, 221632, 1280, 8355, 22238253, 12978, 291, 12325, 12037, 1370, 8740, 321, 12337, 9239, 4423, 8865, 17369614, 7524263, 24067692, 19944143, 21752263, 12340, 501448, 19304655, 220100, 8186, 20121600, 8590, 9623, 200, 1649, 11833, 8790, 220212, 1461, 2614005, 19541873, 1274, 19723379, 8935, 25301723, 11607, 26824421, 12781, 27166330, 26192860)"
8c6494cba895530065936460228ed34dc3110110394b7a7de00de8ab672d79b7,"/* cppi::8c6494cba895530065936460228ed34dc3110110394b7a7de00de8ab672d79b7 */
SELECT pricing_date, security_id as cppib_sec_id, daily_return
FROM market.cppib_market_equity_prices
WHERE pricing_date > DATE_ADD('year', -1, date'2022-06-27') and pricing_date <= date'2025-06-11'
AND pricing_date >= date'2022-04-01'
AND is_suspended_flag = 0 AND is_exchange_holiday = 0
and security_id in (17616603, 24785842, 23905402, 22127340, 23369007, 23894319, 702, 8117, 17195533, 885, 1467, 318, 1434, 10575, 3356, 3185, 4760, 988, 3357, 19461227, 304, 1508, 5243, 9977, 24641523, 990, 28785214, 4231516, 1361, 12232, 1147, 2155, 13119, 3288, 11592437, 17607270, 10317, 4765, 922, 4015435, 7837, 19604157, 23962099, 1452, 1363, 1431, 23925384, 21111045, 23552119, 23966512, 24796574, 11765, 4659, 9886, 84576, 21844221, 19115522, 22305457, 108, 827, 23153166, 16629294, 19944138, 19383090, 23153171, 12823, 24159135, 19480439, 205, 20887836, 1179, 7346165, 44908, 8, 14, 11778177)"
b1618933d1a1e00f8951e1074de98ba4bcac7a85853778e08dc29e3c339cabbd,"/* cppi::b1618933d1a1e00f8951e1074de98ba4bcac7a85853778e08dc29e3c339cabbd */
select 'haver.index' as feed, 'indexValue' as itemName, index_name as entityId1, business_date  as timekey, index_value as tsValue, arrival_time as arrivalTime from df_enriched_prod.qsrp_haver_index_scaled_pit where index_name in ('B156SE@CANADA', 'B156VSL@CANADA', 'FSBCLA@JAPAN', 'LSCNL@JAPAN', 'UCBIBS@UK', 'UCFOOVQR@UK')"
2fbf47074e0034eec04893f363d416a0813f68bc30f72763816791075f8f6c17,"/* cppi::2fbf47074e0034eec04893f363d416a0813f68bc30f72763816791075f8f6c17 */
SELECT ""custom_sql_query"".""business_date"" AS ""business_date"",
  ""custom_sql_query"".""currency"" AS ""currency""
FROM (
  SELECT business_date,value,
  SUBSTRING(dim1, LENGTH(dim1) - 2, 3) AS currency 
  FROM tfm_prod.ir_fx_exposure 
  where dim2='cost_aware_asset_preopt'
) ""custom_sql_query""
WHERE (CASE WHEN (""custom_sql_query"".""business_date"" = CAST('2025-06-10' AS DATE)) THEN true ELSE false END)
GROUP BY ""custom_sql_query"".""business_date"",
  ""custom_sql_query"".""currency"""
0c6709fa4086c1cabe069162d12c05d9a99b9c259f9fa7260ddf3fb7636a6e40,"/* cppi::0c6709fa4086c1cabe069162d12c05d9a99b9c259f9fa7260ddf3fb7636a6e40 */
select * from asset.asset_security_identifiers where cppib_sec_id = 464 and business_date = date_parse('20250610','%Y%m%d')"
3088ef03d9f18bb4558182eae361b886c046600824f2a5a047f72dcb735dbcf8,"/* cppi::3088ef03d9f18bb4558182eae361b886c046600824f2a5a047f72dcb735dbcf8 */
select
  a.portfolio_type_2 as benchmark_name,
  a.portfolio_type_1 as portfolio_type,
  n.hierarchy_type,
  n.node_name,
  n.node_level,
  n.node_path,
  a.analytic_name,
  a.analytic_value
from radar_reporting_uat.fact_analytic_md_rel_var a
join radar_reporting_uat.dim_hierarchy_node n
  on a.chron_id = n.chron_id and a.dim_hierarchy_node_id_1 = n.dim_hierarchy_node_id
where
  a.portfolio_type_2 = 'MRP BCPP'
  and n.hierarchy_type = 'ACCOUNT'
  and a.business_date = '2025-06-10'
  and a.run_id = 'MRP_BCPP'
order by n.node_level, n.node_name, a.analytic_name"
3088ef03d9f18bb4558182eae361b886c046600824f2a5a047f72dcb735dbcf8,"/* cppi::3088ef03d9f18bb4558182eae361b886c046600824f2a5a047f72dcb735dbcf8 */
select
  a.portfolio_type_2 as benchmark_name,
  a.portfolio_type_1 as portfolio_type,
  n.hierarchy_type,
  n.node_name,
  n.node_level,
  n.node_path,
  a.analytic_name,
  a.analytic_value
from radar_reporting_uat.fact_analytic_md_rel_var a
join radar_reporting_uat.dim_hierarchy_node n
  on a.chron_id = n.chron_id and a.dim_hierarchy_node_id_1 = n.dim_hierarchy_node_id
where
  a.portfolio_type_2 = 'MRP BCPP'
  and n.hierarchy_type = 'ACCOUNT'
  and a.business_date = '2025-06-10'
  and a.run_id = 'MRP_BCPP'
order by n.node_level, n.node_name, a.analytic_name"
adbfe10a54dcd1f3e03a85c90b296586c12a32d4a10619bc699cddf027c7a897,"/* cppi::adbfe10a54dcd1f3e03a85c90b296586c12a32d4a10619bc699cddf027c7a897 */
SELECT * FROM (select asi.cppib_sec_id , asi.sec_typ_lvl1_nm from asset.asset_security_identifiers asi  where asi.sec_typ_lvl1_nm in ('Bond', 'Equity') and asi.business_date = NULL   AND ( asi.cppib_sec_id in ( NULL ) )) T LIMIT 0"
eef29da44baff99ebc4e11f157a1b60bf60521304395b085b2f177d57de554ef,"/* cppi::eef29da44baff99ebc4e11f157a1b60bf60521304395b085b2f177d57de554ef */
select
benchmark_name,
hierarchy_type,
hierarchy_node,
business_date,
node_name,
node_level,
hierarchy_level as node_hierarchy_level,
curve,
currency,
cast(element_at(cs01, 1) as decimal(22,6)) AS ""0/N"",
cast(element_at(cs01, 2) as decimal(22,6)) AS ""1W"",
cast(element_at(cs01, 3) as decimal(22,6)) AS ""1M"",
cast(element_at(cs01, 4) as decimal(22,6)) AS ""3M"",
cast(element_at(cs01, 5) as decimal(22,6)) AS ""6M"",
cast(element_at(cs01, 6) as decimal(22,6)) AS ""1Y"",
cast(element_at(cs01, 7) as decimal(22,6)) AS ""2Y"",
cast(element_at(cs01, 8) as decimal(22,6)) AS ""3Y"",
cast(element_at(cs01, 9) as decimal(22,6)) AS ""5Y"",
cast(element_at(cs01, 10) as decimal(22,6)) AS ""7Y"",
cast(element_at(cs01, 11) as decimal(22,6)) AS ""10Y"",
cast(element_at(cs01, 12) as decimal(22,6)) AS ""15Y"",
cast(element_at(cs01, 13) as decimal(22,6)) AS ""20Y"",
cast(element_at(cs01, 14) as decimal(22,6)) AS ""30Y""
from radar_reporting_uat.benchmark_analytic_cs01
where benchmark_name = 'F26 Public Credit Benchmark 2' and hierarchy_type = 'RISK' and hierarchy_node = 'Public Credit Alpha' and business_date = '2025-06-05'   and run_id in
( select run_id from dag_runs where dag_id = 'active_risk_dag' and business_date = '2025-06-05' )"
eef29da44baff99ebc4e11f157a1b60bf60521304395b085b2f177d57de554ef,"/* cppi::eef29da44baff99ebc4e11f157a1b60bf60521304395b085b2f177d57de554ef */
select
benchmark_name,
hierarchy_type,
hierarchy_node,
business_date,
node_name,
node_level,
hierarchy_level as node_hierarchy_level,
curve,
currency,
cast(element_at(cs01, 1) as decimal(22,6)) AS ""0/N"",
cast(element_at(cs01, 2) as decimal(22,6)) AS ""1W"",
cast(element_at(cs01, 3) as decimal(22,6)) AS ""1M"",
cast(element_at(cs01, 4) as decimal(22,6)) AS ""3M"",
cast(element_at(cs01, 5) as decimal(22,6)) AS ""6M"",
cast(element_at(cs01, 6) as decimal(22,6)) AS ""1Y"",
cast(element_at(cs01, 7) as decimal(22,6)) AS ""2Y"",
cast(element_at(cs01, 8) as decimal(22,6)) AS ""3Y"",
cast(element_at(cs01, 9) as decimal(22,6)) AS ""5Y"",
cast(element_at(cs01, 10) as decimal(22,6)) AS ""7Y"",
cast(element_at(cs01, 11) as decimal(22,6)) AS ""10Y"",
cast(element_at(cs01, 12) as decimal(22,6)) AS ""15Y"",
cast(element_at(cs01, 13) as decimal(22,6)) AS ""20Y"",
cast(element_at(cs01, 14) as decimal(22,6)) AS ""30Y""
from radar_reporting_uat.benchmark_analytic_cs01
where benchmark_name = 'F26 Public Credit Benchmark 2' and hierarchy_type = 'RISK' and hierarchy_node = 'Public Credit Alpha' and business_date = '2025-06-05'   and run_id in
( select run_id from dag_runs where dag_id = 'active_risk_dag' and business_date = '2025-06-05' )"
e68d0b30d0b315bc58dd97f1cdf3da23bf5b7d2735ced951a34e30d2b15c5b40,"/* cppi::e68d0b30d0b315bc58dd97f1cdf3da23bf5b7d2735ced951a34e30d2b15c5b40 */
SELECT SUM(1) AS ""COL""
FROM (
  SELECT ""fact_cr_exposure"".""abacus_chron_id"" AS ""abacus_chron_id"",
    ""dim_chron"".""abacus_chron_id"" AS ""abacus_chron_id__dim_chron_"",
    ""PARENT_ENTITY"".""abacus_chron_id"" AS ""abacus_chron_id__dim_cr_exp_legal_entity1_"",
    ""SPONSOR_ENTITY"".""abacus_chron_id"" AS ""abacus_chron_id__dim_cr_exp_legal_entity2_"",
    ""CHILD_ENTITY"".""abacus_chron_id"" AS ""abacus_chron_id__dim_cr_exp_legal_entity_"",
    ""dim_cr_exp_pos_inst"".""abacus_chron_id"" AS ""abacus_chron_id__dim_cr_exp_pos_inst_"",
    ""fact_fx_rate"".""abacus_chron_id"" AS ""abacus_chron_id__fact_fx_rate_"",
    ""mv_dim_hierarchy_node_risk"".""abacus_chron_id"" AS ""abacus_chron_id__mv_dim_hierarchy_node_risk_"",
    ""CHILD_ENTITY"".""abcp_limit"" AS ""abcp_limit"",
    ""PARENT_ENTITY"".""abcp_limit"" AS ""abcp_limit__dim_cr_exp_legal_entity1_"",
    ""SPONSOR_ENTITY"".""abcp_limit"" AS ""abcp_limit__dim_cr_exp_legal_entity2_"",
    ""CHILD_ENTITY"".""abcp_outstanding_prog_balance"" AS ""abcp_outstanding_prog_balance"",
    ""PARENT_ENTITY"".""abcp_outstanding_prog_balance"" AS ""abcp_outstanding_prog_balance__dim_cr_exp_legal_entity1_"",
    ""SPONSOR_ENTITY"".""abcp_outstanding_prog_balance"" AS ""abcp_outstanding_prog_balance__dim_cr_exp_legal_entity2_"",
    ""CHILD_ENTITY"".""abcp_sponsor_id"" AS ""abcp_sponsor_id"",
    ""PARENT_ENTITY"".""abcp_sponsor_id"" AS ""abcp_sponsor_id__dim_cr_exp_legal_entity1_"",
    ""SPONSOR_ENTITY"".""abcp_sponsor_id"" AS ""abcp_sponsor_id__dim_cr_exp_legal_entity2_"",
    ""fact_cr_exposure"".""acpp_credit_exposure"" AS ""acpp_credit_exposure"",
    ""fact_cr_exposure"".""acpp_lt_exposure"" AS ""acpp_lt_exposure"",
    ""fact_cr_exposure"".""acpp_mt_exposure"" AS ""acpp_mt_exposure"",
    ""CHILD_ENTITY"".""acpp_rating_conc_board_limit"" AS ""acpp_rating_conc_board_limit"",
    ""PARENT_ENTITY"".""acpp_rating_conc_board_limit"" AS ""acpp_rating_conc_board_limit__dim_cr_exp_legal_entity1_"",
    ""SPONSOR_ENTITY"".""acpp_rating_conc_board_limit"" AS ""acpp_rating_conc_board_limit__dim_cr_exp_legal_entity2_"",
    ""CHILD_ENTITY"".""acpp_sector_conc_board_limit"" AS ""acpp_sector_conc_board_limit"",
    ""PARENT_ENTITY"".""acpp_sector_conc_board_limit"" AS ""acpp_sector_conc_board_limit__dim_cr_exp_legal_entity1_"",
    ""SPONSOR_ENTITY"".""acpp_sector_conc_board_limit"" AS ""acpp_sector_conc_board_limit__dim_cr_exp_legal_entity2_"",
    ""CHILD_ENTITY"".""acpp_single_name_board_limit"" AS ""acpp_single_name_board_limit"",
    ""PARENT_ENTITY"".""acpp_single_name_board_limit"" AS ""acpp_single_name_board_limit__dim_cr_exp_legal_entity1_"",
    ""SPONSOR_ENTITY"".""acpp_single_name_board_limit"" AS ""acpp_single_name_board_limit__dim_cr_exp_legal_entity2_"",
    ""fact_cr_exposure"".""acpp_st_exposure"" AS ""acpp_st_exposure"",
    ""ref_country"".""alpha_2_code"" AS ""alpha_2_code"",
    ""ref_country_domicile"".""alpha_2_code"" AS ""alpha_2_code__ref_country1_"",
    ""ref_country"".""alpha_3_code"" AS ""alpha_3_code"",
    ""ref_country_domicile"".""alpha_3_code"" AS ""alpha_3_code__ref_country1_"",
    ""fact_cr_exposure"".""bcpp_credit_exposure"" AS ""bcpp_credit_exposure"",
    ""fact_cr_exposure"".""bcpp_lt_exposure"" AS ""bcpp_lt_exposure"",
    ""fact_cr_exposure"".""bcpp_mt_exposure"" AS ""bcpp_mt_exposure"",
    ""CHILD_ENTITY"".""bcpp_rating_conc_board_limit"" AS ""bcpp_rating_conc_board_limit"",
    ""PARENT_ENTITY"".""bcpp_rating_conc_board_limit"" AS ""bcpp_rating_conc_board_limit__dim_cr_exp_legal_entity1_"",
    ""SPONSOR_ENTITY"".""bcpp_rating_conc_board_limit"" AS ""bcpp_rating_conc_board_limit__dim_cr_exp_legal_entity2_"",
    ""CHILD_ENTITY"".""bcpp_sector_conc_board_limit"" AS ""bcpp_sector_conc_board_limit"",
    ""PARENT_ENTITY"".""bcpp_sector_conc_board_limit"" AS ""bcpp_sector_conc_board_limit__dim_cr_exp_legal_entity1_"",
    ""SPONSOR_ENTITY"".""bcpp_sector_conc_board_limit"" AS ""bcpp_sector_conc_board_limit__dim_cr_exp_legal_entity2_"",
    ""CHILD_ENTITY"".""bcpp_single_name_board_limit"" AS ""bcpp_single_name_board_limit"",
    ""PARENT_ENTITY"".""bcpp_single_name_board_limit"" AS ""bcpp_single_name_board_limit__dim_cr_exp_legal_entity1_"",
    ""SPONSOR_ENTITY"".""bcpp_single_name_board_limit"" AS ""bcpp_single_name_board_limit__dim_cr_exp_legal_entity2_"",
    ""fact_cr_exposure"".""bcpp_st_exposure"" AS ""bcpp_st_exposure"",
    ""fact_cr_exposure"".""business_date"" AS ""business_date"",
    ""dim_chron"".""business_date"" AS ""business_date__dim_chron_"",
    ""PARENT_ENTITY"".""business_date"" AS ""business_date__dim_cr_exp_legal_entity1_"",
    ""SPONSOR_ENTITY"".""business_date"" AS ""business_date__dim_cr_exp_legal_entity2_"",
    ""CHILD_ENTITY"".""business_date"" AS ""business_date__dim_cr_exp_legal_entity_"",
    ""dim_cr_exp_pos_inst"".""business_date"" AS ""business_date__dim_cr_exp_pos_inst_"",
    ""fact_fx_rate"".""business_date"" AS ""business_date__fact_fx_rate_"",
    ""mv_dim_hierarchy_node_risk"".""business_date"" AS ""business_date__mv_dim_hierarchy_node_risk_"",
    ""ref_country_domicile"".""business_date"" AS ""business_date__ref_country1_"",
    ""ref_country"".""business_date"" AS ""business_date__ref_country_"",
    ""dim_chron"".""canonical_source"" AS ""canonical_source"",
    ""fact_cr_exposure"".""chron_id"" AS ""chron_id"",
    ""dim_chron"".""chron_id"" AS ""chron_id__dim_chron_"",
    ""PARENT_ENTITY"".""chron_id"" AS ""chron_id__dim_cr_exp_legal_entity1_"",
    ""SPONSOR_ENTITY"".""chron_id"" AS ""chron_id__dim_cr_exp_legal_entity2_"",
    ""CHILD_ENTITY"".""chron_id"" AS ""chron_id__dim_cr_exp_legal_entity_"",
    ""dim_cr_exp_pos_inst"".""chron_id"" AS ""chron_id__dim_cr_exp_pos_inst_"",
    ""fact_fx_rate"".""chron_id"" AS ""chron_id__fact_fx_rate_"",
    ""mv_dim_hierarchy_node_risk"".""chron_id"" AS ""chron_id__mv_dim_hierarchy_node_risk_"",
    ""ref_country_domicile"".""chron_id"" AS ""chron_id__ref_country1_"",
    ""ref_country"".""chron_id"" AS ""chron_id__ref_country_"",
    ""dim_chron"".""chron_status"" AS ""chron_status"",
    ""dim_chron"".""chron_timestamp"" AS ""chron_timestamp"",
    ""dim_chron"".""chron_type"" AS ""chron_type"",
    ""fact_cr_exposure"".""cost_value_base_cur"" AS ""cost_value_base_cur"",
    ""fact_cr_exposure"".""cost_value_local_cur"" AS ""cost_value_local_cur"",
    ""CHILD_ENTITY"".""country_der_limit"" AS ""country_der_limit"",
    ""PARENT_ENTITY"".""country_der_limit"" AS ""country_der_limit__dim_cr_exp_legal_entity1_"",
    ""SPONSOR_ENTITY"".""country_der_limit"" AS ""country_der_limit__dim_cr_exp_legal_entity2_"",
    ""CHILD_ENTITY"".""country_der_repo_limit"" AS ""country_der_repo_limit"",
    ""PARENT_ENTITY"".""country_der_repo_limit"" AS ""country_der_repo_limit__dim_cr_exp_legal_entity1_"",
    ""SPONSOR_ENTITY"".""country_der_repo_limit"" AS ""country_der_repo_limit__dim_cr_exp_legal_entity2_"",
    ""CHILD_ENTITY"".""country_lt_cash_pb_limit"" AS ""country_lt_cash_pb_limit"",
    ""PARENT_ENTITY"".""country_lt_cash_pb_limit"" AS ""country_lt_cash_pb_limit__dim_cr_exp_legal_entity1_"",
    ""SPONSOR_ENTITY"".""country_lt_cash_pb_limit"" AS ""country_lt_cash_pb_limit__dim_cr_exp_legal_entity2_"",
    ""CHILD_ENTITY"".""country_mt_cash_pb_limit"" AS ""country_mt_cash_pb_limit"",
    ""PARENT_ENTITY"".""country_mt_cash_pb_limit"" AS ""country_mt_cash_pb_limit__dim_cr_exp_legal_entity1_"",
    ""SPONSOR_ENTITY"".""country_mt_cash_pb_limit"" AS ""country_mt_cash_pb_limit__dim_cr_exp_legal_entity2_"",
    ""CHILD_ENTITY"".""country_repo_limit"" AS ""country_repo_limit"",
    ""PARENT_ENTITY"".""country_repo_limit"" AS ""country_repo_limit__dim_cr_exp_legal_entity1_"",
    ""SPONSOR_ENTITY"".""country_repo_limit"" AS ""country_repo_limit__dim_cr_exp_legal_entity2_"",
    ""CHILD_ENTITY"".""country_st_cash_pb_limit"" AS ""country_st_cash_pb_limit"",
    ""PARENT_ENTITY"".""country_st_cash_pb_limit"" AS ""country_st_cash_pb_limit__dim_cr_exp_legal_entity1_"",
    ""SPONSOR_ENTITY"".""country_st_cash_pb_limit"" AS ""country_st_cash_pb_limit__dim_cr_exp_legal_entity2_"",
    ""SPONSOR_ENTITY"".""cppib_party_id"" AS ""cppib_party_id"",
    ""PARENT_ENTITY"".""cppib_party_id"" AS ""cppib_party_id__dim_cr_exp_legal_entity1_"",
    ""CHILD_ENTITY"".""cppib_party_id"" AS ""cppib_party_id__dim_cr_exp_legal_entity_"",
    ""fact_fx_rate"".""cppib_security_id"" AS ""cppib_security_id"",
    ""dim_chron"".""cr_exp_ready"" AS ""cr_exp_ready"",
    ""fact_cr_exposure"".""credit_exposure"" AS ""credit_exposure"",
    ""dim_cr_exp_pos_inst"".""currency"" AS ""currency"",
    ""dim_cr_exp_pos_inst"".""cusip"" AS ""cusip"",
    ""dim_cr_exp_pos_inst"".""days_to_maturity"" AS ""days_to_maturity"",
    ""CHILD_ENTITY"".""der_fi_limit"" AS ""der_fi_limit"",
    ""PARENT_ENTITY"".""der_fi_limit"" AS ""der_fi_limit__dim_cr_exp_legal_entity1_"",
    ""SPONSOR_ENTITY"".""der_fi_limit"" AS ""der_fi_limit__dim_cr_exp_legal_entity2_"",
    ""CHILD_ENTITY"".""der_repo_fi_limit"" AS ""der_repo_fi_limit"",
    ""PARENT_ENTITY"".""der_repo_fi_limit"" AS ""der_repo_fi_limit__dim_cr_exp_legal_entity1_"",
    ""SPONSOR_ENTITY"".""der_repo_fi_limit"" AS ""der_repo_fi_limit__dim_cr_exp_legal_entity2_"",
    ""fact_fx_rate"".""derived_from"" AS ""derived_from"",
    ""fact_cr_exposure"".""dim_cr_exp_legal_entity_id"" AS ""dim_cr_exp_legal_entity_id"",
    ""PARENT_ENTITY"".""dim_cr_exp_legal_entity_id"" AS ""dim_cr_exp_legal_entity_id__dim_cr_exp_legal_entity1_"",
    ""SPONSOR_ENTITY"".""dim_cr_exp_legal_entity_id"" AS ""dim_cr_exp_legal_entity_id__dim_cr_exp_legal_entity2_"",
    ""CHILD_ENTITY"".""dim_cr_exp_legal_entity_id"" AS ""dim_cr_exp_legal_entity_id__dim_cr_exp_legal_entity_"",
    ""fact_cr_exposure"".""dim_cr_exp_pos_inst_id"" AS ""dim_cr_exp_pos_inst_id"",
    ""dim_cr_exp_pos_inst"".""dim_cr_exp_pos_inst_id"" AS ""dim_cr_exp_pos_inst_id__dim_cr_exp_pos_inst_"",
    ""mv_dim_hierarchy_node_risk"".""dim_hierarchy_node_id"" AS ""dim_hierarchy_node_id"",
    ""SPONSOR_ENTITY"".""domicile_country_code"" AS ""domicile_country_code"",
    ""PARENT_ENTITY"".""domicile_country_code"" AS ""domicile_country_code__dim_cr_exp_legal_entity1_"",
    ""CHILD_ENTITY"".""domicile_country_code"" AS ""domicile_country_code__dim_cr_exp_legal_entity_"",
    ""CHILD_ENTITY"".""domicile_region"" AS ""domicile_region"",
    ""PARENT_ENTITY"".""domicile_region"" AS ""domicile_region__dim_cr_exp_legal_entity1_"",
    ""SPONSOR_ENTITY"".""domicile_region"" AS ""domicile_region__dim_cr_exp_legal_entity2_"",
    ""fact_cr_exposure"".""fact_cr_exposure_id"" AS ""fact_cr_exposure_id"",
    ""fact_fx_rate"".""fact_fx_rate_id"" AS ""fact_fx_rate_id"",
    ""CHILD_ENTITY"".""fi_sublimit"" AS ""fi_sublimit"",
    ""PARENT_ENTITY"".""fi_sublimit"" AS ""fi_sublimit__dim_cr_exp_legal_entity1_"",
    ""SPONSOR_ENTITY"".""fi_sublimit"" AS ""fi_sublimit__dim_cr_exp_legal_entity2_"",
    ""fact_fx_rate"".""from_currency"" AS ""from_currency"",
    ""SPONSOR_ENTITY"".""gics_sector"" AS ""gics_sector"",
    ""PARENT_ENTITY"".""gics_sector"" AS ""gics_sector__dim_cr_exp_legal_entity1_"",
    ""CHILD_ENTITY"".""gics_sector"" AS ""gics_sector__dim_cr_exp_legal_entity_"",
    ""dim_cr_exp_pos_inst"".""if_hierarchy_l0"" AS ""if_hierarchy_l0"",
    ""dim_cr_exp_pos_inst"".""if_hierarchy_l1"" AS ""if_hierarchy_l1"",
    ""dim_cr_exp_pos_inst"".""if_hierarchy_l2"" AS ""if_hierarchy_l2"",
    ""dim_cr_exp_pos_inst"".""if_hierarchy_l3"" AS ""if_hierarchy_l3"",
    ""dim_cr_exp_pos_inst"".""if_hierarchy_l4"" AS ""if_hierarchy_l4"",
    ""dim_cr_exp_pos_inst"".""if_hierarchy_l5"" AS ""if_hierarchy_l5"",
    ""dim_cr_exp_pos_inst"".""if_hierarchy_l6"" AS ""if_hierarchy_l6"",
    ""dim_cr_exp_pos_inst"".""if_hierarchy_l7"" AS ""if_hierarchy_l7"",
    ""dim_cr_exp_pos_inst"".""inst_rtg_custom_override"" AS ""inst_rtg_custom_override"",
    ""dim_cr_exp_pos_inst"".""inst_rtg_dbrs_std"" AS ""inst_rtg_dbrs_std"",
    ""dim_cr_exp_pos_inst"".""inst_rtg_final_rating"" AS ""inst_rtg_final_rating"",
    ""dim_cr_exp_pos_inst"".""inst_rtg_final_rating_source"" AS ""inst_rtg_final_rating_source"",
    ""dim_cr_exp_pos_inst"".""inst_rtg_fitch_lt"" AS ""inst_rtg_fitch_lt"",
    ""dim_cr_exp_pos_inst"".""inst_rtg_fitch_st"" AS ""inst_rtg_fitch_st"",
    ""dim_cr_exp_pos_inst"".""inst_rtg_internal"" AS ""inst_rtg_internal"",
    ""dim_cr_exp_pos_inst"".""inst_rtg_moody_lt"" AS ""inst_rtg_moody_lt"",
    ""dim_cr_exp_pos_inst"".""inst_rtg_moody_st"" AS ""inst_rtg_moody_st"",
    ""dim_cr_exp_pos_inst"".""inst_rtg_sp_lt"" AS ""inst_rtg_sp_lt"",
    ""dim_cr_exp_pos_inst"".""inst_rtg_sp_st"" AS ""inst_rtg_sp_st"",
    ""fact_fx_rate"".""inv_quoted_flag"" AS ""inv_quoted_flag"",
    ""dim_cr_exp_pos_inst"".""investment_department"" AS ""investment_department"",
    ""mv_dim_hierarchy_node_risk"".""investment_dept"" AS ""investment_dept"",
    ""dim_cr_exp_pos_inst"".""investment_program"" AS ""investment_program"",
    ""mv_dim_hierarchy_node_risk"".""investment_strat"" AS ""investment_strat"",
    ""dim_cr_exp_pos_inst"".""investment_strategy"" AS ""investment_strategy"",
    ""dim_cr_exp_pos_inst"".""investment_subprogram"" AS ""investment_subprogram"",
    ""CHILD_ENTITY"".""is_fi"" AS ""is_fi"",
    ""PARENT_ENTITY"".""is_fi"" AS ""is_fi__dim_cr_exp_legal_entity1_"",
    ""SPONSOR_ENTITY"".""is_fi"" AS ""is_fi__dim_cr_exp_legal_entity2_"",
    ""CHILD_ENTITY"".""is_government"" AS ""is_government"",
    ""PARENT_ENTITY"".""is_government"" AS ""is_government__dim_cr_exp_legal_entity1_"",
    ""SPONSOR_ENTITY"".""is_government"" AS ""is_government__dim_cr_exp_legal_entity2_"",
    ""dim_cr_exp_pos_inst"".""is_pos_fi"" AS ""is_pos_fi"",
    ""CHILD_ENTITY"".""is_provincial"" AS ""is_provincial"",
    ""PARENT_ENTITY"".""is_provincial"" AS ""is_provincial__dim_cr_exp_legal_entity1_"",
    ""SPONSOR_ENTITY"".""is_provincial"" AS ""is_provincial__dim_cr_exp_legal_entity2_"",
    ""fact_cr_exposure"".""is_user_data"" AS ""is_user_data"",
    ""dim_cr_exp_pos_inst"".""isin"" AS ""isin"",
    ""CHILD_ENTITY"".""isrc_total_fi_limit"" AS ""isrc_total_fi_limit"",
    ""PARENT_ENTITY"".""isrc_total_fi_limit"" AS ""isrc_total_fi_limit__dim_cr_exp_legal_entity1_"",
    ""SPONSOR_ENTITY"".""isrc_total_fi_limit"" AS ""isrc_total_fi_limit__dim_cr_exp_legal_entity2_"",
    ""dim_cr_exp_pos_inst"".""issue_date"" AS ""issue_date"",
    ""CHILD_ENTITY"".""limit_region"" AS ""limit_region"",
    ""PARENT_ENTITY"".""limit_region"" AS ""limit_region__dim_cr_exp_legal_entity1_"",
    ""SPONSOR_ENTITY"".""limit_region"" AS ""limit_region__dim_cr_exp_legal_entity2_"",
    ""CHILD_ENTITY"".""lt_cash_pb_fi_limit"" AS ""lt_cash_pb_fi_limit"",
    ""PARENT_ENTITY"".""lt_cash_pb_fi_limit"" AS ""lt_cash_pb_fi_limit__dim_cr_exp_legal_entity1_"",
    ""SPONSOR_ENTITY"".""lt_cash_pb_fi_limit"" AS ""lt_cash_pb_fi_limit__dim_cr_exp_legal_entity2_"",
    ""fact_cr_exposure"".""lt_exposure"" AS ""lt_exposure"",
    ""CHILD_ENTITY"".""lt_fi_sublimit"" AS ""lt_fi_sublimit"",
    ""PARENT_ENTITY"".""lt_fi_sublimit"" AS ""lt_fi_sublimit__dim_cr_exp_legal_entity1_"",
    ""SPONSOR_ENTITY"".""lt_fi_sublimit"" AS ""lt_fi_sublimit__dim_cr_exp_legal_entity2_"",
    ""dim_cr_exp_pos_inst"".""maturity_bucket"" AS ""maturity_bucket"",
    ""dim_cr_exp_pos_inst"".""maturity_date"" AS ""maturity_date"",
    ""dim_cr_exp_pos_inst"".""maturity_settl_date"" AS ""maturity_settl_date"",
    ""fact_fx_rate"".""mid_val"" AS ""mid_val"",
    ""dim_cr_exp_pos_inst"".""model_portfolio"" AS ""model_portfolio"",
    ""mv_dim_hierarchy_node_risk"".""model_portfolio"" AS ""model_portfolio__mv_dim_hierarchy_node_risk_"",
    ""CHILD_ENTITY"".""mt_cash_pb_fi_limit"" AS ""mt_cash_pb_fi_limit"",
    ""PARENT_ENTITY"".""mt_cash_pb_fi_limit"" AS ""mt_cash_pb_fi_limit__dim_cr_exp_legal_entity1_"",
    ""SPONSOR_ENTITY"".""mt_cash_pb_fi_limit"" AS ""mt_cash_pb_fi_limit__dim_cr_exp_legal_entity2_"",
    ""fact_cr_exposure"".""mt_exposure"" AS ""mt_exposure"",
    ""CHILD_ENTITY"".""mt_fi_sublimit"" AS ""mt_fi_sublimit"",
    ""PARENT_ENTITY"".""mt_fi_sublimit"" AS ""mt_fi_sublimit__dim_cr_exp_legal_entity1_"",
    ""SPONSOR_ENTITY"".""mt_fi_sublimit"" AS ""mt_fi_sublimit__dim_cr_exp_legal_entity2_"",
    ""ref_country"".""name"" AS ""name"",
    ""ref_country_domicile"".""name"" AS ""name__ref_country1_"",
    ""mv_dim_hierarchy_node_risk"".""node_level"" AS ""node_level"",
    ""mv_dim_hierarchy_node_risk"".""node_name"" AS ""node_name"",
    ""fact_cr_exposure"".""notional_base_cur"" AS ""notional_base_cur"",
    ""fact_cr_exposure"".""notional_local_cur"" AS ""notional_local_cur"",
    ""ref_country"".""numeric_code"" AS ""numeric_code"",
    ""ref_country_domicile"".""numeric_code"" AS ""numeric_code__ref_country1_"",
    ""fact_cr_exposure"".""par_amount"" AS ""par_amount"",
    ""mv_dim_hierarchy_node_risk"".""parent_node_id"" AS ""parent_node_id"",
    ""SPONSOR_ENTITY"".""party_name"" AS ""party_name"",
    ""PARENT_ENTITY"".""party_name"" AS ""party_name__dim_cr_exp_legal_entity1_"",
    ""CHILD_ENTITY"".""party_name"" AS ""party_name__dim_cr_exp_legal_entity_"",
    ""dim_cr_exp_pos_inst"".""position_data_source"" AS ""position_data_source"",
    ""dim_cr_exp_pos_inst"".""position_description"" AS ""position_description"",
    ""dim_cr_exp_pos_inst"".""position_name"" AS ""position_name"",
    ""fact_fx_rate"".""price_source_code"" AS ""price_source_code"",
    ""dim_cr_exp_pos_inst"".""product_group"" AS ""product_group"",
    ""dim_cr_exp_pos_inst"".""product_type"" AS ""product_type"",
    ""mv_dim_hierarchy_node_risk"".""program"" AS ""program"",
    ""dim_chron"".""publish_reports"" AS ""publish_reports"",
    ""fact_cr_exposure"".""pv_base_cur"" AS ""pv_base_cur"",
    ""fact_cr_exposure"".""pv_local_cur"" AS ""pv_local_cur"",
    ""fact_fx_rate"".""rate_date"" AS ""rate_date"",
    ""fact_fx_rate"".""rate_type"" AS ""rate_type"",
    ""CHILD_ENTITY"".""rating_conc_board_group"" AS ""rating_conc_board_group"",
    ""PARENT_ENTITY"".""rating_conc_board_group"" AS ""rating_conc_board_group__dim_cr_exp_legal_entity1_"",
    ""SPONSOR_ENTITY"".""rating_conc_board_group"" AS ""rating_conc_board_group__dim_cr_exp_legal_entity2_"",
    ""CHILD_ENTITY"".""rating_conc_board_limit"" AS ""rating_conc_board_limit"",
    ""PARENT_ENTITY"".""rating_conc_board_limit"" AS ""rating_conc_board_limit__dim_cr_exp_legal_entity1_"",
    ""SPONSOR_ENTITY"".""rating_conc_board_limit"" AS ""rating_conc_board_limit__dim_cr_exp_legal_entity2_"",
    ""CHILD_ENTITY"".""region_der_limit"" AS ""region_der_limit"",
    ""PARENT_ENTITY"".""region_der_limit"" AS ""region_der_limit__dim_cr_exp_legal_entity1_"",
    ""SPONSOR_ENTITY"".""region_der_limit"" AS ""region_der_limit__dim_cr_exp_legal_entity2_"",
    ""CHILD_ENTITY"".""region_der_repo_limit"" AS ""region_der_repo_limit"",
    ""PARENT_ENTITY"".""region_der_repo_limit"" AS ""region_der_repo_limit__dim_cr_exp_legal_entity1_"",
    ""SPONSOR_ENTITY"".""region_der_repo_limit"" AS ""region_der_repo_limit__dim_cr_exp_legal_entity2_"",
    ""CHILD_ENTITY"".""region_fi_limit"" AS ""region_fi_limit"",
    ""PARENT_ENTITY"".""region_fi_limit"" AS ""region_fi_limit__dim_cr_exp_legal_entity1_"",
    ""SPONSOR_ENTITY"".""region_fi_limit"" AS ""region_fi_limit__dim_cr_exp_legal_entity2_"",
    ""CHILD_ENTITY"".""region_lt_cash_pb_limit"" AS ""region_lt_cash_pb_limit"",
    ""PARENT_ENTITY"".""region_lt_cash_pb_limit"" AS ""region_lt_cash_pb_limit__dim_cr_exp_legal_entity1_"",
    ""SPONSOR_ENTITY"".""region_lt_cash_pb_limit"" AS ""region_lt_cash_pb_limit__dim_cr_exp_legal_entity2_"",
    ""CHILD_ENTITY"".""region_lt_fi_limit"" AS ""region_lt_fi_limit"",
    ""PARENT_ENTITY"".""region_lt_fi_limit"" AS ""region_lt_fi_limit__dim_cr_exp_legal_entity1_"",
    ""SPONSOR_ENTITY"".""region_lt_fi_limit"" AS ""region_lt_fi_limit__dim_cr_exp_legal_entity2_"",
    ""CHILD_ENTITY"".""region_mt_cash_pb_limit"" AS ""region_mt_cash_pb_limit"",
    ""PARENT_ENTITY"".""region_mt_cash_pb_limit"" AS ""region_mt_cash_pb_limit__dim_cr_exp_legal_entity1_"",
    ""SPONSOR_ENTITY"".""region_mt_cash_pb_limit"" AS ""region_mt_cash_pb_limit__dim_cr_exp_legal_entity2_"",
    ""CHILD_ENTITY"".""region_mt_fi_limit"" AS ""region_mt_fi_limit"",
    ""PARENT_ENTITY"".""region_mt_fi_limit"" AS ""region_mt_fi_limit__dim_cr_exp_legal_entity1_"",
    ""SPONSOR_ENTITY"".""region_mt_fi_limit"" AS ""region_mt_fi_limit__dim_cr_exp_legal_entity2_"",
    ""CHILD_ENTITY"".""region_repo_limit"" AS ""region_repo_limit"",
    ""PARENT_ENTITY"".""region_repo_limit"" AS ""region_repo_limit__dim_cr_exp_legal_entity1_"",
    ""SPONSOR_ENTITY"".""region_repo_limit"" AS ""region_repo_limit__dim_cr_exp_legal_entity2_"",
    ""CHILD_ENTITY"".""region_st_cash_pb_limit"" AS ""region_st_cash_pb_limit"",
    ""PARENT_ENTITY"".""region_st_cash_pb_limit"" AS ""region_st_cash_pb_limit__dim_cr_exp_legal_entity1_"",
    ""SPONSOR_ENTITY"".""region_st_cash_pb_limit"" AS ""region_st_cash_pb_limit__dim_cr_exp_legal_entity2_"",
    ""CHILD_ENTITY"".""region_st_fi_limit"" AS ""region_st_fi_limit"",
    ""PARENT_ENTITY"".""region_st_fi_limit"" AS ""region_st_fi_limit__dim_cr_exp_legal_entity1_"",
    ""SPONSOR_ENTITY"".""region_st_fi_limit"" AS ""region_st_fi_limit__dim_cr_exp_legal_entity2_"",
    ""CHILD_ENTITY"".""repo_fi_limit"" AS ""repo_fi_limit"",
    ""PARENT_ENTITY"".""repo_fi_limit"" AS ""repo_fi_limit__dim_cr_exp_legal_entity1_"",
    ""SPONSOR_ENTITY"".""repo_fi_limit"" AS ""repo_fi_limit__dim_cr_exp_legal_entity2_"",
    ""CHILD_ENTITY"".""rtg_cust_override"" AS ""rtg_cust_override"",
    ""PARENT_ENTITY"".""rtg_cust_override"" AS ""rtg_cust_override__dim_cr_exp_legal_entity1_"",
    ""SPONSOR_ENTITY"".""rtg_cust_override"" AS ""rtg_cust_override__dim_cr_exp_legal_entity2_"",
    ""CHILD_ENTITY"".""rtg_dbrs_lt"" AS ""rtg_dbrs_lt"",
    ""PARENT_ENTITY"".""rtg_dbrs_lt"" AS ""rtg_dbrs_lt__dim_cr_exp_legal_entity1_"",
    ""SPONSOR_ENTITY"".""rtg_dbrs_lt"" AS ""rtg_dbrs_lt__dim_cr_exp_legal_entity2_"",
    ""CHILD_ENTITY"".""rtg_dbrs_st"" AS ""rtg_dbrs_st"",
    ""PARENT_ENTITY"".""rtg_dbrs_st"" AS ""rtg_dbrs_st__dim_cr_exp_legal_entity1_"",
    ""SPONSOR_ENTITY"".""rtg_dbrs_st"" AS ""rtg_dbrs_st__dim_cr_exp_legal_entity2_"",
    ""CHILD_ENTITY"".""rtg_final"" AS ""rtg_final"",
    ""PARENT_ENTITY"".""rtg_final"" AS ""rtg_final__dim_cr_exp_legal_entity1_"",
    ""SPONSOR_ENTITY"".""rtg_final"" AS ""rtg_final__dim_cr_exp_legal_entity2_"",
    ""CHILD_ENTITY"".""rtg_fitch_lt"" AS ""rtg_fitch_lt"",
    ""PARENT_ENTITY"".""rtg_fitch_lt"" AS ""rtg_fitch_lt__dim_cr_exp_legal_entity1_"",
    ""SPONSOR_ENTITY"".""rtg_fitch_lt"" AS ""rtg_fitch_lt__dim_cr_exp_legal_entity2_"",
    ""CHILD_ENTITY"".""rtg_fitch_st"" AS ""rtg_fitch_st"",
    ""PARENT_ENTITY"".""rtg_fitch_st"" AS ""rtg_fitch_st__dim_cr_exp_legal_entity1_"",
    ""SPONSOR_ENTITY"".""rtg_fitch_st"" AS ""rtg_fitch_st__dim_cr_exp_legal_entity2_"",
    ""CHILD_ENTITY"".""rtg_internal"" AS ""rtg_internal"",
    ""PARENT_ENTITY"".""rtg_internal"" AS ""rtg_internal__dim_cr_exp_legal_entity1_"",
    ""SPONSOR_ENTITY"".""rtg_internal"" AS ""rtg_internal__dim_cr_exp_legal_entity2_"",
    ""CHILD_ENTITY"".""rtg_moody_lt"" AS ""rtg_moody_lt"",
    ""PARENT_ENTITY"".""rtg_moody_lt"" AS ""rtg_moody_lt__dim_cr_exp_legal_entity1_"",
    ""SPONSOR_ENTITY"".""rtg_moody_lt"" AS ""rtg_moody_lt__dim_cr_exp_legal_entity2_"",
    ""CHILD_ENTITY"".""rtg_moody_st"" AS ""rtg_moody_st"",
    ""PARENT_ENTITY"".""rtg_moody_st"" AS ""rtg_moody_st__dim_cr_exp_legal_entity1_"",
    ""SPONSOR_ENTITY"".""rtg_moody_st"" AS ""rtg_moody_st__dim_cr_exp_legal_entity2_"",
    ""CHILD_ENTITY"".""rtg_outlook"" AS ""rtg_outlook"",
    ""PARENT_ENTITY"".""rtg_outlook"" AS ""rtg_outlook__dim_cr_exp_legal_entity1_"",
    ""SPONSOR_ENTITY"".""rtg_outlook"" AS ""rtg_outlook__dim_cr_exp_legal_entity2_"",
    ""CHILD_ENTITY"".""rtg_sp_lt"" AS ""rtg_sp_lt"",
    ""PARENT_ENTITY"".""rtg_sp_lt"" AS ""rtg_sp_lt__dim_cr_exp_legal_entity1_"",
    ""SPONSOR_ENTITY"".""rtg_sp_lt"" AS ""rtg_sp_lt__dim_cr_exp_legal_entity2_"",
    ""CHILD_ENTITY"".""rtg_sp_st"" AS ""rtg_sp_st"",
    ""PARENT_ENTITY"".""rtg_sp_st"" AS ""rtg_sp_st__dim_cr_exp_legal_entity1_"",
    ""SPONSOR_ENTITY"".""rtg_sp_st"" AS ""rtg_sp_st__dim_cr_exp_legal_entity2_"",
    ""dim_chron"".""run_business_date"" AS ""run_business_date"",
    ""fact_cr_exposure"".""run_id"" AS ""run_id"",
    ""dim_chron"".""run_id"" AS ""run_id__dim_chron_"",
    ""PARENT_ENTITY"".""run_id"" AS ""run_id__dim_cr_exp_legal_entity1_"",
    ""SPONSOR_ENTITY"".""run_id"" AS ""run_id__dim_cr_exp_legal_entity2_"",
    ""CHILD_ENTITY"".""run_id"" AS ""run_id__dim_cr_exp_legal_entity_"",
    ""dim_cr_exp_pos_inst"".""run_id"" AS ""run_id__dim_cr_exp_pos_inst_"",
    ""fact_fx_rate"".""run_id"" AS ""run_id__fact_fx_rate_"",
    ""mv_dim_hierarchy_node_risk"".""run_id"" AS ""run_id__mv_dim_hierarchy_node_risk_"",
    ""ref_country_domicile"".""run_id"" AS ""run_id__ref_country1_"",
    ""ref_country"".""run_id"" AS ""run_id__ref_country_"",
    ""fact_cr_exposure"".""run_type"" AS ""run_type"",
    ""dim_chron"".""run_type"" AS ""run_type__dim_chron_"",
    ""PARENT_ENTITY"".""run_type"" AS ""run_type__dim_cr_exp_legal_entity1_"",
    ""SPONSOR_ENTITY"".""run_type"" AS ""run_type__dim_cr_exp_legal_entity2_"",
    ""CHILD_ENTITY"".""run_type"" AS ""run_type__dim_cr_exp_legal_entity_"",
    ""dim_cr_exp_pos_inst"".""run_type"" AS ""run_type__dim_cr_exp_pos_inst_"",
    ""fact_fx_rate"".""run_type"" AS ""run_type__fact_fx_rate_"",
    ""mv_dim_hierarchy_node_risk"".""run_type"" AS ""run_type__mv_dim_hierarchy_node_risk_"",
    ""ref_country_domicile"".""run_type"" AS ""run_type__ref_country1_"",
    ""ref_country"".""run_type"" AS ""run_type__ref_country_"",
    ""CHILD_ENTITY"".""sector_conc_board_limit"" AS ""sector_conc_board_limit"",
    ""PARENT_ENTITY"".""sector_conc_board_limit"" AS ""sector_conc_board_limit__dim_cr_exp_legal_entity1_"",
    ""SPONSOR_ENTITY"".""sector_conc_board_limit"" AS ""sector_conc_board_limit__dim_cr_exp_legal_entity2_"",
    ""fact_fx_rate"".""settlement_date"" AS ""settlement_date"",
    ""CHILD_ENTITY"".""single_name_board_limit"" AS ""single_name_board_limit"",
    ""PARENT_ENTITY"".""single_name_board_limit"" AS ""single_name_board_limit__dim_cr_exp_legal_entity1_"",
    ""SPONSOR_ENTITY"".""single_name_board_limit"" AS ""single_name_board_limit__dim_cr_exp_legal_entity2_"",
    ""CHILD_ENTITY"".""smd_total_fi_limit"" AS ""smd_total_fi_limit"",
    ""PARENT_ENTITY"".""smd_total_fi_limit"" AS ""smd_total_fi_limit__dim_cr_exp_legal_entity1_"",
    ""SPONSOR_ENTITY"".""smd_total_fi_limit"" AS ""smd_total_fi_limit__dim_cr_exp_legal_entity2_"",
    ""dim_chron"".""source_business_date"" AS ""source_business_date"",
    ""dim_cr_exp_pos_inst"".""source_pos_key"" AS ""source_pos_key"",
    ""CHILD_ENTITY"".""sovr_country_outlook"" AS ""sovr_country_outlook"",
    ""PARENT_ENTITY"".""sovr_country_outlook"" AS ""sovr_country_outlook__dim_cr_exp_legal_entity1_"",
    ""SPONSOR_ENTITY"".""sovr_country_outlook"" AS ""sovr_country_outlook__dim_cr_exp_legal_entity2_"",
    ""CHILD_ENTITY"".""sovr_country_rating"" AS ""sovr_country_rating"",
    ""PARENT_ENTITY"".""sovr_country_rating"" AS ""sovr_country_rating__dim_cr_exp_legal_entity1_"",
    ""SPONSOR_ENTITY"".""sovr_country_rating"" AS ""sovr_country_rating__dim_cr_exp_legal_entity2_"",
    ""CHILD_ENTITY"".""sovr_fi_limit"" AS ""sovr_fi_limit"",
    ""PARENT_ENTITY"".""sovr_fi_limit"" AS ""sovr_fi_limit__dim_cr_exp_legal_entity1_"",
    ""SPONSOR_ENTITY"".""sovr_fi_limit"" AS ""sovr_fi_limit__dim_cr_exp_legal_entity2_"",
    ""CHILD_ENTITY"".""sovr_lt_fi_limit"" AS ""sovr_lt_fi_limit"",
    ""PARENT_ENTITY"".""sovr_lt_fi_limit"" AS ""sovr_lt_fi_limit__dim_cr_exp_legal_entity1_"",
    ""SPONSOR_ENTITY"".""sovr_lt_fi_limit"" AS ""sovr_lt_fi_limit__dim_cr_exp_legal_entity2_"",
    ""CHILD_ENTITY"".""sovr_mt_fi_limit"" AS ""sovr_mt_fi_limit"",
    ""PARENT_ENTITY"".""sovr_mt_fi_limit"" AS ""sovr_mt_fi_limit__dim_cr_exp_legal_entity1_"",
    ""SPONSOR_ENTITY"".""sovr_mt_fi_limit"" AS ""sovr_mt_fi_limit__dim_cr_exp_legal_entity2_"",
    ""CHILD_ENTITY"".""sovr_st_fi_limit"" AS ""sovr_st_fi_limit"",
    ""PARENT_ENTITY"".""sovr_st_fi_limit"" AS ""sovr_st_fi_limit__dim_cr_exp_legal_entity1_"",
    ""SPONSOR_ENTITY"".""sovr_st_fi_limit"" AS ""sovr_st_fi_limit__dim_cr_exp_legal_entity2_"",
    ""dim_cr_exp_pos_inst"".""ssa_outstanding_prog_balance"" AS ""ssa_outstanding_prog_balance"",
    ""CHILD_ENTITY"".""st_cash_pb_fi_limit"" AS ""st_cash_pb_fi_limit"",
    ""PARENT_ENTITY"".""st_cash_pb_fi_limit"" AS ""st_cash_pb_fi_limit__dim_cr_exp_legal_entity1_"",
    ""SPONSOR_ENTITY"".""st_cash_pb_fi_limit"" AS ""st_cash_pb_fi_limit__dim_cr_exp_legal_entity2_"",
    ""fact_cr_exposure"".""st_exposure"" AS ""st_exposure"",
    ""CHILD_ENTITY"".""st_fi_sublimit"" AS ""st_fi_sublimit"",
    ""PARENT_ENTITY"".""st_fi_sublimit"" AS ""st_fi_sublimit__dim_cr_exp_legal_entity1_"",
    ""SPONSOR_ENTITY"".""st_fi_sublimit"" AS ""st_fi_sublimit__dim_cr_exp_legal_entity2_"",
    ""fact_fx_rate"".""stale"" AS ""stale"",
    ""mv_dim_hierarchy_node_risk"".""sub_program"" AS ""sub_program"",
    ""CHILD_ENTITY"".""tag"" AS ""tag"",
    ""PARENT_ENTITY"".""tag"" AS ""tag__dim_cr_exp_legal_entity1_"",
    ""SPONSOR_ENTITY"".""tag"" AS ""tag__dim_cr_exp_legal_entity2_"",
    ""fact_fx_rate"".""tenor_cd"" AS ""tenor_cd"",
    ""fact_fx_rate"".""ticker"" AS ""ticker"",
    ""fact_fx_rate"".""to_currency"" AS ""to_currency"",
    ""CHILD_ENTITY"".""total_cash_pb_smd_fi_limit"" AS ""total_cash_pb_smd_fi_limit"",
    ""PARENT_ENTITY"".""total_cash_pb_smd_fi_limit"" AS ""total_cash_pb_smd_fi_limit__dim_cr_exp_legal_entity1_"",
    ""SPONSOR_ENTITY"".""total_cash_pb_smd_fi_limit"" AS ""total_cash_pb_smd_fi_limit__dim_cr_exp_legal_entity2_"",
    ""CHILD_ENTITY"".""ulp_dim_cr_exp_legal_entity_id"" AS ""ulp_dim_cr_exp_legal_entity_id"",
    ""PARENT_ENTITY"".""ulp_dim_cr_exp_legal_entity_id"" AS ""ulp_dim_cr_exp_legal_entity_id__dim_cr_exp_legal_entity1_"",
    ""SPONSOR_ENTITY"".""ulp_dim_cr_exp_legal_entity_id"" AS ""ulp_dim_cr_exp_legal_entity_id__dim_cr_exp_legal_entity2_""
  FROM ""radar_reporting_prod"".""fact_cr_exposure"" ""fact_cr_exposure""
    INNER JOIN ""radar_reporting_prod"".""dim_chron"" ""dim_chron"" ON (""fact_cr_exposure"".""chron_id"" = ""dim_chron"".""chron_id"")
    INNER JOIN ""radar_reporting_prod"".""dim_cr_exp_pos_inst"" ""dim_cr_exp_pos_inst"" ON ((""fact_cr_exposure"".""chron_id"" = ""dim_cr_exp_pos_inst"".""chron_id"") AND (""fact_cr_exposure"".""dim_cr_exp_pos_inst_id"" = ""dim_cr_exp_pos_inst"".""dim_cr_exp_pos_inst_id""))
    INNER JOIN ""radar_reporting_prod"".""dim_cr_exp_legal_entity"" ""CHILD_ENTITY"" ON ((""fact_cr_exposure"".""chron_id"" = ""CHILD_ENTITY"".""chron_id"") AND (""fact_cr_exposure"".""dim_cr_exp_legal_entity_id"" = ""CHILD_ENTITY"".""dim_cr_exp_legal_entity_id""))
    LEFT JOIN ""radar_reporting_prod"".""ref_country"" ""ref_country_domicile"" ON ((""CHILD_ENTITY"".""chron_id"" = ""ref_country_domicile"".""business_date"") AND (""CHILD_ENTITY"".""domicile_country_code"" = ""ref_country_domicile"".""alpha_2_code""))
    INNER JOIN ""radar_reporting_prod"".""dim_cr_exp_legal_entity"" ""PARENT_ENTITY"" ON ((""CHILD_ENTITY"".""ulp_dim_cr_exp_legal_entity_id"" = ""PARENT_ENTITY"".""dim_cr_exp_legal_entity_id"") AND (""CHILD_ENTITY"".""chron_id"" = ""PARENT_ENTITY"".""chron_id""))
    LEFT JOIN ""radar_reporting_prod"".""ref_country"" ""ref_country"" ON ((""PARENT_ENTITY"".""chron_id"" = ""ref_country"".""chron_id"") AND (""PARENT_ENTITY"".""domicile_country_code"" = ""ref_country"".""alpha_2_code""))
    LEFT JOIN ""radar_reporting_prod"".""dim_cr_exp_legal_entity"" ""SPONSOR_ENTITY"" ON ((""dim_cr_exp_pos_inst"".""chron_id"" = ""SPONSOR_ENTITY"".""chron_id"") AND (""CHILD_ENTITY"".""abcp_sponsor_id"" = ""SPONSOR_ENTITY"".""cppib_party_id""))
    LEFT JOIN ""radar_reporting_prod"".""fact_fx_rate"" ""fact_fx_rate"" ON ((""dim_cr_exp_pos_inst"".""chron_id"" = ""fact_fx_rate"".""chron_id"") AND (""dim_cr_exp_pos_inst"".""currency"" = ""fact_fx_rate"".""to_currency"")AND (""fact_fx_rate"".rate_type ='SPOT'))
    LEFT JOIN ""radar_reporting_prod"".""mv_dim_hierarchy_node_risk"" ""mv_dim_hierarchy_node_risk"" ON ((""dim_cr_exp_pos_inst"".""chron_id"" = ""mv_dim_hierarchy_node_risk"".""chron_id"") AND (""dim_cr_exp_pos_inst"".""investment_department"" = ""mv_dim_hierarchy_node_risk"".""node_name""))
) ""Custom SQL Query""
HAVING COUNT(1)>0"
e68d0b30d0b315bc58dd97f1cdf3da23bf5b7d2735ced951a34e30d2b15c5b40,"/* cppi::e68d0b30d0b315bc58dd97f1cdf3da23bf5b7d2735ced951a34e30d2b15c5b40 */
SELECT SUM(1) AS ""COL""
FROM (
  SELECT ""fact_cr_exposure"".""abacus_chron_id"" AS ""abacus_chron_id"",
    ""dim_chron"".""abacus_chron_id"" AS ""abacus_chron_id__dim_chron_"",
    ""PARENT_ENTITY"".""abacus_chron_id"" AS ""abacus_chron_id__dim_cr_exp_legal_entity1_"",
    ""SPONSOR_ENTITY"".""abacus_chron_id"" AS ""abacus_chron_id__dim_cr_exp_legal_entity2_"",
    ""CHILD_ENTITY"".""abacus_chron_id"" AS ""abacus_chron_id__dim_cr_exp_legal_entity_"",
    ""dim_cr_exp_pos_inst"".""abacus_chron_id"" AS ""abacus_chron_id__dim_cr_exp_pos_inst_"",
    ""fact_fx_rate"".""abacus_chron_id"" AS ""abacus_chron_id__fact_fx_rate_"",
    ""mv_dim_hierarchy_node_risk"".""abacus_chron_id"" AS ""abacus_chron_id__mv_dim_hierarchy_node_risk_"",
    ""CHILD_ENTITY"".""abcp_limit"" AS ""abcp_limit"",
    ""PARENT_ENTITY"".""abcp_limit"" AS ""abcp_limit__dim_cr_exp_legal_entity1_"",
    ""SPONSOR_ENTITY"".""abcp_limit"" AS ""abcp_limit__dim_cr_exp_legal_entity2_"",
    ""CHILD_ENTITY"".""abcp_outstanding_prog_balance"" AS ""abcp_outstanding_prog_balance"",
    ""PARENT_ENTITY"".""abcp_outstanding_prog_balance"" AS ""abcp_outstanding_prog_balance__dim_cr_exp_legal_entity1_"",
    ""SPONSOR_ENTITY"".""abcp_outstanding_prog_balance"" AS ""abcp_outstanding_prog_balance__dim_cr_exp_legal_entity2_"",
    ""CHILD_ENTITY"".""abcp_sponsor_id"" AS ""abcp_sponsor_id"",
    ""PARENT_ENTITY"".""abcp_sponsor_id"" AS ""abcp_sponsor_id__dim_cr_exp_legal_entity1_"",
    ""SPONSOR_ENTITY"".""abcp_sponsor_id"" AS ""abcp_sponsor_id__dim_cr_exp_legal_entity2_"",
    ""fact_cr_exposure"".""acpp_credit_exposure"" AS ""acpp_credit_exposure"",
    ""fact_cr_exposure"".""acpp_lt_exposure"" AS ""acpp_lt_exposure"",
    ""fact_cr_exposure"".""acpp_mt_exposure"" AS ""acpp_mt_exposure"",
    ""CHILD_ENTITY"".""acpp_rating_conc_board_limit"" AS ""acpp_rating_conc_board_limit"",
    ""PARENT_ENTITY"".""acpp_rating_conc_board_limit"" AS ""acpp_rating_conc_board_limit__dim_cr_exp_legal_entity1_"",
    ""SPONSOR_ENTITY"".""acpp_rating_conc_board_limit"" AS ""acpp_rating_conc_board_limit__dim_cr_exp_legal_entity2_"",
    ""CHILD_ENTITY"".""acpp_sector_conc_board_limit"" AS ""acpp_sector_conc_board_limit"",
    ""PARENT_ENTITY"".""acpp_sector_conc_board_limit"" AS ""acpp_sector_conc_board_limit__dim_cr_exp_legal_entity1_"",
    ""SPONSOR_ENTITY"".""acpp_sector_conc_board_limit"" AS ""acpp_sector_conc_board_limit__dim_cr_exp_legal_entity2_"",
    ""CHILD_ENTITY"".""acpp_single_name_board_limit"" AS ""acpp_single_name_board_limit"",
    ""PARENT_ENTITY"".""acpp_single_name_board_limit"" AS ""acpp_single_name_board_limit__dim_cr_exp_legal_entity1_"",
    ""SPONSOR_ENTITY"".""acpp_single_name_board_limit"" AS ""acpp_single_name_board_limit__dim_cr_exp_legal_entity2_"",
    ""fact_cr_exposure"".""acpp_st_exposure"" AS ""acpp_st_exposure"",
    ""ref_country"".""alpha_2_code"" AS ""alpha_2_code"",
    ""ref_country_domicile"".""alpha_2_code"" AS ""alpha_2_code__ref_country1_"",
    ""ref_country"".""alpha_3_code"" AS ""alpha_3_code"",
    ""ref_country_domicile"".""alpha_3_code"" AS ""alpha_3_code__ref_country1_"",
    ""fact_cr_exposure"".""bcpp_credit_exposure"" AS ""bcpp_credit_exposure"",
    ""fact_cr_exposure"".""bcpp_lt_exposure"" AS ""bcpp_lt_exposure"",
    ""fact_cr_exposure"".""bcpp_mt_exposure"" AS ""bcpp_mt_exposure"",
    ""CHILD_ENTITY"".""bcpp_rating_conc_board_limit"" AS ""bcpp_rating_conc_board_limit"",
    ""PARENT_ENTITY"".""bcpp_rating_conc_board_limit"" AS ""bcpp_rating_conc_board_limit__dim_cr_exp_legal_entity1_"",
    ""SPONSOR_ENTITY"".""bcpp_rating_conc_board_limit"" AS ""bcpp_rating_conc_board_limit__dim_cr_exp_legal_entity2_"",
    ""CHILD_ENTITY"".""bcpp_sector_conc_board_limit"" AS ""bcpp_sector_conc_board_limit"",
    ""PARENT_ENTITY"".""bcpp_sector_conc_board_limit"" AS ""bcpp_sector_conc_board_limit__dim_cr_exp_legal_entity1_"",
    ""SPONSOR_ENTITY"".""bcpp_sector_conc_board_limit"" AS ""bcpp_sector_conc_board_limit__dim_cr_exp_legal_entity2_"",
    ""CHILD_ENTITY"".""bcpp_single_name_board_limit"" AS ""bcpp_single_name_board_limit"",
    ""PARENT_ENTITY"".""bcpp_single_name_board_limit"" AS ""bcpp_single_name_board_limit__dim_cr_exp_legal_entity1_"",
    ""SPONSOR_ENTITY"".""bcpp_single_name_board_limit"" AS ""bcpp_single_name_board_limit__dim_cr_exp_legal_entity2_"",
    ""fact_cr_exposure"".""bcpp_st_exposure"" AS ""bcpp_st_exposure"",
    ""fact_cr_exposure"".""business_date"" AS ""business_date"",
    ""dim_chron"".""business_date"" AS ""business_date__dim_chron_"",
    ""PARENT_ENTITY"".""business_date"" AS ""business_date__dim_cr_exp_legal_entity1_"",
    ""SPONSOR_ENTITY"".""business_date"" AS ""business_date__dim_cr_exp_legal_entity2_"",
    ""CHILD_ENTITY"".""business_date"" AS ""business_date__dim_cr_exp_legal_entity_"",
    ""dim_cr_exp_pos_inst"".""business_date"" AS ""business_date__dim_cr_exp_pos_inst_"",
    ""fact_fx_rate"".""business_date"" AS ""business_date__fact_fx_rate_"",
    ""mv_dim_hierarchy_node_risk"".""business_date"" AS ""business_date__mv_dim_hierarchy_node_risk_"",
    ""ref_country_domicile"".""business_date"" AS ""business_date__ref_country1_"",
    ""ref_country"".""business_date"" AS ""business_date__ref_country_"",
    ""dim_chron"".""canonical_source"" AS ""canonical_source"",
    ""fact_cr_exposure"".""chron_id"" AS ""chron_id"",
    ""dim_chron"".""chron_id"" AS ""chron_id__dim_chron_"",
    ""PARENT_ENTITY"".""chron_id"" AS ""chron_id__dim_cr_exp_legal_entity1_"",
    ""SPONSOR_ENTITY"".""chron_id"" AS ""chron_id__dim_cr_exp_legal_entity2_"",
    ""CHILD_ENTITY"".""chron_id"" AS ""chron_id__dim_cr_exp_legal_entity_"",
    ""dim_cr_exp_pos_inst"".""chron_id"" AS ""chron_id__dim_cr_exp_pos_inst_"",
    ""fact_fx_rate"".""chron_id"" AS ""chron_id__fact_fx_rate_"",
    ""mv_dim_hierarchy_node_risk"".""chron_id"" AS ""chron_id__mv_dim_hierarchy_node_risk_"",
    ""ref_country_domicile"".""chron_id"" AS ""chron_id__ref_country1_"",
    ""ref_country"".""chron_id"" AS ""chron_id__ref_country_"",
    ""dim_chron"".""chron_status"" AS ""chron_status"",
    ""dim_chron"".""chron_timestamp"" AS ""chron_timestamp"",
    ""dim_chron"".""chron_type"" AS ""chron_type"",
    ""fact_cr_exposure"".""cost_value_base_cur"" AS ""cost_value_base_cur"",
    ""fact_cr_exposure"".""cost_value_local_cur"" AS ""cost_value_local_cur"",
    ""CHILD_ENTITY"".""country_der_limit"" AS ""country_der_limit"",
    ""PARENT_ENTITY"".""country_der_limit"" AS ""country_der_limit__dim_cr_exp_legal_entity1_"",
    ""SPONSOR_ENTITY"".""country_der_limit"" AS ""country_der_limit__dim_cr_exp_legal_entity2_"",
    ""CHILD_ENTITY"".""country_der_repo_limit"" AS ""country_der_repo_limit"",
    ""PARENT_ENTITY"".""country_der_repo_limit"" AS ""country_der_repo_limit__dim_cr_exp_legal_entity1_"",
    ""SPONSOR_ENTITY"".""country_der_repo_limit"" AS ""country_der_repo_limit__dim_cr_exp_legal_entity2_"",
    ""CHILD_ENTITY"".""country_lt_cash_pb_limit"" AS ""country_lt_cash_pb_limit"",
    ""PARENT_ENTITY"".""country_lt_cash_pb_limit"" AS ""country_lt_cash_pb_limit__dim_cr_exp_legal_entity1_"",
    ""SPONSOR_ENTITY"".""country_lt_cash_pb_limit"" AS ""country_lt_cash_pb_limit__dim_cr_exp_legal_entity2_"",
    ""CHILD_ENTITY"".""country_mt_cash_pb_limit"" AS ""country_mt_cash_pb_limit"",
    ""PARENT_ENTITY"".""country_mt_cash_pb_limit"" AS ""country_mt_cash_pb_limit__dim_cr_exp_legal_entity1_"",
    ""SPONSOR_ENTITY"".""country_mt_cash_pb_limit"" AS ""country_mt_cash_pb_limit__dim_cr_exp_legal_entity2_"",
    ""CHILD_ENTITY"".""country_repo_limit"" AS ""country_repo_limit"",
    ""PARENT_ENTITY"".""country_repo_limit"" AS ""country_repo_limit__dim_cr_exp_legal_entity1_"",
    ""SPONSOR_ENTITY"".""country_repo_limit"" AS ""country_repo_limit__dim_cr_exp_legal_entity2_"",
    ""CHILD_ENTITY"".""country_st_cash_pb_limit"" AS ""country_st_cash_pb_limit"",
    ""PARENT_ENTITY"".""country_st_cash_pb_limit"" AS ""country_st_cash_pb_limit__dim_cr_exp_legal_entity1_"",
    ""SPONSOR_ENTITY"".""country_st_cash_pb_limit"" AS ""country_st_cash_pb_limit__dim_cr_exp_legal_entity2_"",
    ""SPONSOR_ENTITY"".""cppib_party_id"" AS ""cppib_party_id"",
    ""PARENT_ENTITY"".""cppib_party_id"" AS ""cppib_party_id__dim_cr_exp_legal_entity1_"",
    ""CHILD_ENTITY"".""cppib_party_id"" AS ""cppib_party_id__dim_cr_exp_legal_entity_"",
    ""fact_fx_rate"".""cppib_security_id"" AS ""cppib_security_id"",
    ""dim_chron"".""cr_exp_ready"" AS ""cr_exp_ready"",
    ""fact_cr_exposure"".""credit_exposure"" AS ""credit_exposure"",
    ""dim_cr_exp_pos_inst"".""currency"" AS ""currency"",
    ""dim_cr_exp_pos_inst"".""cusip"" AS ""cusip"",
    ""dim_cr_exp_pos_inst"".""days_to_maturity"" AS ""days_to_maturity"",
    ""CHILD_ENTITY"".""der_fi_limit"" AS ""der_fi_limit"",
    ""PARENT_ENTITY"".""der_fi_limit"" AS ""der_fi_limit__dim_cr_exp_legal_entity1_"",
    ""SPONSOR_ENTITY"".""der_fi_limit"" AS ""der_fi_limit__dim_cr_exp_legal_entity2_"",
    ""CHILD_ENTITY"".""der_repo_fi_limit"" AS ""der_repo_fi_limit"",
    ""PARENT_ENTITY"".""der_repo_fi_limit"" AS ""der_repo_fi_limit__dim_cr_exp_legal_entity1_"",
    ""SPONSOR_ENTITY"".""der_repo_fi_limit"" AS ""der_repo_fi_limit__dim_cr_exp_legal_entity2_"",
    ""fact_fx_rate"".""derived_from"" AS ""derived_from"",
    ""fact_cr_exposure"".""dim_cr_exp_legal_entity_id"" AS ""dim_cr_exp_legal_entity_id"",
    ""PARENT_ENTITY"".""dim_cr_exp_legal_entity_id"" AS ""dim_cr_exp_legal_entity_id__dim_cr_exp_legal_entity1_"",
    ""SPONSOR_ENTITY"".""dim_cr_exp_legal_entity_id"" AS ""dim_cr_exp_legal_entity_id__dim_cr_exp_legal_entity2_"",
    ""CHILD_ENTITY"".""dim_cr_exp_legal_entity_id"" AS ""dim_cr_exp_legal_entity_id__dim_cr_exp_legal_entity_"",
    ""fact_cr_exposure"".""dim_cr_exp_pos_inst_id"" AS ""dim_cr_exp_pos_inst_id"",
    ""dim_cr_exp_pos_inst"".""dim_cr_exp_pos_inst_id"" AS ""dim_cr_exp_pos_inst_id__dim_cr_exp_pos_inst_"",
    ""mv_dim_hierarchy_node_risk"".""dim_hierarchy_node_id"" AS ""dim_hierarchy_node_id"",
    ""SPONSOR_ENTITY"".""domicile_country_code"" AS ""domicile_country_code"",
    ""PARENT_ENTITY"".""domicile_country_code"" AS ""domicile_country_code__dim_cr_exp_legal_entity1_"",
    ""CHILD_ENTITY"".""domicile_country_code"" AS ""domicile_country_code__dim_cr_exp_legal_entity_"",
    ""CHILD_ENTITY"".""domicile_region"" AS ""domicile_region"",
    ""PARENT_ENTITY"".""domicile_region"" AS ""domicile_region__dim_cr_exp_legal_entity1_"",
    ""SPONSOR_ENTITY"".""domicile_region"" AS ""domicile_region__dim_cr_exp_legal_entity2_"",
    ""fact_cr_exposure"".""fact_cr_exposure_id"" AS ""fact_cr_exposure_id"",
    ""fact_fx_rate"".""fact_fx_rate_id"" AS ""fact_fx_rate_id"",
    ""CHILD_ENTITY"".""fi_sublimit"" AS ""fi_sublimit"",
    ""PARENT_ENTITY"".""fi_sublimit"" AS ""fi_sublimit__dim_cr_exp_legal_entity1_"",
    ""SPONSOR_ENTITY"".""fi_sublimit"" AS ""fi_sublimit__dim_cr_exp_legal_entity2_"",
    ""fact_fx_rate"".""from_currency"" AS ""from_currency"",
    ""SPONSOR_ENTITY"".""gics_sector"" AS ""gics_sector"",
    ""PARENT_ENTITY"".""gics_sector"" AS ""gics_sector__dim_cr_exp_legal_entity1_"",
    ""CHILD_ENTITY"".""gics_sector"" AS ""gics_sector__dim_cr_exp_legal_entity_"",
    ""dim_cr_exp_pos_inst"".""if_hierarchy_l0"" AS ""if_hierarchy_l0"",
    ""dim_cr_exp_pos_inst"".""if_hierarchy_l1"" AS ""if_hierarchy_l1"",
    ""dim_cr_exp_pos_inst"".""if_hierarchy_l2"" AS ""if_hierarchy_l2"",
    ""dim_cr_exp_pos_inst"".""if_hierarchy_l3"" AS ""if_hierarchy_l3"",
    ""dim_cr_exp_pos_inst"".""if_hierarchy_l4"" AS ""if_hierarchy_l4"",
    ""dim_cr_exp_pos_inst"".""if_hierarchy_l5"" AS ""if_hierarchy_l5"",
    ""dim_cr_exp_pos_inst"".""if_hierarchy_l6"" AS ""if_hierarchy_l6"",
    ""dim_cr_exp_pos_inst"".""if_hierarchy_l7"" AS ""if_hierarchy_l7"",
    ""dim_cr_exp_pos_inst"".""inst_rtg_custom_override"" AS ""inst_rtg_custom_override"",
    ""dim_cr_exp_pos_inst"".""inst_rtg_dbrs_std"" AS ""inst_rtg_dbrs_std"",
    ""dim_cr_exp_pos_inst"".""inst_rtg_final_rating"" AS ""inst_rtg_final_rating"",
    ""dim_cr_exp_pos_inst"".""inst_rtg_final_rating_source"" AS ""inst_rtg_final_rating_source"",
    ""dim_cr_exp_pos_inst"".""inst_rtg_fitch_lt"" AS ""inst_rtg_fitch_lt"",
    ""dim_cr_exp_pos_inst"".""inst_rtg_fitch_st"" AS ""inst_rtg_fitch_st"",
    ""dim_cr_exp_pos_inst"".""inst_rtg_internal"" AS ""inst_rtg_internal"",
    ""dim_cr_exp_pos_inst"".""inst_rtg_moody_lt"" AS ""inst_rtg_moody_lt"",
    ""dim_cr_exp_pos_inst"".""inst_rtg_moody_st"" AS ""inst_rtg_moody_st"",
    ""dim_cr_exp_pos_inst"".""inst_rtg_sp_lt"" AS ""inst_rtg_sp_lt"",
    ""dim_cr_exp_pos_inst"".""inst_rtg_sp_st"" AS ""inst_rtg_sp_st"",
    ""fact_fx_rate"".""inv_quoted_flag"" AS ""inv_quoted_flag"",
    ""dim_cr_exp_pos_inst"".""investment_department"" AS ""investment_department"",
    ""mv_dim_hierarchy_node_risk"".""investment_dept"" AS ""investment_dept"",
    ""dim_cr_exp_pos_inst"".""investment_program"" AS ""investment_program"",
    ""mv_dim_hierarchy_node_risk"".""investment_strat"" AS ""investment_strat"",
    ""dim_cr_exp_pos_inst"".""investment_strategy"" AS ""investment_strategy"",
    ""dim_cr_exp_pos_inst"".""investment_subprogram"" AS ""investment_subprogram"",
    ""CHILD_ENTITY"".""is_fi"" AS ""is_fi"",
    ""PARENT_ENTITY"".""is_fi"" AS ""is_fi__dim_cr_exp_legal_entity1_"",
    ""SPONSOR_ENTITY"".""is_fi"" AS ""is_fi__dim_cr_exp_legal_entity2_"",
    ""CHILD_ENTITY"".""is_government"" AS ""is_government"",
    ""PARENT_ENTITY"".""is_government"" AS ""is_government__dim_cr_exp_legal_entity1_"",
    ""SPONSOR_ENTITY"".""is_government"" AS ""is_government__dim_cr_exp_legal_entity2_"",
    ""dim_cr_exp_pos_inst"".""is_pos_fi"" AS ""is_pos_fi"",
    ""CHILD_ENTITY"".""is_provincial"" AS ""is_provincial"",
    ""PARENT_ENTITY"".""is_provincial"" AS ""is_provincial__dim_cr_exp_legal_entity1_"",
    ""SPONSOR_ENTITY"".""is_provincial"" AS ""is_provincial__dim_cr_exp_legal_entity2_"",
    ""fact_cr_exposure"".""is_user_data"" AS ""is_user_data"",
    ""dim_cr_exp_pos_inst"".""isin"" AS ""isin"",
    ""CHILD_ENTITY"".""isrc_total_fi_limit"" AS ""isrc_total_fi_limit"",
    ""PARENT_ENTITY"".""isrc_total_fi_limit"" AS ""isrc_total_fi_limit__dim_cr_exp_legal_entity1_"",
    ""SPONSOR_ENTITY"".""isrc_total_fi_limit"" AS ""isrc_total_fi_limit__dim_cr_exp_legal_entity2_"",
    ""dim_cr_exp_pos_inst"".""issue_date"" AS ""issue_date"",
    ""CHILD_ENTITY"".""limit_region"" AS ""limit_region"",
    ""PARENT_ENTITY"".""limit_region"" AS ""limit_region__dim_cr_exp_legal_entity1_"",
    ""SPONSOR_ENTITY"".""limit_region"" AS ""limit_region__dim_cr_exp_legal_entity2_"",
    ""CHILD_ENTITY"".""lt_cash_pb_fi_limit"" AS ""lt_cash_pb_fi_limit"",
    ""PARENT_ENTITY"".""lt_cash_pb_fi_limit"" AS ""lt_cash_pb_fi_limit__dim_cr_exp_legal_entity1_"",
    ""SPONSOR_ENTITY"".""lt_cash_pb_fi_limit"" AS ""lt_cash_pb_fi_limit__dim_cr_exp_legal_entity2_"",
    ""fact_cr_exposure"".""lt_exposure"" AS ""lt_exposure"",
    ""CHILD_ENTITY"".""lt_fi_sublimit"" AS ""lt_fi_sublimit"",
    ""PARENT_ENTITY"".""lt_fi_sublimit"" AS ""lt_fi_sublimit__dim_cr_exp_legal_entity1_"",
    ""SPONSOR_ENTITY"".""lt_fi_sublimit"" AS ""lt_fi_sublimit__dim_cr_exp_legal_entity2_"",
    ""dim_cr_exp_pos_inst"".""maturity_bucket"" AS ""maturity_bucket"",
    ""dim_cr_exp_pos_inst"".""maturity_date"" AS ""maturity_date"",
    ""dim_cr_exp_pos_inst"".""maturity_settl_date"" AS ""maturity_settl_date"",
    ""fact_fx_rate"".""mid_val"" AS ""mid_val"",
    ""dim_cr_exp_pos_inst"".""model_portfolio"" AS ""model_portfolio"",
    ""mv_dim_hierarchy_node_risk"".""model_portfolio"" AS ""model_portfolio__mv_dim_hierarchy_node_risk_"",
    ""CHILD_ENTITY"".""mt_cash_pb_fi_limit"" AS ""mt_cash_pb_fi_limit"",
    ""PARENT_ENTITY"".""mt_cash_pb_fi_limit"" AS ""mt_cash_pb_fi_limit__dim_cr_exp_legal_entity1_"",
    ""SPONSOR_ENTITY"".""mt_cash_pb_fi_limit"" AS ""mt_cash_pb_fi_limit__dim_cr_exp_legal_entity2_"",
    ""fact_cr_exposure"".""mt_exposure"" AS ""mt_exposure"",
    ""CHILD_ENTITY"".""mt_fi_sublimit"" AS ""mt_fi_sublimit"",
    ""PARENT_ENTITY"".""mt_fi_sublimit"" AS ""mt_fi_sublimit__dim_cr_exp_legal_entity1_"",
    ""SPONSOR_ENTITY"".""mt_fi_sublimit"" AS ""mt_fi_sublimit__dim_cr_exp_legal_entity2_"",
    ""ref_country"".""name"" AS ""name"",
    ""ref_country_domicile"".""name"" AS ""name__ref_country1_"",
    ""mv_dim_hierarchy_node_risk"".""node_level"" AS ""node_level"",
    ""mv_dim_hierarchy_node_risk"".""node_name"" AS ""node_name"",
    ""fact_cr_exposure"".""notional_base_cur"" AS ""notional_base_cur"",
    ""fact_cr_exposure"".""notional_local_cur"" AS ""notional_local_cur"",
    ""ref_country"".""numeric_code"" AS ""numeric_code"",
    ""ref_country_domicile"".""numeric_code"" AS ""numeric_code__ref_country1_"",
    ""fact_cr_exposure"".""par_amount"" AS ""par_amount"",
    ""mv_dim_hierarchy_node_risk"".""parent_node_id"" AS ""parent_node_id"",
    ""SPONSOR_ENTITY"".""party_name"" AS ""party_name"",
    ""PARENT_ENTITY"".""party_name"" AS ""party_name__dim_cr_exp_legal_entity1_"",
    ""CHILD_ENTITY"".""party_name"" AS ""party_name__dim_cr_exp_legal_entity_"",
    ""dim_cr_exp_pos_inst"".""position_data_source"" AS ""position_data_source"",
    ""dim_cr_exp_pos_inst"".""position_description"" AS ""position_description"",
    ""dim_cr_exp_pos_inst"".""position_name"" AS ""position_name"",
    ""fact_fx_rate"".""price_source_code"" AS ""price_source_code"",
    ""dim_cr_exp_pos_inst"".""product_group"" AS ""product_group"",
    ""dim_cr_exp_pos_inst"".""product_type"" AS ""product_type"",
    ""mv_dim_hierarchy_node_risk"".""program"" AS ""program"",
    ""dim_chron"".""publish_reports"" AS ""publish_reports"",
    ""fact_cr_exposure"".""pv_base_cur"" AS ""pv_base_cur"",
    ""fact_cr_exposure"".""pv_local_cur"" AS ""pv_local_cur"",
    ""fact_fx_rate"".""rate_date"" AS ""rate_date"",
    ""fact_fx_rate"".""rate_type"" AS ""rate_type"",
    ""CHILD_ENTITY"".""rating_conc_board_group"" AS ""rating_conc_board_group"",
    ""PARENT_ENTITY"".""rating_conc_board_group"" AS ""rating_conc_board_group__dim_cr_exp_legal_entity1_"",
    ""SPONSOR_ENTITY"".""rating_conc_board_group"" AS ""rating_conc_board_group__dim_cr_exp_legal_entity2_"",
    ""CHILD_ENTITY"".""rating_conc_board_limit"" AS ""rating_conc_board_limit"",
    ""PARENT_ENTITY"".""rating_conc_board_limit"" AS ""rating_conc_board_limit__dim_cr_exp_legal_entity1_"",
    ""SPONSOR_ENTITY"".""rating_conc_board_limit"" AS ""rating_conc_board_limit__dim_cr_exp_legal_entity2_"",
    ""CHILD_ENTITY"".""region_der_limit"" AS ""region_der_limit"",
    ""PARENT_ENTITY"".""region_der_limit"" AS ""region_der_limit__dim_cr_exp_legal_entity1_"",
    ""SPONSOR_ENTITY"".""region_der_limit"" AS ""region_der_limit__dim_cr_exp_legal_entity2_"",
    ""CHILD_ENTITY"".""region_der_repo_limit"" AS ""region_der_repo_limit"",
    ""PARENT_ENTITY"".""region_der_repo_limit"" AS ""region_der_repo_limit__dim_cr_exp_legal_entity1_"",
    ""SPONSOR_ENTITY"".""region_der_repo_limit"" AS ""region_der_repo_limit__dim_cr_exp_legal_entity2_"",
    ""CHILD_ENTITY"".""region_fi_limit"" AS ""region_fi_limit"",
    ""PARENT_ENTITY"".""region_fi_limit"" AS ""region_fi_limit__dim_cr_exp_legal_entity1_"",
    ""SPONSOR_ENTITY"".""region_fi_limit"" AS ""region_fi_limit__dim_cr_exp_legal_entity2_"",
    ""CHILD_ENTITY"".""region_lt_cash_pb_limit"" AS ""region_lt_cash_pb_limit"",
    ""PARENT_ENTITY"".""region_lt_cash_pb_limit"" AS ""region_lt_cash_pb_limit__dim_cr_exp_legal_entity1_"",
    ""SPONSOR_ENTITY"".""region_lt_cash_pb_limit"" AS ""region_lt_cash_pb_limit__dim_cr_exp_legal_entity2_"",
    ""CHILD_ENTITY"".""region_lt_fi_limit"" AS ""region_lt_fi_limit"",
    ""PARENT_ENTITY"".""region_lt_fi_limit"" AS ""region_lt_fi_limit__dim_cr_exp_legal_entity1_"",
    ""SPONSOR_ENTITY"".""region_lt_fi_limit"" AS ""region_lt_fi_limit__dim_cr_exp_legal_entity2_"",
    ""CHILD_ENTITY"".""region_mt_cash_pb_limit"" AS ""region_mt_cash_pb_limit"",
    ""PARENT_ENTITY"".""region_mt_cash_pb_limit"" AS ""region_mt_cash_pb_limit__dim_cr_exp_legal_entity1_"",
    ""SPONSOR_ENTITY"".""region_mt_cash_pb_limit"" AS ""region_mt_cash_pb_limit__dim_cr_exp_legal_entity2_"",
    ""CHILD_ENTITY"".""region_mt_fi_limit"" AS ""region_mt_fi_limit"",
    ""PARENT_ENTITY"".""region_mt_fi_limit"" AS ""region_mt_fi_limit__dim_cr_exp_legal_entity1_"",
    ""SPONSOR_ENTITY"".""region_mt_fi_limit"" AS ""region_mt_fi_limit__dim_cr_exp_legal_entity2_"",
    ""CHILD_ENTITY"".""region_repo_limit"" AS ""region_repo_limit"",
    ""PARENT_ENTITY"".""region_repo_limit"" AS ""region_repo_limit__dim_cr_exp_legal_entity1_"",
    ""SPONSOR_ENTITY"".""region_repo_limit"" AS ""region_repo_limit__dim_cr_exp_legal_entity2_"",
    ""CHILD_ENTITY"".""region_st_cash_pb_limit"" AS ""region_st_cash_pb_limit"",
    ""PARENT_ENTITY"".""region_st_cash_pb_limit"" AS ""region_st_cash_pb_limit__dim_cr_exp_legal_entity1_"",
    ""SPONSOR_ENTITY"".""region_st_cash_pb_limit"" AS ""region_st_cash_pb_limit__dim_cr_exp_legal_entity2_"",
    ""CHILD_ENTITY"".""region_st_fi_limit"" AS ""region_st_fi_limit"",
    ""PARENT_ENTITY"".""region_st_fi_limit"" AS ""region_st_fi_limit__dim_cr_exp_legal_entity1_"",
    ""SPONSOR_ENTITY"".""region_st_fi_limit"" AS ""region_st_fi_limit__dim_cr_exp_legal_entity2_"",
    ""CHILD_ENTITY"".""repo_fi_limit"" AS ""repo_fi_limit"",
    ""PARENT_ENTITY"".""repo_fi_limit"" AS ""repo_fi_limit__dim_cr_exp_legal_entity1_"",
    ""SPONSOR_ENTITY"".""repo_fi_limit"" AS ""repo_fi_limit__dim_cr_exp_legal_entity2_"",
    ""CHILD_ENTITY"".""rtg_cust_override"" AS ""rtg_cust_override"",
    ""PARENT_ENTITY"".""rtg_cust_override"" AS ""rtg_cust_override__dim_cr_exp_legal_entity1_"",
    ""SPONSOR_ENTITY"".""rtg_cust_override"" AS ""rtg_cust_override__dim_cr_exp_legal_entity2_"",
    ""CHILD_ENTITY"".""rtg_dbrs_lt"" AS ""rtg_dbrs_lt"",
    ""PARENT_ENTITY"".""rtg_dbrs_lt"" AS ""rtg_dbrs_lt__dim_cr_exp_legal_entity1_"",
    ""SPONSOR_ENTITY"".""rtg_dbrs_lt"" AS ""rtg_dbrs_lt__dim_cr_exp_legal_entity2_"",
    ""CHILD_ENTITY"".""rtg_dbrs_st"" AS ""rtg_dbrs_st"",
    ""PARENT_ENTITY"".""rtg_dbrs_st"" AS ""rtg_dbrs_st__dim_cr_exp_legal_entity1_"",
    ""SPONSOR_ENTITY"".""rtg_dbrs_st"" AS ""rtg_dbrs_st__dim_cr_exp_legal_entity2_"",
    ""CHILD_ENTITY"".""rtg_final"" AS ""rtg_final"",
    ""PARENT_ENTITY"".""rtg_final"" AS ""rtg_final__dim_cr_exp_legal_entity1_"",
    ""SPONSOR_ENTITY"".""rtg_final"" AS ""rtg_final__dim_cr_exp_legal_entity2_"",
    ""CHILD_ENTITY"".""rtg_fitch_lt"" AS ""rtg_fitch_lt"",
    ""PARENT_ENTITY"".""rtg_fitch_lt"" AS ""rtg_fitch_lt__dim_cr_exp_legal_entity1_"",
    ""SPONSOR_ENTITY"".""rtg_fitch_lt"" AS ""rtg_fitch_lt__dim_cr_exp_legal_entity2_"",
    ""CHILD_ENTITY"".""rtg_fitch_st"" AS ""rtg_fitch_st"",
    ""PARENT_ENTITY"".""rtg_fitch_st"" AS ""rtg_fitch_st__dim_cr_exp_legal_entity1_"",
    ""SPONSOR_ENTITY"".""rtg_fitch_st"" AS ""rtg_fitch_st__dim_cr_exp_legal_entity2_"",
    ""CHILD_ENTITY"".""rtg_internal"" AS ""rtg_internal"",
    ""PARENT_ENTITY"".""rtg_internal"" AS ""rtg_internal__dim_cr_exp_legal_entity1_"",
    ""SPONSOR_ENTITY"".""rtg_internal"" AS ""rtg_internal__dim_cr_exp_legal_entity2_"",
    ""CHILD_ENTITY"".""rtg_moody_lt"" AS ""rtg_moody_lt"",
    ""PARENT_ENTITY"".""rtg_moody_lt"" AS ""rtg_moody_lt__dim_cr_exp_legal_entity1_"",
    ""SPONSOR_ENTITY"".""rtg_moody_lt"" AS ""rtg_moody_lt__dim_cr_exp_legal_entity2_"",
    ""CHILD_ENTITY"".""rtg_moody_st"" AS ""rtg_moody_st"",
    ""PARENT_ENTITY"".""rtg_moody_st"" AS ""rtg_moody_st__dim_cr_exp_legal_entity1_"",
    ""SPONSOR_ENTITY"".""rtg_moody_st"" AS ""rtg_moody_st__dim_cr_exp_legal_entity2_"",
    ""CHILD_ENTITY"".""rtg_outlook"" AS ""rtg_outlook"",
    ""PARENT_ENTITY"".""rtg_outlook"" AS ""rtg_outlook__dim_cr_exp_legal_entity1_"",
    ""SPONSOR_ENTITY"".""rtg_outlook"" AS ""rtg_outlook__dim_cr_exp_legal_entity2_"",
    ""CHILD_ENTITY"".""rtg_sp_lt"" AS ""rtg_sp_lt"",
    ""PARENT_ENTITY"".""rtg_sp_lt"" AS ""rtg_sp_lt__dim_cr_exp_legal_entity1_"",
    ""SPONSOR_ENTITY"".""rtg_sp_lt"" AS ""rtg_sp_lt__dim_cr_exp_legal_entity2_"",
    ""CHILD_ENTITY"".""rtg_sp_st"" AS ""rtg_sp_st"",
    ""PARENT_ENTITY"".""rtg_sp_st"" AS ""rtg_sp_st__dim_cr_exp_legal_entity1_"",
    ""SPONSOR_ENTITY"".""rtg_sp_st"" AS ""rtg_sp_st__dim_cr_exp_legal_entity2_"",
    ""dim_chron"".""run_business_date"" AS ""run_business_date"",
    ""fact_cr_exposure"".""run_id"" AS ""run_id"",
    ""dim_chron"".""run_id"" AS ""run_id__dim_chron_"",
    ""PARENT_ENTITY"".""run_id"" AS ""run_id__dim_cr_exp_legal_entity1_"",
    ""SPONSOR_ENTITY"".""run_id"" AS ""run_id__dim_cr_exp_legal_entity2_"",
    ""CHILD_ENTITY"".""run_id"" AS ""run_id__dim_cr_exp_legal_entity_"",
    ""dim_cr_exp_pos_inst"".""run_id"" AS ""run_id__dim_cr_exp_pos_inst_"",
    ""fact_fx_rate"".""run_id"" AS ""run_id__fact_fx_rate_"",
    ""mv_dim_hierarchy_node_risk"".""run_id"" AS ""run_id__mv_dim_hierarchy_node_risk_"",
    ""ref_country_domicile"".""run_id"" AS ""run_id__ref_country1_"",
    ""ref_country"".""run_id"" AS ""run_id__ref_country_"",
    ""fact_cr_exposure"".""run_type"" AS ""run_type"",
    ""dim_chron"".""run_type"" AS ""run_type__dim_chron_"",
    ""PARENT_ENTITY"".""run_type"" AS ""run_type__dim_cr_exp_legal_entity1_"",
    ""SPONSOR_ENTITY"".""run_type"" AS ""run_type__dim_cr_exp_legal_entity2_"",
    ""CHILD_ENTITY"".""run_type"" AS ""run_type__dim_cr_exp_legal_entity_"",
    ""dim_cr_exp_pos_inst"".""run_type"" AS ""run_type__dim_cr_exp_pos_inst_"",
    ""fact_fx_rate"".""run_type"" AS ""run_type__fact_fx_rate_"",
    ""mv_dim_hierarchy_node_risk"".""run_type"" AS ""run_type__mv_dim_hierarchy_node_risk_"",
    ""ref_country_domicile"".""run_type"" AS ""run_type__ref_country1_"",
    ""ref_country"".""run_type"" AS ""run_type__ref_country_"",
    ""CHILD_ENTITY"".""sector_conc_board_limit"" AS ""sector_conc_board_limit"",
    ""PARENT_ENTITY"".""sector_conc_board_limit"" AS ""sector_conc_board_limit__dim_cr_exp_legal_entity1_"",
    ""SPONSOR_ENTITY"".""sector_conc_board_limit"" AS ""sector_conc_board_limit__dim_cr_exp_legal_entity2_"",
    ""fact_fx_rate"".""settlement_date"" AS ""settlement_date"",
    ""CHILD_ENTITY"".""single_name_board_limit"" AS ""single_name_board_limit"",
    ""PARENT_ENTITY"".""single_name_board_limit"" AS ""single_name_board_limit__dim_cr_exp_legal_entity1_"",
    ""SPONSOR_ENTITY"".""single_name_board_limit"" AS ""single_name_board_limit__dim_cr_exp_legal_entity2_"",
    ""CHILD_ENTITY"".""smd_total_fi_limit"" AS ""smd_total_fi_limit"",
    ""PARENT_ENTITY"".""smd_total_fi_limit"" AS ""smd_total_fi_limit__dim_cr_exp_legal_entity1_"",
    ""SPONSOR_ENTITY"".""smd_total_fi_limit"" AS ""smd_total_fi_limit__dim_cr_exp_legal_entity2_"",
    ""dim_chron"".""source_business_date"" AS ""source_business_date"",
    ""dim_cr_exp_pos_inst"".""source_pos_key"" AS ""source_pos_key"",
    ""CHILD_ENTITY"".""sovr_country_outlook"" AS ""sovr_country_outlook"",
    ""PARENT_ENTITY"".""sovr_country_outlook"" AS ""sovr_country_outlook__dim_cr_exp_legal_entity1_"",
    ""SPONSOR_ENTITY"".""sovr_country_outlook"" AS ""sovr_country_outlook__dim_cr_exp_legal_entity2_"",
    ""CHILD_ENTITY"".""sovr_country_rating"" AS ""sovr_country_rating"",
    ""PARENT_ENTITY"".""sovr_country_rating"" AS ""sovr_country_rating__dim_cr_exp_legal_entity1_"",
    ""SPONSOR_ENTITY"".""sovr_country_rating"" AS ""sovr_country_rating__dim_cr_exp_legal_entity2_"",
    ""CHILD_ENTITY"".""sovr_fi_limit"" AS ""sovr_fi_limit"",
    ""PARENT_ENTITY"".""sovr_fi_limit"" AS ""sovr_fi_limit__dim_cr_exp_legal_entity1_"",
    ""SPONSOR_ENTITY"".""sovr_fi_limit"" AS ""sovr_fi_limit__dim_cr_exp_legal_entity2_"",
    ""CHILD_ENTITY"".""sovr_lt_fi_limit"" AS ""sovr_lt_fi_limit"",
    ""PARENT_ENTITY"".""sovr_lt_fi_limit"" AS ""sovr_lt_fi_limit__dim_cr_exp_legal_entity1_"",
    ""SPONSOR_ENTITY"".""sovr_lt_fi_limit"" AS ""sovr_lt_fi_limit__dim_cr_exp_legal_entity2_"",
    ""CHILD_ENTITY"".""sovr_mt_fi_limit"" AS ""sovr_mt_fi_limit"",
    ""PARENT_ENTITY"".""sovr_mt_fi_limit"" AS ""sovr_mt_fi_limit__dim_cr_exp_legal_entity1_"",
    ""SPONSOR_ENTITY"".""sovr_mt_fi_limit"" AS ""sovr_mt_fi_limit__dim_cr_exp_legal_entity2_"",
    ""CHILD_ENTITY"".""sovr_st_fi_limit"" AS ""sovr_st_fi_limit"",
    ""PARENT_ENTITY"".""sovr_st_fi_limit"" AS ""sovr_st_fi_limit__dim_cr_exp_legal_entity1_"",
    ""SPONSOR_ENTITY"".""sovr_st_fi_limit"" AS ""sovr_st_fi_limit__dim_cr_exp_legal_entity2_"",
    ""dim_cr_exp_pos_inst"".""ssa_outstanding_prog_balance"" AS ""ssa_outstanding_prog_balance"",
    ""CHILD_ENTITY"".""st_cash_pb_fi_limit"" AS ""st_cash_pb_fi_limit"",
    ""PARENT_ENTITY"".""st_cash_pb_fi_limit"" AS ""st_cash_pb_fi_limit__dim_cr_exp_legal_entity1_"",
    ""SPONSOR_ENTITY"".""st_cash_pb_fi_limit"" AS ""st_cash_pb_fi_limit__dim_cr_exp_legal_entity2_"",
    ""fact_cr_exposure"".""st_exposure"" AS ""st_exposure"",
    ""CHILD_ENTITY"".""st_fi_sublimit"" AS ""st_fi_sublimit"",
    ""PARENT_ENTITY"".""st_fi_sublimit"" AS ""st_fi_sublimit__dim_cr_exp_legal_entity1_"",
    ""SPONSOR_ENTITY"".""st_fi_sublimit"" AS ""st_fi_sublimit__dim_cr_exp_legal_entity2_"",
    ""fact_fx_rate"".""stale"" AS ""stale"",
    ""mv_dim_hierarchy_node_risk"".""sub_program"" AS ""sub_program"",
    ""CHILD_ENTITY"".""tag"" AS ""tag"",
    ""PARENT_ENTITY"".""tag"" AS ""tag__dim_cr_exp_legal_entity1_"",
    ""SPONSOR_ENTITY"".""tag"" AS ""tag__dim_cr_exp_legal_entity2_"",
    ""fact_fx_rate"".""tenor_cd"" AS ""tenor_cd"",
    ""fact_fx_rate"".""ticker"" AS ""ticker"",
    ""fact_fx_rate"".""to_currency"" AS ""to_currency"",
    ""CHILD_ENTITY"".""total_cash_pb_smd_fi_limit"" AS ""total_cash_pb_smd_fi_limit"",
    ""PARENT_ENTITY"".""total_cash_pb_smd_fi_limit"" AS ""total_cash_pb_smd_fi_limit__dim_cr_exp_legal_entity1_"",
    ""SPONSOR_ENTITY"".""total_cash_pb_smd_fi_limit"" AS ""total_cash_pb_smd_fi_limit__dim_cr_exp_legal_entity2_"",
    ""CHILD_ENTITY"".""ulp_dim_cr_exp_legal_entity_id"" AS ""ulp_dim_cr_exp_legal_entity_id"",
    ""PARENT_ENTITY"".""ulp_dim_cr_exp_legal_entity_id"" AS ""ulp_dim_cr_exp_legal_entity_id__dim_cr_exp_legal_entity1_"",
    ""SPONSOR_ENTITY"".""ulp_dim_cr_exp_legal_entity_id"" AS ""ulp_dim_cr_exp_legal_entity_id__dim_cr_exp_legal_entity2_""
  FROM ""radar_reporting_prod"".""fact_cr_exposure"" ""fact_cr_exposure""
    INNER JOIN ""radar_reporting_prod"".""dim_chron"" ""dim_chron"" ON (""fact_cr_exposure"".""chron_id"" = ""dim_chron"".""chron_id"")
    INNER JOIN ""radar_reporting_prod"".""dim_cr_exp_pos_inst"" ""dim_cr_exp_pos_inst"" ON ((""fact_cr_exposure"".""chron_id"" = ""dim_cr_exp_pos_inst"".""chron_id"") AND (""fact_cr_exposure"".""dim_cr_exp_pos_inst_id"" = ""dim_cr_exp_pos_inst"".""dim_cr_exp_pos_inst_id""))
    INNER JOIN ""radar_reporting_prod"".""dim_cr_exp_legal_entity"" ""CHILD_ENTITY"" ON ((""fact_cr_exposure"".""chron_id"" = ""CHILD_ENTITY"".""chron_id"") AND (""fact_cr_exposure"".""dim_cr_exp_legal_entity_id"" = ""CHILD_ENTITY"".""dim_cr_exp_legal_entity_id""))
    LEFT JOIN ""radar_reporting_prod"".""ref_country"" ""ref_country_domicile"" ON ((""CHILD_ENTITY"".""chron_id"" = ""ref_country_domicile"".""business_date"") AND (""CHILD_ENTITY"".""domicile_country_code"" = ""ref_country_domicile"".""alpha_2_code""))
    INNER JOIN ""radar_reporting_prod"".""dim_cr_exp_legal_entity"" ""PARENT_ENTITY"" ON ((""CHILD_ENTITY"".""ulp_dim_cr_exp_legal_entity_id"" = ""PARENT_ENTITY"".""dim_cr_exp_legal_entity_id"") AND (""CHILD_ENTITY"".""chron_id"" = ""PARENT_ENTITY"".""chron_id""))
    LEFT JOIN ""radar_reporting_prod"".""ref_country"" ""ref_country"" ON ((""PARENT_ENTITY"".""chron_id"" = ""ref_country"".""chron_id"") AND (""PARENT_ENTITY"".""domicile_country_code"" = ""ref_country"".""alpha_2_code""))
    LEFT JOIN ""radar_reporting_prod"".""dim_cr_exp_legal_entity"" ""SPONSOR_ENTITY"" ON ((""dim_cr_exp_pos_inst"".""chron_id"" = ""SPONSOR_ENTITY"".""chron_id"") AND (""CHILD_ENTITY"".""abcp_sponsor_id"" = ""SPONSOR_ENTITY"".""cppib_party_id""))
    LEFT JOIN ""radar_reporting_prod"".""fact_fx_rate"" ""fact_fx_rate"" ON ((""dim_cr_exp_pos_inst"".""chron_id"" = ""fact_fx_rate"".""chron_id"") AND (""dim_cr_exp_pos_inst"".""currency"" = ""fact_fx_rate"".""to_currency"")AND (""fact_fx_rate"".rate_type ='SPOT'))
    LEFT JOIN ""radar_reporting_prod"".""mv_dim_hierarchy_node_risk"" ""mv_dim_hierarchy_node_risk"" ON ((""dim_cr_exp_pos_inst"".""chron_id"" = ""mv_dim_hierarchy_node_risk"".""chron_id"") AND (""dim_cr_exp_pos_inst"".""investment_department"" = ""mv_dim_hierarchy_node_risk"".""node_name""))
) ""Custom SQL Query""
HAVING COUNT(1)>0"
e68d0b30d0b315bc58dd97f1cdf3da23bf5b7d2735ced951a34e30d2b15c5b40,"/* cppi::e68d0b30d0b315bc58dd97f1cdf3da23bf5b7d2735ced951a34e30d2b15c5b40 */
SELECT SUM(1) AS ""COL""
FROM (
  SELECT ""fact_cr_exposure"".""abacus_chron_id"" AS ""abacus_chron_id"",
    ""dim_chron"".""abacus_chron_id"" AS ""abacus_chron_id__dim_chron_"",
    ""PARENT_ENTITY"".""abacus_chron_id"" AS ""abacus_chron_id__dim_cr_exp_legal_entity1_"",
    ""SPONSOR_ENTITY"".""abacus_chron_id"" AS ""abacus_chron_id__dim_cr_exp_legal_entity2_"",
    ""CHILD_ENTITY"".""abacus_chron_id"" AS ""abacus_chron_id__dim_cr_exp_legal_entity_"",
    ""dim_cr_exp_pos_inst"".""abacus_chron_id"" AS ""abacus_chron_id__dim_cr_exp_pos_inst_"",
    ""fact_fx_rate"".""abacus_chron_id"" AS ""abacus_chron_id__fact_fx_rate_"",
    ""mv_dim_hierarchy_node_risk"".""abacus_chron_id"" AS ""abacus_chron_id__mv_dim_hierarchy_node_risk_"",
    ""CHILD_ENTITY"".""abcp_limit"" AS ""abcp_limit"",
    ""PARENT_ENTITY"".""abcp_limit"" AS ""abcp_limit__dim_cr_exp_legal_entity1_"",
    ""SPONSOR_ENTITY"".""abcp_limit"" AS ""abcp_limit__dim_cr_exp_legal_entity2_"",
    ""CHILD_ENTITY"".""abcp_outstanding_prog_balance"" AS ""abcp_outstanding_prog_balance"",
    ""PARENT_ENTITY"".""abcp_outstanding_prog_balance"" AS ""abcp_outstanding_prog_balance__dim_cr_exp_legal_entity1_"",
    ""SPONSOR_ENTITY"".""abcp_outstanding_prog_balance"" AS ""abcp_outstanding_prog_balance__dim_cr_exp_legal_entity2_"",
    ""CHILD_ENTITY"".""abcp_sponsor_id"" AS ""abcp_sponsor_id"",
    ""PARENT_ENTITY"".""abcp_sponsor_id"" AS ""abcp_sponsor_id__dim_cr_exp_legal_entity1_"",
    ""SPONSOR_ENTITY"".""abcp_sponsor_id"" AS ""abcp_sponsor_id__dim_cr_exp_legal_entity2_"",
    ""fact_cr_exposure"".""acpp_credit_exposure"" AS ""acpp_credit_exposure"",
    ""fact_cr_exposure"".""acpp_lt_exposure"" AS ""acpp_lt_exposure"",
    ""fact_cr_exposure"".""acpp_mt_exposure"" AS ""acpp_mt_exposure"",
    ""CHILD_ENTITY"".""acpp_rating_conc_board_limit"" AS ""acpp_rating_conc_board_limit"",
    ""PARENT_ENTITY"".""acpp_rating_conc_board_limit"" AS ""acpp_rating_conc_board_limit__dim_cr_exp_legal_entity1_"",
    ""SPONSOR_ENTITY"".""acpp_rating_conc_board_limit"" AS ""acpp_rating_conc_board_limit__dim_cr_exp_legal_entity2_"",
    ""CHILD_ENTITY"".""acpp_sector_conc_board_limit"" AS ""acpp_sector_conc_board_limit"",
    ""PARENT_ENTITY"".""acpp_sector_conc_board_limit"" AS ""acpp_sector_conc_board_limit__dim_cr_exp_legal_entity1_"",
    ""SPONSOR_ENTITY"".""acpp_sector_conc_board_limit"" AS ""acpp_sector_conc_board_limit__dim_cr_exp_legal_entity2_"",
    ""CHILD_ENTITY"".""acpp_single_name_board_limit"" AS ""acpp_single_name_board_limit"",
    ""PARENT_ENTITY"".""acpp_single_name_board_limit"" AS ""acpp_single_name_board_limit__dim_cr_exp_legal_entity1_"",
    ""SPONSOR_ENTITY"".""acpp_single_name_board_limit"" AS ""acpp_single_name_board_limit__dim_cr_exp_legal_entity2_"",
    ""fact_cr_exposure"".""acpp_st_exposure"" AS ""acpp_st_exposure"",
    ""ref_country"".""alpha_2_code"" AS ""alpha_2_code"",
    ""ref_country_domicile"".""alpha_2_code"" AS ""alpha_2_code__ref_country1_"",
    ""ref_country"".""alpha_3_code"" AS ""alpha_3_code"",
    ""ref_country_domicile"".""alpha_3_code"" AS ""alpha_3_code__ref_country1_"",
    ""fact_cr_exposure"".""bcpp_credit_exposure"" AS ""bcpp_credit_exposure"",
    ""fact_cr_exposure"".""bcpp_lt_exposure"" AS ""bcpp_lt_exposure"",
    ""fact_cr_exposure"".""bcpp_mt_exposure"" AS ""bcpp_mt_exposure"",
    ""CHILD_ENTITY"".""bcpp_rating_conc_board_limit"" AS ""bcpp_rating_conc_board_limit"",
    ""PARENT_ENTITY"".""bcpp_rating_conc_board_limit"" AS ""bcpp_rating_conc_board_limit__dim_cr_exp_legal_entity1_"",
    ""SPONSOR_ENTITY"".""bcpp_rating_conc_board_limit"" AS ""bcpp_rating_conc_board_limit__dim_cr_exp_legal_entity2_"",
    ""CHILD_ENTITY"".""bcpp_sector_conc_board_limit"" AS ""bcpp_sector_conc_board_limit"",
    ""PARENT_ENTITY"".""bcpp_sector_conc_board_limit"" AS ""bcpp_sector_conc_board_limit__dim_cr_exp_legal_entity1_"",
    ""SPONSOR_ENTITY"".""bcpp_sector_conc_board_limit"" AS ""bcpp_sector_conc_board_limit__dim_cr_exp_legal_entity2_"",
    ""CHILD_ENTITY"".""bcpp_single_name_board_limit"" AS ""bcpp_single_name_board_limit"",
    ""PARENT_ENTITY"".""bcpp_single_name_board_limit"" AS ""bcpp_single_name_board_limit__dim_cr_exp_legal_entity1_"",
    ""SPONSOR_ENTITY"".""bcpp_single_name_board_limit"" AS ""bcpp_single_name_board_limit__dim_cr_exp_legal_entity2_"",
    ""fact_cr_exposure"".""bcpp_st_exposure"" AS ""bcpp_st_exposure"",
    ""fact_cr_exposure"".""business_date"" AS ""business_date"",
    ""dim_chron"".""business_date"" AS ""business_date__dim_chron_"",
    ""PARENT_ENTITY"".""business_date"" AS ""business_date__dim_cr_exp_legal_entity1_"",
    ""SPONSOR_ENTITY"".""business_date"" AS ""business_date__dim_cr_exp_legal_entity2_"",
    ""CHILD_ENTITY"".""business_date"" AS ""business_date__dim_cr_exp_legal_entity_"",
    ""dim_cr_exp_pos_inst"".""business_date"" AS ""business_date__dim_cr_exp_pos_inst_"",
    ""fact_fx_rate"".""business_date"" AS ""business_date__fact_fx_rate_"",
    ""mv_dim_hierarchy_node_risk"".""business_date"" AS ""business_date__mv_dim_hierarchy_node_risk_"",
    ""ref_country_domicile"".""business_date"" AS ""business_date__ref_country1_"",
    ""ref_country"".""business_date"" AS ""business_date__ref_country_"",
    ""dim_chron"".""canonical_source"" AS ""canonical_source"",
    ""fact_cr_exposure"".""chron_id"" AS ""chron_id"",
    ""dim_chron"".""chron_id"" AS ""chron_id__dim_chron_"",
    ""PARENT_ENTITY"".""chron_id"" AS ""chron_id__dim_cr_exp_legal_entity1_"",
    ""SPONSOR_ENTITY"".""chron_id"" AS ""chron_id__dim_cr_exp_legal_entity2_"",
    ""CHILD_ENTITY"".""chron_id"" AS ""chron_id__dim_cr_exp_legal_entity_"",
    ""dim_cr_exp_pos_inst"".""chron_id"" AS ""chron_id__dim_cr_exp_pos_inst_"",
    ""fact_fx_rate"".""chron_id"" AS ""chron_id__fact_fx_rate_"",
    ""mv_dim_hierarchy_node_risk"".""chron_id"" AS ""chron_id__mv_dim_hierarchy_node_risk_"",
    ""ref_country_domicile"".""chron_id"" AS ""chron_id__ref_country1_"",
    ""ref_country"".""chron_id"" AS ""chron_id__ref_country_"",
    ""dim_chron"".""chron_status"" AS ""chron_status"",
    ""dim_chron"".""chron_timestamp"" AS ""chron_timestamp"",
    ""dim_chron"".""chron_type"" AS ""chron_type"",
    ""fact_cr_exposure"".""cost_value_base_cur"" AS ""cost_value_base_cur"",
    ""fact_cr_exposure"".""cost_value_local_cur"" AS ""cost_value_local_cur"",
    ""CHILD_ENTITY"".""country_der_limit"" AS ""country_der_limit"",
    ""PARENT_ENTITY"".""country_der_limit"" AS ""country_der_limit__dim_cr_exp_legal_entity1_"",
    ""SPONSOR_ENTITY"".""country_der_limit"" AS ""country_der_limit__dim_cr_exp_legal_entity2_"",
    ""CHILD_ENTITY"".""country_der_repo_limit"" AS ""country_der_repo_limit"",
    ""PARENT_ENTITY"".""country_der_repo_limit"" AS ""country_der_repo_limit__dim_cr_exp_legal_entity1_"",
    ""SPONSOR_ENTITY"".""country_der_repo_limit"" AS ""country_der_repo_limit__dim_cr_exp_legal_entity2_"",
    ""CHILD_ENTITY"".""country_lt_cash_pb_limit"" AS ""country_lt_cash_pb_limit"",
    ""PARENT_ENTITY"".""country_lt_cash_pb_limit"" AS ""country_lt_cash_pb_limit__dim_cr_exp_legal_entity1_"",
    ""SPONSOR_ENTITY"".""country_lt_cash_pb_limit"" AS ""country_lt_cash_pb_limit__dim_cr_exp_legal_entity2_"",
    ""CHILD_ENTITY"".""country_mt_cash_pb_limit"" AS ""country_mt_cash_pb_limit"",
    ""PARENT_ENTITY"".""country_mt_cash_pb_limit"" AS ""country_mt_cash_pb_limit__dim_cr_exp_legal_entity1_"",
    ""SPONSOR_ENTITY"".""country_mt_cash_pb_limit"" AS ""country_mt_cash_pb_limit__dim_cr_exp_legal_entity2_"",
    ""CHILD_ENTITY"".""country_repo_limit"" AS ""country_repo_limit"",
    ""PARENT_ENTITY"".""country_repo_limit"" AS ""country_repo_limit__dim_cr_exp_legal_entity1_"",
    ""SPONSOR_ENTITY"".""country_repo_limit"" AS ""country_repo_limit__dim_cr_exp_legal_entity2_"",
    ""CHILD_ENTITY"".""country_st_cash_pb_limit"" AS ""country_st_cash_pb_limit"",
    ""PARENT_ENTITY"".""country_st_cash_pb_limit"" AS ""country_st_cash_pb_limit__dim_cr_exp_legal_entity1_"",
    ""SPONSOR_ENTITY"".""country_st_cash_pb_limit"" AS ""country_st_cash_pb_limit__dim_cr_exp_legal_entity2_"",
    ""SPONSOR_ENTITY"".""cppib_party_id"" AS ""cppib_party_id"",
    ""PARENT_ENTITY"".""cppib_party_id"" AS ""cppib_party_id__dim_cr_exp_legal_entity1_"",
    ""CHILD_ENTITY"".""cppib_party_id"" AS ""cppib_party_id__dim_cr_exp_legal_entity_"",
    ""fact_fx_rate"".""cppib_security_id"" AS ""cppib_security_id"",
    ""dim_chron"".""cr_exp_ready"" AS ""cr_exp_ready"",
    ""fact_cr_exposure"".""credit_exposure"" AS ""credit_exposure"",
    ""dim_cr_exp_pos_inst"".""currency"" AS ""currency"",
    ""dim_cr_exp_pos_inst"".""cusip"" AS ""cusip"",
    ""dim_cr_exp_pos_inst"".""days_to_maturity"" AS ""days_to_maturity"",
    ""CHILD_ENTITY"".""der_fi_limit"" AS ""der_fi_limit"",
    ""PARENT_ENTITY"".""der_fi_limit"" AS ""der_fi_limit__dim_cr_exp_legal_entity1_"",
    ""SPONSOR_ENTITY"".""der_fi_limit"" AS ""der_fi_limit__dim_cr_exp_legal_entity2_"",
    ""CHILD_ENTITY"".""der_repo_fi_limit"" AS ""der_repo_fi_limit"",
    ""PARENT_ENTITY"".""der_repo_fi_limit"" AS ""der_repo_fi_limit__dim_cr_exp_legal_entity1_"",
    ""SPONSOR_ENTITY"".""der_repo_fi_limit"" AS ""der_repo_fi_limit__dim_cr_exp_legal_entity2_"",
    ""fact_fx_rate"".""derived_from"" AS ""derived_from"",
    ""fact_cr_exposure"".""dim_cr_exp_legal_entity_id"" AS ""dim_cr_exp_legal_entity_id"",
    ""PARENT_ENTITY"".""dim_cr_exp_legal_entity_id"" AS ""dim_cr_exp_legal_entity_id__dim_cr_exp_legal_entity1_"",
    ""SPONSOR_ENTITY"".""dim_cr_exp_legal_entity_id"" AS ""dim_cr_exp_legal_entity_id__dim_cr_exp_legal_entity2_"",
    ""CHILD_ENTITY"".""dim_cr_exp_legal_entity_id"" AS ""dim_cr_exp_legal_entity_id__dim_cr_exp_legal_entity_"",
    ""fact_cr_exposure"".""dim_cr_exp_pos_inst_id"" AS ""dim_cr_exp_pos_inst_id"",
    ""dim_cr_exp_pos_inst"".""dim_cr_exp_pos_inst_id"" AS ""dim_cr_exp_pos_inst_id__dim_cr_exp_pos_inst_"",
    ""mv_dim_hierarchy_node_risk"".""dim_hierarchy_node_id"" AS ""dim_hierarchy_node_id"",
    ""SPONSOR_ENTITY"".""domicile_country_code"" AS ""domicile_country_code"",
    ""PARENT_ENTITY"".""domicile_country_code"" AS ""domicile_country_code__dim_cr_exp_legal_entity1_"",
    ""CHILD_ENTITY"".""domicile_country_code"" AS ""domicile_country_code__dim_cr_exp_legal_entity_"",
    ""CHILD_ENTITY"".""domicile_region"" AS ""domicile_region"",
    ""PARENT_ENTITY"".""domicile_region"" AS ""domicile_region__dim_cr_exp_legal_entity1_"",
    ""SPONSOR_ENTITY"".""domicile_region"" AS ""domicile_region__dim_cr_exp_legal_entity2_"",
    ""fact_cr_exposure"".""fact_cr_exposure_id"" AS ""fact_cr_exposure_id"",
    ""fact_fx_rate"".""fact_fx_rate_id"" AS ""fact_fx_rate_id"",
    ""CHILD_ENTITY"".""fi_sublimit"" AS ""fi_sublimit"",
    ""PARENT_ENTITY"".""fi_sublimit"" AS ""fi_sublimit__dim_cr_exp_legal_entity1_"",
    ""SPONSOR_ENTITY"".""fi_sublimit"" AS ""fi_sublimit__dim_cr_exp_legal_entity2_"",
    ""fact_fx_rate"".""from_currency"" AS ""from_currency"",
    ""SPONSOR_ENTITY"".""gics_sector"" AS ""gics_sector"",
    ""PARENT_ENTITY"".""gics_sector"" AS ""gics_sector__dim_cr_exp_legal_entity1_"",
    ""CHILD_ENTITY"".""gics_sector"" AS ""gics_sector__dim_cr_exp_legal_entity_"",
    ""dim_cr_exp_pos_inst"".""if_hierarchy_l0"" AS ""if_hierarchy_l0"",
    ""dim_cr_exp_pos_inst"".""if_hierarchy_l1"" AS ""if_hierarchy_l1"",
    ""dim_cr_exp_pos_inst"".""if_hierarchy_l2"" AS ""if_hierarchy_l2"",
    ""dim_cr_exp_pos_inst"".""if_hierarchy_l3"" AS ""if_hierarchy_l3"",
    ""dim_cr_exp_pos_inst"".""if_hierarchy_l4"" AS ""if_hierarchy_l4"",
    ""dim_cr_exp_pos_inst"".""if_hierarchy_l5"" AS ""if_hierarchy_l5"",
    ""dim_cr_exp_pos_inst"".""if_hierarchy_l6"" AS ""if_hierarchy_l6"",
    ""dim_cr_exp_pos_inst"".""if_hierarchy_l7"" AS ""if_hierarchy_l7"",
    ""dim_cr_exp_pos_inst"".""inst_rtg_custom_override"" AS ""inst_rtg_custom_override"",
    ""dim_cr_exp_pos_inst"".""inst_rtg_dbrs_std"" AS ""inst_rtg_dbrs_std"",
    ""dim_cr_exp_pos_inst"".""inst_rtg_final_rating"" AS ""inst_rtg_final_rating"",
    ""dim_cr_exp_pos_inst"".""inst_rtg_final_rating_source"" AS ""inst_rtg_final_rating_source"",
    ""dim_cr_exp_pos_inst"".""inst_rtg_fitch_lt"" AS ""inst_rtg_fitch_lt"",
    ""dim_cr_exp_pos_inst"".""inst_rtg_fitch_st"" AS ""inst_rtg_fitch_st"",
    ""dim_cr_exp_pos_inst"".""inst_rtg_internal"" AS ""inst_rtg_internal"",
    ""dim_cr_exp_pos_inst"".""inst_rtg_moody_lt"" AS ""inst_rtg_moody_lt"",
    ""dim_cr_exp_pos_inst"".""inst_rtg_moody_st"" AS ""inst_rtg_moody_st"",
    ""dim_cr_exp_pos_inst"".""inst_rtg_sp_lt"" AS ""inst_rtg_sp_lt"",
    ""dim_cr_exp_pos_inst"".""inst_rtg_sp_st"" AS ""inst_rtg_sp_st"",
    ""fact_fx_rate"".""inv_quoted_flag"" AS ""inv_quoted_flag"",
    ""dim_cr_exp_pos_inst"".""investment_department"" AS ""investment_department"",
    ""mv_dim_hierarchy_node_risk"".""investment_dept"" AS ""investment_dept"",
    ""dim_cr_exp_pos_inst"".""investment_program"" AS ""investment_program"",
    ""mv_dim_hierarchy_node_risk"".""investment_strat"" AS ""investment_strat"",
    ""dim_cr_exp_pos_inst"".""investment_strategy"" AS ""investment_strategy"",
    ""dim_cr_exp_pos_inst"".""investment_subprogram"" AS ""investment_subprogram"",
    ""CHILD_ENTITY"".""is_fi"" AS ""is_fi"",
    ""PARENT_ENTITY"".""is_fi"" AS ""is_fi__dim_cr_exp_legal_entity1_"",
    ""SPONSOR_ENTITY"".""is_fi"" AS ""is_fi__dim_cr_exp_legal_entity2_"",
    ""CHILD_ENTITY"".""is_government"" AS ""is_government"",
    ""PARENT_ENTITY"".""is_government"" AS ""is_government__dim_cr_exp_legal_entity1_"",
    ""SPONSOR_ENTITY"".""is_government"" AS ""is_government__dim_cr_exp_legal_entity2_"",
    ""dim_cr_exp_pos_inst"".""is_pos_fi"" AS ""is_pos_fi"",
    ""CHILD_ENTITY"".""is_provincial"" AS ""is_provincial"",
    ""PARENT_ENTITY"".""is_provincial"" AS ""is_provincial__dim_cr_exp_legal_entity1_"",
    ""SPONSOR_ENTITY"".""is_provincial"" AS ""is_provincial__dim_cr_exp_legal_entity2_"",
    ""fact_cr_exposure"".""is_user_data"" AS ""is_user_data"",
    ""dim_cr_exp_pos_inst"".""isin"" AS ""isin"",
    ""CHILD_ENTITY"".""isrc_total_fi_limit"" AS ""isrc_total_fi_limit"",
    ""PARENT_ENTITY"".""isrc_total_fi_limit"" AS ""isrc_total_fi_limit__dim_cr_exp_legal_entity1_"",
    ""SPONSOR_ENTITY"".""isrc_total_fi_limit"" AS ""isrc_total_fi_limit__dim_cr_exp_legal_entity2_"",
    ""dim_cr_exp_pos_inst"".""issue_date"" AS ""issue_date"",
    ""CHILD_ENTITY"".""limit_region"" AS ""limit_region"",
    ""PARENT_ENTITY"".""limit_region"" AS ""limit_region__dim_cr_exp_legal_entity1_"",
    ""SPONSOR_ENTITY"".""limit_region"" AS ""limit_region__dim_cr_exp_legal_entity2_"",
    ""CHILD_ENTITY"".""lt_cash_pb_fi_limit"" AS ""lt_cash_pb_fi_limit"",
    ""PARENT_ENTITY"".""lt_cash_pb_fi_limit"" AS ""lt_cash_pb_fi_limit__dim_cr_exp_legal_entity1_"",
    ""SPONSOR_ENTITY"".""lt_cash_pb_fi_limit"" AS ""lt_cash_pb_fi_limit__dim_cr_exp_legal_entity2_"",
    ""fact_cr_exposure"".""lt_exposure"" AS ""lt_exposure"",
    ""CHILD_ENTITY"".""lt_fi_sublimit"" AS ""lt_fi_sublimit"",
    ""PARENT_ENTITY"".""lt_fi_sublimit"" AS ""lt_fi_sublimit__dim_cr_exp_legal_entity1_"",
    ""SPONSOR_ENTITY"".""lt_fi_sublimit"" AS ""lt_fi_sublimit__dim_cr_exp_legal_entity2_"",
    ""dim_cr_exp_pos_inst"".""maturity_bucket"" AS ""maturity_bucket"",
    ""dim_cr_exp_pos_inst"".""maturity_date"" AS ""maturity_date"",
    ""dim_cr_exp_pos_inst"".""maturity_settl_date"" AS ""maturity_settl_date"",
    ""fact_fx_rate"".""mid_val"" AS ""mid_val"",
    ""dim_cr_exp_pos_inst"".""model_portfolio"" AS ""model_portfolio"",
    ""mv_dim_hierarchy_node_risk"".""model_portfolio"" AS ""model_portfolio__mv_dim_hierarchy_node_risk_"",
    ""CHILD_ENTITY"".""mt_cash_pb_fi_limit"" AS ""mt_cash_pb_fi_limit"",
    ""PARENT_ENTITY"".""mt_cash_pb_fi_limit"" AS ""mt_cash_pb_fi_limit__dim_cr_exp_legal_entity1_"",
    ""SPONSOR_ENTITY"".""mt_cash_pb_fi_limit"" AS ""mt_cash_pb_fi_limit__dim_cr_exp_legal_entity2_"",
    ""fact_cr_exposure"".""mt_exposure"" AS ""mt_exposure"",
    ""CHILD_ENTITY"".""mt_fi_sublimit"" AS ""mt_fi_sublimit"",
    ""PARENT_ENTITY"".""mt_fi_sublimit"" AS ""mt_fi_sublimit__dim_cr_exp_legal_entity1_"",
    ""SPONSOR_ENTITY"".""mt_fi_sublimit"" AS ""mt_fi_sublimit__dim_cr_exp_legal_entity2_"",
    ""ref_country"".""name"" AS ""name"",
    ""ref_country_domicile"".""name"" AS ""name__ref_country1_"",
    ""mv_dim_hierarchy_node_risk"".""node_level"" AS ""node_level"",
    ""mv_dim_hierarchy_node_risk"".""node_name"" AS ""node_name"",
    ""fact_cr_exposure"".""notional_base_cur"" AS ""notional_base_cur"",
    ""fact_cr_exposure"".""notional_local_cur"" AS ""notional_local_cur"",
    ""ref_country"".""numeric_code"" AS ""numeric_code"",
    ""ref_country_domicile"".""numeric_code"" AS ""numeric_code__ref_country1_"",
    ""fact_cr_exposure"".""par_amount"" AS ""par_amount"",
    ""mv_dim_hierarchy_node_risk"".""parent_node_id"" AS ""parent_node_id"",
    ""SPONSOR_ENTITY"".""party_name"" AS ""party_name"",
    ""PARENT_ENTITY"".""party_name"" AS ""party_name__dim_cr_exp_legal_entity1_"",
    ""CHILD_ENTITY"".""party_name"" AS ""party_name__dim_cr_exp_legal_entity_"",
    ""dim_cr_exp_pos_inst"".""position_data_source"" AS ""position_data_source"",
    ""dim_cr_exp_pos_inst"".""position_description"" AS ""position_description"",
    ""dim_cr_exp_pos_inst"".""position_name"" AS ""position_name"",
    ""fact_fx_rate"".""price_source_code"" AS ""price_source_code"",
    ""dim_cr_exp_pos_inst"".""product_group"" AS ""product_group"",
    ""dim_cr_exp_pos_inst"".""product_type"" AS ""product_type"",
    ""mv_dim_hierarchy_node_risk"".""program"" AS ""program"",
    ""dim_chron"".""publish_reports"" AS ""publish_reports"",
    ""fact_cr_exposure"".""pv_base_cur"" AS ""pv_base_cur"",
    ""fact_cr_exposure"".""pv_local_cur"" AS ""pv_local_cur"",
    ""fact_fx_rate"".""rate_date"" AS ""rate_date"",
    ""fact_fx_rate"".""rate_type"" AS ""rate_type"",
    ""CHILD_ENTITY"".""rating_conc_board_group"" AS ""rating_conc_board_group"",
    ""PARENT_ENTITY"".""rating_conc_board_group"" AS ""rating_conc_board_group__dim_cr_exp_legal_entity1_"",
    ""SPONSOR_ENTITY"".""rating_conc_board_group"" AS ""rating_conc_board_group__dim_cr_exp_legal_entity2_"",
    ""CHILD_ENTITY"".""rating_conc_board_limit"" AS ""rating_conc_board_limit"",
    ""PARENT_ENTITY"".""rating_conc_board_limit"" AS ""rating_conc_board_limit__dim_cr_exp_legal_entity1_"",
    ""SPONSOR_ENTITY"".""rating_conc_board_limit"" AS ""rating_conc_board_limit__dim_cr_exp_legal_entity2_"",
    ""CHILD_ENTITY"".""region_der_limit"" AS ""region_der_limit"",
    ""PARENT_ENTITY"".""region_der_limit"" AS ""region_der_limit__dim_cr_exp_legal_entity1_"",
    ""SPONSOR_ENTITY"".""region_der_limit"" AS ""region_der_limit__dim_cr_exp_legal_entity2_"",
    ""CHILD_ENTITY"".""region_der_repo_limit"" AS ""region_der_repo_limit"",
    ""PARENT_ENTITY"".""region_der_repo_limit"" AS ""region_der_repo_limit__dim_cr_exp_legal_entity1_"",
    ""SPONSOR_ENTITY"".""region_der_repo_limit"" AS ""region_der_repo_limit__dim_cr_exp_legal_entity2_"",
    ""CHILD_ENTITY"".""region_fi_limit"" AS ""region_fi_limit"",
    ""PARENT_ENTITY"".""region_fi_limit"" AS ""region_fi_limit__dim_cr_exp_legal_entity1_"",
    ""SPONSOR_ENTITY"".""region_fi_limit"" AS ""region_fi_limit__dim_cr_exp_legal_entity2_"",
    ""CHILD_ENTITY"".""region_lt_cash_pb_limit"" AS ""region_lt_cash_pb_limit"",
    ""PARENT_ENTITY"".""region_lt_cash_pb_limit"" AS ""region_lt_cash_pb_limit__dim_cr_exp_legal_entity1_"",
    ""SPONSOR_ENTITY"".""region_lt_cash_pb_limit"" AS ""region_lt_cash_pb_limit__dim_cr_exp_legal_entity2_"",
    ""CHILD_ENTITY"".""region_lt_fi_limit"" AS ""region_lt_fi_limit"",
    ""PARENT_ENTITY"".""region_lt_fi_limit"" AS ""region_lt_fi_limit__dim_cr_exp_legal_entity1_"",
    ""SPONSOR_ENTITY"".""region_lt_fi_limit"" AS ""region_lt_fi_limit__dim_cr_exp_legal_entity2_"",
    ""CHILD_ENTITY"".""region_mt_cash_pb_limit"" AS ""region_mt_cash_pb_limit"",
    ""PARENT_ENTITY"".""region_mt_cash_pb_limit"" AS ""region_mt_cash_pb_limit__dim_cr_exp_legal_entity1_"",
    ""SPONSOR_ENTITY"".""region_mt_cash_pb_limit"" AS ""region_mt_cash_pb_limit__dim_cr_exp_legal_entity2_"",
    ""CHILD_ENTITY"".""region_mt_fi_limit"" AS ""region_mt_fi_limit"",
    ""PARENT_ENTITY"".""region_mt_fi_limit"" AS ""region_mt_fi_limit__dim_cr_exp_legal_entity1_"",
    ""SPONSOR_ENTITY"".""region_mt_fi_limit"" AS ""region_mt_fi_limit__dim_cr_exp_legal_entity2_"",
    ""CHILD_ENTITY"".""region_repo_limit"" AS ""region_repo_limit"",
    ""PARENT_ENTITY"".""region_repo_limit"" AS ""region_repo_limit__dim_cr_exp_legal_entity1_"",
    ""SPONSOR_ENTITY"".""region_repo_limit"" AS ""region_repo_limit__dim_cr_exp_legal_entity2_"",
    ""CHILD_ENTITY"".""region_st_cash_pb_limit"" AS ""region_st_cash_pb_limit"",
    ""PARENT_ENTITY"".""region_st_cash_pb_limit"" AS ""region_st_cash_pb_limit__dim_cr_exp_legal_entity1_"",
    ""SPONSOR_ENTITY"".""region_st_cash_pb_limit"" AS ""region_st_cash_pb_limit__dim_cr_exp_legal_entity2_"",
    ""CHILD_ENTITY"".""region_st_fi_limit"" AS ""region_st_fi_limit"",
    ""PARENT_ENTITY"".""region_st_fi_limit"" AS ""region_st_fi_limit__dim_cr_exp_legal_entity1_"",
    ""SPONSOR_ENTITY"".""region_st_fi_limit"" AS ""region_st_fi_limit__dim_cr_exp_legal_entity2_"",
    ""CHILD_ENTITY"".""repo_fi_limit"" AS ""repo_fi_limit"",
    ""PARENT_ENTITY"".""repo_fi_limit"" AS ""repo_fi_limit__dim_cr_exp_legal_entity1_"",
    ""SPONSOR_ENTITY"".""repo_fi_limit"" AS ""repo_fi_limit__dim_cr_exp_legal_entity2_"",
    ""CHILD_ENTITY"".""rtg_cust_override"" AS ""rtg_cust_override"",
    ""PARENT_ENTITY"".""rtg_cust_override"" AS ""rtg_cust_override__dim_cr_exp_legal_entity1_"",
    ""SPONSOR_ENTITY"".""rtg_cust_override"" AS ""rtg_cust_override__dim_cr_exp_legal_entity2_"",
    ""CHILD_ENTITY"".""rtg_dbrs_lt"" AS ""rtg_dbrs_lt"",
    ""PARENT_ENTITY"".""rtg_dbrs_lt"" AS ""rtg_dbrs_lt__dim_cr_exp_legal_entity1_"",
    ""SPONSOR_ENTITY"".""rtg_dbrs_lt"" AS ""rtg_dbrs_lt__dim_cr_exp_legal_entity2_"",
    ""CHILD_ENTITY"".""rtg_dbrs_st"" AS ""rtg_dbrs_st"",
    ""PARENT_ENTITY"".""rtg_dbrs_st"" AS ""rtg_dbrs_st__dim_cr_exp_legal_entity1_"",
    ""SPONSOR_ENTITY"".""rtg_dbrs_st"" AS ""rtg_dbrs_st__dim_cr_exp_legal_entity2_"",
    ""CHILD_ENTITY"".""rtg_final"" AS ""rtg_final"",
    ""PARENT_ENTITY"".""rtg_final"" AS ""rtg_final__dim_cr_exp_legal_entity1_"",
    ""SPONSOR_ENTITY"".""rtg_final"" AS ""rtg_final__dim_cr_exp_legal_entity2_"",
    ""CHILD_ENTITY"".""rtg_fitch_lt"" AS ""rtg_fitch_lt"",
    ""PARENT_ENTITY"".""rtg_fitch_lt"" AS ""rtg_fitch_lt__dim_cr_exp_legal_entity1_"",
    ""SPONSOR_ENTITY"".""rtg_fitch_lt"" AS ""rtg_fitch_lt__dim_cr_exp_legal_entity2_"",
    ""CHILD_ENTITY"".""rtg_fitch_st"" AS ""rtg_fitch_st"",
    ""PARENT_ENTITY"".""rtg_fitch_st"" AS ""rtg_fitch_st__dim_cr_exp_legal_entity1_"",
    ""SPONSOR_ENTITY"".""rtg_fitch_st"" AS ""rtg_fitch_st__dim_cr_exp_legal_entity2_"",
    ""CHILD_ENTITY"".""rtg_internal"" AS ""rtg_internal"",
    ""PARENT_ENTITY"".""rtg_internal"" AS ""rtg_internal__dim_cr_exp_legal_entity1_"",
    ""SPONSOR_ENTITY"".""rtg_internal"" AS ""rtg_internal__dim_cr_exp_legal_entity2_"",
    ""CHILD_ENTITY"".""rtg_moody_lt"" AS ""rtg_moody_lt"",
    ""PARENT_ENTITY"".""rtg_moody_lt"" AS ""rtg_moody_lt__dim_cr_exp_legal_entity1_"",
    ""SPONSOR_ENTITY"".""rtg_moody_lt"" AS ""rtg_moody_lt__dim_cr_exp_legal_entity2_"",
    ""CHILD_ENTITY"".""rtg_moody_st"" AS ""rtg_moody_st"",
    ""PARENT_ENTITY"".""rtg_moody_st"" AS ""rtg_moody_st__dim_cr_exp_legal_entity1_"",
    ""SPONSOR_ENTITY"".""rtg_moody_st"" AS ""rtg_moody_st__dim_cr_exp_legal_entity2_"",
    ""CHILD_ENTITY"".""rtg_outlook"" AS ""rtg_outlook"",
    ""PARENT_ENTITY"".""rtg_outlook"" AS ""rtg_outlook__dim_cr_exp_legal_entity1_"",
    ""SPONSOR_ENTITY"".""rtg_outlook"" AS ""rtg_outlook__dim_cr_exp_legal_entity2_"",
    ""CHILD_ENTITY"".""rtg_sp_lt"" AS ""rtg_sp_lt"",
    ""PARENT_ENTITY"".""rtg_sp_lt"" AS ""rtg_sp_lt__dim_cr_exp_legal_entity1_"",
    ""SPONSOR_ENTITY"".""rtg_sp_lt"" AS ""rtg_sp_lt__dim_cr_exp_legal_entity2_"",
    ""CHILD_ENTITY"".""rtg_sp_st"" AS ""rtg_sp_st"",
    ""PARENT_ENTITY"".""rtg_sp_st"" AS ""rtg_sp_st__dim_cr_exp_legal_entity1_"",
    ""SPONSOR_ENTITY"".""rtg_sp_st"" AS ""rtg_sp_st__dim_cr_exp_legal_entity2_"",
    ""dim_chron"".""run_business_date"" AS ""run_business_date"",
    ""fact_cr_exposure"".""run_id"" AS ""run_id"",
    ""dim_chron"".""run_id"" AS ""run_id__dim_chron_"",
    ""PARENT_ENTITY"".""run_id"" AS ""run_id__dim_cr_exp_legal_entity1_"",
    ""SPONSOR_ENTITY"".""run_id"" AS ""run_id__dim_cr_exp_legal_entity2_"",
    ""CHILD_ENTITY"".""run_id"" AS ""run_id__dim_cr_exp_legal_entity_"",
    ""dim_cr_exp_pos_inst"".""run_id"" AS ""run_id__dim_cr_exp_pos_inst_"",
    ""fact_fx_rate"".""run_id"" AS ""run_id__fact_fx_rate_"",
    ""mv_dim_hierarchy_node_risk"".""run_id"" AS ""run_id__mv_dim_hierarchy_node_risk_"",
    ""ref_country_domicile"".""run_id"" AS ""run_id__ref_country1_"",
    ""ref_country"".""run_id"" AS ""run_id__ref_country_"",
    ""fact_cr_exposure"".""run_type"" AS ""run_type"",
    ""dim_chron"".""run_type"" AS ""run_type__dim_chron_"",
    ""PARENT_ENTITY"".""run_type"" AS ""run_type__dim_cr_exp_legal_entity1_"",
    ""SPONSOR_ENTITY"".""run_type"" AS ""run_type__dim_cr_exp_legal_entity2_"",
    ""CHILD_ENTITY"".""run_type"" AS ""run_type__dim_cr_exp_legal_entity_"",
    ""dim_cr_exp_pos_inst"".""run_type"" AS ""run_type__dim_cr_exp_pos_inst_"",
    ""fact_fx_rate"".""run_type"" AS ""run_type__fact_fx_rate_"",
    ""mv_dim_hierarchy_node_risk"".""run_type"" AS ""run_type__mv_dim_hierarchy_node_risk_"",
    ""ref_country_domicile"".""run_type"" AS ""run_type__ref_country1_"",
    ""ref_country"".""run_type"" AS ""run_type__ref_country_"",
    ""CHILD_ENTITY"".""sector_conc_board_limit"" AS ""sector_conc_board_limit"",
    ""PARENT_ENTITY"".""sector_conc_board_limit"" AS ""sector_conc_board_limit__dim_cr_exp_legal_entity1_"",
    ""SPONSOR_ENTITY"".""sector_conc_board_limit"" AS ""sector_conc_board_limit__dim_cr_exp_legal_entity2_"",
    ""fact_fx_rate"".""settlement_date"" AS ""settlement_date"",
    ""CHILD_ENTITY"".""single_name_board_limit"" AS ""single_name_board_limit"",
    ""PARENT_ENTITY"".""single_name_board_limit"" AS ""single_name_board_limit__dim_cr_exp_legal_entity1_"",
    ""SPONSOR_ENTITY"".""single_name_board_limit"" AS ""single_name_board_limit__dim_cr_exp_legal_entity2_"",
    ""CHILD_ENTITY"".""smd_total_fi_limit"" AS ""smd_total_fi_limit"",
    ""PARENT_ENTITY"".""smd_total_fi_limit"" AS ""smd_total_fi_limit__dim_cr_exp_legal_entity1_"",
    ""SPONSOR_ENTITY"".""smd_total_fi_limit"" AS ""smd_total_fi_limit__dim_cr_exp_legal_entity2_"",
    ""dim_chron"".""source_business_date"" AS ""source_business_date"",
    ""dim_cr_exp_pos_inst"".""source_pos_key"" AS ""source_pos_key"",
    ""CHILD_ENTITY"".""sovr_country_outlook"" AS ""sovr_country_outlook"",
    ""PARENT_ENTITY"".""sovr_country_outlook"" AS ""sovr_country_outlook__dim_cr_exp_legal_entity1_"",
    ""SPONSOR_ENTITY"".""sovr_country_outlook"" AS ""sovr_country_outlook__dim_cr_exp_legal_entity2_"",
    ""CHILD_ENTITY"".""sovr_country_rating"" AS ""sovr_country_rating"",
    ""PARENT_ENTITY"".""sovr_country_rating"" AS ""sovr_country_rating__dim_cr_exp_legal_entity1_"",
    ""SPONSOR_ENTITY"".""sovr_country_rating"" AS ""sovr_country_rating__dim_cr_exp_legal_entity2_"",
    ""CHILD_ENTITY"".""sovr_fi_limit"" AS ""sovr_fi_limit"",
    ""PARENT_ENTITY"".""sovr_fi_limit"" AS ""sovr_fi_limit__dim_cr_exp_legal_entity1_"",
    ""SPONSOR_ENTITY"".""sovr_fi_limit"" AS ""sovr_fi_limit__dim_cr_exp_legal_entity2_"",
    ""CHILD_ENTITY"".""sovr_lt_fi_limit"" AS ""sovr_lt_fi_limit"",
    ""PARENT_ENTITY"".""sovr_lt_fi_limit"" AS ""sovr_lt_fi_limit__dim_cr_exp_legal_entity1_"",
    ""SPONSOR_ENTITY"".""sovr_lt_fi_limit"" AS ""sovr_lt_fi_limit__dim_cr_exp_legal_entity2_"",
    ""CHILD_ENTITY"".""sovr_mt_fi_limit"" AS ""sovr_mt_fi_limit"",
    ""PARENT_ENTITY"".""sovr_mt_fi_limit"" AS ""sovr_mt_fi_limit__dim_cr_exp_legal_entity1_"",
    ""SPONSOR_ENTITY"".""sovr_mt_fi_limit"" AS ""sovr_mt_fi_limit__dim_cr_exp_legal_entity2_"",
    ""CHILD_ENTITY"".""sovr_st_fi_limit"" AS ""sovr_st_fi_limit"",
    ""PARENT_ENTITY"".""sovr_st_fi_limit"" AS ""sovr_st_fi_limit__dim_cr_exp_legal_entity1_"",
    ""SPONSOR_ENTITY"".""sovr_st_fi_limit"" AS ""sovr_st_fi_limit__dim_cr_exp_legal_entity2_"",
    ""dim_cr_exp_pos_inst"".""ssa_outstanding_prog_balance"" AS ""ssa_outstanding_prog_balance"",
    ""CHILD_ENTITY"".""st_cash_pb_fi_limit"" AS ""st_cash_pb_fi_limit"",
    ""PARENT_ENTITY"".""st_cash_pb_fi_limit"" AS ""st_cash_pb_fi_limit__dim_cr_exp_legal_entity1_"",
    ""SPONSOR_ENTITY"".""st_cash_pb_fi_limit"" AS ""st_cash_pb_fi_limit__dim_cr_exp_legal_entity2_"",
    ""fact_cr_exposure"".""st_exposure"" AS ""st_exposure"",
    ""CHILD_ENTITY"".""st_fi_sublimit"" AS ""st_fi_sublimit"",
    ""PARENT_ENTITY"".""st_fi_sublimit"" AS ""st_fi_sublimit__dim_cr_exp_legal_entity1_"",
    ""SPONSOR_ENTITY"".""st_fi_sublimit"" AS ""st_fi_sublimit__dim_cr_exp_legal_entity2_"",
    ""fact_fx_rate"".""stale"" AS ""stale"",
    ""mv_dim_hierarchy_node_risk"".""sub_program"" AS ""sub_program"",
    ""CHILD_ENTITY"".""tag"" AS ""tag"",
    ""PARENT_ENTITY"".""tag"" AS ""tag__dim_cr_exp_legal_entity1_"",
    ""SPONSOR_ENTITY"".""tag"" AS ""tag__dim_cr_exp_legal_entity2_"",
    ""fact_fx_rate"".""tenor_cd"" AS ""tenor_cd"",
    ""fact_fx_rate"".""ticker"" AS ""ticker"",
    ""fact_fx_rate"".""to_currency"" AS ""to_currency"",
    ""CHILD_ENTITY"".""total_cash_pb_smd_fi_limit"" AS ""total_cash_pb_smd_fi_limit"",
    ""PARENT_ENTITY"".""total_cash_pb_smd_fi_limit"" AS ""total_cash_pb_smd_fi_limit__dim_cr_exp_legal_entity1_"",
    ""SPONSOR_ENTITY"".""total_cash_pb_smd_fi_limit"" AS ""total_cash_pb_smd_fi_limit__dim_cr_exp_legal_entity2_"",
    ""CHILD_ENTITY"".""ulp_dim_cr_exp_legal_entity_id"" AS ""ulp_dim_cr_exp_legal_entity_id"",
    ""PARENT_ENTITY"".""ulp_dim_cr_exp_legal_entity_id"" AS ""ulp_dim_cr_exp_legal_entity_id__dim_cr_exp_legal_entity1_"",
    ""SPONSOR_ENTITY"".""ulp_dim_cr_exp_legal_entity_id"" AS ""ulp_dim_cr_exp_legal_entity_id__dim_cr_exp_legal_entity2_""
  FROM ""radar_reporting_prod"".""fact_cr_exposure"" ""fact_cr_exposure""
    INNER JOIN ""radar_reporting_prod"".""dim_chron"" ""dim_chron"" ON (""fact_cr_exposure"".""chron_id"" = ""dim_chron"".""chron_id"")
    INNER JOIN ""radar_reporting_prod"".""dim_cr_exp_pos_inst"" ""dim_cr_exp_pos_inst"" ON ((""fact_cr_exposure"".""chron_id"" = ""dim_cr_exp_pos_inst"".""chron_id"") AND (""fact_cr_exposure"".""dim_cr_exp_pos_inst_id"" = ""dim_cr_exp_pos_inst"".""dim_cr_exp_pos_inst_id""))
    INNER JOIN ""radar_reporting_prod"".""dim_cr_exp_legal_entity"" ""CHILD_ENTITY"" ON ((""fact_cr_exposure"".""chron_id"" = ""CHILD_ENTITY"".""chron_id"") AND (""fact_cr_exposure"".""dim_cr_exp_legal_entity_id"" = ""CHILD_ENTITY"".""dim_cr_exp_legal_entity_id""))
    LEFT JOIN ""radar_reporting_prod"".""ref_country"" ""ref_country_domicile"" ON ((""CHILD_ENTITY"".""chron_id"" = ""ref_country_domicile"".""business_date"") AND (""CHILD_ENTITY"".""domicile_country_code"" = ""ref_country_domicile"".""alpha_2_code""))
    INNER JOIN ""radar_reporting_prod"".""dim_cr_exp_legal_entity"" ""PARENT_ENTITY"" ON ((""CHILD_ENTITY"".""ulp_dim_cr_exp_legal_entity_id"" = ""PARENT_ENTITY"".""dim_cr_exp_legal_entity_id"") AND (""CHILD_ENTITY"".""chron_id"" = ""PARENT_ENTITY"".""chron_id""))
    LEFT JOIN ""radar_reporting_prod"".""ref_country"" ""ref_country"" ON ((""PARENT_ENTITY"".""chron_id"" = ""ref_country"".""chron_id"") AND (""PARENT_ENTITY"".""domicile_country_code"" = ""ref_country"".""alpha_2_code""))
    LEFT JOIN ""radar_reporting_prod"".""dim_cr_exp_legal_entity"" ""SPONSOR_ENTITY"" ON ((""dim_cr_exp_pos_inst"".""chron_id"" = ""SPONSOR_ENTITY"".""chron_id"") AND (""CHILD_ENTITY"".""abcp_sponsor_id"" = ""SPONSOR_ENTITY"".""cppib_party_id""))
    LEFT JOIN ""radar_reporting_prod"".""fact_fx_rate"" ""fact_fx_rate"" ON ((""dim_cr_exp_pos_inst"".""chron_id"" = ""fact_fx_rate"".""chron_id"") AND (""dim_cr_exp_pos_inst"".""currency"" = ""fact_fx_rate"".""to_currency"")AND (""fact_fx_rate"".rate_type ='SPOT'))
    LEFT JOIN ""radar_reporting_prod"".""mv_dim_hierarchy_node_risk"" ""mv_dim_hierarchy_node_risk"" ON ((""dim_cr_exp_pos_inst"".""chron_id"" = ""mv_dim_hierarchy_node_risk"".""chron_id"") AND (""dim_cr_exp_pos_inst"".""investment_department"" = ""mv_dim_hierarchy_node_risk"".""node_name""))
) ""Custom SQL Query""
HAVING COUNT(1)>0"
e68d0b30d0b315bc58dd97f1cdf3da23bf5b7d2735ced951a34e30d2b15c5b40,"/* cppi::e68d0b30d0b315bc58dd97f1cdf3da23bf5b7d2735ced951a34e30d2b15c5b40 */
SELECT SUM(1) AS ""COL""
FROM (
  SELECT ""fact_cr_exposure"".""abacus_chron_id"" AS ""abacus_chron_id"",
    ""dim_chron"".""abacus_chron_id"" AS ""abacus_chron_id__dim_chron_"",
    ""PARENT_ENTITY"".""abacus_chron_id"" AS ""abacus_chron_id__dim_cr_exp_legal_entity1_"",
    ""SPONSOR_ENTITY"".""abacus_chron_id"" AS ""abacus_chron_id__dim_cr_exp_legal_entity2_"",
    ""CHILD_ENTITY"".""abacus_chron_id"" AS ""abacus_chron_id__dim_cr_exp_legal_entity_"",
    ""dim_cr_exp_pos_inst"".""abacus_chron_id"" AS ""abacus_chron_id__dim_cr_exp_pos_inst_"",
    ""fact_fx_rate"".""abacus_chron_id"" AS ""abacus_chron_id__fact_fx_rate_"",
    ""mv_dim_hierarchy_node_risk"".""abacus_chron_id"" AS ""abacus_chron_id__mv_dim_hierarchy_node_risk_"",
    ""CHILD_ENTITY"".""abcp_limit"" AS ""abcp_limit"",
    ""PARENT_ENTITY"".""abcp_limit"" AS ""abcp_limit__dim_cr_exp_legal_entity1_"",
    ""SPONSOR_ENTITY"".""abcp_limit"" AS ""abcp_limit__dim_cr_exp_legal_entity2_"",
    ""CHILD_ENTITY"".""abcp_outstanding_prog_balance"" AS ""abcp_outstanding_prog_balance"",
    ""PARENT_ENTITY"".""abcp_outstanding_prog_balance"" AS ""abcp_outstanding_prog_balance__dim_cr_exp_legal_entity1_"",
    ""SPONSOR_ENTITY"".""abcp_outstanding_prog_balance"" AS ""abcp_outstanding_prog_balance__dim_cr_exp_legal_entity2_"",
    ""CHILD_ENTITY"".""abcp_sponsor_id"" AS ""abcp_sponsor_id"",
    ""PARENT_ENTITY"".""abcp_sponsor_id"" AS ""abcp_sponsor_id__dim_cr_exp_legal_entity1_"",
    ""SPONSOR_ENTITY"".""abcp_sponsor_id"" AS ""abcp_sponsor_id__dim_cr_exp_legal_entity2_"",
    ""fact_cr_exposure"".""acpp_credit_exposure"" AS ""acpp_credit_exposure"",
    ""fact_cr_exposure"".""acpp_lt_exposure"" AS ""acpp_lt_exposure"",
    ""fact_cr_exposure"".""acpp_mt_exposure"" AS ""acpp_mt_exposure"",
    ""CHILD_ENTITY"".""acpp_rating_conc_board_limit"" AS ""acpp_rating_conc_board_limit"",
    ""PARENT_ENTITY"".""acpp_rating_conc_board_limit"" AS ""acpp_rating_conc_board_limit__dim_cr_exp_legal_entity1_"",
    ""SPONSOR_ENTITY"".""acpp_rating_conc_board_limit"" AS ""acpp_rating_conc_board_limit__dim_cr_exp_legal_entity2_"",
    ""CHILD_ENTITY"".""acpp_sector_conc_board_limit"" AS ""acpp_sector_conc_board_limit"",
    ""PARENT_ENTITY"".""acpp_sector_conc_board_limit"" AS ""acpp_sector_conc_board_limit__dim_cr_exp_legal_entity1_"",
    ""SPONSOR_ENTITY"".""acpp_sector_conc_board_limit"" AS ""acpp_sector_conc_board_limit__dim_cr_exp_legal_entity2_"",
    ""CHILD_ENTITY"".""acpp_single_name_board_limit"" AS ""acpp_single_name_board_limit"",
    ""PARENT_ENTITY"".""acpp_single_name_board_limit"" AS ""acpp_single_name_board_limit__dim_cr_exp_legal_entity1_"",
    ""SPONSOR_ENTITY"".""acpp_single_name_board_limit"" AS ""acpp_single_name_board_limit__dim_cr_exp_legal_entity2_"",
    ""fact_cr_exposure"".""acpp_st_exposure"" AS ""acpp_st_exposure"",
    ""ref_country"".""alpha_2_code"" AS ""alpha_2_code"",
    ""ref_country_domicile"".""alpha_2_code"" AS ""alpha_2_code__ref_country1_"",
    ""ref_country"".""alpha_3_code"" AS ""alpha_3_code"",
    ""ref_country_domicile"".""alpha_3_code"" AS ""alpha_3_code__ref_country1_"",
    ""fact_cr_exposure"".""bcpp_credit_exposure"" AS ""bcpp_credit_exposure"",
    ""fact_cr_exposure"".""bcpp_lt_exposure"" AS ""bcpp_lt_exposure"",
    ""fact_cr_exposure"".""bcpp_mt_exposure"" AS ""bcpp_mt_exposure"",
    ""CHILD_ENTITY"".""bcpp_rating_conc_board_limit"" AS ""bcpp_rating_conc_board_limit"",
    ""PARENT_ENTITY"".""bcpp_rating_conc_board_limit"" AS ""bcpp_rating_conc_board_limit__dim_cr_exp_legal_entity1_"",
    ""SPONSOR_ENTITY"".""bcpp_rating_conc_board_limit"" AS ""bcpp_rating_conc_board_limit__dim_cr_exp_legal_entity2_"",
    ""CHILD_ENTITY"".""bcpp_sector_conc_board_limit"" AS ""bcpp_sector_conc_board_limit"",
    ""PARENT_ENTITY"".""bcpp_sector_conc_board_limit"" AS ""bcpp_sector_conc_board_limit__dim_cr_exp_legal_entity1_"",
    ""SPONSOR_ENTITY"".""bcpp_sector_conc_board_limit"" AS ""bcpp_sector_conc_board_limit__dim_cr_exp_legal_entity2_"",
    ""CHILD_ENTITY"".""bcpp_single_name_board_limit"" AS ""bcpp_single_name_board_limit"",
    ""PARENT_ENTITY"".""bcpp_single_name_board_limit"" AS ""bcpp_single_name_board_limit__dim_cr_exp_legal_entity1_"",
    ""SPONSOR_ENTITY"".""bcpp_single_name_board_limit"" AS ""bcpp_single_name_board_limit__dim_cr_exp_legal_entity2_"",
    ""fact_cr_exposure"".""bcpp_st_exposure"" AS ""bcpp_st_exposure"",
    ""fact_cr_exposure"".""business_date"" AS ""business_date"",
    ""dim_chron"".""business_date"" AS ""business_date__dim_chron_"",
    ""PARENT_ENTITY"".""business_date"" AS ""business_date__dim_cr_exp_legal_entity1_"",
    ""SPONSOR_ENTITY"".""business_date"" AS ""business_date__dim_cr_exp_legal_entity2_"",
    ""CHILD_ENTITY"".""business_date"" AS ""business_date__dim_cr_exp_legal_entity_"",
    ""dim_cr_exp_pos_inst"".""business_date"" AS ""business_date__dim_cr_exp_pos_inst_"",
    ""fact_fx_rate"".""business_date"" AS ""business_date__fact_fx_rate_"",
    ""mv_dim_hierarchy_node_risk"".""business_date"" AS ""business_date__mv_dim_hierarchy_node_risk_"",
    ""ref_country_domicile"".""business_date"" AS ""business_date__ref_country1_"",
    ""ref_country"".""business_date"" AS ""business_date__ref_country_"",
    ""dim_chron"".""canonical_source"" AS ""canonical_source"",
    ""fact_cr_exposure"".""chron_id"" AS ""chron_id"",
    ""dim_chron"".""chron_id"" AS ""chron_id__dim_chron_"",
    ""PARENT_ENTITY"".""chron_id"" AS ""chron_id__dim_cr_exp_legal_entity1_"",
    ""SPONSOR_ENTITY"".""chron_id"" AS ""chron_id__dim_cr_exp_legal_entity2_"",
    ""CHILD_ENTITY"".""chron_id"" AS ""chron_id__dim_cr_exp_legal_entity_"",
    ""dim_cr_exp_pos_inst"".""chron_id"" AS ""chron_id__dim_cr_exp_pos_inst_"",
    ""fact_fx_rate"".""chron_id"" AS ""chron_id__fact_fx_rate_"",
    ""mv_dim_hierarchy_node_risk"".""chron_id"" AS ""chron_id__mv_dim_hierarchy_node_risk_"",
    ""ref_country_domicile"".""chron_id"" AS ""chron_id__ref_country1_"",
    ""ref_country"".""chron_id"" AS ""chron_id__ref_country_"",
    ""dim_chron"".""chron_status"" AS ""chron_status"",
    ""dim_chron"".""chron_timestamp"" AS ""chron_timestamp"",
    ""dim_chron"".""chron_type"" AS ""chron_type"",
    ""fact_cr_exposure"".""cost_value_base_cur"" AS ""cost_value_base_cur"",
    ""fact_cr_exposure"".""cost_value_local_cur"" AS ""cost_value_local_cur"",
    ""CHILD_ENTITY"".""country_der_limit"" AS ""country_der_limit"",
    ""PARENT_ENTITY"".""country_der_limit"" AS ""country_der_limit__dim_cr_exp_legal_entity1_"",
    ""SPONSOR_ENTITY"".""country_der_limit"" AS ""country_der_limit__dim_cr_exp_legal_entity2_"",
    ""CHILD_ENTITY"".""country_der_repo_limit"" AS ""country_der_repo_limit"",
    ""PARENT_ENTITY"".""country_der_repo_limit"" AS ""country_der_repo_limit__dim_cr_exp_legal_entity1_"",
    ""SPONSOR_ENTITY"".""country_der_repo_limit"" AS ""country_der_repo_limit__dim_cr_exp_legal_entity2_"",
    ""CHILD_ENTITY"".""country_lt_cash_pb_limit"" AS ""country_lt_cash_pb_limit"",
    ""PARENT_ENTITY"".""country_lt_cash_pb_limit"" AS ""country_lt_cash_pb_limit__dim_cr_exp_legal_entity1_"",
    ""SPONSOR_ENTITY"".""country_lt_cash_pb_limit"" AS ""country_lt_cash_pb_limit__dim_cr_exp_legal_entity2_"",
    ""CHILD_ENTITY"".""country_mt_cash_pb_limit"" AS ""country_mt_cash_pb_limit"",
    ""PARENT_ENTITY"".""country_mt_cash_pb_limit"" AS ""country_mt_cash_pb_limit__dim_cr_exp_legal_entity1_"",
    ""SPONSOR_ENTITY"".""country_mt_cash_pb_limit"" AS ""country_mt_cash_pb_limit__dim_cr_exp_legal_entity2_"",
    ""CHILD_ENTITY"".""country_repo_limit"" AS ""country_repo_limit"",
    ""PARENT_ENTITY"".""country_repo_limit"" AS ""country_repo_limit__dim_cr_exp_legal_entity1_"",
    ""SPONSOR_ENTITY"".""country_repo_limit"" AS ""country_repo_limit__dim_cr_exp_legal_entity2_"",
    ""CHILD_ENTITY"".""country_st_cash_pb_limit"" AS ""country_st_cash_pb_limit"",
    ""PARENT_ENTITY"".""country_st_cash_pb_limit"" AS ""country_st_cash_pb_limit__dim_cr_exp_legal_entity1_"",
    ""SPONSOR_ENTITY"".""country_st_cash_pb_limit"" AS ""country_st_cash_pb_limit__dim_cr_exp_legal_entity2_"",
    ""SPONSOR_ENTITY"".""cppib_party_id"" AS ""cppib_party_id"",
    ""PARENT_ENTITY"".""cppib_party_id"" AS ""cppib_party_id__dim_cr_exp_legal_entity1_"",
    ""CHILD_ENTITY"".""cppib_party_id"" AS ""cppib_party_id__dim_cr_exp_legal_entity_"",
    ""fact_fx_rate"".""cppib_security_id"" AS ""cppib_security_id"",
    ""dim_chron"".""cr_exp_ready"" AS ""cr_exp_ready"",
    ""fact_cr_exposure"".""credit_exposure"" AS ""credit_exposure"",
    ""dim_cr_exp_pos_inst"".""currency"" AS ""currency"",
    ""dim_cr_exp_pos_inst"".""cusip"" AS ""cusip"",
    ""dim_cr_exp_pos_inst"".""days_to_maturity"" AS ""days_to_maturity"",
    ""CHILD_ENTITY"".""der_fi_limit"" AS ""der_fi_limit"",
    ""PARENT_ENTITY"".""der_fi_limit"" AS ""der_fi_limit__dim_cr_exp_legal_entity1_"",
    ""SPONSOR_ENTITY"".""der_fi_limit"" AS ""der_fi_limit__dim_cr_exp_legal_entity2_"",
    ""CHILD_ENTITY"".""der_repo_fi_limit"" AS ""der_repo_fi_limit"",
    ""PARENT_ENTITY"".""der_repo_fi_limit"" AS ""der_repo_fi_limit__dim_cr_exp_legal_entity1_"",
    ""SPONSOR_ENTITY"".""der_repo_fi_limit"" AS ""der_repo_fi_limit__dim_cr_exp_legal_entity2_"",
    ""fact_fx_rate"".""derived_from"" AS ""derived_from"",
    ""fact_cr_exposure"".""dim_cr_exp_legal_entity_id"" AS ""dim_cr_exp_legal_entity_id"",
    ""PARENT_ENTITY"".""dim_cr_exp_legal_entity_id"" AS ""dim_cr_exp_legal_entity_id__dim_cr_exp_legal_entity1_"",
    ""SPONSOR_ENTITY"".""dim_cr_exp_legal_entity_id"" AS ""dim_cr_exp_legal_entity_id__dim_cr_exp_legal_entity2_"",
    ""CHILD_ENTITY"".""dim_cr_exp_legal_entity_id"" AS ""dim_cr_exp_legal_entity_id__dim_cr_exp_legal_entity_"",
    ""fact_cr_exposure"".""dim_cr_exp_pos_inst_id"" AS ""dim_cr_exp_pos_inst_id"",
    ""dim_cr_exp_pos_inst"".""dim_cr_exp_pos_inst_id"" AS ""dim_cr_exp_pos_inst_id__dim_cr_exp_pos_inst_"",
    ""mv_dim_hierarchy_node_risk"".""dim_hierarchy_node_id"" AS ""dim_hierarchy_node_id"",
    ""SPONSOR_ENTITY"".""domicile_country_code"" AS ""domicile_country_code"",
    ""PARENT_ENTITY"".""domicile_country_code"" AS ""domicile_country_code__dim_cr_exp_legal_entity1_"",
    ""CHILD_ENTITY"".""domicile_country_code"" AS ""domicile_country_code__dim_cr_exp_legal_entity_"",
    ""CHILD_ENTITY"".""domicile_region"" AS ""domicile_region"",
    ""PARENT_ENTITY"".""domicile_region"" AS ""domicile_region__dim_cr_exp_legal_entity1_"",
    ""SPONSOR_ENTITY"".""domicile_region"" AS ""domicile_region__dim_cr_exp_legal_entity2_"",
    ""fact_cr_exposure"".""fact_cr_exposure_id"" AS ""fact_cr_exposure_id"",
    ""fact_fx_rate"".""fact_fx_rate_id"" AS ""fact_fx_rate_id"",
    ""CHILD_ENTITY"".""fi_sublimit"" AS ""fi_sublimit"",
    ""PARENT_ENTITY"".""fi_sublimit"" AS ""fi_sublimit__dim_cr_exp_legal_entity1_"",
    ""SPONSOR_ENTITY"".""fi_sublimit"" AS ""fi_sublimit__dim_cr_exp_legal_entity2_"",
    ""fact_fx_rate"".""from_currency"" AS ""from_currency"",
    ""SPONSOR_ENTITY"".""gics_sector"" AS ""gics_sector"",
    ""PARENT_ENTITY"".""gics_sector"" AS ""gics_sector__dim_cr_exp_legal_entity1_"",
    ""CHILD_ENTITY"".""gics_sector"" AS ""gics_sector__dim_cr_exp_legal_entity_"",
    ""dim_cr_exp_pos_inst"".""if_hierarchy_l0"" AS ""if_hierarchy_l0"",
    ""dim_cr_exp_pos_inst"".""if_hierarchy_l1"" AS ""if_hierarchy_l1"",
    ""dim_cr_exp_pos_inst"".""if_hierarchy_l2"" AS ""if_hierarchy_l2"",
    ""dim_cr_exp_pos_inst"".""if_hierarchy_l3"" AS ""if_hierarchy_l3"",
    ""dim_cr_exp_pos_inst"".""if_hierarchy_l4"" AS ""if_hierarchy_l4"",
    ""dim_cr_exp_pos_inst"".""if_hierarchy_l5"" AS ""if_hierarchy_l5"",
    ""dim_cr_exp_pos_inst"".""if_hierarchy_l6"" AS ""if_hierarchy_l6"",
    ""dim_cr_exp_pos_inst"".""if_hierarchy_l7"" AS ""if_hierarchy_l7"",
    ""dim_cr_exp_pos_inst"".""inst_rtg_custom_override"" AS ""inst_rtg_custom_override"",
    ""dim_cr_exp_pos_inst"".""inst_rtg_dbrs_std"" AS ""inst_rtg_dbrs_std"",
    ""dim_cr_exp_pos_inst"".""inst_rtg_final_rating"" AS ""inst_rtg_final_rating"",
    ""dim_cr_exp_pos_inst"".""inst_rtg_final_rating_source"" AS ""inst_rtg_final_rating_source"",
    ""dim_cr_exp_pos_inst"".""inst_rtg_fitch_lt"" AS ""inst_rtg_fitch_lt"",
    ""dim_cr_exp_pos_inst"".""inst_rtg_fitch_st"" AS ""inst_rtg_fitch_st"",
    ""dim_cr_exp_pos_inst"".""inst_rtg_internal"" AS ""inst_rtg_internal"",
    ""dim_cr_exp_pos_inst"".""inst_rtg_moody_lt"" AS ""inst_rtg_moody_lt"",
    ""dim_cr_exp_pos_inst"".""inst_rtg_moody_st"" AS ""inst_rtg_moody_st"",
    ""dim_cr_exp_pos_inst"".""inst_rtg_sp_lt"" AS ""inst_rtg_sp_lt"",
    ""dim_cr_exp_pos_inst"".""inst_rtg_sp_st"" AS ""inst_rtg_sp_st"",
    ""fact_fx_rate"".""inv_quoted_flag"" AS ""inv_quoted_flag"",
    ""dim_cr_exp_pos_inst"".""investment_department"" AS ""investment_department"",
    ""mv_dim_hierarchy_node_risk"".""investment_dept"" AS ""investment_dept"",
    ""dim_cr_exp_pos_inst"".""investment_program"" AS ""investment_program"",
    ""mv_dim_hierarchy_node_risk"".""investment_strat"" AS ""investment_strat"",
    ""dim_cr_exp_pos_inst"".""investment_strategy"" AS ""investment_strategy"",
    ""dim_cr_exp_pos_inst"".""investment_subprogram"" AS ""investment_subprogram"",
    ""CHILD_ENTITY"".""is_fi"" AS ""is_fi"",
    ""PARENT_ENTITY"".""is_fi"" AS ""is_fi__dim_cr_exp_legal_entity1_"",
    ""SPONSOR_ENTITY"".""is_fi"" AS ""is_fi__dim_cr_exp_legal_entity2_"",
    ""CHILD_ENTITY"".""is_government"" AS ""is_government"",
    ""PARENT_ENTITY"".""is_government"" AS ""is_government__dim_cr_exp_legal_entity1_"",
    ""SPONSOR_ENTITY"".""is_government"" AS ""is_government__dim_cr_exp_legal_entity2_"",
    ""dim_cr_exp_pos_inst"".""is_pos_fi"" AS ""is_pos_fi"",
    ""CHILD_ENTITY"".""is_provincial"" AS ""is_provincial"",
    ""PARENT_ENTITY"".""is_provincial"" AS ""is_provincial__dim_cr_exp_legal_entity1_"",
    ""SPONSOR_ENTITY"".""is_provincial"" AS ""is_provincial__dim_cr_exp_legal_entity2_"",
    ""fact_cr_exposure"".""is_user_data"" AS ""is_user_data"",
    ""dim_cr_exp_pos_inst"".""isin"" AS ""isin"",
    ""CHILD_ENTITY"".""isrc_total_fi_limit"" AS ""isrc_total_fi_limit"",
    ""PARENT_ENTITY"".""isrc_total_fi_limit"" AS ""isrc_total_fi_limit__dim_cr_exp_legal_entity1_"",
    ""SPONSOR_ENTITY"".""isrc_total_fi_limit"" AS ""isrc_total_fi_limit__dim_cr_exp_legal_entity2_"",
    ""dim_cr_exp_pos_inst"".""issue_date"" AS ""issue_date"",
    ""CHILD_ENTITY"".""limit_region"" AS ""limit_region"",
    ""PARENT_ENTITY"".""limit_region"" AS ""limit_region__dim_cr_exp_legal_entity1_"",
    ""SPONSOR_ENTITY"".""limit_region"" AS ""limit_region__dim_cr_exp_legal_entity2_"",
    ""CHILD_ENTITY"".""lt_cash_pb_fi_limit"" AS ""lt_cash_pb_fi_limit"",
    ""PARENT_ENTITY"".""lt_cash_pb_fi_limit"" AS ""lt_cash_pb_fi_limit__dim_cr_exp_legal_entity1_"",
    ""SPONSOR_ENTITY"".""lt_cash_pb_fi_limit"" AS ""lt_cash_pb_fi_limit__dim_cr_exp_legal_entity2_"",
    ""fact_cr_exposure"".""lt_exposure"" AS ""lt_exposure"",
    ""CHILD_ENTITY"".""lt_fi_sublimit"" AS ""lt_fi_sublimit"",
    ""PARENT_ENTITY"".""lt_fi_sublimit"" AS ""lt_fi_sublimit__dim_cr_exp_legal_entity1_"",
    ""SPONSOR_ENTITY"".""lt_fi_sublimit"" AS ""lt_fi_sublimit__dim_cr_exp_legal_entity2_"",
    ""dim_cr_exp_pos_inst"".""maturity_bucket"" AS ""maturity_bucket"",
    ""dim_cr_exp_pos_inst"".""maturity_date"" AS ""maturity_date"",
    ""dim_cr_exp_pos_inst"".""maturity_settl_date"" AS ""maturity_settl_date"",
    ""fact_fx_rate"".""mid_val"" AS ""mid_val"",
    ""dim_cr_exp_pos_inst"".""model_portfolio"" AS ""model_portfolio"",
    ""mv_dim_hierarchy_node_risk"".""model_portfolio"" AS ""model_portfolio__mv_dim_hierarchy_node_risk_"",
    ""CHILD_ENTITY"".""mt_cash_pb_fi_limit"" AS ""mt_cash_pb_fi_limit"",
    ""PARENT_ENTITY"".""mt_cash_pb_fi_limit"" AS ""mt_cash_pb_fi_limit__dim_cr_exp_legal_entity1_"",
    ""SPONSOR_ENTITY"".""mt_cash_pb_fi_limit"" AS ""mt_cash_pb_fi_limit__dim_cr_exp_legal_entity2_"",
    ""fact_cr_exposure"".""mt_exposure"" AS ""mt_exposure"",
    ""CHILD_ENTITY"".""mt_fi_sublimit"" AS ""mt_fi_sublimit"",
    ""PARENT_ENTITY"".""mt_fi_sublimit"" AS ""mt_fi_sublimit__dim_cr_exp_legal_entity1_"",
    ""SPONSOR_ENTITY"".""mt_fi_sublimit"" AS ""mt_fi_sublimit__dim_cr_exp_legal_entity2_"",
    ""ref_country"".""name"" AS ""name"",
    ""ref_country_domicile"".""name"" AS ""name__ref_country1_"",
    ""mv_dim_hierarchy_node_risk"".""node_level"" AS ""node_level"",
    ""mv_dim_hierarchy_node_risk"".""node_name"" AS ""node_name"",
    ""fact_cr_exposure"".""notional_base_cur"" AS ""notional_base_cur"",
    ""fact_cr_exposure"".""notional_local_cur"" AS ""notional_local_cur"",
    ""ref_country"".""numeric_code"" AS ""numeric_code"",
    ""ref_country_domicile"".""numeric_code"" AS ""numeric_code__ref_country1_"",
    ""fact_cr_exposure"".""par_amount"" AS ""par_amount"",
    ""mv_dim_hierarchy_node_risk"".""parent_node_id"" AS ""parent_node_id"",
    ""SPONSOR_ENTITY"".""party_name"" AS ""party_name"",
    ""PARENT_ENTITY"".""party_name"" AS ""party_name__dim_cr_exp_legal_entity1_"",
    ""CHILD_ENTITY"".""party_name"" AS ""party_name__dim_cr_exp_legal_entity_"",
    ""dim_cr_exp_pos_inst"".""position_data_source"" AS ""position_data_source"",
    ""dim_cr_exp_pos_inst"".""position_description"" AS ""position_description"",
    ""dim_cr_exp_pos_inst"".""position_name"" AS ""position_name"",
    ""fact_fx_rate"".""price_source_code"" AS ""price_source_code"",
    ""dim_cr_exp_pos_inst"".""product_group"" AS ""product_group"",
    ""dim_cr_exp_pos_inst"".""product_type"" AS ""product_type"",
    ""mv_dim_hierarchy_node_risk"".""program"" AS ""program"",
    ""dim_chron"".""publish_reports"" AS ""publish_reports"",
    ""fact_cr_exposure"".""pv_base_cur"" AS ""pv_base_cur"",
    ""fact_cr_exposure"".""pv_local_cur"" AS ""pv_local_cur"",
    ""fact_fx_rate"".""rate_date"" AS ""rate_date"",
    ""fact_fx_rate"".""rate_type"" AS ""rate_type"",
    ""CHILD_ENTITY"".""rating_conc_board_group"" AS ""rating_conc_board_group"",
    ""PARENT_ENTITY"".""rating_conc_board_group"" AS ""rating_conc_board_group__dim_cr_exp_legal_entity1_"",
    ""SPONSOR_ENTITY"".""rating_conc_board_group"" AS ""rating_conc_board_group__dim_cr_exp_legal_entity2_"",
    ""CHILD_ENTITY"".""rating_conc_board_limit"" AS ""rating_conc_board_limit"",
    ""PARENT_ENTITY"".""rating_conc_board_limit"" AS ""rating_conc_board_limit__dim_cr_exp_legal_entity1_"",
    ""SPONSOR_ENTITY"".""rating_conc_board_limit"" AS ""rating_conc_board_limit__dim_cr_exp_legal_entity2_"",
    ""CHILD_ENTITY"".""region_der_limit"" AS ""region_der_limit"",
    ""PARENT_ENTITY"".""region_der_limit"" AS ""region_der_limit__dim_cr_exp_legal_entity1_"",
    ""SPONSOR_ENTITY"".""region_der_limit"" AS ""region_der_limit__dim_cr_exp_legal_entity2_"",
    ""CHILD_ENTITY"".""region_der_repo_limit"" AS ""region_der_repo_limit"",
    ""PARENT_ENTITY"".""region_der_repo_limit"" AS ""region_der_repo_limit__dim_cr_exp_legal_entity1_"",
    ""SPONSOR_ENTITY"".""region_der_repo_limit"" AS ""region_der_repo_limit__dim_cr_exp_legal_entity2_"",
    ""CHILD_ENTITY"".""region_fi_limit"" AS ""region_fi_limit"",
    ""PARENT_ENTITY"".""region_fi_limit"" AS ""region_fi_limit__dim_cr_exp_legal_entity1_"",
    ""SPONSOR_ENTITY"".""region_fi_limit"" AS ""region_fi_limit__dim_cr_exp_legal_entity2_"",
    ""CHILD_ENTITY"".""region_lt_cash_pb_limit"" AS ""region_lt_cash_pb_limit"",
    ""PARENT_ENTITY"".""region_lt_cash_pb_limit"" AS ""region_lt_cash_pb_limit__dim_cr_exp_legal_entity1_"",
    ""SPONSOR_ENTITY"".""region_lt_cash_pb_limit"" AS ""region_lt_cash_pb_limit__dim_cr_exp_legal_entity2_"",
    ""CHILD_ENTITY"".""region_lt_fi_limit"" AS ""region_lt_fi_limit"",
    ""PARENT_ENTITY"".""region_lt_fi_limit"" AS ""region_lt_fi_limit__dim_cr_exp_legal_entity1_"",
    ""SPONSOR_ENTITY"".""region_lt_fi_limit"" AS ""region_lt_fi_limit__dim_cr_exp_legal_entity2_"",
    ""CHILD_ENTITY"".""region_mt_cash_pb_limit"" AS ""region_mt_cash_pb_limit"",
    ""PARENT_ENTITY"".""region_mt_cash_pb_limit"" AS ""region_mt_cash_pb_limit__dim_cr_exp_legal_entity1_"",
    ""SPONSOR_ENTITY"".""region_mt_cash_pb_limit"" AS ""region_mt_cash_pb_limit__dim_cr_exp_legal_entity2_"",
    ""CHILD_ENTITY"".""region_mt_fi_limit"" AS ""region_mt_fi_limit"",
    ""PARENT_ENTITY"".""region_mt_fi_limit"" AS ""region_mt_fi_limit__dim_cr_exp_legal_entity1_"",
    ""SPONSOR_ENTITY"".""region_mt_fi_limit"" AS ""region_mt_fi_limit__dim_cr_exp_legal_entity2_"",
    ""CHILD_ENTITY"".""region_repo_limit"" AS ""region_repo_limit"",
    ""PARENT_ENTITY"".""region_repo_limit"" AS ""region_repo_limit__dim_cr_exp_legal_entity1_"",
    ""SPONSOR_ENTITY"".""region_repo_limit"" AS ""region_repo_limit__dim_cr_exp_legal_entity2_"",
    ""CHILD_ENTITY"".""region_st_cash_pb_limit"" AS ""region_st_cash_pb_limit"",
    ""PARENT_ENTITY"".""region_st_cash_pb_limit"" AS ""region_st_cash_pb_limit__dim_cr_exp_legal_entity1_"",
    ""SPONSOR_ENTITY"".""region_st_cash_pb_limit"" AS ""region_st_cash_pb_limit__dim_cr_exp_legal_entity2_"",
    ""CHILD_ENTITY"".""region_st_fi_limit"" AS ""region_st_fi_limit"",
    ""PARENT_ENTITY"".""region_st_fi_limit"" AS ""region_st_fi_limit__dim_cr_exp_legal_entity1_"",
    ""SPONSOR_ENTITY"".""region_st_fi_limit"" AS ""region_st_fi_limit__dim_cr_exp_legal_entity2_"",
    ""CHILD_ENTITY"".""repo_fi_limit"" AS ""repo_fi_limit"",
    ""PARENT_ENTITY"".""repo_fi_limit"" AS ""repo_fi_limit__dim_cr_exp_legal_entity1_"",
    ""SPONSOR_ENTITY"".""repo_fi_limit"" AS ""repo_fi_limit__dim_cr_exp_legal_entity2_"",
    ""CHILD_ENTITY"".""rtg_cust_override"" AS ""rtg_cust_override"",
    ""PARENT_ENTITY"".""rtg_cust_override"" AS ""rtg_cust_override__dim_cr_exp_legal_entity1_"",
    ""SPONSOR_ENTITY"".""rtg_cust_override"" AS ""rtg_cust_override__dim_cr_exp_legal_entity2_"",
    ""CHILD_ENTITY"".""rtg_dbrs_lt"" AS ""rtg_dbrs_lt"",
    ""PARENT_ENTITY"".""rtg_dbrs_lt"" AS ""rtg_dbrs_lt__dim_cr_exp_legal_entity1_"",
    ""SPONSOR_ENTITY"".""rtg_dbrs_lt"" AS ""rtg_dbrs_lt__dim_cr_exp_legal_entity2_"",
    ""CHILD_ENTITY"".""rtg_dbrs_st"" AS ""rtg_dbrs_st"",
    ""PARENT_ENTITY"".""rtg_dbrs_st"" AS ""rtg_dbrs_st__dim_cr_exp_legal_entity1_"",
    ""SPONSOR_ENTITY"".""rtg_dbrs_st"" AS ""rtg_dbrs_st__dim_cr_exp_legal_entity2_"",
    ""CHILD_ENTITY"".""rtg_final"" AS ""rtg_final"",
    ""PARENT_ENTITY"".""rtg_final"" AS ""rtg_final__dim_cr_exp_legal_entity1_"",
    ""SPONSOR_ENTITY"".""rtg_final"" AS ""rtg_final__dim_cr_exp_legal_entity2_"",
    ""CHILD_ENTITY"".""rtg_fitch_lt"" AS ""rtg_fitch_lt"",
    ""PARENT_ENTITY"".""rtg_fitch_lt"" AS ""rtg_fitch_lt__dim_cr_exp_legal_entity1_"",
    ""SPONSOR_ENTITY"".""rtg_fitch_lt"" AS ""rtg_fitch_lt__dim_cr_exp_legal_entity2_"",
    ""CHILD_ENTITY"".""rtg_fitch_st"" AS ""rtg_fitch_st"",
    ""PARENT_ENTITY"".""rtg_fitch_st"" AS ""rtg_fitch_st__dim_cr_exp_legal_entity1_"",
    ""SPONSOR_ENTITY"".""rtg_fitch_st"" AS ""rtg_fitch_st__dim_cr_exp_legal_entity2_"",
    ""CHILD_ENTITY"".""rtg_internal"" AS ""rtg_internal"",
    ""PARENT_ENTITY"".""rtg_internal"" AS ""rtg_internal__dim_cr_exp_legal_entity1_"",
    ""SPONSOR_ENTITY"".""rtg_internal"" AS ""rtg_internal__dim_cr_exp_legal_entity2_"",
    ""CHILD_ENTITY"".""rtg_moody_lt"" AS ""rtg_moody_lt"",
    ""PARENT_ENTITY"".""rtg_moody_lt"" AS ""rtg_moody_lt__dim_cr_exp_legal_entity1_"",
    ""SPONSOR_ENTITY"".""rtg_moody_lt"" AS ""rtg_moody_lt__dim_cr_exp_legal_entity2_"",
    ""CHILD_ENTITY"".""rtg_moody_st"" AS ""rtg_moody_st"",
    ""PARENT_ENTITY"".""rtg_moody_st"" AS ""rtg_moody_st__dim_cr_exp_legal_entity1_"",
    ""SPONSOR_ENTITY"".""rtg_moody_st"" AS ""rtg_moody_st__dim_cr_exp_legal_entity2_"",
    ""CHILD_ENTITY"".""rtg_outlook"" AS ""rtg_outlook"",
    ""PARENT_ENTITY"".""rtg_outlook"" AS ""rtg_outlook__dim_cr_exp_legal_entity1_"",
    ""SPONSOR_ENTITY"".""rtg_outlook"" AS ""rtg_outlook__dim_cr_exp_legal_entity2_"",
    ""CHILD_ENTITY"".""rtg_sp_lt"" AS ""rtg_sp_lt"",
    ""PARENT_ENTITY"".""rtg_sp_lt"" AS ""rtg_sp_lt__dim_cr_exp_legal_entity1_"",
    ""SPONSOR_ENTITY"".""rtg_sp_lt"" AS ""rtg_sp_lt__dim_cr_exp_legal_entity2_"",
    ""CHILD_ENTITY"".""rtg_sp_st"" AS ""rtg_sp_st"",
    ""PARENT_ENTITY"".""rtg_sp_st"" AS ""rtg_sp_st__dim_cr_exp_legal_entity1_"",
    ""SPONSOR_ENTITY"".""rtg_sp_st"" AS ""rtg_sp_st__dim_cr_exp_legal_entity2_"",
    ""dim_chron"".""run_business_date"" AS ""run_business_date"",
    ""fact_cr_exposure"".""run_id"" AS ""run_id"",
    ""dim_chron"".""run_id"" AS ""run_id__dim_chron_"",
    ""PARENT_ENTITY"".""run_id"" AS ""run_id__dim_cr_exp_legal_entity1_"",
    ""SPONSOR_ENTITY"".""run_id"" AS ""run_id__dim_cr_exp_legal_entity2_"",
    ""CHILD_ENTITY"".""run_id"" AS ""run_id__dim_cr_exp_legal_entity_"",
    ""dim_cr_exp_pos_inst"".""run_id"" AS ""run_id__dim_cr_exp_pos_inst_"",
    ""fact_fx_rate"".""run_id"" AS ""run_id__fact_fx_rate_"",
    ""mv_dim_hierarchy_node_risk"".""run_id"" AS ""run_id__mv_dim_hierarchy_node_risk_"",
    ""ref_country_domicile"".""run_id"" AS ""run_id__ref_country1_"",
    ""ref_country"".""run_id"" AS ""run_id__ref_country_"",
    ""fact_cr_exposure"".""run_type"" AS ""run_type"",
    ""dim_chron"".""run_type"" AS ""run_type__dim_chron_"",
    ""PARENT_ENTITY"".""run_type"" AS ""run_type__dim_cr_exp_legal_entity1_"",
    ""SPONSOR_ENTITY"".""run_type"" AS ""run_type__dim_cr_exp_legal_entity2_"",
    ""CHILD_ENTITY"".""run_type"" AS ""run_type__dim_cr_exp_legal_entity_"",
    ""dim_cr_exp_pos_inst"".""run_type"" AS ""run_type__dim_cr_exp_pos_inst_"",
    ""fact_fx_rate"".""run_type"" AS ""run_type__fact_fx_rate_"",
    ""mv_dim_hierarchy_node_risk"".""run_type"" AS ""run_type__mv_dim_hierarchy_node_risk_"",
    ""ref_country_domicile"".""run_type"" AS ""run_type__ref_country1_"",
    ""ref_country"".""run_type"" AS ""run_type__ref_country_"",
    ""CHILD_ENTITY"".""sector_conc_board_limit"" AS ""sector_conc_board_limit"",
    ""PARENT_ENTITY"".""sector_conc_board_limit"" AS ""sector_conc_board_limit__dim_cr_exp_legal_entity1_"",
    ""SPONSOR_ENTITY"".""sector_conc_board_limit"" AS ""sector_conc_board_limit__dim_cr_exp_legal_entity2_"",
    ""fact_fx_rate"".""settlement_date"" AS ""settlement_date"",
    ""CHILD_ENTITY"".""single_name_board_limit"" AS ""single_name_board_limit"",
    ""PARENT_ENTITY"".""single_name_board_limit"" AS ""single_name_board_limit__dim_cr_exp_legal_entity1_"",
    ""SPONSOR_ENTITY"".""single_name_board_limit"" AS ""single_name_board_limit__dim_cr_exp_legal_entity2_"",
    ""CHILD_ENTITY"".""smd_total_fi_limit"" AS ""smd_total_fi_limit"",
    ""PARENT_ENTITY"".""smd_total_fi_limit"" AS ""smd_total_fi_limit__dim_cr_exp_legal_entity1_"",
    ""SPONSOR_ENTITY"".""smd_total_fi_limit"" AS ""smd_total_fi_limit__dim_cr_exp_legal_entity2_"",
    ""dim_chron"".""source_business_date"" AS ""source_business_date"",
    ""dim_cr_exp_pos_inst"".""source_pos_key"" AS ""source_pos_key"",
    ""CHILD_ENTITY"".""sovr_country_outlook"" AS ""sovr_country_outlook"",
    ""PARENT_ENTITY"".""sovr_country_outlook"" AS ""sovr_country_outlook__dim_cr_exp_legal_entity1_"",
    ""SPONSOR_ENTITY"".""sovr_country_outlook"" AS ""sovr_country_outlook__dim_cr_exp_legal_entity2_"",
    ""CHILD_ENTITY"".""sovr_country_rating"" AS ""sovr_country_rating"",
    ""PARENT_ENTITY"".""sovr_country_rating"" AS ""sovr_country_rating__dim_cr_exp_legal_entity1_"",
    ""SPONSOR_ENTITY"".""sovr_country_rating"" AS ""sovr_country_rating__dim_cr_exp_legal_entity2_"",
    ""CHILD_ENTITY"".""sovr_fi_limit"" AS ""sovr_fi_limit"",
    ""PARENT_ENTITY"".""sovr_fi_limit"" AS ""sovr_fi_limit__dim_cr_exp_legal_entity1_"",
    ""SPONSOR_ENTITY"".""sovr_fi_limit"" AS ""sovr_fi_limit__dim_cr_exp_legal_entity2_"",
    ""CHILD_ENTITY"".""sovr_lt_fi_limit"" AS ""sovr_lt_fi_limit"",
    ""PARENT_ENTITY"".""sovr_lt_fi_limit"" AS ""sovr_lt_fi_limit__dim_cr_exp_legal_entity1_"",
    ""SPONSOR_ENTITY"".""sovr_lt_fi_limit"" AS ""sovr_lt_fi_limit__dim_cr_exp_legal_entity2_"",
    ""CHILD_ENTITY"".""sovr_mt_fi_limit"" AS ""sovr_mt_fi_limit"",
    ""PARENT_ENTITY"".""sovr_mt_fi_limit"" AS ""sovr_mt_fi_limit__dim_cr_exp_legal_entity1_"",
    ""SPONSOR_ENTITY"".""sovr_mt_fi_limit"" AS ""sovr_mt_fi_limit__dim_cr_exp_legal_entity2_"",
    ""CHILD_ENTITY"".""sovr_st_fi_limit"" AS ""sovr_st_fi_limit"",
    ""PARENT_ENTITY"".""sovr_st_fi_limit"" AS ""sovr_st_fi_limit__dim_cr_exp_legal_entity1_"",
    ""SPONSOR_ENTITY"".""sovr_st_fi_limit"" AS ""sovr_st_fi_limit__dim_cr_exp_legal_entity2_"",
    ""dim_cr_exp_pos_inst"".""ssa_outstanding_prog_balance"" AS ""ssa_outstanding_prog_balance"",
    ""CHILD_ENTITY"".""st_cash_pb_fi_limit"" AS ""st_cash_pb_fi_limit"",
    ""PARENT_ENTITY"".""st_cash_pb_fi_limit"" AS ""st_cash_pb_fi_limit__dim_cr_exp_legal_entity1_"",
    ""SPONSOR_ENTITY"".""st_cash_pb_fi_limit"" AS ""st_cash_pb_fi_limit__dim_cr_exp_legal_entity2_"",
    ""fact_cr_exposure"".""st_exposure"" AS ""st_exposure"",
    ""CHILD_ENTITY"".""st_fi_sublimit"" AS ""st_fi_sublimit"",
    ""PARENT_ENTITY"".""st_fi_sublimit"" AS ""st_fi_sublimit__dim_cr_exp_legal_entity1_"",
    ""SPONSOR_ENTITY"".""st_fi_sublimit"" AS ""st_fi_sublimit__dim_cr_exp_legal_entity2_"",
    ""fact_fx_rate"".""stale"" AS ""stale"",
    ""mv_dim_hierarchy_node_risk"".""sub_program"" AS ""sub_program"",
    ""CHILD_ENTITY"".""tag"" AS ""tag"",
    ""PARENT_ENTITY"".""tag"" AS ""tag__dim_cr_exp_legal_entity1_"",
    ""SPONSOR_ENTITY"".""tag"" AS ""tag__dim_cr_exp_legal_entity2_"",
    ""fact_fx_rate"".""tenor_cd"" AS ""tenor_cd"",
    ""fact_fx_rate"".""ticker"" AS ""ticker"",
    ""fact_fx_rate"".""to_currency"" AS ""to_currency"",
    ""CHILD_ENTITY"".""total_cash_pb_smd_fi_limit"" AS ""total_cash_pb_smd_fi_limit"",
    ""PARENT_ENTITY"".""total_cash_pb_smd_fi_limit"" AS ""total_cash_pb_smd_fi_limit__dim_cr_exp_legal_entity1_"",
    ""SPONSOR_ENTITY"".""total_cash_pb_smd_fi_limit"" AS ""total_cash_pb_smd_fi_limit__dim_cr_exp_legal_entity2_"",
    ""CHILD_ENTITY"".""ulp_dim_cr_exp_legal_entity_id"" AS ""ulp_dim_cr_exp_legal_entity_id"",
    ""PARENT_ENTITY"".""ulp_dim_cr_exp_legal_entity_id"" AS ""ulp_dim_cr_exp_legal_entity_id__dim_cr_exp_legal_entity1_"",
    ""SPONSOR_ENTITY"".""ulp_dim_cr_exp_legal_entity_id"" AS ""ulp_dim_cr_exp_legal_entity_id__dim_cr_exp_legal_entity2_""
  FROM ""radar_reporting_prod"".""fact_cr_exposure"" ""fact_cr_exposure""
    INNER JOIN ""radar_reporting_prod"".""dim_chron"" ""dim_chron"" ON (""fact_cr_exposure"".""chron_id"" = ""dim_chron"".""chron_id"")
    INNER JOIN ""radar_reporting_prod"".""dim_cr_exp_pos_inst"" ""dim_cr_exp_pos_inst"" ON ((""fact_cr_exposure"".""chron_id"" = ""dim_cr_exp_pos_inst"".""chron_id"") AND (""fact_cr_exposure"".""dim_cr_exp_pos_inst_id"" = ""dim_cr_exp_pos_inst"".""dim_cr_exp_pos_inst_id""))
    INNER JOIN ""radar_reporting_prod"".""dim_cr_exp_legal_entity"" ""CHILD_ENTITY"" ON ((""fact_cr_exposure"".""chron_id"" = ""CHILD_ENTITY"".""chron_id"") AND (""fact_cr_exposure"".""dim_cr_exp_legal_entity_id"" = ""CHILD_ENTITY"".""dim_cr_exp_legal_entity_id""))
    LEFT JOIN ""radar_reporting_prod"".""ref_country"" ""ref_country_domicile"" ON ((""CHILD_ENTITY"".""chron_id"" = ""ref_country_domicile"".""business_date"") AND (""CHILD_ENTITY"".""domicile_country_code"" = ""ref_country_domicile"".""alpha_2_code""))
    INNER JOIN ""radar_reporting_prod"".""dim_cr_exp_legal_entity"" ""PARENT_ENTITY"" ON ((""CHILD_ENTITY"".""ulp_dim_cr_exp_legal_entity_id"" = ""PARENT_ENTITY"".""dim_cr_exp_legal_entity_id"") AND (""CHILD_ENTITY"".""chron_id"" = ""PARENT_ENTITY"".""chron_id""))
    LEFT JOIN ""radar_reporting_prod"".""ref_country"" ""ref_country"" ON ((""PARENT_ENTITY"".""chron_id"" = ""ref_country"".""chron_id"") AND (""PARENT_ENTITY"".""domicile_country_code"" = ""ref_country"".""alpha_2_code""))
    LEFT JOIN ""radar_reporting_prod"".""dim_cr_exp_legal_entity"" ""SPONSOR_ENTITY"" ON ((""dim_cr_exp_pos_inst"".""chron_id"" = ""SPONSOR_ENTITY"".""chron_id"") AND (""CHILD_ENTITY"".""abcp_sponsor_id"" = ""SPONSOR_ENTITY"".""cppib_party_id""))
    LEFT JOIN ""radar_reporting_prod"".""fact_fx_rate"" ""fact_fx_rate"" ON ((""dim_cr_exp_pos_inst"".""chron_id"" = ""fact_fx_rate"".""chron_id"") AND (""dim_cr_exp_pos_inst"".""currency"" = ""fact_fx_rate"".""to_currency"")AND (""fact_fx_rate"".rate_type ='SPOT'))
    LEFT JOIN ""radar_reporting_prod"".""mv_dim_hierarchy_node_risk"" ""mv_dim_hierarchy_node_risk"" ON ((""dim_cr_exp_pos_inst"".""chron_id"" = ""mv_dim_hierarchy_node_risk"".""chron_id"") AND (""dim_cr_exp_pos_inst"".""investment_department"" = ""mv_dim_hierarchy_node_risk"".""node_name""))
) ""Custom SQL Query""
HAVING COUNT(1)>0"
e68d0b30d0b315bc58dd97f1cdf3da23bf5b7d2735ced951a34e30d2b15c5b40,"/* cppi::e68d0b30d0b315bc58dd97f1cdf3da23bf5b7d2735ced951a34e30d2b15c5b40 */
SELECT SUM(1) AS ""COL""
FROM (
  SELECT ""fact_cr_exposure"".""abacus_chron_id"" AS ""abacus_chron_id"",
    ""dim_chron"".""abacus_chron_id"" AS ""abacus_chron_id__dim_chron_"",
    ""PARENT_ENTITY"".""abacus_chron_id"" AS ""abacus_chron_id__dim_cr_exp_legal_entity1_"",
    ""SPONSOR_ENTITY"".""abacus_chron_id"" AS ""abacus_chron_id__dim_cr_exp_legal_entity2_"",
    ""CHILD_ENTITY"".""abacus_chron_id"" AS ""abacus_chron_id__dim_cr_exp_legal_entity_"",
    ""dim_cr_exp_pos_inst"".""abacus_chron_id"" AS ""abacus_chron_id__dim_cr_exp_pos_inst_"",
    ""fact_fx_rate"".""abacus_chron_id"" AS ""abacus_chron_id__fact_fx_rate_"",
    ""mv_dim_hierarchy_node_risk"".""abacus_chron_id"" AS ""abacus_chron_id__mv_dim_hierarchy_node_risk_"",
    ""CHILD_ENTITY"".""abcp_limit"" AS ""abcp_limit"",
    ""PARENT_ENTITY"".""abcp_limit"" AS ""abcp_limit__dim_cr_exp_legal_entity1_"",
    ""SPONSOR_ENTITY"".""abcp_limit"" AS ""abcp_limit__dim_cr_exp_legal_entity2_"",
    ""CHILD_ENTITY"".""abcp_outstanding_prog_balance"" AS ""abcp_outstanding_prog_balance"",
    ""PARENT_ENTITY"".""abcp_outstanding_prog_balance"" AS ""abcp_outstanding_prog_balance__dim_cr_exp_legal_entity1_"",
    ""SPONSOR_ENTITY"".""abcp_outstanding_prog_balance"" AS ""abcp_outstanding_prog_balance__dim_cr_exp_legal_entity2_"",
    ""CHILD_ENTITY"".""abcp_sponsor_id"" AS ""abcp_sponsor_id"",
    ""PARENT_ENTITY"".""abcp_sponsor_id"" AS ""abcp_sponsor_id__dim_cr_exp_legal_entity1_"",
    ""SPONSOR_ENTITY"".""abcp_sponsor_id"" AS ""abcp_sponsor_id__dim_cr_exp_legal_entity2_"",
    ""fact_cr_exposure"".""acpp_credit_exposure"" AS ""acpp_credit_exposure"",
    ""fact_cr_exposure"".""acpp_lt_exposure"" AS ""acpp_lt_exposure"",
    ""fact_cr_exposure"".""acpp_mt_exposure"" AS ""acpp_mt_exposure"",
    ""CHILD_ENTITY"".""acpp_rating_conc_board_limit"" AS ""acpp_rating_conc_board_limit"",
    ""PARENT_ENTITY"".""acpp_rating_conc_board_limit"" AS ""acpp_rating_conc_board_limit__dim_cr_exp_legal_entity1_"",
    ""SPONSOR_ENTITY"".""acpp_rating_conc_board_limit"" AS ""acpp_rating_conc_board_limit__dim_cr_exp_legal_entity2_"",
    ""CHILD_ENTITY"".""acpp_sector_conc_board_limit"" AS ""acpp_sector_conc_board_limit"",
    ""PARENT_ENTITY"".""acpp_sector_conc_board_limit"" AS ""acpp_sector_conc_board_limit__dim_cr_exp_legal_entity1_"",
    ""SPONSOR_ENTITY"".""acpp_sector_conc_board_limit"" AS ""acpp_sector_conc_board_limit__dim_cr_exp_legal_entity2_"",
    ""CHILD_ENTITY"".""acpp_single_name_board_limit"" AS ""acpp_single_name_board_limit"",
    ""PARENT_ENTITY"".""acpp_single_name_board_limit"" AS ""acpp_single_name_board_limit__dim_cr_exp_legal_entity1_"",
    ""SPONSOR_ENTITY"".""acpp_single_name_board_limit"" AS ""acpp_single_name_board_limit__dim_cr_exp_legal_entity2_"",
    ""fact_cr_exposure"".""acpp_st_exposure"" AS ""acpp_st_exposure"",
    ""ref_country"".""alpha_2_code"" AS ""alpha_2_code"",
    ""ref_country_domicile"".""alpha_2_code"" AS ""alpha_2_code__ref_country1_"",
    ""ref_country"".""alpha_3_code"" AS ""alpha_3_code"",
    ""ref_country_domicile"".""alpha_3_code"" AS ""alpha_3_code__ref_country1_"",
    ""fact_cr_exposure"".""bcpp_credit_exposure"" AS ""bcpp_credit_exposure"",
    ""fact_cr_exposure"".""bcpp_lt_exposure"" AS ""bcpp_lt_exposure"",
    ""fact_cr_exposure"".""bcpp_mt_exposure"" AS ""bcpp_mt_exposure"",
    ""CHILD_ENTITY"".""bcpp_rating_conc_board_limit"" AS ""bcpp_rating_conc_board_limit"",
    ""PARENT_ENTITY"".""bcpp_rating_conc_board_limit"" AS ""bcpp_rating_conc_board_limit__dim_cr_exp_legal_entity1_"",
    ""SPONSOR_ENTITY"".""bcpp_rating_conc_board_limit"" AS ""bcpp_rating_conc_board_limit__dim_cr_exp_legal_entity2_"",
    ""CHILD_ENTITY"".""bcpp_sector_conc_board_limit"" AS ""bcpp_sector_conc_board_limit"",
    ""PARENT_ENTITY"".""bcpp_sector_conc_board_limit"" AS ""bcpp_sector_conc_board_limit__dim_cr_exp_legal_entity1_"",
    ""SPONSOR_ENTITY"".""bcpp_sector_conc_board_limit"" AS ""bcpp_sector_conc_board_limit__dim_cr_exp_legal_entity2_"",
    ""CHILD_ENTITY"".""bcpp_single_name_board_limit"" AS ""bcpp_single_name_board_limit"",
    ""PARENT_ENTITY"".""bcpp_single_name_board_limit"" AS ""bcpp_single_name_board_limit__dim_cr_exp_legal_entity1_"",
    ""SPONSOR_ENTITY"".""bcpp_single_name_board_limit"" AS ""bcpp_single_name_board_limit__dim_cr_exp_legal_entity2_"",
    ""fact_cr_exposure"".""bcpp_st_exposure"" AS ""bcpp_st_exposure"",
    ""fact_cr_exposure"".""business_date"" AS ""business_date"",
    ""dim_chron"".""business_date"" AS ""business_date__dim_chron_"",
    ""PARENT_ENTITY"".""business_date"" AS ""business_date__dim_cr_exp_legal_entity1_"",
    ""SPONSOR_ENTITY"".""business_date"" AS ""business_date__dim_cr_exp_legal_entity2_"",
    ""CHILD_ENTITY"".""business_date"" AS ""business_date__dim_cr_exp_legal_entity_"",
    ""dim_cr_exp_pos_inst"".""business_date"" AS ""business_date__dim_cr_exp_pos_inst_"",
    ""fact_fx_rate"".""business_date"" AS ""business_date__fact_fx_rate_"",
    ""mv_dim_hierarchy_node_risk"".""business_date"" AS ""business_date__mv_dim_hierarchy_node_risk_"",
    ""ref_country_domicile"".""business_date"" AS ""business_date__ref_country1_"",
    ""ref_country"".""business_date"" AS ""business_date__ref_country_"",
    ""dim_chron"".""canonical_source"" AS ""canonical_source"",
    ""fact_cr_exposure"".""chron_id"" AS ""chron_id"",
    ""dim_chron"".""chron_id"" AS ""chron_id__dim_chron_"",
    ""PARENT_ENTITY"".""chron_id"" AS ""chron_id__dim_cr_exp_legal_entity1_"",
    ""SPONSOR_ENTITY"".""chron_id"" AS ""chron_id__dim_cr_exp_legal_entity2_"",
    ""CHILD_ENTITY"".""chron_id"" AS ""chron_id__dim_cr_exp_legal_entity_"",
    ""dim_cr_exp_pos_inst"".""chron_id"" AS ""chron_id__dim_cr_exp_pos_inst_"",
    ""fact_fx_rate"".""chron_id"" AS ""chron_id__fact_fx_rate_"",
    ""mv_dim_hierarchy_node_risk"".""chron_id"" AS ""chron_id__mv_dim_hierarchy_node_risk_"",
    ""ref_country_domicile"".""chron_id"" AS ""chron_id__ref_country1_"",
    ""ref_country"".""chron_id"" AS ""chron_id__ref_country_"",
    ""dim_chron"".""chron_status"" AS ""chron_status"",
    ""dim_chron"".""chron_timestamp"" AS ""chron_timestamp"",
    ""dim_chron"".""chron_type"" AS ""chron_type"",
    ""fact_cr_exposure"".""cost_value_base_cur"" AS ""cost_value_base_cur"",
    ""fact_cr_exposure"".""cost_value_local_cur"" AS ""cost_value_local_cur"",
    ""CHILD_ENTITY"".""country_der_limit"" AS ""country_der_limit"",
    ""PARENT_ENTITY"".""country_der_limit"" AS ""country_der_limit__dim_cr_exp_legal_entity1_"",
    ""SPONSOR_ENTITY"".""country_der_limit"" AS ""country_der_limit__dim_cr_exp_legal_entity2_"",
    ""CHILD_ENTITY"".""country_der_repo_limit"" AS ""country_der_repo_limit"",
    ""PARENT_ENTITY"".""country_der_repo_limit"" AS ""country_der_repo_limit__dim_cr_exp_legal_entity1_"",
    ""SPONSOR_ENTITY"".""country_der_repo_limit"" AS ""country_der_repo_limit__dim_cr_exp_legal_entity2_"",
    ""CHILD_ENTITY"".""country_lt_cash_pb_limit"" AS ""country_lt_cash_pb_limit"",
    ""PARENT_ENTITY"".""country_lt_cash_pb_limit"" AS ""country_lt_cash_pb_limit__dim_cr_exp_legal_entity1_"",
    ""SPONSOR_ENTITY"".""country_lt_cash_pb_limit"" AS ""country_lt_cash_pb_limit__dim_cr_exp_legal_entity2_"",
    ""CHILD_ENTITY"".""country_mt_cash_pb_limit"" AS ""country_mt_cash_pb_limit"",
    ""PARENT_ENTITY"".""country_mt_cash_pb_limit"" AS ""country_mt_cash_pb_limit__dim_cr_exp_legal_entity1_"",
    ""SPONSOR_ENTITY"".""country_mt_cash_pb_limit"" AS ""country_mt_cash_pb_limit__dim_cr_exp_legal_entity2_"",
    ""CHILD_ENTITY"".""country_repo_limit"" AS ""country_repo_limit"",
    ""PARENT_ENTITY"".""country_repo_limit"" AS ""country_repo_limit__dim_cr_exp_legal_entity1_"",
    ""SPONSOR_ENTITY"".""country_repo_limit"" AS ""country_repo_limit__dim_cr_exp_legal_entity2_"",
    ""CHILD_ENTITY"".""country_st_cash_pb_limit"" AS ""country_st_cash_pb_limit"",
    ""PARENT_ENTITY"".""country_st_cash_pb_limit"" AS ""country_st_cash_pb_limit__dim_cr_exp_legal_entity1_"",
    ""SPONSOR_ENTITY"".""country_st_cash_pb_limit"" AS ""country_st_cash_pb_limit__dim_cr_exp_legal_entity2_"",
    ""SPONSOR_ENTITY"".""cppib_party_id"" AS ""cppib_party_id"",
    ""PARENT_ENTITY"".""cppib_party_id"" AS ""cppib_party_id__dim_cr_exp_legal_entity1_"",
    ""CHILD_ENTITY"".""cppib_party_id"" AS ""cppib_party_id__dim_cr_exp_legal_entity_"",
    ""fact_fx_rate"".""cppib_security_id"" AS ""cppib_security_id"",
    ""dim_chron"".""cr_exp_ready"" AS ""cr_exp_ready"",
    ""fact_cr_exposure"".""credit_exposure"" AS ""credit_exposure"",
    ""dim_cr_exp_pos_inst"".""currency"" AS ""currency"",
    ""dim_cr_exp_pos_inst"".""cusip"" AS ""cusip"",
    ""dim_cr_exp_pos_inst"".""days_to_maturity"" AS ""days_to_maturity"",
    ""CHILD_ENTITY"".""der_fi_limit"" AS ""der_fi_limit"",
    ""PARENT_ENTITY"".""der_fi_limit"" AS ""der_fi_limit__dim_cr_exp_legal_entity1_"",
    ""SPONSOR_ENTITY"".""der_fi_limit"" AS ""der_fi_limit__dim_cr_exp_legal_entity2_"",
    ""CHILD_ENTITY"".""der_repo_fi_limit"" AS ""der_repo_fi_limit"",
    ""PARENT_ENTITY"".""der_repo_fi_limit"" AS ""der_repo_fi_limit__dim_cr_exp_legal_entity1_"",
    ""SPONSOR_ENTITY"".""der_repo_fi_limit"" AS ""der_repo_fi_limit__dim_cr_exp_legal_entity2_"",
    ""fact_fx_rate"".""derived_from"" AS ""derived_from"",
    ""fact_cr_exposure"".""dim_cr_exp_legal_entity_id"" AS ""dim_cr_exp_legal_entity_id"",
    ""PARENT_ENTITY"".""dim_cr_exp_legal_entity_id"" AS ""dim_cr_exp_legal_entity_id__dim_cr_exp_legal_entity1_"",
    ""SPONSOR_ENTITY"".""dim_cr_exp_legal_entity_id"" AS ""dim_cr_exp_legal_entity_id__dim_cr_exp_legal_entity2_"",
    ""CHILD_ENTITY"".""dim_cr_exp_legal_entity_id"" AS ""dim_cr_exp_legal_entity_id__dim_cr_exp_legal_entity_"",
    ""fact_cr_exposure"".""dim_cr_exp_pos_inst_id"" AS ""dim_cr_exp_pos_inst_id"",
    ""dim_cr_exp_pos_inst"".""dim_cr_exp_pos_inst_id"" AS ""dim_cr_exp_pos_inst_id__dim_cr_exp_pos_inst_"",
    ""mv_dim_hierarchy_node_risk"".""dim_hierarchy_node_id"" AS ""dim_hierarchy_node_id"",
    ""SPONSOR_ENTITY"".""domicile_country_code"" AS ""domicile_country_code"",
    ""PARENT_ENTITY"".""domicile_country_code"" AS ""domicile_country_code__dim_cr_exp_legal_entity1_"",
    ""CHILD_ENTITY"".""domicile_country_code"" AS ""domicile_country_code__dim_cr_exp_legal_entity_"",
    ""CHILD_ENTITY"".""domicile_region"" AS ""domicile_region"",
    ""PARENT_ENTITY"".""domicile_region"" AS ""domicile_region__dim_cr_exp_legal_entity1_"",
    ""SPONSOR_ENTITY"".""domicile_region"" AS ""domicile_region__dim_cr_exp_legal_entity2_"",
    ""fact_cr_exposure"".""fact_cr_exposure_id"" AS ""fact_cr_exposure_id"",
    ""fact_fx_rate"".""fact_fx_rate_id"" AS ""fact_fx_rate_id"",
    ""CHILD_ENTITY"".""fi_sublimit"" AS ""fi_sublimit"",
    ""PARENT_ENTITY"".""fi_sublimit"" AS ""fi_sublimit__dim_cr_exp_legal_entity1_"",
    ""SPONSOR_ENTITY"".""fi_sublimit"" AS ""fi_sublimit__dim_cr_exp_legal_entity2_"",
    ""fact_fx_rate"".""from_currency"" AS ""from_currency"",
    ""SPONSOR_ENTITY"".""gics_sector"" AS ""gics_sector"",
    ""PARENT_ENTITY"".""gics_sector"" AS ""gics_sector__dim_cr_exp_legal_entity1_"",
    ""CHILD_ENTITY"".""gics_sector"" AS ""gics_sector__dim_cr_exp_legal_entity_"",
    ""dim_cr_exp_pos_inst"".""if_hierarchy_l0"" AS ""if_hierarchy_l0"",
    ""dim_cr_exp_pos_inst"".""if_hierarchy_l1"" AS ""if_hierarchy_l1"",
    ""dim_cr_exp_pos_inst"".""if_hierarchy_l2"" AS ""if_hierarchy_l2"",
    ""dim_cr_exp_pos_inst"".""if_hierarchy_l3"" AS ""if_hierarchy_l3"",
    ""dim_cr_exp_pos_inst"".""if_hierarchy_l4"" AS ""if_hierarchy_l4"",
    ""dim_cr_exp_pos_inst"".""if_hierarchy_l5"" AS ""if_hierarchy_l5"",
    ""dim_cr_exp_pos_inst"".""if_hierarchy_l6"" AS ""if_hierarchy_l6"",
    ""dim_cr_exp_pos_inst"".""if_hierarchy_l7"" AS ""if_hierarchy_l7"",
    ""dim_cr_exp_pos_inst"".""inst_rtg_custom_override"" AS ""inst_rtg_custom_override"",
    ""dim_cr_exp_pos_inst"".""inst_rtg_dbrs_std"" AS ""inst_rtg_dbrs_std"",
    ""dim_cr_exp_pos_inst"".""inst_rtg_final_rating"" AS ""inst_rtg_final_rating"",
    ""dim_cr_exp_pos_inst"".""inst_rtg_final_rating_source"" AS ""inst_rtg_final_rating_source"",
    ""dim_cr_exp_pos_inst"".""inst_rtg_fitch_lt"" AS ""inst_rtg_fitch_lt"",
    ""dim_cr_exp_pos_inst"".""inst_rtg_fitch_st"" AS ""inst_rtg_fitch_st"",
    ""dim_cr_exp_pos_inst"".""inst_rtg_internal"" AS ""inst_rtg_internal"",
    ""dim_cr_exp_pos_inst"".""inst_rtg_moody_lt"" AS ""inst_rtg_moody_lt"",
    ""dim_cr_exp_pos_inst"".""inst_rtg_moody_st"" AS ""inst_rtg_moody_st"",
    ""dim_cr_exp_pos_inst"".""inst_rtg_sp_lt"" AS ""inst_rtg_sp_lt"",
    ""dim_cr_exp_pos_inst"".""inst_rtg_sp_st"" AS ""inst_rtg_sp_st"",
    ""fact_fx_rate"".""inv_quoted_flag"" AS ""inv_quoted_flag"",
    ""dim_cr_exp_pos_inst"".""investment_department"" AS ""investment_department"",
    ""mv_dim_hierarchy_node_risk"".""investment_dept"" AS ""investment_dept"",
    ""dim_cr_exp_pos_inst"".""investment_program"" AS ""investment_program"",
    ""mv_dim_hierarchy_node_risk"".""investment_strat"" AS ""investment_strat"",
    ""dim_cr_exp_pos_inst"".""investment_strategy"" AS ""investment_strategy"",
    ""dim_cr_exp_pos_inst"".""investment_subprogram"" AS ""investment_subprogram"",
    ""CHILD_ENTITY"".""is_fi"" AS ""is_fi"",
    ""PARENT_ENTITY"".""is_fi"" AS ""is_fi__dim_cr_exp_legal_entity1_"",
    ""SPONSOR_ENTITY"".""is_fi"" AS ""is_fi__dim_cr_exp_legal_entity2_"",
    ""CHILD_ENTITY"".""is_government"" AS ""is_government"",
    ""PARENT_ENTITY"".""is_government"" AS ""is_government__dim_cr_exp_legal_entity1_"",
    ""SPONSOR_ENTITY"".""is_government"" AS ""is_government__dim_cr_exp_legal_entity2_"",
    ""dim_cr_exp_pos_inst"".""is_pos_fi"" AS ""is_pos_fi"",
    ""CHILD_ENTITY"".""is_provincial"" AS ""is_provincial"",
    ""PARENT_ENTITY"".""is_provincial"" AS ""is_provincial__dim_cr_exp_legal_entity1_"",
    ""SPONSOR_ENTITY"".""is_provincial"" AS ""is_provincial__dim_cr_exp_legal_entity2_"",
    ""fact_cr_exposure"".""is_user_data"" AS ""is_user_data"",
    ""dim_cr_exp_pos_inst"".""isin"" AS ""isin"",
    ""CHILD_ENTITY"".""isrc_total_fi_limit"" AS ""isrc_total_fi_limit"",
    ""PARENT_ENTITY"".""isrc_total_fi_limit"" AS ""isrc_total_fi_limit__dim_cr_exp_legal_entity1_"",
    ""SPONSOR_ENTITY"".""isrc_total_fi_limit"" AS ""isrc_total_fi_limit__dim_cr_exp_legal_entity2_"",
    ""dim_cr_exp_pos_inst"".""issue_date"" AS ""issue_date"",
    ""CHILD_ENTITY"".""limit_region"" AS ""limit_region"",
    ""PARENT_ENTITY"".""limit_region"" AS ""limit_region__dim_cr_exp_legal_entity1_"",
    ""SPONSOR_ENTITY"".""limit_region"" AS ""limit_region__dim_cr_exp_legal_entity2_"",
    ""CHILD_ENTITY"".""lt_cash_pb_fi_limit"" AS ""lt_cash_pb_fi_limit"",
    ""PARENT_ENTITY"".""lt_cash_pb_fi_limit"" AS ""lt_cash_pb_fi_limit__dim_cr_exp_legal_entity1_"",
    ""SPONSOR_ENTITY"".""lt_cash_pb_fi_limit"" AS ""lt_cash_pb_fi_limit__dim_cr_exp_legal_entity2_"",
    ""fact_cr_exposure"".""lt_exposure"" AS ""lt_exposure"",
    ""CHILD_ENTITY"".""lt_fi_sublimit"" AS ""lt_fi_sublimit"",
    ""PARENT_ENTITY"".""lt_fi_sublimit"" AS ""lt_fi_sublimit__dim_cr_exp_legal_entity1_"",
    ""SPONSOR_ENTITY"".""lt_fi_sublimit"" AS ""lt_fi_sublimit__dim_cr_exp_legal_entity2_"",
    ""dim_cr_exp_pos_inst"".""maturity_bucket"" AS ""maturity_bucket"",
    ""dim_cr_exp_pos_inst"".""maturity_date"" AS ""maturity_date"",
    ""dim_cr_exp_pos_inst"".""maturity_settl_date"" AS ""maturity_settl_date"",
    ""fact_fx_rate"".""mid_val"" AS ""mid_val"",
    ""dim_cr_exp_pos_inst"".""model_portfolio"" AS ""model_portfolio"",
    ""mv_dim_hierarchy_node_risk"".""model_portfolio"" AS ""model_portfolio__mv_dim_hierarchy_node_risk_"",
    ""CHILD_ENTITY"".""mt_cash_pb_fi_limit"" AS ""mt_cash_pb_fi_limit"",
    ""PARENT_ENTITY"".""mt_cash_pb_fi_limit"" AS ""mt_cash_pb_fi_limit__dim_cr_exp_legal_entity1_"",
    ""SPONSOR_ENTITY"".""mt_cash_pb_fi_limit"" AS ""mt_cash_pb_fi_limit__dim_cr_exp_legal_entity2_"",
    ""fact_cr_exposure"".""mt_exposure"" AS ""mt_exposure"",
    ""CHILD_ENTITY"".""mt_fi_sublimit"" AS ""mt_fi_sublimit"",
    ""PARENT_ENTITY"".""mt_fi_sublimit"" AS ""mt_fi_sublimit__dim_cr_exp_legal_entity1_"",
    ""SPONSOR_ENTITY"".""mt_fi_sublimit"" AS ""mt_fi_sublimit__dim_cr_exp_legal_entity2_"",
    ""ref_country"".""name"" AS ""name"",
    ""ref_country_domicile"".""name"" AS ""name__ref_country1_"",
    ""mv_dim_hierarchy_node_risk"".""node_level"" AS ""node_level"",
    ""mv_dim_hierarchy_node_risk"".""node_name"" AS ""node_name"",
    ""fact_cr_exposure"".""notional_base_cur"" AS ""notional_base_cur"",
    ""fact_cr_exposure"".""notional_local_cur"" AS ""notional_local_cur"",
    ""ref_country"".""numeric_code"" AS ""numeric_code"",
    ""ref_country_domicile"".""numeric_code"" AS ""numeric_code__ref_country1_"",
    ""fact_cr_exposure"".""par_amount"" AS ""par_amount"",
    ""mv_dim_hierarchy_node_risk"".""parent_node_id"" AS ""parent_node_id"",
    ""SPONSOR_ENTITY"".""party_name"" AS ""party_name"",
    ""PARENT_ENTITY"".""party_name"" AS ""party_name__dim_cr_exp_legal_entity1_"",
    ""CHILD_ENTITY"".""party_name"" AS ""party_name__dim_cr_exp_legal_entity_"",
    ""dim_cr_exp_pos_inst"".""position_data_source"" AS ""position_data_source"",
    ""dim_cr_exp_pos_inst"".""position_description"" AS ""position_description"",
    ""dim_cr_exp_pos_inst"".""position_name"" AS ""position_name"",
    ""fact_fx_rate"".""price_source_code"" AS ""price_source_code"",
    ""dim_cr_exp_pos_inst"".""product_group"" AS ""product_group"",
    ""dim_cr_exp_pos_inst"".""product_type"" AS ""product_type"",
    ""mv_dim_hierarchy_node_risk"".""program"" AS ""program"",
    ""dim_chron"".""publish_reports"" AS ""publish_reports"",
    ""fact_cr_exposure"".""pv_base_cur"" AS ""pv_base_cur"",
    ""fact_cr_exposure"".""pv_local_cur"" AS ""pv_local_cur"",
    ""fact_fx_rate"".""rate_date"" AS ""rate_date"",
    ""fact_fx_rate"".""rate_type"" AS ""rate_type"",
    ""CHILD_ENTITY"".""rating_conc_board_group"" AS ""rating_conc_board_group"",
    ""PARENT_ENTITY"".""rating_conc_board_group"" AS ""rating_conc_board_group__dim_cr_exp_legal_entity1_"",
    ""SPONSOR_ENTITY"".""rating_conc_board_group"" AS ""rating_conc_board_group__dim_cr_exp_legal_entity2_"",
    ""CHILD_ENTITY"".""rating_conc_board_limit"" AS ""rating_conc_board_limit"",
    ""PARENT_ENTITY"".""rating_conc_board_limit"" AS ""rating_conc_board_limit__dim_cr_exp_legal_entity1_"",
    ""SPONSOR_ENTITY"".""rating_conc_board_limit"" AS ""rating_conc_board_limit__dim_cr_exp_legal_entity2_"",
    ""CHILD_ENTITY"".""region_der_limit"" AS ""region_der_limit"",
    ""PARENT_ENTITY"".""region_der_limit"" AS ""region_der_limit__dim_cr_exp_legal_entity1_"",
    ""SPONSOR_ENTITY"".""region_der_limit"" AS ""region_der_limit__dim_cr_exp_legal_entity2_"",
    ""CHILD_ENTITY"".""region_der_repo_limit"" AS ""region_der_repo_limit"",
    ""PARENT_ENTITY"".""region_der_repo_limit"" AS ""region_der_repo_limit__dim_cr_exp_legal_entity1_"",
    ""SPONSOR_ENTITY"".""region_der_repo_limit"" AS ""region_der_repo_limit__dim_cr_exp_legal_entity2_"",
    ""CHILD_ENTITY"".""region_fi_limit"" AS ""region_fi_limit"",
    ""PARENT_ENTITY"".""region_fi_limit"" AS ""region_fi_limit__dim_cr_exp_legal_entity1_"",
    ""SPONSOR_ENTITY"".""region_fi_limit"" AS ""region_fi_limit__dim_cr_exp_legal_entity2_"",
    ""CHILD_ENTITY"".""region_lt_cash_pb_limit"" AS ""region_lt_cash_pb_limit"",
    ""PARENT_ENTITY"".""region_lt_cash_pb_limit"" AS ""region_lt_cash_pb_limit__dim_cr_exp_legal_entity1_"",
    ""SPONSOR_ENTITY"".""region_lt_cash_pb_limit"" AS ""region_lt_cash_pb_limit__dim_cr_exp_legal_entity2_"",
    ""CHILD_ENTITY"".""region_lt_fi_limit"" AS ""region_lt_fi_limit"",
    ""PARENT_ENTITY"".""region_lt_fi_limit"" AS ""region_lt_fi_limit__dim_cr_exp_legal_entity1_"",
    ""SPONSOR_ENTITY"".""region_lt_fi_limit"" AS ""region_lt_fi_limit__dim_cr_exp_legal_entity2_"",
    ""CHILD_ENTITY"".""region_mt_cash_pb_limit"" AS ""region_mt_cash_pb_limit"",
    ""PARENT_ENTITY"".""region_mt_cash_pb_limit"" AS ""region_mt_cash_pb_limit__dim_cr_exp_legal_entity1_"",
    ""SPONSOR_ENTITY"".""region_mt_cash_pb_limit"" AS ""region_mt_cash_pb_limit__dim_cr_exp_legal_entity2_"",
    ""CHILD_ENTITY"".""region_mt_fi_limit"" AS ""region_mt_fi_limit"",
    ""PARENT_ENTITY"".""region_mt_fi_limit"" AS ""region_mt_fi_limit__dim_cr_exp_legal_entity1_"",
    ""SPONSOR_ENTITY"".""region_mt_fi_limit"" AS ""region_mt_fi_limit__dim_cr_exp_legal_entity2_"",
    ""CHILD_ENTITY"".""region_repo_limit"" AS ""region_repo_limit"",
    ""PARENT_ENTITY"".""region_repo_limit"" AS ""region_repo_limit__dim_cr_exp_legal_entity1_"",
    ""SPONSOR_ENTITY"".""region_repo_limit"" AS ""region_repo_limit__dim_cr_exp_legal_entity2_"",
    ""CHILD_ENTITY"".""region_st_cash_pb_limit"" AS ""region_st_cash_pb_limit"",
    ""PARENT_ENTITY"".""region_st_cash_pb_limit"" AS ""region_st_cash_pb_limit__dim_cr_exp_legal_entity1_"",
    ""SPONSOR_ENTITY"".""region_st_cash_pb_limit"" AS ""region_st_cash_pb_limit__dim_cr_exp_legal_entity2_"",
    ""CHILD_ENTITY"".""region_st_fi_limit"" AS ""region_st_fi_limit"",
    ""PARENT_ENTITY"".""region_st_fi_limit"" AS ""region_st_fi_limit__dim_cr_exp_legal_entity1_"",
    ""SPONSOR_ENTITY"".""region_st_fi_limit"" AS ""region_st_fi_limit__dim_cr_exp_legal_entity2_"",
    ""CHILD_ENTITY"".""repo_fi_limit"" AS ""repo_fi_limit"",
    ""PARENT_ENTITY"".""repo_fi_limit"" AS ""repo_fi_limit__dim_cr_exp_legal_entity1_"",
    ""SPONSOR_ENTITY"".""repo_fi_limit"" AS ""repo_fi_limit__dim_cr_exp_legal_entity2_"",
    ""CHILD_ENTITY"".""rtg_cust_override"" AS ""rtg_cust_override"",
    ""PARENT_ENTITY"".""rtg_cust_override"" AS ""rtg_cust_override__dim_cr_exp_legal_entity1_"",
    ""SPONSOR_ENTITY"".""rtg_cust_override"" AS ""rtg_cust_override__dim_cr_exp_legal_entity2_"",
    ""CHILD_ENTITY"".""rtg_dbrs_lt"" AS ""rtg_dbrs_lt"",
    ""PARENT_ENTITY"".""rtg_dbrs_lt"" AS ""rtg_dbrs_lt__dim_cr_exp_legal_entity1_"",
    ""SPONSOR_ENTITY"".""rtg_dbrs_lt"" AS ""rtg_dbrs_lt__dim_cr_exp_legal_entity2_"",
    ""CHILD_ENTITY"".""rtg_dbrs_st"" AS ""rtg_dbrs_st"",
    ""PARENT_ENTITY"".""rtg_dbrs_st"" AS ""rtg_dbrs_st__dim_cr_exp_legal_entity1_"",
    ""SPONSOR_ENTITY"".""rtg_dbrs_st"" AS ""rtg_dbrs_st__dim_cr_exp_legal_entity2_"",
    ""CHILD_ENTITY"".""rtg_final"" AS ""rtg_final"",
    ""PARENT_ENTITY"".""rtg_final"" AS ""rtg_final__dim_cr_exp_legal_entity1_"",
    ""SPONSOR_ENTITY"".""rtg_final"" AS ""rtg_final__dim_cr_exp_legal_entity2_"",
    ""CHILD_ENTITY"".""rtg_fitch_lt"" AS ""rtg_fitch_lt"",
    ""PARENT_ENTITY"".""rtg_fitch_lt"" AS ""rtg_fitch_lt__dim_cr_exp_legal_entity1_"",
    ""SPONSOR_ENTITY"".""rtg_fitch_lt"" AS ""rtg_fitch_lt__dim_cr_exp_legal_entity2_"",
    ""CHILD_ENTITY"".""rtg_fitch_st"" AS ""rtg_fitch_st"",
    ""PARENT_ENTITY"".""rtg_fitch_st"" AS ""rtg_fitch_st__dim_cr_exp_legal_entity1_"",
    ""SPONSOR_ENTITY"".""rtg_fitch_st"" AS ""rtg_fitch_st__dim_cr_exp_legal_entity2_"",
    ""CHILD_ENTITY"".""rtg_internal"" AS ""rtg_internal"",
    ""PARENT_ENTITY"".""rtg_internal"" AS ""rtg_internal__dim_cr_exp_legal_entity1_"",
    ""SPONSOR_ENTITY"".""rtg_internal"" AS ""rtg_internal__dim_cr_exp_legal_entity2_"",
    ""CHILD_ENTITY"".""rtg_moody_lt"" AS ""rtg_moody_lt"",
    ""PARENT_ENTITY"".""rtg_moody_lt"" AS ""rtg_moody_lt__dim_cr_exp_legal_entity1_"",
    ""SPONSOR_ENTITY"".""rtg_moody_lt"" AS ""rtg_moody_lt__dim_cr_exp_legal_entity2_"",
    ""CHILD_ENTITY"".""rtg_moody_st"" AS ""rtg_moody_st"",
    ""PARENT_ENTITY"".""rtg_moody_st"" AS ""rtg_moody_st__dim_cr_exp_legal_entity1_"",
    ""SPONSOR_ENTITY"".""rtg_moody_st"" AS ""rtg_moody_st__dim_cr_exp_legal_entity2_"",
    ""CHILD_ENTITY"".""rtg_outlook"" AS ""rtg_outlook"",
    ""PARENT_ENTITY"".""rtg_outlook"" AS ""rtg_outlook__dim_cr_exp_legal_entity1_"",
    ""SPONSOR_ENTITY"".""rtg_outlook"" AS ""rtg_outlook__dim_cr_exp_legal_entity2_"",
    ""CHILD_ENTITY"".""rtg_sp_lt"" AS ""rtg_sp_lt"",
    ""PARENT_ENTITY"".""rtg_sp_lt"" AS ""rtg_sp_lt__dim_cr_exp_legal_entity1_"",
    ""SPONSOR_ENTITY"".""rtg_sp_lt"" AS ""rtg_sp_lt__dim_cr_exp_legal_entity2_"",
    ""CHILD_ENTITY"".""rtg_sp_st"" AS ""rtg_sp_st"",
    ""PARENT_ENTITY"".""rtg_sp_st"" AS ""rtg_sp_st__dim_cr_exp_legal_entity1_"",
    ""SPONSOR_ENTITY"".""rtg_sp_st"" AS ""rtg_sp_st__dim_cr_exp_legal_entity2_"",
    ""dim_chron"".""run_business_date"" AS ""run_business_date"",
    ""fact_cr_exposure"".""run_id"" AS ""run_id"",
    ""dim_chron"".""run_id"" AS ""run_id__dim_chron_"",
    ""PARENT_ENTITY"".""run_id"" AS ""run_id__dim_cr_exp_legal_entity1_"",
    ""SPONSOR_ENTITY"".""run_id"" AS ""run_id__dim_cr_exp_legal_entity2_"",
    ""CHILD_ENTITY"".""run_id"" AS ""run_id__dim_cr_exp_legal_entity_"",
    ""dim_cr_exp_pos_inst"".""run_id"" AS ""run_id__dim_cr_exp_pos_inst_"",
    ""fact_fx_rate"".""run_id"" AS ""run_id__fact_fx_rate_"",
    ""mv_dim_hierarchy_node_risk"".""run_id"" AS ""run_id__mv_dim_hierarchy_node_risk_"",
    ""ref_country_domicile"".""run_id"" AS ""run_id__ref_country1_"",
    ""ref_country"".""run_id"" AS ""run_id__ref_country_"",
    ""fact_cr_exposure"".""run_type"" AS ""run_type"",
    ""dim_chron"".""run_type"" AS ""run_type__dim_chron_"",
    ""PARENT_ENTITY"".""run_type"" AS ""run_type__dim_cr_exp_legal_entity1_"",
    ""SPONSOR_ENTITY"".""run_type"" AS ""run_type__dim_cr_exp_legal_entity2_"",
    ""CHILD_ENTITY"".""run_type"" AS ""run_type__dim_cr_exp_legal_entity_"",
    ""dim_cr_exp_pos_inst"".""run_type"" AS ""run_type__dim_cr_exp_pos_inst_"",
    ""fact_fx_rate"".""run_type"" AS ""run_type__fact_fx_rate_"",
    ""mv_dim_hierarchy_node_risk"".""run_type"" AS ""run_type__mv_dim_hierarchy_node_risk_"",
    ""ref_country_domicile"".""run_type"" AS ""run_type__ref_country1_"",
    ""ref_country"".""run_type"" AS ""run_type__ref_country_"",
    ""CHILD_ENTITY"".""sector_conc_board_limit"" AS ""sector_conc_board_limit"",
    ""PARENT_ENTITY"".""sector_conc_board_limit"" AS ""sector_conc_board_limit__dim_cr_exp_legal_entity1_"",
    ""SPONSOR_ENTITY"".""sector_conc_board_limit"" AS ""sector_conc_board_limit__dim_cr_exp_legal_entity2_"",
    ""fact_fx_rate"".""settlement_date"" AS ""settlement_date"",
    ""CHILD_ENTITY"".""single_name_board_limit"" AS ""single_name_board_limit"",
    ""PARENT_ENTITY"".""single_name_board_limit"" AS ""single_name_board_limit__dim_cr_exp_legal_entity1_"",
    ""SPONSOR_ENTITY"".""single_name_board_limit"" AS ""single_name_board_limit__dim_cr_exp_legal_entity2_"",
    ""CHILD_ENTITY"".""smd_total_fi_limit"" AS ""smd_total_fi_limit"",
    ""PARENT_ENTITY"".""smd_total_fi_limit"" AS ""smd_total_fi_limit__dim_cr_exp_legal_entity1_"",
    ""SPONSOR_ENTITY"".""smd_total_fi_limit"" AS ""smd_total_fi_limit__dim_cr_exp_legal_entity2_"",
    ""dim_chron"".""source_business_date"" AS ""source_business_date"",
    ""dim_cr_exp_pos_inst"".""source_pos_key"" AS ""source_pos_key"",
    ""CHILD_ENTITY"".""sovr_country_outlook"" AS ""sovr_country_outlook"",
    ""PARENT_ENTITY"".""sovr_country_outlook"" AS ""sovr_country_outlook__dim_cr_exp_legal_entity1_"",
    ""SPONSOR_ENTITY"".""sovr_country_outlook"" AS ""sovr_country_outlook__dim_cr_exp_legal_entity2_"",
    ""CHILD_ENTITY"".""sovr_country_rating"" AS ""sovr_country_rating"",
    ""PARENT_ENTITY"".""sovr_country_rating"" AS ""sovr_country_rating__dim_cr_exp_legal_entity1_"",
    ""SPONSOR_ENTITY"".""sovr_country_rating"" AS ""sovr_country_rating__dim_cr_exp_legal_entity2_"",
    ""CHILD_ENTITY"".""sovr_fi_limit"" AS ""sovr_fi_limit"",
    ""PARENT_ENTITY"".""sovr_fi_limit"" AS ""sovr_fi_limit__dim_cr_exp_legal_entity1_"",
    ""SPONSOR_ENTITY"".""sovr_fi_limit"" AS ""sovr_fi_limit__dim_cr_exp_legal_entity2_"",
    ""CHILD_ENTITY"".""sovr_lt_fi_limit"" AS ""sovr_lt_fi_limit"",
    ""PARENT_ENTITY"".""sovr_lt_fi_limit"" AS ""sovr_lt_fi_limit__dim_cr_exp_legal_entity1_"",
    ""SPONSOR_ENTITY"".""sovr_lt_fi_limit"" AS ""sovr_lt_fi_limit__dim_cr_exp_legal_entity2_"",
    ""CHILD_ENTITY"".""sovr_mt_fi_limit"" AS ""sovr_mt_fi_limit"",
    ""PARENT_ENTITY"".""sovr_mt_fi_limit"" AS ""sovr_mt_fi_limit__dim_cr_exp_legal_entity1_"",
    ""SPONSOR_ENTITY"".""sovr_mt_fi_limit"" AS ""sovr_mt_fi_limit__dim_cr_exp_legal_entity2_"",
    ""CHILD_ENTITY"".""sovr_st_fi_limit"" AS ""sovr_st_fi_limit"",
    ""PARENT_ENTITY"".""sovr_st_fi_limit"" AS ""sovr_st_fi_limit__dim_cr_exp_legal_entity1_"",
    ""SPONSOR_ENTITY"".""sovr_st_fi_limit"" AS ""sovr_st_fi_limit__dim_cr_exp_legal_entity2_"",
    ""dim_cr_exp_pos_inst"".""ssa_outstanding_prog_balance"" AS ""ssa_outstanding_prog_balance"",
    ""CHILD_ENTITY"".""st_cash_pb_fi_limit"" AS ""st_cash_pb_fi_limit"",
    ""PARENT_ENTITY"".""st_cash_pb_fi_limit"" AS ""st_cash_pb_fi_limit__dim_cr_exp_legal_entity1_"",
    ""SPONSOR_ENTITY"".""st_cash_pb_fi_limit"" AS ""st_cash_pb_fi_limit__dim_cr_exp_legal_entity2_"",
    ""fact_cr_exposure"".""st_exposure"" AS ""st_exposure"",
    ""CHILD_ENTITY"".""st_fi_sublimit"" AS ""st_fi_sublimit"",
    ""PARENT_ENTITY"".""st_fi_sublimit"" AS ""st_fi_sublimit__dim_cr_exp_legal_entity1_"",
    ""SPONSOR_ENTITY"".""st_fi_sublimit"" AS ""st_fi_sublimit__dim_cr_exp_legal_entity2_"",
    ""fact_fx_rate"".""stale"" AS ""stale"",
    ""mv_dim_hierarchy_node_risk"".""sub_program"" AS ""sub_program"",
    ""CHILD_ENTITY"".""tag"" AS ""tag"",
    ""PARENT_ENTITY"".""tag"" AS ""tag__dim_cr_exp_legal_entity1_"",
    ""SPONSOR_ENTITY"".""tag"" AS ""tag__dim_cr_exp_legal_entity2_"",
    ""fact_fx_rate"".""tenor_cd"" AS ""tenor_cd"",
    ""fact_fx_rate"".""ticker"" AS ""ticker"",
    ""fact_fx_rate"".""to_currency"" AS ""to_currency"",
    ""CHILD_ENTITY"".""total_cash_pb_smd_fi_limit"" AS ""total_cash_pb_smd_fi_limit"",
    ""PARENT_ENTITY"".""total_cash_pb_smd_fi_limit"" AS ""total_cash_pb_smd_fi_limit__dim_cr_exp_legal_entity1_"",
    ""SPONSOR_ENTITY"".""total_cash_pb_smd_fi_limit"" AS ""total_cash_pb_smd_fi_limit__dim_cr_exp_legal_entity2_"",
    ""CHILD_ENTITY"".""ulp_dim_cr_exp_legal_entity_id"" AS ""ulp_dim_cr_exp_legal_entity_id"",
    ""PARENT_ENTITY"".""ulp_dim_cr_exp_legal_entity_id"" AS ""ulp_dim_cr_exp_legal_entity_id__dim_cr_exp_legal_entity1_"",
    ""SPONSOR_ENTITY"".""ulp_dim_cr_exp_legal_entity_id"" AS ""ulp_dim_cr_exp_legal_entity_id__dim_cr_exp_legal_entity2_""
  FROM ""radar_reporting_prod"".""fact_cr_exposure"" ""fact_cr_exposure""
    INNER JOIN ""radar_reporting_prod"".""dim_chron"" ""dim_chron"" ON (""fact_cr_exposure"".""chron_id"" = ""dim_chron"".""chron_id"")
    INNER JOIN ""radar_reporting_prod"".""dim_cr_exp_pos_inst"" ""dim_cr_exp_pos_inst"" ON ((""fact_cr_exposure"".""chron_id"" = ""dim_cr_exp_pos_inst"".""chron_id"") AND (""fact_cr_exposure"".""dim_cr_exp_pos_inst_id"" = ""dim_cr_exp_pos_inst"".""dim_cr_exp_pos_inst_id""))
    INNER JOIN ""radar_reporting_prod"".""dim_cr_exp_legal_entity"" ""CHILD_ENTITY"" ON ((""fact_cr_exposure"".""chron_id"" = ""CHILD_ENTITY"".""chron_id"") AND (""fact_cr_exposure"".""dim_cr_exp_legal_entity_id"" = ""CHILD_ENTITY"".""dim_cr_exp_legal_entity_id""))
    LEFT JOIN ""radar_reporting_prod"".""ref_country"" ""ref_country_domicile"" ON ((""CHILD_ENTITY"".""chron_id"" = ""ref_country_domicile"".""business_date"") AND (""CHILD_ENTITY"".""domicile_country_code"" = ""ref_country_domicile"".""alpha_2_code""))
    INNER JOIN ""radar_reporting_prod"".""dim_cr_exp_legal_entity"" ""PARENT_ENTITY"" ON ((""CHILD_ENTITY"".""ulp_dim_cr_exp_legal_entity_id"" = ""PARENT_ENTITY"".""dim_cr_exp_legal_entity_id"") AND (""CHILD_ENTITY"".""chron_id"" = ""PARENT_ENTITY"".""chron_id""))
    LEFT JOIN ""radar_reporting_prod"".""ref_country"" ""ref_country"" ON ((""PARENT_ENTITY"".""chron_id"" = ""ref_country"".""chron_id"") AND (""PARENT_ENTITY"".""domicile_country_code"" = ""ref_country"".""alpha_2_code""))
    LEFT JOIN ""radar_reporting_prod"".""dim_cr_exp_legal_entity"" ""SPONSOR_ENTITY"" ON ((""dim_cr_exp_pos_inst"".""chron_id"" = ""SPONSOR_ENTITY"".""chron_id"") AND (""CHILD_ENTITY"".""abcp_sponsor_id"" = ""SPONSOR_ENTITY"".""cppib_party_id""))
    LEFT JOIN ""radar_reporting_prod"".""fact_fx_rate"" ""fact_fx_rate"" ON ((""dim_cr_exp_pos_inst"".""chron_id"" = ""fact_fx_rate"".""chron_id"") AND (""dim_cr_exp_pos_inst"".""currency"" = ""fact_fx_rate"".""to_currency"")AND (""fact_fx_rate"".rate_type ='SPOT'))
    LEFT JOIN ""radar_reporting_prod"".""mv_dim_hierarchy_node_risk"" ""mv_dim_hierarchy_node_risk"" ON ((""dim_cr_exp_pos_inst"".""chron_id"" = ""mv_dim_hierarchy_node_risk"".""chron_id"") AND (""dim_cr_exp_pos_inst"".""investment_department"" = ""mv_dim_hierarchy_node_risk"".""node_name""))
) ""Custom SQL Query""
HAVING COUNT(1)>0"
e68d0b30d0b315bc58dd97f1cdf3da23bf5b7d2735ced951a34e30d2b15c5b40,"/* cppi::e68d0b30d0b315bc58dd97f1cdf3da23bf5b7d2735ced951a34e30d2b15c5b40 */
SELECT SUM(1) AS ""COL""
FROM (
  SELECT ""fact_cr_exposure"".""abacus_chron_id"" AS ""abacus_chron_id"",
    ""dim_chron"".""abacus_chron_id"" AS ""abacus_chron_id__dim_chron_"",
    ""PARENT_ENTITY"".""abacus_chron_id"" AS ""abacus_chron_id__dim_cr_exp_legal_entity1_"",
    ""SPONSOR_ENTITY"".""abacus_chron_id"" AS ""abacus_chron_id__dim_cr_exp_legal_entity2_"",
    ""CHILD_ENTITY"".""abacus_chron_id"" AS ""abacus_chron_id__dim_cr_exp_legal_entity_"",
    ""dim_cr_exp_pos_inst"".""abacus_chron_id"" AS ""abacus_chron_id__dim_cr_exp_pos_inst_"",
    ""fact_fx_rate"".""abacus_chron_id"" AS ""abacus_chron_id__fact_fx_rate_"",
    ""mv_dim_hierarchy_node_risk"".""abacus_chron_id"" AS ""abacus_chron_id__mv_dim_hierarchy_node_risk_"",
    ""CHILD_ENTITY"".""abcp_limit"" AS ""abcp_limit"",
    ""PARENT_ENTITY"".""abcp_limit"" AS ""abcp_limit__dim_cr_exp_legal_entity1_"",
    ""SPONSOR_ENTITY"".""abcp_limit"" AS ""abcp_limit__dim_cr_exp_legal_entity2_"",
    ""CHILD_ENTITY"".""abcp_outstanding_prog_balance"" AS ""abcp_outstanding_prog_balance"",
    ""PARENT_ENTITY"".""abcp_outstanding_prog_balance"" AS ""abcp_outstanding_prog_balance__dim_cr_exp_legal_entity1_"",
    ""SPONSOR_ENTITY"".""abcp_outstanding_prog_balance"" AS ""abcp_outstanding_prog_balance__dim_cr_exp_legal_entity2_"",
    ""CHILD_ENTITY"".""abcp_sponsor_id"" AS ""abcp_sponsor_id"",
    ""PARENT_ENTITY"".""abcp_sponsor_id"" AS ""abcp_sponsor_id__dim_cr_exp_legal_entity1_"",
    ""SPONSOR_ENTITY"".""abcp_sponsor_id"" AS ""abcp_sponsor_id__dim_cr_exp_legal_entity2_"",
    ""fact_cr_exposure"".""acpp_credit_exposure"" AS ""acpp_credit_exposure"",
    ""fact_cr_exposure"".""acpp_lt_exposure"" AS ""acpp_lt_exposure"",
    ""fact_cr_exposure"".""acpp_mt_exposure"" AS ""acpp_mt_exposure"",
    ""CHILD_ENTITY"".""acpp_rating_conc_board_limit"" AS ""acpp_rating_conc_board_limit"",
    ""PARENT_ENTITY"".""acpp_rating_conc_board_limit"" AS ""acpp_rating_conc_board_limit__dim_cr_exp_legal_entity1_"",
    ""SPONSOR_ENTITY"".""acpp_rating_conc_board_limit"" AS ""acpp_rating_conc_board_limit__dim_cr_exp_legal_entity2_"",
    ""CHILD_ENTITY"".""acpp_sector_conc_board_limit"" AS ""acpp_sector_conc_board_limit"",
    ""PARENT_ENTITY"".""acpp_sector_conc_board_limit"" AS ""acpp_sector_conc_board_limit__dim_cr_exp_legal_entity1_"",
    ""SPONSOR_ENTITY"".""acpp_sector_conc_board_limit"" AS ""acpp_sector_conc_board_limit__dim_cr_exp_legal_entity2_"",
    ""CHILD_ENTITY"".""acpp_single_name_board_limit"" AS ""acpp_single_name_board_limit"",
    ""PARENT_ENTITY"".""acpp_single_name_board_limit"" AS ""acpp_single_name_board_limit__dim_cr_exp_legal_entity1_"",
    ""SPONSOR_ENTITY"".""acpp_single_name_board_limit"" AS ""acpp_single_name_board_limit__dim_cr_exp_legal_entity2_"",
    ""fact_cr_exposure"".""acpp_st_exposure"" AS ""acpp_st_exposure"",
    ""ref_country"".""alpha_2_code"" AS ""alpha_2_code"",
    ""ref_country_domicile"".""alpha_2_code"" AS ""alpha_2_code__ref_country1_"",
    ""ref_country"".""alpha_3_code"" AS ""alpha_3_code"",
    ""ref_country_domicile"".""alpha_3_code"" AS ""alpha_3_code__ref_country1_"",
    ""fact_cr_exposure"".""bcpp_credit_exposure"" AS ""bcpp_credit_exposure"",
    ""fact_cr_exposure"".""bcpp_lt_exposure"" AS ""bcpp_lt_exposure"",
    ""fact_cr_exposure"".""bcpp_mt_exposure"" AS ""bcpp_mt_exposure"",
    ""CHILD_ENTITY"".""bcpp_rating_conc_board_limit"" AS ""bcpp_rating_conc_board_limit"",
    ""PARENT_ENTITY"".""bcpp_rating_conc_board_limit"" AS ""bcpp_rating_conc_board_limit__dim_cr_exp_legal_entity1_"",
    ""SPONSOR_ENTITY"".""bcpp_rating_conc_board_limit"" AS ""bcpp_rating_conc_board_limit__dim_cr_exp_legal_entity2_"",
    ""CHILD_ENTITY"".""bcpp_sector_conc_board_limit"" AS ""bcpp_sector_conc_board_limit"",
    ""PARENT_ENTITY"".""bcpp_sector_conc_board_limit"" AS ""bcpp_sector_conc_board_limit__dim_cr_exp_legal_entity1_"",
    ""SPONSOR_ENTITY"".""bcpp_sector_conc_board_limit"" AS ""bcpp_sector_conc_board_limit__dim_cr_exp_legal_entity2_"",
    ""CHILD_ENTITY"".""bcpp_single_name_board_limit"" AS ""bcpp_single_name_board_limit"",
    ""PARENT_ENTITY"".""bcpp_single_name_board_limit"" AS ""bcpp_single_name_board_limit__dim_cr_exp_legal_entity1_"",
    ""SPONSOR_ENTITY"".""bcpp_single_name_board_limit"" AS ""bcpp_single_name_board_limit__dim_cr_exp_legal_entity2_"",
    ""fact_cr_exposure"".""bcpp_st_exposure"" AS ""bcpp_st_exposure"",
    ""fact_cr_exposure"".""business_date"" AS ""business_date"",
    ""dim_chron"".""business_date"" AS ""business_date__dim_chron_"",
    ""PARENT_ENTITY"".""business_date"" AS ""business_date__dim_cr_exp_legal_entity1_"",
    ""SPONSOR_ENTITY"".""business_date"" AS ""business_date__dim_cr_exp_legal_entity2_"",
    ""CHILD_ENTITY"".""business_date"" AS ""business_date__dim_cr_exp_legal_entity_"",
    ""dim_cr_exp_pos_inst"".""business_date"" AS ""business_date__dim_cr_exp_pos_inst_"",
    ""fact_fx_rate"".""business_date"" AS ""business_date__fact_fx_rate_"",
    ""mv_dim_hierarchy_node_risk"".""business_date"" AS ""business_date__mv_dim_hierarchy_node_risk_"",
    ""ref_country_domicile"".""business_date"" AS ""business_date__ref_country1_"",
    ""ref_country"".""business_date"" AS ""business_date__ref_country_"",
    ""dim_chron"".""canonical_source"" AS ""canonical_source"",
    ""fact_cr_exposure"".""chron_id"" AS ""chron_id"",
    ""dim_chron"".""chron_id"" AS ""chron_id__dim_chron_"",
    ""PARENT_ENTITY"".""chron_id"" AS ""chron_id__dim_cr_exp_legal_entity1_"",
    ""SPONSOR_ENTITY"".""chron_id"" AS ""chron_id__dim_cr_exp_legal_entity2_"",
    ""CHILD_ENTITY"".""chron_id"" AS ""chron_id__dim_cr_exp_legal_entity_"",
    ""dim_cr_exp_pos_inst"".""chron_id"" AS ""chron_id__dim_cr_exp_pos_inst_"",
    ""fact_fx_rate"".""chron_id"" AS ""chron_id__fact_fx_rate_"",
    ""mv_dim_hierarchy_node_risk"".""chron_id"" AS ""chron_id__mv_dim_hierarchy_node_risk_"",
    ""ref_country_domicile"".""chron_id"" AS ""chron_id__ref_country1_"",
    ""ref_country"".""chron_id"" AS ""chron_id__ref_country_"",
    ""dim_chron"".""chron_status"" AS ""chron_status"",
    ""dim_chron"".""chron_timestamp"" AS ""chron_timestamp"",
    ""dim_chron"".""chron_type"" AS ""chron_type"",
    ""fact_cr_exposure"".""cost_value_base_cur"" AS ""cost_value_base_cur"",
    ""fact_cr_exposure"".""cost_value_local_cur"" AS ""cost_value_local_cur"",
    ""CHILD_ENTITY"".""country_der_limit"" AS ""country_der_limit"",
    ""PARENT_ENTITY"".""country_der_limit"" AS ""country_der_limit__dim_cr_exp_legal_entity1_"",
    ""SPONSOR_ENTITY"".""country_der_limit"" AS ""country_der_limit__dim_cr_exp_legal_entity2_"",
    ""CHILD_ENTITY"".""country_der_repo_limit"" AS ""country_der_repo_limit"",
    ""PARENT_ENTITY"".""country_der_repo_limit"" AS ""country_der_repo_limit__dim_cr_exp_legal_entity1_"",
    ""SPONSOR_ENTITY"".""country_der_repo_limit"" AS ""country_der_repo_limit__dim_cr_exp_legal_entity2_"",
    ""CHILD_ENTITY"".""country_lt_cash_pb_limit"" AS ""country_lt_cash_pb_limit"",
    ""PARENT_ENTITY"".""country_lt_cash_pb_limit"" AS ""country_lt_cash_pb_limit__dim_cr_exp_legal_entity1_"",
    ""SPONSOR_ENTITY"".""country_lt_cash_pb_limit"" AS ""country_lt_cash_pb_limit__dim_cr_exp_legal_entity2_"",
    ""CHILD_ENTITY"".""country_mt_cash_pb_limit"" AS ""country_mt_cash_pb_limit"",
    ""PARENT_ENTITY"".""country_mt_cash_pb_limit"" AS ""country_mt_cash_pb_limit__dim_cr_exp_legal_entity1_"",
    ""SPONSOR_ENTITY"".""country_mt_cash_pb_limit"" AS ""country_mt_cash_pb_limit__dim_cr_exp_legal_entity2_"",
    ""CHILD_ENTITY"".""country_repo_limit"" AS ""country_repo_limit"",
    ""PARENT_ENTITY"".""country_repo_limit"" AS ""country_repo_limit__dim_cr_exp_legal_entity1_"",
    ""SPONSOR_ENTITY"".""country_repo_limit"" AS ""country_repo_limit__dim_cr_exp_legal_entity2_"",
    ""CHILD_ENTITY"".""country_st_cash_pb_limit"" AS ""country_st_cash_pb_limit"",
    ""PARENT_ENTITY"".""country_st_cash_pb_limit"" AS ""country_st_cash_pb_limit__dim_cr_exp_legal_entity1_"",
    ""SPONSOR_ENTITY"".""country_st_cash_pb_limit"" AS ""country_st_cash_pb_limit__dim_cr_exp_legal_entity2_"",
    ""SPONSOR_ENTITY"".""cppib_party_id"" AS ""cppib_party_id"",
    ""PARENT_ENTITY"".""cppib_party_id"" AS ""cppib_party_id__dim_cr_exp_legal_entity1_"",
    ""CHILD_ENTITY"".""cppib_party_id"" AS ""cppib_party_id__dim_cr_exp_legal_entity_"",
    ""fact_fx_rate"".""cppib_security_id"" AS ""cppib_security_id"",
    ""dim_chron"".""cr_exp_ready"" AS ""cr_exp_ready"",
    ""fact_cr_exposure"".""credit_exposure"" AS ""credit_exposure"",
    ""dim_cr_exp_pos_inst"".""currency"" AS ""currency"",
    ""dim_cr_exp_pos_inst"".""cusip"" AS ""cusip"",
    ""dim_cr_exp_pos_inst"".""days_to_maturity"" AS ""days_to_maturity"",
    ""CHILD_ENTITY"".""der_fi_limit"" AS ""der_fi_limit"",
    ""PARENT_ENTITY"".""der_fi_limit"" AS ""der_fi_limit__dim_cr_exp_legal_entity1_"",
    ""SPONSOR_ENTITY"".""der_fi_limit"" AS ""der_fi_limit__dim_cr_exp_legal_entity2_"",
    ""CHILD_ENTITY"".""der_repo_fi_limit"" AS ""der_repo_fi_limit"",
    ""PARENT_ENTITY"".""der_repo_fi_limit"" AS ""der_repo_fi_limit__dim_cr_exp_legal_entity1_"",
    ""SPONSOR_ENTITY"".""der_repo_fi_limit"" AS ""der_repo_fi_limit__dim_cr_exp_legal_entity2_"",
    ""fact_fx_rate"".""derived_from"" AS ""derived_from"",
    ""fact_cr_exposure"".""dim_cr_exp_legal_entity_id"" AS ""dim_cr_exp_legal_entity_id"",
    ""PARENT_ENTITY"".""dim_cr_exp_legal_entity_id"" AS ""dim_cr_exp_legal_entity_id__dim_cr_exp_legal_entity1_"",
    ""SPONSOR_ENTITY"".""dim_cr_exp_legal_entity_id"" AS ""dim_cr_exp_legal_entity_id__dim_cr_exp_legal_entity2_"",
    ""CHILD_ENTITY"".""dim_cr_exp_legal_entity_id"" AS ""dim_cr_exp_legal_entity_id__dim_cr_exp_legal_entity_"",
    ""fact_cr_exposure"".""dim_cr_exp_pos_inst_id"" AS ""dim_cr_exp_pos_inst_id"",
    ""dim_cr_exp_pos_inst"".""dim_cr_exp_pos_inst_id"" AS ""dim_cr_exp_pos_inst_id__dim_cr_exp_pos_inst_"",
    ""mv_dim_hierarchy_node_risk"".""dim_hierarchy_node_id"" AS ""dim_hierarchy_node_id"",
    ""SPONSOR_ENTITY"".""domicile_country_code"" AS ""domicile_country_code"",
    ""PARENT_ENTITY"".""domicile_country_code"" AS ""domicile_country_code__dim_cr_exp_legal_entity1_"",
    ""CHILD_ENTITY"".""domicile_country_code"" AS ""domicile_country_code__dim_cr_exp_legal_entity_"",
    ""CHILD_ENTITY"".""domicile_region"" AS ""domicile_region"",
    ""PARENT_ENTITY"".""domicile_region"" AS ""domicile_region__dim_cr_exp_legal_entity1_"",
    ""SPONSOR_ENTITY"".""domicile_region"" AS ""domicile_region__dim_cr_exp_legal_entity2_"",
    ""fact_cr_exposure"".""fact_cr_exposure_id"" AS ""fact_cr_exposure_id"",
    ""fact_fx_rate"".""fact_fx_rate_id"" AS ""fact_fx_rate_id"",
    ""CHILD_ENTITY"".""fi_sublimit"" AS ""fi_sublimit"",
    ""PARENT_ENTITY"".""fi_sublimit"" AS ""fi_sublimit__dim_cr_exp_legal_entity1_"",
    ""SPONSOR_ENTITY"".""fi_sublimit"" AS ""fi_sublimit__dim_cr_exp_legal_entity2_"",
    ""fact_fx_rate"".""from_currency"" AS ""from_currency"",
    ""SPONSOR_ENTITY"".""gics_sector"" AS ""gics_sector"",
    ""PARENT_ENTITY"".""gics_sector"" AS ""gics_sector__dim_cr_exp_legal_entity1_"",
    ""CHILD_ENTITY"".""gics_sector"" AS ""gics_sector__dim_cr_exp_legal_entity_"",
    ""dim_cr_exp_pos_inst"".""if_hierarchy_l0"" AS ""if_hierarchy_l0"",
    ""dim_cr_exp_pos_inst"".""if_hierarchy_l1"" AS ""if_hierarchy_l1"",
    ""dim_cr_exp_pos_inst"".""if_hierarchy_l2"" AS ""if_hierarchy_l2"",
    ""dim_cr_exp_pos_inst"".""if_hierarchy_l3"" AS ""if_hierarchy_l3"",
    ""dim_cr_exp_pos_inst"".""if_hierarchy_l4"" AS ""if_hierarchy_l4"",
    ""dim_cr_exp_pos_inst"".""if_hierarchy_l5"" AS ""if_hierarchy_l5"",
    ""dim_cr_exp_pos_inst"".""if_hierarchy_l6"" AS ""if_hierarchy_l6"",
    ""dim_cr_exp_pos_inst"".""if_hierarchy_l7"" AS ""if_hierarchy_l7"",
    ""dim_cr_exp_pos_inst"".""inst_rtg_custom_override"" AS ""inst_rtg_custom_override"",
    ""dim_cr_exp_pos_inst"".""inst_rtg_dbrs_std"" AS ""inst_rtg_dbrs_std"",
    ""dim_cr_exp_pos_inst"".""inst_rtg_final_rating"" AS ""inst_rtg_final_rating"",
    ""dim_cr_exp_pos_inst"".""inst_rtg_final_rating_source"" AS ""inst_rtg_final_rating_source"",
    ""dim_cr_exp_pos_inst"".""inst_rtg_fitch_lt"" AS ""inst_rtg_fitch_lt"",
    ""dim_cr_exp_pos_inst"".""inst_rtg_fitch_st"" AS ""inst_rtg_fitch_st"",
    ""dim_cr_exp_pos_inst"".""inst_rtg_internal"" AS ""inst_rtg_internal"",
    ""dim_cr_exp_pos_inst"".""inst_rtg_moody_lt"" AS ""inst_rtg_moody_lt"",
    ""dim_cr_exp_pos_inst"".""inst_rtg_moody_st"" AS ""inst_rtg_moody_st"",
    ""dim_cr_exp_pos_inst"".""inst_rtg_sp_lt"" AS ""inst_rtg_sp_lt"",
    ""dim_cr_exp_pos_inst"".""inst_rtg_sp_st"" AS ""inst_rtg_sp_st"",
    ""fact_fx_rate"".""inv_quoted_flag"" AS ""inv_quoted_flag"",
    ""dim_cr_exp_pos_inst"".""investment_department"" AS ""investment_department"",
    ""mv_dim_hierarchy_node_risk"".""investment_dept"" AS ""investment_dept"",
    ""dim_cr_exp_pos_inst"".""investment_program"" AS ""investment_program"",
    ""mv_dim_hierarchy_node_risk"".""investment_strat"" AS ""investment_strat"",
    ""dim_cr_exp_pos_inst"".""investment_strategy"" AS ""investment_strategy"",
    ""dim_cr_exp_pos_inst"".""investment_subprogram"" AS ""investment_subprogram"",
    ""CHILD_ENTITY"".""is_fi"" AS ""is_fi"",
    ""PARENT_ENTITY"".""is_fi"" AS ""is_fi__dim_cr_exp_legal_entity1_"",
    ""SPONSOR_ENTITY"".""is_fi"" AS ""is_fi__dim_cr_exp_legal_entity2_"",
    ""CHILD_ENTITY"".""is_government"" AS ""is_government"",
    ""PARENT_ENTITY"".""is_government"" AS ""is_government__dim_cr_exp_legal_entity1_"",
    ""SPONSOR_ENTITY"".""is_government"" AS ""is_government__dim_cr_exp_legal_entity2_"",
    ""dim_cr_exp_pos_inst"".""is_pos_fi"" AS ""is_pos_fi"",
    ""CHILD_ENTITY"".""is_provincial"" AS ""is_provincial"",
    ""PARENT_ENTITY"".""is_provincial"" AS ""is_provincial__dim_cr_exp_legal_entity1_"",
    ""SPONSOR_ENTITY"".""is_provincial"" AS ""is_provincial__dim_cr_exp_legal_entity2_"",
    ""fact_cr_exposure"".""is_user_data"" AS ""is_user_data"",
    ""dim_cr_exp_pos_inst"".""isin"" AS ""isin"",
    ""CHILD_ENTITY"".""isrc_total_fi_limit"" AS ""isrc_total_fi_limit"",
    ""PARENT_ENTITY"".""isrc_total_fi_limit"" AS ""isrc_total_fi_limit__dim_cr_exp_legal_entity1_"",
    ""SPONSOR_ENTITY"".""isrc_total_fi_limit"" AS ""isrc_total_fi_limit__dim_cr_exp_legal_entity2_"",
    ""dim_cr_exp_pos_inst"".""issue_date"" AS ""issue_date"",
    ""CHILD_ENTITY"".""limit_region"" AS ""limit_region"",
    ""PARENT_ENTITY"".""limit_region"" AS ""limit_region__dim_cr_exp_legal_entity1_"",
    ""SPONSOR_ENTITY"".""limit_region"" AS ""limit_region__dim_cr_exp_legal_entity2_"",
    ""CHILD_ENTITY"".""lt_cash_pb_fi_limit"" AS ""lt_cash_pb_fi_limit"",
    ""PARENT_ENTITY"".""lt_cash_pb_fi_limit"" AS ""lt_cash_pb_fi_limit__dim_cr_exp_legal_entity1_"",
    ""SPONSOR_ENTITY"".""lt_cash_pb_fi_limit"" AS ""lt_cash_pb_fi_limit__dim_cr_exp_legal_entity2_"",
    ""fact_cr_exposure"".""lt_exposure"" AS ""lt_exposure"",
    ""CHILD_ENTITY"".""lt_fi_sublimit"" AS ""lt_fi_sublimit"",
    ""PARENT_ENTITY"".""lt_fi_sublimit"" AS ""lt_fi_sublimit__dim_cr_exp_legal_entity1_"",
    ""SPONSOR_ENTITY"".""lt_fi_sublimit"" AS ""lt_fi_sublimit__dim_cr_exp_legal_entity2_"",
    ""dim_cr_exp_pos_inst"".""maturity_bucket"" AS ""maturity_bucket"",
    ""dim_cr_exp_pos_inst"".""maturity_date"" AS ""maturity_date"",
    ""dim_cr_exp_pos_inst"".""maturity_settl_date"" AS ""maturity_settl_date"",
    ""fact_fx_rate"".""mid_val"" AS ""mid_val"",
    ""dim_cr_exp_pos_inst"".""model_portfolio"" AS ""model_portfolio"",
    ""mv_dim_hierarchy_node_risk"".""model_portfolio"" AS ""model_portfolio__mv_dim_hierarchy_node_risk_"",
    ""CHILD_ENTITY"".""mt_cash_pb_fi_limit"" AS ""mt_cash_pb_fi_limit"",
    ""PARENT_ENTITY"".""mt_cash_pb_fi_limit"" AS ""mt_cash_pb_fi_limit__dim_cr_exp_legal_entity1_"",
    ""SPONSOR_ENTITY"".""mt_cash_pb_fi_limit"" AS ""mt_cash_pb_fi_limit__dim_cr_exp_legal_entity2_"",
    ""fact_cr_exposure"".""mt_exposure"" AS ""mt_exposure"",
    ""CHILD_ENTITY"".""mt_fi_sublimit"" AS ""mt_fi_sublimit"",
    ""PARENT_ENTITY"".""mt_fi_sublimit"" AS ""mt_fi_sublimit__dim_cr_exp_legal_entity1_"",
    ""SPONSOR_ENTITY"".""mt_fi_sublimit"" AS ""mt_fi_sublimit__dim_cr_exp_legal_entity2_"",
    ""ref_country"".""name"" AS ""name"",
    ""ref_country_domicile"".""name"" AS ""name__ref_country1_"",
    ""mv_dim_hierarchy_node_risk"".""node_level"" AS ""node_level"",
    ""mv_dim_hierarchy_node_risk"".""node_name"" AS ""node_name"",
    ""fact_cr_exposure"".""notional_base_cur"" AS ""notional_base_cur"",
    ""fact_cr_exposure"".""notional_local_cur"" AS ""notional_local_cur"",
    ""ref_country"".""numeric_code"" AS ""numeric_code"",
    ""ref_country_domicile"".""numeric_code"" AS ""numeric_code__ref_country1_"",
    ""fact_cr_exposure"".""par_amount"" AS ""par_amount"",
    ""mv_dim_hierarchy_node_risk"".""parent_node_id"" AS ""parent_node_id"",
    ""SPONSOR_ENTITY"".""party_name"" AS ""party_name"",
    ""PARENT_ENTITY"".""party_name"" AS ""party_name__dim_cr_exp_legal_entity1_"",
    ""CHILD_ENTITY"".""party_name"" AS ""party_name__dim_cr_exp_legal_entity_"",
    ""dim_cr_exp_pos_inst"".""position_data_source"" AS ""position_data_source"",
    ""dim_cr_exp_pos_inst"".""position_description"" AS ""position_description"",
    ""dim_cr_exp_pos_inst"".""position_name"" AS ""position_name"",
    ""fact_fx_rate"".""price_source_code"" AS ""price_source_code"",
    ""dim_cr_exp_pos_inst"".""product_group"" AS ""product_group"",
    ""dim_cr_exp_pos_inst"".""product_type"" AS ""product_type"",
    ""mv_dim_hierarchy_node_risk"".""program"" AS ""program"",
    ""dim_chron"".""publish_reports"" AS ""publish_reports"",
    ""fact_cr_exposure"".""pv_base_cur"" AS ""pv_base_cur"",
    ""fact_cr_exposure"".""pv_local_cur"" AS ""pv_local_cur"",
    ""fact_fx_rate"".""rate_date"" AS ""rate_date"",
    ""fact_fx_rate"".""rate_type"" AS ""rate_type"",
    ""CHILD_ENTITY"".""rating_conc_board_group"" AS ""rating_conc_board_group"",
    ""PARENT_ENTITY"".""rating_conc_board_group"" AS ""rating_conc_board_group__dim_cr_exp_legal_entity1_"",
    ""SPONSOR_ENTITY"".""rating_conc_board_group"" AS ""rating_conc_board_group__dim_cr_exp_legal_entity2_"",
    ""CHILD_ENTITY"".""rating_conc_board_limit"" AS ""rating_conc_board_limit"",
    ""PARENT_ENTITY"".""rating_conc_board_limit"" AS ""rating_conc_board_limit__dim_cr_exp_legal_entity1_"",
    ""SPONSOR_ENTITY"".""rating_conc_board_limit"" AS ""rating_conc_board_limit__dim_cr_exp_legal_entity2_"",
    ""CHILD_ENTITY"".""region_der_limit"" AS ""region_der_limit"",
    ""PARENT_ENTITY"".""region_der_limit"" AS ""region_der_limit__dim_cr_exp_legal_entity1_"",
    ""SPONSOR_ENTITY"".""region_der_limit"" AS ""region_der_limit__dim_cr_exp_legal_entity2_"",
    ""CHILD_ENTITY"".""region_der_repo_limit"" AS ""region_der_repo_limit"",
    ""PARENT_ENTITY"".""region_der_repo_limit"" AS ""region_der_repo_limit__dim_cr_exp_legal_entity1_"",
    ""SPONSOR_ENTITY"".""region_der_repo_limit"" AS ""region_der_repo_limit__dim_cr_exp_legal_entity2_"",
    ""CHILD_ENTITY"".""region_fi_limit"" AS ""region_fi_limit"",
    ""PARENT_ENTITY"".""region_fi_limit"" AS ""region_fi_limit__dim_cr_exp_legal_entity1_"",
    ""SPONSOR_ENTITY"".""region_fi_limit"" AS ""region_fi_limit__dim_cr_exp_legal_entity2_"",
    ""CHILD_ENTITY"".""region_lt_cash_pb_limit"" AS ""region_lt_cash_pb_limit"",
    ""PARENT_ENTITY"".""region_lt_cash_pb_limit"" AS ""region_lt_cash_pb_limit__dim_cr_exp_legal_entity1_"",
    ""SPONSOR_ENTITY"".""region_lt_cash_pb_limit"" AS ""region_lt_cash_pb_limit__dim_cr_exp_legal_entity2_"",
    ""CHILD_ENTITY"".""region_lt_fi_limit"" AS ""region_lt_fi_limit"",
    ""PARENT_ENTITY"".""region_lt_fi_limit"" AS ""region_lt_fi_limit__dim_cr_exp_legal_entity1_"",
    ""SPONSOR_ENTITY"".""region_lt_fi_limit"" AS ""region_lt_fi_limit__dim_cr_exp_legal_entity2_"",
    ""CHILD_ENTITY"".""region_mt_cash_pb_limit"" AS ""region_mt_cash_pb_limit"",
    ""PARENT_ENTITY"".""region_mt_cash_pb_limit"" AS ""region_mt_cash_pb_limit__dim_cr_exp_legal_entity1_"",
    ""SPONSOR_ENTITY"".""region_mt_cash_pb_limit"" AS ""region_mt_cash_pb_limit__dim_cr_exp_legal_entity2_"",
    ""CHILD_ENTITY"".""region_mt_fi_limit"" AS ""region_mt_fi_limit"",
    ""PARENT_ENTITY"".""region_mt_fi_limit"" AS ""region_mt_fi_limit__dim_cr_exp_legal_entity1_"",
    ""SPONSOR_ENTITY"".""region_mt_fi_limit"" AS ""region_mt_fi_limit__dim_cr_exp_legal_entity2_"",
    ""CHILD_ENTITY"".""region_repo_limit"" AS ""region_repo_limit"",
    ""PARENT_ENTITY"".""region_repo_limit"" AS ""region_repo_limit__dim_cr_exp_legal_entity1_"",
    ""SPONSOR_ENTITY"".""region_repo_limit"" AS ""region_repo_limit__dim_cr_exp_legal_entity2_"",
    ""CHILD_ENTITY"".""region_st_cash_pb_limit"" AS ""region_st_cash_pb_limit"",
    ""PARENT_ENTITY"".""region_st_cash_pb_limit"" AS ""region_st_cash_pb_limit__dim_cr_exp_legal_entity1_"",
    ""SPONSOR_ENTITY"".""region_st_cash_pb_limit"" AS ""region_st_cash_pb_limit__dim_cr_exp_legal_entity2_"",
    ""CHILD_ENTITY"".""region_st_fi_limit"" AS ""region_st_fi_limit"",
    ""PARENT_ENTITY"".""region_st_fi_limit"" AS ""region_st_fi_limit__dim_cr_exp_legal_entity1_"",
    ""SPONSOR_ENTITY"".""region_st_fi_limit"" AS ""region_st_fi_limit__dim_cr_exp_legal_entity2_"",
    ""CHILD_ENTITY"".""repo_fi_limit"" AS ""repo_fi_limit"",
    ""PARENT_ENTITY"".""repo_fi_limit"" AS ""repo_fi_limit__dim_cr_exp_legal_entity1_"",
    ""SPONSOR_ENTITY"".""repo_fi_limit"" AS ""repo_fi_limit__dim_cr_exp_legal_entity2_"",
    ""CHILD_ENTITY"".""rtg_cust_override"" AS ""rtg_cust_override"",
    ""PARENT_ENTITY"".""rtg_cust_override"" AS ""rtg_cust_override__dim_cr_exp_legal_entity1_"",
    ""SPONSOR_ENTITY"".""rtg_cust_override"" AS ""rtg_cust_override__dim_cr_exp_legal_entity2_"",
    ""CHILD_ENTITY"".""rtg_dbrs_lt"" AS ""rtg_dbrs_lt"",
    ""PARENT_ENTITY"".""rtg_dbrs_lt"" AS ""rtg_dbrs_lt__dim_cr_exp_legal_entity1_"",
    ""SPONSOR_ENTITY"".""rtg_dbrs_lt"" AS ""rtg_dbrs_lt__dim_cr_exp_legal_entity2_"",
    ""CHILD_ENTITY"".""rtg_dbrs_st"" AS ""rtg_dbrs_st"",
    ""PARENT_ENTITY"".""rtg_dbrs_st"" AS ""rtg_dbrs_st__dim_cr_exp_legal_entity1_"",
    ""SPONSOR_ENTITY"".""rtg_dbrs_st"" AS ""rtg_dbrs_st__dim_cr_exp_legal_entity2_"",
    ""CHILD_ENTITY"".""rtg_final"" AS ""rtg_final"",
    ""PARENT_ENTITY"".""rtg_final"" AS ""rtg_final__dim_cr_exp_legal_entity1_"",
    ""SPONSOR_ENTITY"".""rtg_final"" AS ""rtg_final__dim_cr_exp_legal_entity2_"",
    ""CHILD_ENTITY"".""rtg_fitch_lt"" AS ""rtg_fitch_lt"",
    ""PARENT_ENTITY"".""rtg_fitch_lt"" AS ""rtg_fitch_lt__dim_cr_exp_legal_entity1_"",
    ""SPONSOR_ENTITY"".""rtg_fitch_lt"" AS ""rtg_fitch_lt__dim_cr_exp_legal_entity2_"",
    ""CHILD_ENTITY"".""rtg_fitch_st"" AS ""rtg_fitch_st"",
    ""PARENT_ENTITY"".""rtg_fitch_st"" AS ""rtg_fitch_st__dim_cr_exp_legal_entity1_"",
    ""SPONSOR_ENTITY"".""rtg_fitch_st"" AS ""rtg_fitch_st__dim_cr_exp_legal_entity2_"",
    ""CHILD_ENTITY"".""rtg_internal"" AS ""rtg_internal"",
    ""PARENT_ENTITY"".""rtg_internal"" AS ""rtg_internal__dim_cr_exp_legal_entity1_"",
    ""SPONSOR_ENTITY"".""rtg_internal"" AS ""rtg_internal__dim_cr_exp_legal_entity2_"",
    ""CHILD_ENTITY"".""rtg_moody_lt"" AS ""rtg_moody_lt"",
    ""PARENT_ENTITY"".""rtg_moody_lt"" AS ""rtg_moody_lt__dim_cr_exp_legal_entity1_"",
    ""SPONSOR_ENTITY"".""rtg_moody_lt"" AS ""rtg_moody_lt__dim_cr_exp_legal_entity2_"",
    ""CHILD_ENTITY"".""rtg_moody_st"" AS ""rtg_moody_st"",
    ""PARENT_ENTITY"".""rtg_moody_st"" AS ""rtg_moody_st__dim_cr_exp_legal_entity1_"",
    ""SPONSOR_ENTITY"".""rtg_moody_st"" AS ""rtg_moody_st__dim_cr_exp_legal_entity2_"",
    ""CHILD_ENTITY"".""rtg_outlook"" AS ""rtg_outlook"",
    ""PARENT_ENTITY"".""rtg_outlook"" AS ""rtg_outlook__dim_cr_exp_legal_entity1_"",
    ""SPONSOR_ENTITY"".""rtg_outlook"" AS ""rtg_outlook__dim_cr_exp_legal_entity2_"",
    ""CHILD_ENTITY"".""rtg_sp_lt"" AS ""rtg_sp_lt"",
    ""PARENT_ENTITY"".""rtg_sp_lt"" AS ""rtg_sp_lt__dim_cr_exp_legal_entity1_"",
    ""SPONSOR_ENTITY"".""rtg_sp_lt"" AS ""rtg_sp_lt__dim_cr_exp_legal_entity2_"",
    ""CHILD_ENTITY"".""rtg_sp_st"" AS ""rtg_sp_st"",
    ""PARENT_ENTITY"".""rtg_sp_st"" AS ""rtg_sp_st__dim_cr_exp_legal_entity1_"",
    ""SPONSOR_ENTITY"".""rtg_sp_st"" AS ""rtg_sp_st__dim_cr_exp_legal_entity2_"",
    ""dim_chron"".""run_business_date"" AS ""run_business_date"",
    ""fact_cr_exposure"".""run_id"" AS ""run_id"",
    ""dim_chron"".""run_id"" AS ""run_id__dim_chron_"",
    ""PARENT_ENTITY"".""run_id"" AS ""run_id__dim_cr_exp_legal_entity1_"",
    ""SPONSOR_ENTITY"".""run_id"" AS ""run_id__dim_cr_exp_legal_entity2_"",
    ""CHILD_ENTITY"".""run_id"" AS ""run_id__dim_cr_exp_legal_entity_"",
    ""dim_cr_exp_pos_inst"".""run_id"" AS ""run_id__dim_cr_exp_pos_inst_"",
    ""fact_fx_rate"".""run_id"" AS ""run_id__fact_fx_rate_"",
    ""mv_dim_hierarchy_node_risk"".""run_id"" AS ""run_id__mv_dim_hierarchy_node_risk_"",
    ""ref_country_domicile"".""run_id"" AS ""run_id__ref_country1_"",
    ""ref_country"".""run_id"" AS ""run_id__ref_country_"",
    ""fact_cr_exposure"".""run_type"" AS ""run_type"",
    ""dim_chron"".""run_type"" AS ""run_type__dim_chron_"",
    ""PARENT_ENTITY"".""run_type"" AS ""run_type__dim_cr_exp_legal_entity1_"",
    ""SPONSOR_ENTITY"".""run_type"" AS ""run_type__dim_cr_exp_legal_entity2_"",
    ""CHILD_ENTITY"".""run_type"" AS ""run_type__dim_cr_exp_legal_entity_"",
    ""dim_cr_exp_pos_inst"".""run_type"" AS ""run_type__dim_cr_exp_pos_inst_"",
    ""fact_fx_rate"".""run_type"" AS ""run_type__fact_fx_rate_"",
    ""mv_dim_hierarchy_node_risk"".""run_type"" AS ""run_type__mv_dim_hierarchy_node_risk_"",
    ""ref_country_domicile"".""run_type"" AS ""run_type__ref_country1_"",
    ""ref_country"".""run_type"" AS ""run_type__ref_country_"",
    ""CHILD_ENTITY"".""sector_conc_board_limit"" AS ""sector_conc_board_limit"",
    ""PARENT_ENTITY"".""sector_conc_board_limit"" AS ""sector_conc_board_limit__dim_cr_exp_legal_entity1_"",
    ""SPONSOR_ENTITY"".""sector_conc_board_limit"" AS ""sector_conc_board_limit__dim_cr_exp_legal_entity2_"",
    ""fact_fx_rate"".""settlement_date"" AS ""settlement_date"",
    ""CHILD_ENTITY"".""single_name_board_limit"" AS ""single_name_board_limit"",
    ""PARENT_ENTITY"".""single_name_board_limit"" AS ""single_name_board_limit__dim_cr_exp_legal_entity1_"",
    ""SPONSOR_ENTITY"".""single_name_board_limit"" AS ""single_name_board_limit__dim_cr_exp_legal_entity2_"",
    ""CHILD_ENTITY"".""smd_total_fi_limit"" AS ""smd_total_fi_limit"",
    ""PARENT_ENTITY"".""smd_total_fi_limit"" AS ""smd_total_fi_limit__dim_cr_exp_legal_entity1_"",
    ""SPONSOR_ENTITY"".""smd_total_fi_limit"" AS ""smd_total_fi_limit__dim_cr_exp_legal_entity2_"",
    ""dim_chron"".""source_business_date"" AS ""source_business_date"",
    ""dim_cr_exp_pos_inst"".""source_pos_key"" AS ""source_pos_key"",
    ""CHILD_ENTITY"".""sovr_country_outlook"" AS ""sovr_country_outlook"",
    ""PARENT_ENTITY"".""sovr_country_outlook"" AS ""sovr_country_outlook__dim_cr_exp_legal_entity1_"",
    ""SPONSOR_ENTITY"".""sovr_country_outlook"" AS ""sovr_country_outlook__dim_cr_exp_legal_entity2_"",
    ""CHILD_ENTITY"".""sovr_country_rating"" AS ""sovr_country_rating"",
    ""PARENT_ENTITY"".""sovr_country_rating"" AS ""sovr_country_rating__dim_cr_exp_legal_entity1_"",
    ""SPONSOR_ENTITY"".""sovr_country_rating"" AS ""sovr_country_rating__dim_cr_exp_legal_entity2_"",
    ""CHILD_ENTITY"".""sovr_fi_limit"" AS ""sovr_fi_limit"",
    ""PARENT_ENTITY"".""sovr_fi_limit"" AS ""sovr_fi_limit__dim_cr_exp_legal_entity1_"",
    ""SPONSOR_ENTITY"".""sovr_fi_limit"" AS ""sovr_fi_limit__dim_cr_exp_legal_entity2_"",
    ""CHILD_ENTITY"".""sovr_lt_fi_limit"" AS ""sovr_lt_fi_limit"",
    ""PARENT_ENTITY"".""sovr_lt_fi_limit"" AS ""sovr_lt_fi_limit__dim_cr_exp_legal_entity1_"",
    ""SPONSOR_ENTITY"".""sovr_lt_fi_limit"" AS ""sovr_lt_fi_limit__dim_cr_exp_legal_entity2_"",
    ""CHILD_ENTITY"".""sovr_mt_fi_limit"" AS ""sovr_mt_fi_limit"",
    ""PARENT_ENTITY"".""sovr_mt_fi_limit"" AS ""sovr_mt_fi_limit__dim_cr_exp_legal_entity1_"",
    ""SPONSOR_ENTITY"".""sovr_mt_fi_limit"" AS ""sovr_mt_fi_limit__dim_cr_exp_legal_entity2_"",
    ""CHILD_ENTITY"".""sovr_st_fi_limit"" AS ""sovr_st_fi_limit"",
    ""PARENT_ENTITY"".""sovr_st_fi_limit"" AS ""sovr_st_fi_limit__dim_cr_exp_legal_entity1_"",
    ""SPONSOR_ENTITY"".""sovr_st_fi_limit"" AS ""sovr_st_fi_limit__dim_cr_exp_legal_entity2_"",
    ""dim_cr_exp_pos_inst"".""ssa_outstanding_prog_balance"" AS ""ssa_outstanding_prog_balance"",
    ""CHILD_ENTITY"".""st_cash_pb_fi_limit"" AS ""st_cash_pb_fi_limit"",
    ""PARENT_ENTITY"".""st_cash_pb_fi_limit"" AS ""st_cash_pb_fi_limit__dim_cr_exp_legal_entity1_"",
    ""SPONSOR_ENTITY"".""st_cash_pb_fi_limit"" AS ""st_cash_pb_fi_limit__dim_cr_exp_legal_entity2_"",
    ""fact_cr_exposure"".""st_exposure"" AS ""st_exposure"",
    ""CHILD_ENTITY"".""st_fi_sublimit"" AS ""st_fi_sublimit"",
    ""PARENT_ENTITY"".""st_fi_sublimit"" AS ""st_fi_sublimit__dim_cr_exp_legal_entity1_"",
    ""SPONSOR_ENTITY"".""st_fi_sublimit"" AS ""st_fi_sublimit__dim_cr_exp_legal_entity2_"",
    ""fact_fx_rate"".""stale"" AS ""stale"",
    ""mv_dim_hierarchy_node_risk"".""sub_program"" AS ""sub_program"",
    ""CHILD_ENTITY"".""tag"" AS ""tag"",
    ""PARENT_ENTITY"".""tag"" AS ""tag__dim_cr_exp_legal_entity1_"",
    ""SPONSOR_ENTITY"".""tag"" AS ""tag__dim_cr_exp_legal_entity2_"",
    ""fact_fx_rate"".""tenor_cd"" AS ""tenor_cd"",
    ""fact_fx_rate"".""ticker"" AS ""ticker"",
    ""fact_fx_rate"".""to_currency"" AS ""to_currency"",
    ""CHILD_ENTITY"".""total_cash_pb_smd_fi_limit"" AS ""total_cash_pb_smd_fi_limit"",
    ""PARENT_ENTITY"".""total_cash_pb_smd_fi_limit"" AS ""total_cash_pb_smd_fi_limit__dim_cr_exp_legal_entity1_"",
    ""SPONSOR_ENTITY"".""total_cash_pb_smd_fi_limit"" AS ""total_cash_pb_smd_fi_limit__dim_cr_exp_legal_entity2_"",
    ""CHILD_ENTITY"".""ulp_dim_cr_exp_legal_entity_id"" AS ""ulp_dim_cr_exp_legal_entity_id"",
    ""PARENT_ENTITY"".""ulp_dim_cr_exp_legal_entity_id"" AS ""ulp_dim_cr_exp_legal_entity_id__dim_cr_exp_legal_entity1_"",
    ""SPONSOR_ENTITY"".""ulp_dim_cr_exp_legal_entity_id"" AS ""ulp_dim_cr_exp_legal_entity_id__dim_cr_exp_legal_entity2_""
  FROM ""radar_reporting_prod"".""fact_cr_exposure"" ""fact_cr_exposure""
    INNER JOIN ""radar_reporting_prod"".""dim_chron"" ""dim_chron"" ON (""fact_cr_exposure"".""chron_id"" = ""dim_chron"".""chron_id"")
    INNER JOIN ""radar_reporting_prod"".""dim_cr_exp_pos_inst"" ""dim_cr_exp_pos_inst"" ON ((""fact_cr_exposure"".""chron_id"" = ""dim_cr_exp_pos_inst"".""chron_id"") AND (""fact_cr_exposure"".""dim_cr_exp_pos_inst_id"" = ""dim_cr_exp_pos_inst"".""dim_cr_exp_pos_inst_id""))
    INNER JOIN ""radar_reporting_prod"".""dim_cr_exp_legal_entity"" ""CHILD_ENTITY"" ON ((""fact_cr_exposure"".""chron_id"" = ""CHILD_ENTITY"".""chron_id"") AND (""fact_cr_exposure"".""dim_cr_exp_legal_entity_id"" = ""CHILD_ENTITY"".""dim_cr_exp_legal_entity_id""))
    LEFT JOIN ""radar_reporting_prod"".""ref_country"" ""ref_country_domicile"" ON ((""CHILD_ENTITY"".""chron_id"" = ""ref_country_domicile"".""business_date"") AND (""CHILD_ENTITY"".""domicile_country_code"" = ""ref_country_domicile"".""alpha_2_code""))
    INNER JOIN ""radar_reporting_prod"".""dim_cr_exp_legal_entity"" ""PARENT_ENTITY"" ON ((""CHILD_ENTITY"".""ulp_dim_cr_exp_legal_entity_id"" = ""PARENT_ENTITY"".""dim_cr_exp_legal_entity_id"") AND (""CHILD_ENTITY"".""chron_id"" = ""PARENT_ENTITY"".""chron_id""))
    LEFT JOIN ""radar_reporting_prod"".""ref_country"" ""ref_country"" ON ((""PARENT_ENTITY"".""chron_id"" = ""ref_country"".""chron_id"") AND (""PARENT_ENTITY"".""domicile_country_code"" = ""ref_country"".""alpha_2_code""))
    LEFT JOIN ""radar_reporting_prod"".""dim_cr_exp_legal_entity"" ""SPONSOR_ENTITY"" ON ((""dim_cr_exp_pos_inst"".""chron_id"" = ""SPONSOR_ENTITY"".""chron_id"") AND (""CHILD_ENTITY"".""abcp_sponsor_id"" = ""SPONSOR_ENTITY"".""cppib_party_id""))
    LEFT JOIN ""radar_reporting_prod"".""fact_fx_rate"" ""fact_fx_rate"" ON ((""dim_cr_exp_pos_inst"".""chron_id"" = ""fact_fx_rate"".""chron_id"") AND (""dim_cr_exp_pos_inst"".""currency"" = ""fact_fx_rate"".""to_currency"")AND (""fact_fx_rate"".rate_type ='SPOT'))
    LEFT JOIN ""radar_reporting_prod"".""mv_dim_hierarchy_node_risk"" ""mv_dim_hierarchy_node_risk"" ON ((""dim_cr_exp_pos_inst"".""chron_id"" = ""mv_dim_hierarchy_node_risk"".""chron_id"") AND (""dim_cr_exp_pos_inst"".""investment_department"" = ""mv_dim_hierarchy_node_risk"".""node_name""))
) ""Custom SQL Query""
HAVING COUNT(1)>0"
e68d0b30d0b315bc58dd97f1cdf3da23bf5b7d2735ced951a34e30d2b15c5b40,"/* cppi::e68d0b30d0b315bc58dd97f1cdf3da23bf5b7d2735ced951a34e30d2b15c5b40 */
SELECT SUM(1) AS ""COL""
FROM (
  SELECT ""fact_cr_exposure"".""abacus_chron_id"" AS ""abacus_chron_id"",
    ""dim_chron"".""abacus_chron_id"" AS ""abacus_chron_id__dim_chron_"",
    ""PARENT_ENTITY"".""abacus_chron_id"" AS ""abacus_chron_id__dim_cr_exp_legal_entity1_"",
    ""SPONSOR_ENTITY"".""abacus_chron_id"" AS ""abacus_chron_id__dim_cr_exp_legal_entity2_"",
    ""CHILD_ENTITY"".""abacus_chron_id"" AS ""abacus_chron_id__dim_cr_exp_legal_entity_"",
    ""dim_cr_exp_pos_inst"".""abacus_chron_id"" AS ""abacus_chron_id__dim_cr_exp_pos_inst_"",
    ""fact_fx_rate"".""abacus_chron_id"" AS ""abacus_chron_id__fact_fx_rate_"",
    ""mv_dim_hierarchy_node_risk"".""abacus_chron_id"" AS ""abacus_chron_id__mv_dim_hierarchy_node_risk_"",
    ""CHILD_ENTITY"".""abcp_limit"" AS ""abcp_limit"",
    ""PARENT_ENTITY"".""abcp_limit"" AS ""abcp_limit__dim_cr_exp_legal_entity1_"",
    ""SPONSOR_ENTITY"".""abcp_limit"" AS ""abcp_limit__dim_cr_exp_legal_entity2_"",
    ""CHILD_ENTITY"".""abcp_outstanding_prog_balance"" AS ""abcp_outstanding_prog_balance"",
    ""PARENT_ENTITY"".""abcp_outstanding_prog_balance"" AS ""abcp_outstanding_prog_balance__dim_cr_exp_legal_entity1_"",
    ""SPONSOR_ENTITY"".""abcp_outstanding_prog_balance"" AS ""abcp_outstanding_prog_balance__dim_cr_exp_legal_entity2_"",
    ""CHILD_ENTITY"".""abcp_sponsor_id"" AS ""abcp_sponsor_id"",
    ""PARENT_ENTITY"".""abcp_sponsor_id"" AS ""abcp_sponsor_id__dim_cr_exp_legal_entity1_"",
    ""SPONSOR_ENTITY"".""abcp_sponsor_id"" AS ""abcp_sponsor_id__dim_cr_exp_legal_entity2_"",
    ""fact_cr_exposure"".""acpp_credit_exposure"" AS ""acpp_credit_exposure"",
    ""fact_cr_exposure"".""acpp_lt_exposure"" AS ""acpp_lt_exposure"",
    ""fact_cr_exposure"".""acpp_mt_exposure"" AS ""acpp_mt_exposure"",
    ""CHILD_ENTITY"".""acpp_rating_conc_board_limit"" AS ""acpp_rating_conc_board_limit"",
    ""PARENT_ENTITY"".""acpp_rating_conc_board_limit"" AS ""acpp_rating_conc_board_limit__dim_cr_exp_legal_entity1_"",
    ""SPONSOR_ENTITY"".""acpp_rating_conc_board_limit"" AS ""acpp_rating_conc_board_limit__dim_cr_exp_legal_entity2_"",
    ""CHILD_ENTITY"".""acpp_sector_conc_board_limit"" AS ""acpp_sector_conc_board_limit"",
    ""PARENT_ENTITY"".""acpp_sector_conc_board_limit"" AS ""acpp_sector_conc_board_limit__dim_cr_exp_legal_entity1_"",
    ""SPONSOR_ENTITY"".""acpp_sector_conc_board_limit"" AS ""acpp_sector_conc_board_limit__dim_cr_exp_legal_entity2_"",
    ""CHILD_ENTITY"".""acpp_single_name_board_limit"" AS ""acpp_single_name_board_limit"",
    ""PARENT_ENTITY"".""acpp_single_name_board_limit"" AS ""acpp_single_name_board_limit__dim_cr_exp_legal_entity1_"",
    ""SPONSOR_ENTITY"".""acpp_single_name_board_limit"" AS ""acpp_single_name_board_limit__dim_cr_exp_legal_entity2_"",
    ""fact_cr_exposure"".""acpp_st_exposure"" AS ""acpp_st_exposure"",
    ""ref_country"".""alpha_2_code"" AS ""alpha_2_code"",
    ""ref_country_domicile"".""alpha_2_code"" AS ""alpha_2_code__ref_country1_"",
    ""ref_country"".""alpha_3_code"" AS ""alpha_3_code"",
    ""ref_country_domicile"".""alpha_3_code"" AS ""alpha_3_code__ref_country1_"",
    ""fact_cr_exposure"".""bcpp_credit_exposure"" AS ""bcpp_credit_exposure"",
    ""fact_cr_exposure"".""bcpp_lt_exposure"" AS ""bcpp_lt_exposure"",
    ""fact_cr_exposure"".""bcpp_mt_exposure"" AS ""bcpp_mt_exposure"",
    ""CHILD_ENTITY"".""bcpp_rating_conc_board_limit"" AS ""bcpp_rating_conc_board_limit"",
    ""PARENT_ENTITY"".""bcpp_rating_conc_board_limit"" AS ""bcpp_rating_conc_board_limit__dim_cr_exp_legal_entity1_"",
    ""SPONSOR_ENTITY"".""bcpp_rating_conc_board_limit"" AS ""bcpp_rating_conc_board_limit__dim_cr_exp_legal_entity2_"",
    ""CHILD_ENTITY"".""bcpp_sector_conc_board_limit"" AS ""bcpp_sector_conc_board_limit"",
    ""PARENT_ENTITY"".""bcpp_sector_conc_board_limit"" AS ""bcpp_sector_conc_board_limit__dim_cr_exp_legal_entity1_"",
    ""SPONSOR_ENTITY"".""bcpp_sector_conc_board_limit"" AS ""bcpp_sector_conc_board_limit__dim_cr_exp_legal_entity2_"",
    ""CHILD_ENTITY"".""bcpp_single_name_board_limit"" AS ""bcpp_single_name_board_limit"",
    ""PARENT_ENTITY"".""bcpp_single_name_board_limit"" AS ""bcpp_single_name_board_limit__dim_cr_exp_legal_entity1_"",
    ""SPONSOR_ENTITY"".""bcpp_single_name_board_limit"" AS ""bcpp_single_name_board_limit__dim_cr_exp_legal_entity2_"",
    ""fact_cr_exposure"".""bcpp_st_exposure"" AS ""bcpp_st_exposure"",
    ""fact_cr_exposure"".""business_date"" AS ""business_date"",
    ""dim_chron"".""business_date"" AS ""business_date__dim_chron_"",
    ""PARENT_ENTITY"".""business_date"" AS ""business_date__dim_cr_exp_legal_entity1_"",
    ""SPONSOR_ENTITY"".""business_date"" AS ""business_date__dim_cr_exp_legal_entity2_"",
    ""CHILD_ENTITY"".""business_date"" AS ""business_date__dim_cr_exp_legal_entity_"",
    ""dim_cr_exp_pos_inst"".""business_date"" AS ""business_date__dim_cr_exp_pos_inst_"",
    ""fact_fx_rate"".""business_date"" AS ""business_date__fact_fx_rate_"",
    ""mv_dim_hierarchy_node_risk"".""business_date"" AS ""business_date__mv_dim_hierarchy_node_risk_"",
    ""ref_country_domicile"".""business_date"" AS ""business_date__ref_country1_"",
    ""ref_country"".""business_date"" AS ""business_date__ref_country_"",
    ""dim_chron"".""canonical_source"" AS ""canonical_source"",
    ""fact_cr_exposure"".""chron_id"" AS ""chron_id"",
    ""dim_chron"".""chron_id"" AS ""chron_id__dim_chron_"",
    ""PARENT_ENTITY"".""chron_id"" AS ""chron_id__dim_cr_exp_legal_entity1_"",
    ""SPONSOR_ENTITY"".""chron_id"" AS ""chron_id__dim_cr_exp_legal_entity2_"",
    ""CHILD_ENTITY"".""chron_id"" AS ""chron_id__dim_cr_exp_legal_entity_"",
    ""dim_cr_exp_pos_inst"".""chron_id"" AS ""chron_id__dim_cr_exp_pos_inst_"",
    ""fact_fx_rate"".""chron_id"" AS ""chron_id__fact_fx_rate_"",
    ""mv_dim_hierarchy_node_risk"".""chron_id"" AS ""chron_id__mv_dim_hierarchy_node_risk_"",
    ""ref_country_domicile"".""chron_id"" AS ""chron_id__ref_country1_"",
    ""ref_country"".""chron_id"" AS ""chron_id__ref_country_"",
    ""dim_chron"".""chron_status"" AS ""chron_status"",
    ""dim_chron"".""chron_timestamp"" AS ""chron_timestamp"",
    ""dim_chron"".""chron_type"" AS ""chron_type"",
    ""fact_cr_exposure"".""cost_value_base_cur"" AS ""cost_value_base_cur"",
    ""fact_cr_exposure"".""cost_value_local_cur"" AS ""cost_value_local_cur"",
    ""CHILD_ENTITY"".""country_der_limit"" AS ""country_der_limit"",
    ""PARENT_ENTITY"".""country_der_limit"" AS ""country_der_limit__dim_cr_exp_legal_entity1_"",
    ""SPONSOR_ENTITY"".""country_der_limit"" AS ""country_der_limit__dim_cr_exp_legal_entity2_"",
    ""CHILD_ENTITY"".""country_der_repo_limit"" AS ""country_der_repo_limit"",
    ""PARENT_ENTITY"".""country_der_repo_limit"" AS ""country_der_repo_limit__dim_cr_exp_legal_entity1_"",
    ""SPONSOR_ENTITY"".""country_der_repo_limit"" AS ""country_der_repo_limit__dim_cr_exp_legal_entity2_"",
    ""CHILD_ENTITY"".""country_lt_cash_pb_limit"" AS ""country_lt_cash_pb_limit"",
    ""PARENT_ENTITY"".""country_lt_cash_pb_limit"" AS ""country_lt_cash_pb_limit__dim_cr_exp_legal_entity1_"",
    ""SPONSOR_ENTITY"".""country_lt_cash_pb_limit"" AS ""country_lt_cash_pb_limit__dim_cr_exp_legal_entity2_"",
    ""CHILD_ENTITY"".""country_mt_cash_pb_limit"" AS ""country_mt_cash_pb_limit"",
    ""PARENT_ENTITY"".""country_mt_cash_pb_limit"" AS ""country_mt_cash_pb_limit__dim_cr_exp_legal_entity1_"",
    ""SPONSOR_ENTITY"".""country_mt_cash_pb_limit"" AS ""country_mt_cash_pb_limit__dim_cr_exp_legal_entity2_"",
    ""CHILD_ENTITY"".""country_repo_limit"" AS ""country_repo_limit"",
    ""PARENT_ENTITY"".""country_repo_limit"" AS ""country_repo_limit__dim_cr_exp_legal_entity1_"",
    ""SPONSOR_ENTITY"".""country_repo_limit"" AS ""country_repo_limit__dim_cr_exp_legal_entity2_"",
    ""CHILD_ENTITY"".""country_st_cash_pb_limit"" AS ""country_st_cash_pb_limit"",
    ""PARENT_ENTITY"".""country_st_cash_pb_limit"" AS ""country_st_cash_pb_limit__dim_cr_exp_legal_entity1_"",
    ""SPONSOR_ENTITY"".""country_st_cash_pb_limit"" AS ""country_st_cash_pb_limit__dim_cr_exp_legal_entity2_"",
    ""SPONSOR_ENTITY"".""cppib_party_id"" AS ""cppib_party_id"",
    ""PARENT_ENTITY"".""cppib_party_id"" AS ""cppib_party_id__dim_cr_exp_legal_entity1_"",
    ""CHILD_ENTITY"".""cppib_party_id"" AS ""cppib_party_id__dim_cr_exp_legal_entity_"",
    ""fact_fx_rate"".""cppib_security_id"" AS ""cppib_security_id"",
    ""dim_chron"".""cr_exp_ready"" AS ""cr_exp_ready"",
    ""fact_cr_exposure"".""credit_exposure"" AS ""credit_exposure"",
    ""dim_cr_exp_pos_inst"".""currency"" AS ""currency"",
    ""dim_cr_exp_pos_inst"".""cusip"" AS ""cusip"",
    ""dim_cr_exp_pos_inst"".""days_to_maturity"" AS ""days_to_maturity"",
    ""CHILD_ENTITY"".""der_fi_limit"" AS ""der_fi_limit"",
    ""PARENT_ENTITY"".""der_fi_limit"" AS ""der_fi_limit__dim_cr_exp_legal_entity1_"",
    ""SPONSOR_ENTITY"".""der_fi_limit"" AS ""der_fi_limit__dim_cr_exp_legal_entity2_"",
    ""CHILD_ENTITY"".""der_repo_fi_limit"" AS ""der_repo_fi_limit"",
    ""PARENT_ENTITY"".""der_repo_fi_limit"" AS ""der_repo_fi_limit__dim_cr_exp_legal_entity1_"",
    ""SPONSOR_ENTITY"".""der_repo_fi_limit"" AS ""der_repo_fi_limit__dim_cr_exp_legal_entity2_"",
    ""fact_fx_rate"".""derived_from"" AS ""derived_from"",
    ""fact_cr_exposure"".""dim_cr_exp_legal_entity_id"" AS ""dim_cr_exp_legal_entity_id"",
    ""PARENT_ENTITY"".""dim_cr_exp_legal_entity_id"" AS ""dim_cr_exp_legal_entity_id__dim_cr_exp_legal_entity1_"",
    ""SPONSOR_ENTITY"".""dim_cr_exp_legal_entity_id"" AS ""dim_cr_exp_legal_entity_id__dim_cr_exp_legal_entity2_"",
    ""CHILD_ENTITY"".""dim_cr_exp_legal_entity_id"" AS ""dim_cr_exp_legal_entity_id__dim_cr_exp_legal_entity_"",
    ""fact_cr_exposure"".""dim_cr_exp_pos_inst_id"" AS ""dim_cr_exp_pos_inst_id"",
    ""dim_cr_exp_pos_inst"".""dim_cr_exp_pos_inst_id"" AS ""dim_cr_exp_pos_inst_id__dim_cr_exp_pos_inst_"",
    ""mv_dim_hierarchy_node_risk"".""dim_hierarchy_node_id"" AS ""dim_hierarchy_node_id"",
    ""SPONSOR_ENTITY"".""domicile_country_code"" AS ""domicile_country_code"",
    ""PARENT_ENTITY"".""domicile_country_code"" AS ""domicile_country_code__dim_cr_exp_legal_entity1_"",
    ""CHILD_ENTITY"".""domicile_country_code"" AS ""domicile_country_code__dim_cr_exp_legal_entity_"",
    ""CHILD_ENTITY"".""domicile_region"" AS ""domicile_region"",
    ""PARENT_ENTITY"".""domicile_region"" AS ""domicile_region__dim_cr_exp_legal_entity1_"",
    ""SPONSOR_ENTITY"".""domicile_region"" AS ""domicile_region__dim_cr_exp_legal_entity2_"",
    ""fact_cr_exposure"".""fact_cr_exposure_id"" AS ""fact_cr_exposure_id"",
    ""fact_fx_rate"".""fact_fx_rate_id"" AS ""fact_fx_rate_id"",
    ""CHILD_ENTITY"".""fi_sublimit"" AS ""fi_sublimit"",
    ""PARENT_ENTITY"".""fi_sublimit"" AS ""fi_sublimit__dim_cr_exp_legal_entity1_"",
    ""SPONSOR_ENTITY"".""fi_sublimit"" AS ""fi_sublimit__dim_cr_exp_legal_entity2_"",
    ""fact_fx_rate"".""from_currency"" AS ""from_currency"",
    ""SPONSOR_ENTITY"".""gics_sector"" AS ""gics_sector"",
    ""PARENT_ENTITY"".""gics_sector"" AS ""gics_sector__dim_cr_exp_legal_entity1_"",
    ""CHILD_ENTITY"".""gics_sector"" AS ""gics_sector__dim_cr_exp_legal_entity_"",
    ""dim_cr_exp_pos_inst"".""if_hierarchy_l0"" AS ""if_hierarchy_l0"",
    ""dim_cr_exp_pos_inst"".""if_hierarchy_l1"" AS ""if_hierarchy_l1"",
    ""dim_cr_exp_pos_inst"".""if_hierarchy_l2"" AS ""if_hierarchy_l2"",
    ""dim_cr_exp_pos_inst"".""if_hierarchy_l3"" AS ""if_hierarchy_l3"",
    ""dim_cr_exp_pos_inst"".""if_hierarchy_l4"" AS ""if_hierarchy_l4"",
    ""dim_cr_exp_pos_inst"".""if_hierarchy_l5"" AS ""if_hierarchy_l5"",
    ""dim_cr_exp_pos_inst"".""if_hierarchy_l6"" AS ""if_hierarchy_l6"",
    ""dim_cr_exp_pos_inst"".""if_hierarchy_l7"" AS ""if_hierarchy_l7"",
    ""dim_cr_exp_pos_inst"".""inst_rtg_custom_override"" AS ""inst_rtg_custom_override"",
    ""dim_cr_exp_pos_inst"".""inst_rtg_dbrs_std"" AS ""inst_rtg_dbrs_std"",
    ""dim_cr_exp_pos_inst"".""inst_rtg_final_rating"" AS ""inst_rtg_final_rating"",
    ""dim_cr_exp_pos_inst"".""inst_rtg_final_rating_source"" AS ""inst_rtg_final_rating_source"",
    ""dim_cr_exp_pos_inst"".""inst_rtg_fitch_lt"" AS ""inst_rtg_fitch_lt"",
    ""dim_cr_exp_pos_inst"".""inst_rtg_fitch_st"" AS ""inst_rtg_fitch_st"",
    ""dim_cr_exp_pos_inst"".""inst_rtg_internal"" AS ""inst_rtg_internal"",
    ""dim_cr_exp_pos_inst"".""inst_rtg_moody_lt"" AS ""inst_rtg_moody_lt"",
    ""dim_cr_exp_pos_inst"".""inst_rtg_moody_st"" AS ""inst_rtg_moody_st"",
    ""dim_cr_exp_pos_inst"".""inst_rtg_sp_lt"" AS ""inst_rtg_sp_lt"",
    ""dim_cr_exp_pos_inst"".""inst_rtg_sp_st"" AS ""inst_rtg_sp_st"",
    ""fact_fx_rate"".""inv_quoted_flag"" AS ""inv_quoted_flag"",
    ""dim_cr_exp_pos_inst"".""investment_department"" AS ""investment_department"",
    ""mv_dim_hierarchy_node_risk"".""investment_dept"" AS ""investment_dept"",
    ""dim_cr_exp_pos_inst"".""investment_program"" AS ""investment_program"",
    ""mv_dim_hierarchy_node_risk"".""investment_strat"" AS ""investment_strat"",
    ""dim_cr_exp_pos_inst"".""investment_strategy"" AS ""investment_strategy"",
    ""dim_cr_exp_pos_inst"".""investment_subprogram"" AS ""investment_subprogram"",
    ""CHILD_ENTITY"".""is_fi"" AS ""is_fi"",
    ""PARENT_ENTITY"".""is_fi"" AS ""is_fi__dim_cr_exp_legal_entity1_"",
    ""SPONSOR_ENTITY"".""is_fi"" AS ""is_fi__dim_cr_exp_legal_entity2_"",
    ""CHILD_ENTITY"".""is_government"" AS ""is_government"",
    ""PARENT_ENTITY"".""is_government"" AS ""is_government__dim_cr_exp_legal_entity1_"",
    ""SPONSOR_ENTITY"".""is_government"" AS ""is_government__dim_cr_exp_legal_entity2_"",
    ""dim_cr_exp_pos_inst"".""is_pos_fi"" AS ""is_pos_fi"",
    ""CHILD_ENTITY"".""is_provincial"" AS ""is_provincial"",
    ""PARENT_ENTITY"".""is_provincial"" AS ""is_provincial__dim_cr_exp_legal_entity1_"",
    ""SPONSOR_ENTITY"".""is_provincial"" AS ""is_provincial__dim_cr_exp_legal_entity2_"",
    ""fact_cr_exposure"".""is_user_data"" AS ""is_user_data"",
    ""dim_cr_exp_pos_inst"".""isin"" AS ""isin"",
    ""CHILD_ENTITY"".""isrc_total_fi_limit"" AS ""isrc_total_fi_limit"",
    ""PARENT_ENTITY"".""isrc_total_fi_limit"" AS ""isrc_total_fi_limit__dim_cr_exp_legal_entity1_"",
    ""SPONSOR_ENTITY"".""isrc_total_fi_limit"" AS ""isrc_total_fi_limit__dim_cr_exp_legal_entity2_"",
    ""dim_cr_exp_pos_inst"".""issue_date"" AS ""issue_date"",
    ""CHILD_ENTITY"".""limit_region"" AS ""limit_region"",
    ""PARENT_ENTITY"".""limit_region"" AS ""limit_region__dim_cr_exp_legal_entity1_"",
    ""SPONSOR_ENTITY"".""limit_region"" AS ""limit_region__dim_cr_exp_legal_entity2_"",
    ""CHILD_ENTITY"".""lt_cash_pb_fi_limit"" AS ""lt_cash_pb_fi_limit"",
    ""PARENT_ENTITY"".""lt_cash_pb_fi_limit"" AS ""lt_cash_pb_fi_limit__dim_cr_exp_legal_entity1_"",
    ""SPONSOR_ENTITY"".""lt_cash_pb_fi_limit"" AS ""lt_cash_pb_fi_limit__dim_cr_exp_legal_entity2_"",
    ""fact_cr_exposure"".""lt_exposure"" AS ""lt_exposure"",
    ""CHILD_ENTITY"".""lt_fi_sublimit"" AS ""lt_fi_sublimit"",
    ""PARENT_ENTITY"".""lt_fi_sublimit"" AS ""lt_fi_sublimit__dim_cr_exp_legal_entity1_"",
    ""SPONSOR_ENTITY"".""lt_fi_sublimit"" AS ""lt_fi_sublimit__dim_cr_exp_legal_entity2_"",
    ""dim_cr_exp_pos_inst"".""maturity_bucket"" AS ""maturity_bucket"",
    ""dim_cr_exp_pos_inst"".""maturity_date"" AS ""maturity_date"",
    ""dim_cr_exp_pos_inst"".""maturity_settl_date"" AS ""maturity_settl_date"",
    ""fact_fx_rate"".""mid_val"" AS ""mid_val"",
    ""dim_cr_exp_pos_inst"".""model_portfolio"" AS ""model_portfolio"",
    ""mv_dim_hierarchy_node_risk"".""model_portfolio"" AS ""model_portfolio__mv_dim_hierarchy_node_risk_"",
    ""CHILD_ENTITY"".""mt_cash_pb_fi_limit"" AS ""mt_cash_pb_fi_limit"",
    ""PARENT_ENTITY"".""mt_cash_pb_fi_limit"" AS ""mt_cash_pb_fi_limit__dim_cr_exp_legal_entity1_"",
    ""SPONSOR_ENTITY"".""mt_cash_pb_fi_limit"" AS ""mt_cash_pb_fi_limit__dim_cr_exp_legal_entity2_"",
    ""fact_cr_exposure"".""mt_exposure"" AS ""mt_exposure"",
    ""CHILD_ENTITY"".""mt_fi_sublimit"" AS ""mt_fi_sublimit"",
    ""PARENT_ENTITY"".""mt_fi_sublimit"" AS ""mt_fi_sublimit__dim_cr_exp_legal_entity1_"",
    ""SPONSOR_ENTITY"".""mt_fi_sublimit"" AS ""mt_fi_sublimit__dim_cr_exp_legal_entity2_"",
    ""ref_country"".""name"" AS ""name"",
    ""ref_country_domicile"".""name"" AS ""name__ref_country1_"",
    ""mv_dim_hierarchy_node_risk"".""node_level"" AS ""node_level"",
    ""mv_dim_hierarchy_node_risk"".""node_name"" AS ""node_name"",
    ""fact_cr_exposure"".""notional_base_cur"" AS ""notional_base_cur"",
    ""fact_cr_exposure"".""notional_local_cur"" AS ""notional_local_cur"",
    ""ref_country"".""numeric_code"" AS ""numeric_code"",
    ""ref_country_domicile"".""numeric_code"" AS ""numeric_code__ref_country1_"",
    ""fact_cr_exposure"".""par_amount"" AS ""par_amount"",
    ""mv_dim_hierarchy_node_risk"".""parent_node_id"" AS ""parent_node_id"",
    ""SPONSOR_ENTITY"".""party_name"" AS ""party_name"",
    ""PARENT_ENTITY"".""party_name"" AS ""party_name__dim_cr_exp_legal_entity1_"",
    ""CHILD_ENTITY"".""party_name"" AS ""party_name__dim_cr_exp_legal_entity_"",
    ""dim_cr_exp_pos_inst"".""position_data_source"" AS ""position_data_source"",
    ""dim_cr_exp_pos_inst"".""position_description"" AS ""position_description"",
    ""dim_cr_exp_pos_inst"".""position_name"" AS ""position_name"",
    ""fact_fx_rate"".""price_source_code"" AS ""price_source_code"",
    ""dim_cr_exp_pos_inst"".""product_group"" AS ""product_group"",
    ""dim_cr_exp_pos_inst"".""product_type"" AS ""product_type"",
    ""mv_dim_hierarchy_node_risk"".""program"" AS ""program"",
    ""dim_chron"".""publish_reports"" AS ""publish_reports"",
    ""fact_cr_exposure"".""pv_base_cur"" AS ""pv_base_cur"",
    ""fact_cr_exposure"".""pv_local_cur"" AS ""pv_local_cur"",
    ""fact_fx_rate"".""rate_date"" AS ""rate_date"",
    ""fact_fx_rate"".""rate_type"" AS ""rate_type"",
    ""CHILD_ENTITY"".""rating_conc_board_group"" AS ""rating_conc_board_group"",
    ""PARENT_ENTITY"".""rating_conc_board_group"" AS ""rating_conc_board_group__dim_cr_exp_legal_entity1_"",
    ""SPONSOR_ENTITY"".""rating_conc_board_group"" AS ""rating_conc_board_group__dim_cr_exp_legal_entity2_"",
    ""CHILD_ENTITY"".""rating_conc_board_limit"" AS ""rating_conc_board_limit"",
    ""PARENT_ENTITY"".""rating_conc_board_limit"" AS ""rating_conc_board_limit__dim_cr_exp_legal_entity1_"",
    ""SPONSOR_ENTITY"".""rating_conc_board_limit"" AS ""rating_conc_board_limit__dim_cr_exp_legal_entity2_"",
    ""CHILD_ENTITY"".""region_der_limit"" AS ""region_der_limit"",
    ""PARENT_ENTITY"".""region_der_limit"" AS ""region_der_limit__dim_cr_exp_legal_entity1_"",
    ""SPONSOR_ENTITY"".""region_der_limit"" AS ""region_der_limit__dim_cr_exp_legal_entity2_"",
    ""CHILD_ENTITY"".""region_der_repo_limit"" AS ""region_der_repo_limit"",
    ""PARENT_ENTITY"".""region_der_repo_limit"" AS ""region_der_repo_limit__dim_cr_exp_legal_entity1_"",
    ""SPONSOR_ENTITY"".""region_der_repo_limit"" AS ""region_der_repo_limit__dim_cr_exp_legal_entity2_"",
    ""CHILD_ENTITY"".""region_fi_limit"" AS ""region_fi_limit"",
    ""PARENT_ENTITY"".""region_fi_limit"" AS ""region_fi_limit__dim_cr_exp_legal_entity1_"",
    ""SPONSOR_ENTITY"".""region_fi_limit"" AS ""region_fi_limit__dim_cr_exp_legal_entity2_"",
    ""CHILD_ENTITY"".""region_lt_cash_pb_limit"" AS ""region_lt_cash_pb_limit"",
    ""PARENT_ENTITY"".""region_lt_cash_pb_limit"" AS ""region_lt_cash_pb_limit__dim_cr_exp_legal_entity1_"",
    ""SPONSOR_ENTITY"".""region_lt_cash_pb_limit"" AS ""region_lt_cash_pb_limit__dim_cr_exp_legal_entity2_"",
    ""CHILD_ENTITY"".""region_lt_fi_limit"" AS ""region_lt_fi_limit"",
    ""PARENT_ENTITY"".""region_lt_fi_limit"" AS ""region_lt_fi_limit__dim_cr_exp_legal_entity1_"",
    ""SPONSOR_ENTITY"".""region_lt_fi_limit"" AS ""region_lt_fi_limit__dim_cr_exp_legal_entity2_"",
    ""CHILD_ENTITY"".""region_mt_cash_pb_limit"" AS ""region_mt_cash_pb_limit"",
    ""PARENT_ENTITY"".""region_mt_cash_pb_limit"" AS ""region_mt_cash_pb_limit__dim_cr_exp_legal_entity1_"",
    ""SPONSOR_ENTITY"".""region_mt_cash_pb_limit"" AS ""region_mt_cash_pb_limit__dim_cr_exp_legal_entity2_"",
    ""CHILD_ENTITY"".""region_mt_fi_limit"" AS ""region_mt_fi_limit"",
    ""PARENT_ENTITY"".""region_mt_fi_limit"" AS ""region_mt_fi_limit__dim_cr_exp_legal_entity1_"",
    ""SPONSOR_ENTITY"".""region_mt_fi_limit"" AS ""region_mt_fi_limit__dim_cr_exp_legal_entity2_"",
    ""CHILD_ENTITY"".""region_repo_limit"" AS ""region_repo_limit"",
    ""PARENT_ENTITY"".""region_repo_limit"" AS ""region_repo_limit__dim_cr_exp_legal_entity1_"",
    ""SPONSOR_ENTITY"".""region_repo_limit"" AS ""region_repo_limit__dim_cr_exp_legal_entity2_"",
    ""CHILD_ENTITY"".""region_st_cash_pb_limit"" AS ""region_st_cash_pb_limit"",
    ""PARENT_ENTITY"".""region_st_cash_pb_limit"" AS ""region_st_cash_pb_limit__dim_cr_exp_legal_entity1_"",
    ""SPONSOR_ENTITY"".""region_st_cash_pb_limit"" AS ""region_st_cash_pb_limit__dim_cr_exp_legal_entity2_"",
    ""CHILD_ENTITY"".""region_st_fi_limit"" AS ""region_st_fi_limit"",
    ""PARENT_ENTITY"".""region_st_fi_limit"" AS ""region_st_fi_limit__dim_cr_exp_legal_entity1_"",
    ""SPONSOR_ENTITY"".""region_st_fi_limit"" AS ""region_st_fi_limit__dim_cr_exp_legal_entity2_"",
    ""CHILD_ENTITY"".""repo_fi_limit"" AS ""repo_fi_limit"",
    ""PARENT_ENTITY"".""repo_fi_limit"" AS ""repo_fi_limit__dim_cr_exp_legal_entity1_"",
    ""SPONSOR_ENTITY"".""repo_fi_limit"" AS ""repo_fi_limit__dim_cr_exp_legal_entity2_"",
    ""CHILD_ENTITY"".""rtg_cust_override"" AS ""rtg_cust_override"",
    ""PARENT_ENTITY"".""rtg_cust_override"" AS ""rtg_cust_override__dim_cr_exp_legal_entity1_"",
    ""SPONSOR_ENTITY"".""rtg_cust_override"" AS ""rtg_cust_override__dim_cr_exp_legal_entity2_"",
    ""CHILD_ENTITY"".""rtg_dbrs_lt"" AS ""rtg_dbrs_lt"",
    ""PARENT_ENTITY"".""rtg_dbrs_lt"" AS ""rtg_dbrs_lt__dim_cr_exp_legal_entity1_"",
    ""SPONSOR_ENTITY"".""rtg_dbrs_lt"" AS ""rtg_dbrs_lt__dim_cr_exp_legal_entity2_"",
    ""CHILD_ENTITY"".""rtg_dbrs_st"" AS ""rtg_dbrs_st"",
    ""PARENT_ENTITY"".""rtg_dbrs_st"" AS ""rtg_dbrs_st__dim_cr_exp_legal_entity1_"",
    ""SPONSOR_ENTITY"".""rtg_dbrs_st"" AS ""rtg_dbrs_st__dim_cr_exp_legal_entity2_"",
    ""CHILD_ENTITY"".""rtg_final"" AS ""rtg_final"",
    ""PARENT_ENTITY"".""rtg_final"" AS ""rtg_final__dim_cr_exp_legal_entity1_"",
    ""SPONSOR_ENTITY"".""rtg_final"" AS ""rtg_final__dim_cr_exp_legal_entity2_"",
    ""CHILD_ENTITY"".""rtg_fitch_lt"" AS ""rtg_fitch_lt"",
    ""PARENT_ENTITY"".""rtg_fitch_lt"" AS ""rtg_fitch_lt__dim_cr_exp_legal_entity1_"",
    ""SPONSOR_ENTITY"".""rtg_fitch_lt"" AS ""rtg_fitch_lt__dim_cr_exp_legal_entity2_"",
    ""CHILD_ENTITY"".""rtg_fitch_st"" AS ""rtg_fitch_st"",
    ""PARENT_ENTITY"".""rtg_fitch_st"" AS ""rtg_fitch_st__dim_cr_exp_legal_entity1_"",
    ""SPONSOR_ENTITY"".""rtg_fitch_st"" AS ""rtg_fitch_st__dim_cr_exp_legal_entity2_"",
    ""CHILD_ENTITY"".""rtg_internal"" AS ""rtg_internal"",
    ""PARENT_ENTITY"".""rtg_internal"" AS ""rtg_internal__dim_cr_exp_legal_entity1_"",
    ""SPONSOR_ENTITY"".""rtg_internal"" AS ""rtg_internal__dim_cr_exp_legal_entity2_"",
    ""CHILD_ENTITY"".""rtg_moody_lt"" AS ""rtg_moody_lt"",
    ""PARENT_ENTITY"".""rtg_moody_lt"" AS ""rtg_moody_lt__dim_cr_exp_legal_entity1_"",
    ""SPONSOR_ENTITY"".""rtg_moody_lt"" AS ""rtg_moody_lt__dim_cr_exp_legal_entity2_"",
    ""CHILD_ENTITY"".""rtg_moody_st"" AS ""rtg_moody_st"",
    ""PARENT_ENTITY"".""rtg_moody_st"" AS ""rtg_moody_st__dim_cr_exp_legal_entity1_"",
    ""SPONSOR_ENTITY"".""rtg_moody_st"" AS ""rtg_moody_st__dim_cr_exp_legal_entity2_"",
    ""CHILD_ENTITY"".""rtg_outlook"" AS ""rtg_outlook"",
    ""PARENT_ENTITY"".""rtg_outlook"" AS ""rtg_outlook__dim_cr_exp_legal_entity1_"",
    ""SPONSOR_ENTITY"".""rtg_outlook"" AS ""rtg_outlook__dim_cr_exp_legal_entity2_"",
    ""CHILD_ENTITY"".""rtg_sp_lt"" AS ""rtg_sp_lt"",
    ""PARENT_ENTITY"".""rtg_sp_lt"" AS ""rtg_sp_lt__dim_cr_exp_legal_entity1_"",
    ""SPONSOR_ENTITY"".""rtg_sp_lt"" AS ""rtg_sp_lt__dim_cr_exp_legal_entity2_"",
    ""CHILD_ENTITY"".""rtg_sp_st"" AS ""rtg_sp_st"",
    ""PARENT_ENTITY"".""rtg_sp_st"" AS ""rtg_sp_st__dim_cr_exp_legal_entity1_"",
    ""SPONSOR_ENTITY"".""rtg_sp_st"" AS ""rtg_sp_st__dim_cr_exp_legal_entity2_"",
    ""dim_chron"".""run_business_date"" AS ""run_business_date"",
    ""fact_cr_exposure"".""run_id"" AS ""run_id"",
    ""dim_chron"".""run_id"" AS ""run_id__dim_chron_"",
    ""PARENT_ENTITY"".""run_id"" AS ""run_id__dim_cr_exp_legal_entity1_"",
    ""SPONSOR_ENTITY"".""run_id"" AS ""run_id__dim_cr_exp_legal_entity2_"",
    ""CHILD_ENTITY"".""run_id"" AS ""run_id__dim_cr_exp_legal_entity_"",
    ""dim_cr_exp_pos_inst"".""run_id"" AS ""run_id__dim_cr_exp_pos_inst_"",
    ""fact_fx_rate"".""run_id"" AS ""run_id__fact_fx_rate_"",
    ""mv_dim_hierarchy_node_risk"".""run_id"" AS ""run_id__mv_dim_hierarchy_node_risk_"",
    ""ref_country_domicile"".""run_id"" AS ""run_id__ref_country1_"",
    ""ref_country"".""run_id"" AS ""run_id__ref_country_"",
    ""fact_cr_exposure"".""run_type"" AS ""run_type"",
    ""dim_chron"".""run_type"" AS ""run_type__dim_chron_"",
    ""PARENT_ENTITY"".""run_type"" AS ""run_type__dim_cr_exp_legal_entity1_"",
    ""SPONSOR_ENTITY"".""run_type"" AS ""run_type__dim_cr_exp_legal_entity2_"",
    ""CHILD_ENTITY"".""run_type"" AS ""run_type__dim_cr_exp_legal_entity_"",
    ""dim_cr_exp_pos_inst"".""run_type"" AS ""run_type__dim_cr_exp_pos_inst_"",
    ""fact_fx_rate"".""run_type"" AS ""run_type__fact_fx_rate_"",
    ""mv_dim_hierarchy_node_risk"".""run_type"" AS ""run_type__mv_dim_hierarchy_node_risk_"",
    ""ref_country_domicile"".""run_type"" AS ""run_type__ref_country1_"",
    ""ref_country"".""run_type"" AS ""run_type__ref_country_"",
    ""CHILD_ENTITY"".""sector_conc_board_limit"" AS ""sector_conc_board_limit"",
    ""PARENT_ENTITY"".""sector_conc_board_limit"" AS ""sector_conc_board_limit__dim_cr_exp_legal_entity1_"",
    ""SPONSOR_ENTITY"".""sector_conc_board_limit"" AS ""sector_conc_board_limit__dim_cr_exp_legal_entity2_"",
    ""fact_fx_rate"".""settlement_date"" AS ""settlement_date"",
    ""CHILD_ENTITY"".""single_name_board_limit"" AS ""single_name_board_limit"",
    ""PARENT_ENTITY"".""single_name_board_limit"" AS ""single_name_board_limit__dim_cr_exp_legal_entity1_"",
    ""SPONSOR_ENTITY"".""single_name_board_limit"" AS ""single_name_board_limit__dim_cr_exp_legal_entity2_"",
    ""CHILD_ENTITY"".""smd_total_fi_limit"" AS ""smd_total_fi_limit"",
    ""PARENT_ENTITY"".""smd_total_fi_limit"" AS ""smd_total_fi_limit__dim_cr_exp_legal_entity1_"",
    ""SPONSOR_ENTITY"".""smd_total_fi_limit"" AS ""smd_total_fi_limit__dim_cr_exp_legal_entity2_"",
    ""dim_chron"".""source_business_date"" AS ""source_business_date"",
    ""dim_cr_exp_pos_inst"".""source_pos_key"" AS ""source_pos_key"",
    ""CHILD_ENTITY"".""sovr_country_outlook"" AS ""sovr_country_outlook"",
    ""PARENT_ENTITY"".""sovr_country_outlook"" AS ""sovr_country_outlook__dim_cr_exp_legal_entity1_"",
    ""SPONSOR_ENTITY"".""sovr_country_outlook"" AS ""sovr_country_outlook__dim_cr_exp_legal_entity2_"",
    ""CHILD_ENTITY"".""sovr_country_rating"" AS ""sovr_country_rating"",
    ""PARENT_ENTITY"".""sovr_country_rating"" AS ""sovr_country_rating__dim_cr_exp_legal_entity1_"",
    ""SPONSOR_ENTITY"".""sovr_country_rating"" AS ""sovr_country_rating__dim_cr_exp_legal_entity2_"",
    ""CHILD_ENTITY"".""sovr_fi_limit"" AS ""sovr_fi_limit"",
    ""PARENT_ENTITY"".""sovr_fi_limit"" AS ""sovr_fi_limit__dim_cr_exp_legal_entity1_"",
    ""SPONSOR_ENTITY"".""sovr_fi_limit"" AS ""sovr_fi_limit__dim_cr_exp_legal_entity2_"",
    ""CHILD_ENTITY"".""sovr_lt_fi_limit"" AS ""sovr_lt_fi_limit"",
    ""PARENT_ENTITY"".""sovr_lt_fi_limit"" AS ""sovr_lt_fi_limit__dim_cr_exp_legal_entity1_"",
    ""SPONSOR_ENTITY"".""sovr_lt_fi_limit"" AS ""sovr_lt_fi_limit__dim_cr_exp_legal_entity2_"",
    ""CHILD_ENTITY"".""sovr_mt_fi_limit"" AS ""sovr_mt_fi_limit"",
    ""PARENT_ENTITY"".""sovr_mt_fi_limit"" AS ""sovr_mt_fi_limit__dim_cr_exp_legal_entity1_"",
    ""SPONSOR_ENTITY"".""sovr_mt_fi_limit"" AS ""sovr_mt_fi_limit__dim_cr_exp_legal_entity2_"",
    ""CHILD_ENTITY"".""sovr_st_fi_limit"" AS ""sovr_st_fi_limit"",
    ""PARENT_ENTITY"".""sovr_st_fi_limit"" AS ""sovr_st_fi_limit__dim_cr_exp_legal_entity1_"",
    ""SPONSOR_ENTITY"".""sovr_st_fi_limit"" AS ""sovr_st_fi_limit__dim_cr_exp_legal_entity2_"",
    ""dim_cr_exp_pos_inst"".""ssa_outstanding_prog_balance"" AS ""ssa_outstanding_prog_balance"",
    ""CHILD_ENTITY"".""st_cash_pb_fi_limit"" AS ""st_cash_pb_fi_limit"",
    ""PARENT_ENTITY"".""st_cash_pb_fi_limit"" AS ""st_cash_pb_fi_limit__dim_cr_exp_legal_entity1_"",
    ""SPONSOR_ENTITY"".""st_cash_pb_fi_limit"" AS ""st_cash_pb_fi_limit__dim_cr_exp_legal_entity2_"",
    ""fact_cr_exposure"".""st_exposure"" AS ""st_exposure"",
    ""CHILD_ENTITY"".""st_fi_sublimit"" AS ""st_fi_sublimit"",
    ""PARENT_ENTITY"".""st_fi_sublimit"" AS ""st_fi_sublimit__dim_cr_exp_legal_entity1_"",
    ""SPONSOR_ENTITY"".""st_fi_sublimit"" AS ""st_fi_sublimit__dim_cr_exp_legal_entity2_"",
    ""fact_fx_rate"".""stale"" AS ""stale"",
    ""mv_dim_hierarchy_node_risk"".""sub_program"" AS ""sub_program"",
    ""CHILD_ENTITY"".""tag"" AS ""tag"",
    ""PARENT_ENTITY"".""tag"" AS ""tag__dim_cr_exp_legal_entity1_"",
    ""SPONSOR_ENTITY"".""tag"" AS ""tag__dim_cr_exp_legal_entity2_"",
    ""fact_fx_rate"".""tenor_cd"" AS ""tenor_cd"",
    ""fact_fx_rate"".""ticker"" AS ""ticker"",
    ""fact_fx_rate"".""to_currency"" AS ""to_currency"",
    ""CHILD_ENTITY"".""total_cash_pb_smd_fi_limit"" AS ""total_cash_pb_smd_fi_limit"",
    ""PARENT_ENTITY"".""total_cash_pb_smd_fi_limit"" AS ""total_cash_pb_smd_fi_limit__dim_cr_exp_legal_entity1_"",
    ""SPONSOR_ENTITY"".""total_cash_pb_smd_fi_limit"" AS ""total_cash_pb_smd_fi_limit__dim_cr_exp_legal_entity2_"",
    ""CHILD_ENTITY"".""ulp_dim_cr_exp_legal_entity_id"" AS ""ulp_dim_cr_exp_legal_entity_id"",
    ""PARENT_ENTITY"".""ulp_dim_cr_exp_legal_entity_id"" AS ""ulp_dim_cr_exp_legal_entity_id__dim_cr_exp_legal_entity1_"",
    ""SPONSOR_ENTITY"".""ulp_dim_cr_exp_legal_entity_id"" AS ""ulp_dim_cr_exp_legal_entity_id__dim_cr_exp_legal_entity2_""
  FROM ""radar_reporting_prod"".""fact_cr_exposure"" ""fact_cr_exposure""
    INNER JOIN ""radar_reporting_prod"".""dim_chron"" ""dim_chron"" ON (""fact_cr_exposure"".""chron_id"" = ""dim_chron"".""chron_id"")
    INNER JOIN ""radar_reporting_prod"".""dim_cr_exp_pos_inst"" ""dim_cr_exp_pos_inst"" ON ((""fact_cr_exposure"".""chron_id"" = ""dim_cr_exp_pos_inst"".""chron_id"") AND (""fact_cr_exposure"".""dim_cr_exp_pos_inst_id"" = ""dim_cr_exp_pos_inst"".""dim_cr_exp_pos_inst_id""))
    INNER JOIN ""radar_reporting_prod"".""dim_cr_exp_legal_entity"" ""CHILD_ENTITY"" ON ((""fact_cr_exposure"".""chron_id"" = ""CHILD_ENTITY"".""chron_id"") AND (""fact_cr_exposure"".""dim_cr_exp_legal_entity_id"" = ""CHILD_ENTITY"".""dim_cr_exp_legal_entity_id""))
    LEFT JOIN ""radar_reporting_prod"".""ref_country"" ""ref_country_domicile"" ON ((""CHILD_ENTITY"".""chron_id"" = ""ref_country_domicile"".""business_date"") AND (""CHILD_ENTITY"".""domicile_country_code"" = ""ref_country_domicile"".""alpha_2_code""))
    INNER JOIN ""radar_reporting_prod"".""dim_cr_exp_legal_entity"" ""PARENT_ENTITY"" ON ((""CHILD_ENTITY"".""ulp_dim_cr_exp_legal_entity_id"" = ""PARENT_ENTITY"".""dim_cr_exp_legal_entity_id"") AND (""CHILD_ENTITY"".""chron_id"" = ""PARENT_ENTITY"".""chron_id""))
    LEFT JOIN ""radar_reporting_prod"".""ref_country"" ""ref_country"" ON ((""PARENT_ENTITY"".""chron_id"" = ""ref_country"".""chron_id"") AND (""PARENT_ENTITY"".""domicile_country_code"" = ""ref_country"".""alpha_2_code""))
    LEFT JOIN ""radar_reporting_prod"".""dim_cr_exp_legal_entity"" ""SPONSOR_ENTITY"" ON ((""dim_cr_exp_pos_inst"".""chron_id"" = ""SPONSOR_ENTITY"".""chron_id"") AND (""CHILD_ENTITY"".""abcp_sponsor_id"" = ""SPONSOR_ENTITY"".""cppib_party_id""))
    LEFT JOIN ""radar_reporting_prod"".""fact_fx_rate"" ""fact_fx_rate"" ON ((""dim_cr_exp_pos_inst"".""chron_id"" = ""fact_fx_rate"".""chron_id"") AND (""dim_cr_exp_pos_inst"".""currency"" = ""fact_fx_rate"".""to_currency"")AND (""fact_fx_rate"".rate_type ='SPOT'))
    LEFT JOIN ""radar_reporting_prod"".""mv_dim_hierarchy_node_risk"" ""mv_dim_hierarchy_node_risk"" ON ((""dim_cr_exp_pos_inst"".""chron_id"" = ""mv_dim_hierarchy_node_risk"".""chron_id"") AND (""dim_cr_exp_pos_inst"".""investment_department"" = ""mv_dim_hierarchy_node_risk"".""node_name""))
) ""Custom SQL Query""
HAVING COUNT(1)>0"
0703e8434d42ff28d9317a5f60423704a8fb6585db6d3bec144c7c84f916348e,"/* cppi::0703e8434d42ff28d9317a5f60423704a8fb6585db6d3bec144c7c84f916348e */
-- Athena JDBC driver connection test
SELECT 1"
94ab330a308838ef00b2c8e129072aa7fe07360d3c4b94923e33511a89739e06,"/* cppi::94ab330a308838ef00b2c8e129072aa7fe07360d3c4b94923e33511a89739e06 */
SELECT 0 AS ""temp_calculation_1"",
  1 AS ""temp_calculation_2"",
  SUM(""custom_sql_query1"".""dv01_benchmark_value"") AS ""temp_tc___51726333"",
  COUNT(1) AS ""x__alias__0""
FROM (
  SELECT ""benchmark_analytic"".""application_id"" AS ""application_id__be"",
    ""benchmark_analytic"".""benchmark_name"" AS ""benchmark_name__be"",
    ""benchmark_analytic"".""business_date"" AS ""business_date__ben"",
    ""benchmark_analytic"".""currency"" AS ""currency__benchmar"",
    ""benchmark_analytic"".""curve"" AS ""curve__benchmark_a"",
    ""benchmark_analytic"".""curve_type"" AS ""curve_type__benchm"",
  
    ""benchmark_analytic"".""hierarchy_level"" AS ""hierarchy_level"",
    ""benchmark_analytic"".""hierarchy_node"" AS ""hierarchy_node__be"",
    ""benchmark_analytic"".""hierarchy_type"" AS ""hierarchy_type__be"",
    ""benchmark_analytic"".""node_level"" AS ""node_level"",
    ""benchmark_analytic"".""node_name"" AS ""node_name"",
    ""benchmark_analytic"".""run_id"" AS ""run_id__benchmark_"",
    ""benchmark_analytic"".""run_type"" AS ""run_type__benchmar"",Tenor, dv01_benchmark_value
  
  FROM ""risk_prod"".""benchmark_analytic_dv01"" ""benchmark_analytic""
  CROSS JOIN unnest(terms,dv01) AS t(Tenor, dv01_benchmark_value)
  where ""hierarchy_type"" = 'investment_cell_emerging_mkt_fixed_income'
) ""custom_sql_query1""
  INNER JOIN (
  SELECT ""custom_sql_query1"".""business_date__ben"" AS ""business_date__ben"",
    ""custom_sql_query1"".""Tenor"" AS ""tenor__custom_sql_"",
    ""custom_sql_query1"".""currency__benchmar"" AS ""currency__benchmar"",
    ""custom_sql_query1"".""hierarchy_node__be"" AS ""hierarchy_node__be""
  FROM (
    SELECT ""benchmark_analytic"".""application_id"" AS ""application_id__be"",
      ""benchmark_analytic"".""benchmark_name"" AS ""benchmark_name__be"",
      ""benchmark_analytic"".""business_date"" AS ""business_date__ben"",
      ""benchmark_analytic"".""currency"" AS ""currency__benchmar"",
      ""benchmark_analytic"".""curve"" AS ""curve__benchmark_a"",
      ""benchmark_analytic"".""curve_type"" AS ""curve_type__benchm"",
    
      ""benchmark_analytic"".""hierarchy_level"" AS ""hierarchy_level"",
      ""benchmark_analytic"".""hierarchy_node"" AS ""hierarchy_node__be"",
      ""benchmark_analytic"".""hierarchy_type"" AS ""hierarchy_type__be"",
      ""benchmark_analytic"".""node_level"" AS ""node_level"",
      ""benchmark_analytic"".""node_name"" AS ""node_name"",
      ""benchmark_analytic"".""run_id"" AS ""run_id__benchmark_"",
      ""benchmark_analytic"".""run_type"" AS ""run_type__benchmar"",Tenor, dv01_benchmark_value
    
    FROM ""risk_prod"".""benchmark_analytic_dv01"" ""benchmark_analytic""
    CROSS JOIN unnest(terms,dv01) AS t(Tenor, dv01_benchmark_value)
    where ""hierarchy_type"" = 'investment_cell_emerging_mkt_fixed_income'
  ) ""custom_sql_query1""
    INNER JOIN (
    SELECT a.business_date, a.position_key, a.dv01_currency, a.dv01_tenor, a.dv01_cad_value FROM ""risk_prod"".""rmv_dv01"" a WHERE investment_strategy = 'Emerging Markets Fixed Income'
  ) ""custom_sql_query"" ON ((""custom_sql_query1"".""business_date__ben"" = ""custom_sql_query"".""business_date"") AND (""custom_sql_query1"".""Tenor"" = ""custom_sql_query"".""dv01_tenor"") AND (""custom_sql_query1"".""currency__benchmar"" = ""custom_sql_query"".""dv01_currency""))
  WHERE ((CAST(CAST(""custom_sql_query1"".""business_date__ben"" AS TIMESTAMP) AS DATE) = CAST('2025-06-10' AS DATE)) AND (CASE WHEN (""custom_sql_query1"".""hierarchy_node__be"" = 'IR_FSB_Benchmark') THEN false ELSE true END))
  GROUP BY ""custom_sql_query1"".""Tenor"",
    ""custom_sql_query1"".""business_date__ben"",
    ""custom_sql_query1"".""currency__benchmar"",
    ""custom_sql_query1"".""hierarchy_node__be""
) ""t0"" ON ((""custom_sql_query1"".""business_date__ben"" = ""t0"".""business_date__ben"") AND (""custom_sql_query1"".""Tenor"" = ""t0"".""tenor__custom_sql_"") AND (""custom_sql_query1"".""currency__benchmar"" = ""t0"".""currency__benchmar"") AND ((COALESCE(""custom_sql_query1"".""hierarchy_node__be"", '0') = COALESCE(""t0"".""hierarchy_node__be"", '0')) AND (COALESCE(""custom_sql_query1"".""hierarchy_node__be"", '1') = COALESCE(""t0"".""hierarchy_node__be"", '1'))))
WHERE ((CAST(CAST(""custom_sql_query1"".""business_date__ben"" AS TIMESTAMP) AS DATE) = CAST('2025-06-10' AS DATE)) AND (CASE WHEN (""custom_sql_query1"".""hierarchy_node__be"" = 'IR_FSB_Benchmark') THEN false ELSE true END))
HAVING (COUNT(1) > 0)"
94ab330a308838ef00b2c8e129072aa7fe07360d3c4b94923e33511a89739e06,"/* cppi::94ab330a308838ef00b2c8e129072aa7fe07360d3c4b94923e33511a89739e06 */
SELECT 0 AS ""temp_calculation_1"",
  1 AS ""temp_calculation_2"",
  SUM(""custom_sql_query1"".""dv01_benchmark_value"") AS ""temp_tc___51726333"",
  COUNT(1) AS ""x__alias__0""
FROM (
  SELECT ""benchmark_analytic"".""application_id"" AS ""application_id__be"",
    ""benchmark_analytic"".""benchmark_name"" AS ""benchmark_name__be"",
    ""benchmark_analytic"".""business_date"" AS ""business_date__ben"",
    ""benchmark_analytic"".""currency"" AS ""currency__benchmar"",
    ""benchmark_analytic"".""curve"" AS ""curve__benchmark_a"",
    ""benchmark_analytic"".""curve_type"" AS ""curve_type__benchm"",
  
    ""benchmark_analytic"".""hierarchy_level"" AS ""hierarchy_level"",
    ""benchmark_analytic"".""hierarchy_node"" AS ""hierarchy_node__be"",
    ""benchmark_analytic"".""hierarchy_type"" AS ""hierarchy_type__be"",
    ""benchmark_analytic"".""node_level"" AS ""node_level"",
    ""benchmark_analytic"".""node_name"" AS ""node_name"",
    ""benchmark_analytic"".""run_id"" AS ""run_id__benchmark_"",
    ""benchmark_analytic"".""run_type"" AS ""run_type__benchmar"",Tenor, dv01_benchmark_value
  
  FROM ""risk_prod"".""benchmark_analytic_dv01"" ""benchmark_analytic""
  CROSS JOIN unnest(terms,dv01) AS t(Tenor, dv01_benchmark_value)
  where ""hierarchy_type"" = 'investment_cell_emerging_mkt_fixed_income'
) ""custom_sql_query1""
  INNER JOIN (
  SELECT ""custom_sql_query1"".""business_date__ben"" AS ""business_date__ben"",
    ""custom_sql_query1"".""Tenor"" AS ""tenor__custom_sql_"",
    ""custom_sql_query1"".""currency__benchmar"" AS ""currency__benchmar"",
    ""custom_sql_query1"".""hierarchy_node__be"" AS ""hierarchy_node__be""
  FROM (
    SELECT ""benchmark_analytic"".""application_id"" AS ""application_id__be"",
      ""benchmark_analytic"".""benchmark_name"" AS ""benchmark_name__be"",
      ""benchmark_analytic"".""business_date"" AS ""business_date__ben"",
      ""benchmark_analytic"".""currency"" AS ""currency__benchmar"",
      ""benchmark_analytic"".""curve"" AS ""curve__benchmark_a"",
      ""benchmark_analytic"".""curve_type"" AS ""curve_type__benchm"",
    
      ""benchmark_analytic"".""hierarchy_level"" AS ""hierarchy_level"",
      ""benchmark_analytic"".""hierarchy_node"" AS ""hierarchy_node__be"",
      ""benchmark_analytic"".""hierarchy_type"" AS ""hierarchy_type__be"",
      ""benchmark_analytic"".""node_level"" AS ""node_level"",
      ""benchmark_analytic"".""node_name"" AS ""node_name"",
      ""benchmark_analytic"".""run_id"" AS ""run_id__benchmark_"",
      ""benchmark_analytic"".""run_type"" AS ""run_type__benchmar"",Tenor, dv01_benchmark_value
    
    FROM ""risk_prod"".""benchmark_analytic_dv01"" ""benchmark_analytic""
    CROSS JOIN unnest(terms,dv01) AS t(Tenor, dv01_benchmark_value)
    where ""hierarchy_type"" = 'investment_cell_emerging_mkt_fixed_income'
  ) ""custom_sql_query1""
    INNER JOIN (
    SELECT a.business_date, a.position_key, a.dv01_currency, a.dv01_tenor, a.dv01_cad_value FROM ""risk_prod"".""rmv_dv01"" a WHERE investment_strategy = 'Emerging Markets Fixed Income'
  ) ""custom_sql_query"" ON ((""custom_sql_query1"".""business_date__ben"" = ""custom_sql_query"".""business_date"") AND (""custom_sql_query1"".""Tenor"" = ""custom_sql_query"".""dv01_tenor"") AND (""custom_sql_query1"".""currency__benchmar"" = ""custom_sql_query"".""dv01_currency""))
  WHERE ((CAST(CAST(""custom_sql_query1"".""business_date__ben"" AS TIMESTAMP) AS DATE) = CAST('2025-06-10' AS DATE)) AND (CASE WHEN (""custom_sql_query1"".""hierarchy_node__be"" = 'IR_FSB_Benchmark') THEN false ELSE true END))
  GROUP BY ""custom_sql_query1"".""Tenor"",
    ""custom_sql_query1"".""business_date__ben"",
    ""custom_sql_query1"".""currency__benchmar"",
    ""custom_sql_query1"".""hierarchy_node__be""
) ""t0"" ON ((""custom_sql_query1"".""business_date__ben"" = ""t0"".""business_date__ben"") AND (""custom_sql_query1"".""Tenor"" = ""t0"".""tenor__custom_sql_"") AND (""custom_sql_query1"".""currency__benchmar"" = ""t0"".""currency__benchmar"") AND ((COALESCE(""custom_sql_query1"".""hierarchy_node__be"", '0') = COALESCE(""t0"".""hierarchy_node__be"", '0')) AND (COALESCE(""custom_sql_query1"".""hierarchy_node__be"", '1') = COALESCE(""t0"".""hierarchy_node__be"", '1'))))
WHERE ((CAST(CAST(""custom_sql_query1"".""business_date__ben"" AS TIMESTAMP) AS DATE) = CAST('2025-06-10' AS DATE)) AND (CASE WHEN (""custom_sql_query1"".""hierarchy_node__be"" = 'IR_FSB_Benchmark') THEN false ELSE true END))
HAVING (COUNT(1) > 0)"
94ab330a308838ef00b2c8e129072aa7fe07360d3c4b94923e33511a89739e06,"/* cppi::94ab330a308838ef00b2c8e129072aa7fe07360d3c4b94923e33511a89739e06 */
SELECT 0 AS ""temp_calculation_1"",
  1 AS ""temp_calculation_2"",
  SUM(""custom_sql_query1"".""dv01_benchmark_value"") AS ""temp_tc___51726333"",
  COUNT(1) AS ""x__alias__0""
FROM (
  SELECT ""benchmark_analytic"".""application_id"" AS ""application_id__be"",
    ""benchmark_analytic"".""benchmark_name"" AS ""benchmark_name__be"",
    ""benchmark_analytic"".""business_date"" AS ""business_date__ben"",
    ""benchmark_analytic"".""currency"" AS ""currency__benchmar"",
    ""benchmark_analytic"".""curve"" AS ""curve__benchmark_a"",
    ""benchmark_analytic"".""curve_type"" AS ""curve_type__benchm"",
  
    ""benchmark_analytic"".""hierarchy_level"" AS ""hierarchy_level"",
    ""benchmark_analytic"".""hierarchy_node"" AS ""hierarchy_node__be"",
    ""benchmark_analytic"".""hierarchy_type"" AS ""hierarchy_type__be"",
    ""benchmark_analytic"".""node_level"" AS ""node_level"",
    ""benchmark_analytic"".""node_name"" AS ""node_name"",
    ""benchmark_analytic"".""run_id"" AS ""run_id__benchmark_"",
    ""benchmark_analytic"".""run_type"" AS ""run_type__benchmar"",Tenor, dv01_benchmark_value
  
  FROM ""risk_prod"".""benchmark_analytic_dv01"" ""benchmark_analytic""
  CROSS JOIN unnest(terms,dv01) AS t(Tenor, dv01_benchmark_value)
  where ""hierarchy_type"" = 'investment_cell_emerging_mkt_fixed_income'
) ""custom_sql_query1""
  INNER JOIN (
  SELECT ""custom_sql_query1"".""business_date__ben"" AS ""business_date__ben"",
    ""custom_sql_query1"".""Tenor"" AS ""tenor__custom_sql_"",
    ""custom_sql_query1"".""currency__benchmar"" AS ""currency__benchmar"",
    ""custom_sql_query1"".""hierarchy_node__be"" AS ""hierarchy_node__be""
  FROM (
    SELECT ""benchmark_analytic"".""application_id"" AS ""application_id__be"",
      ""benchmark_analytic"".""benchmark_name"" AS ""benchmark_name__be"",
      ""benchmark_analytic"".""business_date"" AS ""business_date__ben"",
      ""benchmark_analytic"".""currency"" AS ""currency__benchmar"",
      ""benchmark_analytic"".""curve"" AS ""curve__benchmark_a"",
      ""benchmark_analytic"".""curve_type"" AS ""curve_type__benchm"",
    
      ""benchmark_analytic"".""hierarchy_level"" AS ""hierarchy_level"",
      ""benchmark_analytic"".""hierarchy_node"" AS ""hierarchy_node__be"",
      ""benchmark_analytic"".""hierarchy_type"" AS ""hierarchy_type__be"",
      ""benchmark_analytic"".""node_level"" AS ""node_level"",
      ""benchmark_analytic"".""node_name"" AS ""node_name"",
      ""benchmark_analytic"".""run_id"" AS ""run_id__benchmark_"",
      ""benchmark_analytic"".""run_type"" AS ""run_type__benchmar"",Tenor, dv01_benchmark_value
    
    FROM ""risk_prod"".""benchmark_analytic_dv01"" ""benchmark_analytic""
    CROSS JOIN unnest(terms,dv01) AS t(Tenor, dv01_benchmark_value)
    where ""hierarchy_type"" = 'investment_cell_emerging_mkt_fixed_income'
  ) ""custom_sql_query1""
    INNER JOIN (
    SELECT a.business_date, a.position_key, a.dv01_currency, a.dv01_tenor, a.dv01_cad_value FROM ""risk_prod"".""rmv_dv01"" a WHERE investment_strategy = 'Emerging Markets Fixed Income'
  ) ""custom_sql_query"" ON ((""custom_sql_query1"".""business_date__ben"" = ""custom_sql_query"".""business_date"") AND (""custom_sql_query1"".""Tenor"" = ""custom_sql_query"".""dv01_tenor"") AND (""custom_sql_query1"".""currency__benchmar"" = ""custom_sql_query"".""dv01_currency""))
  WHERE ((CAST(CAST(""custom_sql_query1"".""business_date__ben"" AS TIMESTAMP) AS DATE) = CAST('2025-06-10' AS DATE)) AND (CASE WHEN (""custom_sql_query1"".""hierarchy_node__be"" = 'IR_FSB_Benchmark') THEN false ELSE true END))
  GROUP BY ""custom_sql_query1"".""Tenor"",
    ""custom_sql_query1"".""business_date__ben"",
    ""custom_sql_query1"".""currency__benchmar"",
    ""custom_sql_query1"".""hierarchy_node__be""
) ""t0"" ON ((""custom_sql_query1"".""business_date__ben"" = ""t0"".""business_date__ben"") AND (""custom_sql_query1"".""Tenor"" = ""t0"".""tenor__custom_sql_"") AND (""custom_sql_query1"".""currency__benchmar"" = ""t0"".""currency__benchmar"") AND ((COALESCE(""custom_sql_query1"".""hierarchy_node__be"", '0') = COALESCE(""t0"".""hierarchy_node__be"", '0')) AND (COALESCE(""custom_sql_query1"".""hierarchy_node__be"", '1') = COALESCE(""t0"".""hierarchy_node__be"", '1'))))
WHERE ((CAST(CAST(""custom_sql_query1"".""business_date__ben"" AS TIMESTAMP) AS DATE) = CAST('2025-06-10' AS DATE)) AND (CASE WHEN (""custom_sql_query1"".""hierarchy_node__be"" = 'IR_FSB_Benchmark') THEN false ELSE true END))
HAVING (COUNT(1) > 0)"
94ab330a308838ef00b2c8e129072aa7fe07360d3c4b94923e33511a89739e06,"/* cppi::94ab330a308838ef00b2c8e129072aa7fe07360d3c4b94923e33511a89739e06 */
SELECT 0 AS ""temp_calculation_1"",
  1 AS ""temp_calculation_2"",
  SUM(""custom_sql_query1"".""dv01_benchmark_value"") AS ""temp_tc___51726333"",
  COUNT(1) AS ""x__alias__0""
FROM (
  SELECT ""benchmark_analytic"".""application_id"" AS ""application_id__be"",
    ""benchmark_analytic"".""benchmark_name"" AS ""benchmark_name__be"",
    ""benchmark_analytic"".""business_date"" AS ""business_date__ben"",
    ""benchmark_analytic"".""currency"" AS ""currency__benchmar"",
    ""benchmark_analytic"".""curve"" AS ""curve__benchmark_a"",
    ""benchmark_analytic"".""curve_type"" AS ""curve_type__benchm"",
  
    ""benchmark_analytic"".""hierarchy_level"" AS ""hierarchy_level"",
    ""benchmark_analytic"".""hierarchy_node"" AS ""hierarchy_node__be"",
    ""benchmark_analytic"".""hierarchy_type"" AS ""hierarchy_type__be"",
    ""benchmark_analytic"".""node_level"" AS ""node_level"",
    ""benchmark_analytic"".""node_name"" AS ""node_name"",
    ""benchmark_analytic"".""run_id"" AS ""run_id__benchmark_"",
    ""benchmark_analytic"".""run_type"" AS ""run_type__benchmar"",Tenor, dv01_benchmark_value
  
  FROM ""risk_prod"".""benchmark_analytic_dv01"" ""benchmark_analytic""
  CROSS JOIN unnest(terms,dv01) AS t(Tenor, dv01_benchmark_value)
  where ""hierarchy_type"" = 'investment_cell_emerging_mkt_fixed_income'
) ""custom_sql_query1""
  INNER JOIN (
  SELECT ""custom_sql_query1"".""business_date__ben"" AS ""business_date__ben"",
    ""custom_sql_query1"".""Tenor"" AS ""tenor__custom_sql_"",
    ""custom_sql_query1"".""currency__benchmar"" AS ""currency__benchmar"",
    ""custom_sql_query1"".""hierarchy_node__be"" AS ""hierarchy_node__be""
  FROM (
    SELECT ""benchmark_analytic"".""application_id"" AS ""application_id__be"",
      ""benchmark_analytic"".""benchmark_name"" AS ""benchmark_name__be"",
      ""benchmark_analytic"".""business_date"" AS ""business_date__ben"",
      ""benchmark_analytic"".""currency"" AS ""currency__benchmar"",
      ""benchmark_analytic"".""curve"" AS ""curve__benchmark_a"",
      ""benchmark_analytic"".""curve_type"" AS ""curve_type__benchm"",
    
      ""benchmark_analytic"".""hierarchy_level"" AS ""hierarchy_level"",
      ""benchmark_analytic"".""hierarchy_node"" AS ""hierarchy_node__be"",
      ""benchmark_analytic"".""hierarchy_type"" AS ""hierarchy_type__be"",
      ""benchmark_analytic"".""node_level"" AS ""node_level"",
      ""benchmark_analytic"".""node_name"" AS ""node_name"",
      ""benchmark_analytic"".""run_id"" AS ""run_id__benchmark_"",
      ""benchmark_analytic"".""run_type"" AS ""run_type__benchmar"",Tenor, dv01_benchmark_value
    
    FROM ""risk_prod"".""benchmark_analytic_dv01"" ""benchmark_analytic""
    CROSS JOIN unnest(terms,dv01) AS t(Tenor, dv01_benchmark_value)
    where ""hierarchy_type"" = 'investment_cell_emerging_mkt_fixed_income'
  ) ""custom_sql_query1""
    INNER JOIN (
    SELECT a.business_date, a.position_key, a.dv01_currency, a.dv01_tenor, a.dv01_cad_value FROM ""risk_prod"".""rmv_dv01"" a WHERE investment_strategy = 'Emerging Markets Fixed Income'
  ) ""custom_sql_query"" ON ((""custom_sql_query1"".""business_date__ben"" = ""custom_sql_query"".""business_date"") AND (""custom_sql_query1"".""Tenor"" = ""custom_sql_query"".""dv01_tenor"") AND (""custom_sql_query1"".""currency__benchmar"" = ""custom_sql_query"".""dv01_currency""))
  WHERE ((CAST(CAST(""custom_sql_query1"".""business_date__ben"" AS TIMESTAMP) AS DATE) = CAST('2025-06-10' AS DATE)) AND (CASE WHEN (""custom_sql_query1"".""hierarchy_node__be"" = 'IR_FSB_Benchmark') THEN false ELSE true END))
  GROUP BY ""custom_sql_query1"".""Tenor"",
    ""custom_sql_query1"".""business_date__ben"",
    ""custom_sql_query1"".""currency__benchmar"",
    ""custom_sql_query1"".""hierarchy_node__be""
) ""t0"" ON ((""custom_sql_query1"".""business_date__ben"" = ""t0"".""business_date__ben"") AND (""custom_sql_query1"".""Tenor"" = ""t0"".""tenor__custom_sql_"") AND (""custom_sql_query1"".""currency__benchmar"" = ""t0"".""currency__benchmar"") AND ((COALESCE(""custom_sql_query1"".""hierarchy_node__be"", '0') = COALESCE(""t0"".""hierarchy_node__be"", '0')) AND (COALESCE(""custom_sql_query1"".""hierarchy_node__be"", '1') = COALESCE(""t0"".""hierarchy_node__be"", '1'))))
WHERE ((CAST(CAST(""custom_sql_query1"".""business_date__ben"" AS TIMESTAMP) AS DATE) = CAST('2025-06-10' AS DATE)) AND (CASE WHEN (""custom_sql_query1"".""hierarchy_node__be"" = 'IR_FSB_Benchmark') THEN false ELSE true END))
HAVING (COUNT(1) > 0)"
94ab330a308838ef00b2c8e129072aa7fe07360d3c4b94923e33511a89739e06,"/* cppi::94ab330a308838ef00b2c8e129072aa7fe07360d3c4b94923e33511a89739e06 */
SELECT 0 AS ""temp_calculation_1"",
  1 AS ""temp_calculation_2"",
  SUM(""custom_sql_query1"".""dv01_benchmark_value"") AS ""temp_tc___51726333"",
  COUNT(1) AS ""x__alias__0""
FROM (
  SELECT ""benchmark_analytic"".""application_id"" AS ""application_id__be"",
    ""benchmark_analytic"".""benchmark_name"" AS ""benchmark_name__be"",
    ""benchmark_analytic"".""business_date"" AS ""business_date__ben"",
    ""benchmark_analytic"".""currency"" AS ""currency__benchmar"",
    ""benchmark_analytic"".""curve"" AS ""curve__benchmark_a"",
    ""benchmark_analytic"".""curve_type"" AS ""curve_type__benchm"",
  
    ""benchmark_analytic"".""hierarchy_level"" AS ""hierarchy_level"",
    ""benchmark_analytic"".""hierarchy_node"" AS ""hierarchy_node__be"",
    ""benchmark_analytic"".""hierarchy_type"" AS ""hierarchy_type__be"",
    ""benchmark_analytic"".""node_level"" AS ""node_level"",
    ""benchmark_analytic"".""node_name"" AS ""node_name"",
    ""benchmark_analytic"".""run_id"" AS ""run_id__benchmark_"",
    ""benchmark_analytic"".""run_type"" AS ""run_type__benchmar"",Tenor, dv01_benchmark_value
  
  FROM ""risk_prod"".""benchmark_analytic_dv01"" ""benchmark_analytic""
  CROSS JOIN unnest(terms,dv01) AS t(Tenor, dv01_benchmark_value)
  where ""hierarchy_type"" = 'investment_cell_emerging_mkt_fixed_income'
) ""custom_sql_query1""
  INNER JOIN (
  SELECT ""custom_sql_query1"".""business_date__ben"" AS ""business_date__ben"",
    ""custom_sql_query1"".""Tenor"" AS ""tenor__custom_sql_"",
    ""custom_sql_query1"".""currency__benchmar"" AS ""currency__benchmar"",
    ""custom_sql_query1"".""hierarchy_node__be"" AS ""hierarchy_node__be""
  FROM (
    SELECT ""benchmark_analytic"".""application_id"" AS ""application_id__be"",
      ""benchmark_analytic"".""benchmark_name"" AS ""benchmark_name__be"",
      ""benchmark_analytic"".""business_date"" AS ""business_date__ben"",
      ""benchmark_analytic"".""currency"" AS ""currency__benchmar"",
      ""benchmark_analytic"".""curve"" AS ""curve__benchmark_a"",
      ""benchmark_analytic"".""curve_type"" AS ""curve_type__benchm"",
    
      ""benchmark_analytic"".""hierarchy_level"" AS ""hierarchy_level"",
      ""benchmark_analytic"".""hierarchy_node"" AS ""hierarchy_node__be"",
      ""benchmark_analytic"".""hierarchy_type"" AS ""hierarchy_type__be"",
      ""benchmark_analytic"".""node_level"" AS ""node_level"",
      ""benchmark_analytic"".""node_name"" AS ""node_name"",
      ""benchmark_analytic"".""run_id"" AS ""run_id__benchmark_"",
      ""benchmark_analytic"".""run_type"" AS ""run_type__benchmar"",Tenor, dv01_benchmark_value
    
    FROM ""risk_prod"".""benchmark_analytic_dv01"" ""benchmark_analytic""
    CROSS JOIN unnest(terms,dv01) AS t(Tenor, dv01_benchmark_value)
    where ""hierarchy_type"" = 'investment_cell_emerging_mkt_fixed_income'
  ) ""custom_sql_query1""
    INNER JOIN (
    SELECT a.business_date, a.position_key, a.dv01_currency, a.dv01_tenor, a.dv01_cad_value FROM ""risk_prod"".""rmv_dv01"" a WHERE investment_strategy = 'Emerging Markets Fixed Income'
  ) ""custom_sql_query"" ON ((""custom_sql_query1"".""business_date__ben"" = ""custom_sql_query"".""business_date"") AND (""custom_sql_query1"".""Tenor"" = ""custom_sql_query"".""dv01_tenor"") AND (""custom_sql_query1"".""currency__benchmar"" = ""custom_sql_query"".""dv01_currency""))
  WHERE ((CAST(CAST(""custom_sql_query1"".""business_date__ben"" AS TIMESTAMP) AS DATE) = CAST('2025-06-10' AS DATE)) AND (CASE WHEN (""custom_sql_query1"".""hierarchy_node__be"" = 'IR_FSB_Benchmark') THEN false ELSE true END))
  GROUP BY ""custom_sql_query1"".""Tenor"",
    ""custom_sql_query1"".""business_date__ben"",
    ""custom_sql_query1"".""currency__benchmar"",
    ""custom_sql_query1"".""hierarchy_node__be""
) ""t0"" ON ((""custom_sql_query1"".""business_date__ben"" = ""t0"".""business_date__ben"") AND (""custom_sql_query1"".""Tenor"" = ""t0"".""tenor__custom_sql_"") AND (""custom_sql_query1"".""currency__benchmar"" = ""t0"".""currency__benchmar"") AND ((COALESCE(""custom_sql_query1"".""hierarchy_node__be"", '0') = COALESCE(""t0"".""hierarchy_node__be"", '0')) AND (COALESCE(""custom_sql_query1"".""hierarchy_node__be"", '1') = COALESCE(""t0"".""hierarchy_node__be"", '1'))))
WHERE ((CAST(CAST(""custom_sql_query1"".""business_date__ben"" AS TIMESTAMP) AS DATE) = CAST('2025-06-10' AS DATE)) AND (CASE WHEN (""custom_sql_query1"".""hierarchy_node__be"" = 'IR_FSB_Benchmark') THEN false ELSE true END))
HAVING (COUNT(1) > 0)"
94ab330a308838ef00b2c8e129072aa7fe07360d3c4b94923e33511a89739e06,"/* cppi::94ab330a308838ef00b2c8e129072aa7fe07360d3c4b94923e33511a89739e06 */
SELECT 0 AS ""temp_calculation_1"",
  1 AS ""temp_calculation_2"",
  SUM(""custom_sql_query1"".""dv01_benchmark_value"") AS ""temp_tc___51726333"",
  COUNT(1) AS ""x__alias__0""
FROM (
  SELECT ""benchmark_analytic"".""application_id"" AS ""application_id__be"",
    ""benchmark_analytic"".""benchmark_name"" AS ""benchmark_name__be"",
    ""benchmark_analytic"".""business_date"" AS ""business_date__ben"",
    ""benchmark_analytic"".""currency"" AS ""currency__benchmar"",
    ""benchmark_analytic"".""curve"" AS ""curve__benchmark_a"",
    ""benchmark_analytic"".""curve_type"" AS ""curve_type__benchm"",
  
    ""benchmark_analytic"".""hierarchy_level"" AS ""hierarchy_level"",
    ""benchmark_analytic"".""hierarchy_node"" AS ""hierarchy_node__be"",
    ""benchmark_analytic"".""hierarchy_type"" AS ""hierarchy_type__be"",
    ""benchmark_analytic"".""node_level"" AS ""node_level"",
    ""benchmark_analytic"".""node_name"" AS ""node_name"",
    ""benchmark_analytic"".""run_id"" AS ""run_id__benchmark_"",
    ""benchmark_analytic"".""run_type"" AS ""run_type__benchmar"",Tenor, dv01_benchmark_value
  
  FROM ""risk_prod"".""benchmark_analytic_dv01"" ""benchmark_analytic""
  CROSS JOIN unnest(terms,dv01) AS t(Tenor, dv01_benchmark_value)
  where ""hierarchy_type"" = 'investment_cell_emerging_mkt_fixed_income'
) ""custom_sql_query1""
  INNER JOIN (
  SELECT ""custom_sql_query1"".""business_date__ben"" AS ""business_date__ben"",
    ""custom_sql_query1"".""Tenor"" AS ""tenor__custom_sql_"",
    ""custom_sql_query1"".""currency__benchmar"" AS ""currency__benchmar"",
    ""custom_sql_query1"".""hierarchy_node__be"" AS ""hierarchy_node__be""
  FROM (
    SELECT ""benchmark_analytic"".""application_id"" AS ""application_id__be"",
      ""benchmark_analytic"".""benchmark_name"" AS ""benchmark_name__be"",
      ""benchmark_analytic"".""business_date"" AS ""business_date__ben"",
      ""benchmark_analytic"".""currency"" AS ""currency__benchmar"",
      ""benchmark_analytic"".""curve"" AS ""curve__benchmark_a"",
      ""benchmark_analytic"".""curve_type"" AS ""curve_type__benchm"",
    
      ""benchmark_analytic"".""hierarchy_level"" AS ""hierarchy_level"",
      ""benchmark_analytic"".""hierarchy_node"" AS ""hierarchy_node__be"",
      ""benchmark_analytic"".""hierarchy_type"" AS ""hierarchy_type__be"",
      ""benchmark_analytic"".""node_level"" AS ""node_level"",
      ""benchmark_analytic"".""node_name"" AS ""node_name"",
      ""benchmark_analytic"".""run_id"" AS ""run_id__benchmark_"",
      ""benchmark_analytic"".""run_type"" AS ""run_type__benchmar"",Tenor, dv01_benchmark_value
    
    FROM ""risk_prod"".""benchmark_analytic_dv01"" ""benchmark_analytic""
    CROSS JOIN unnest(terms,dv01) AS t(Tenor, dv01_benchmark_value)
    where ""hierarchy_type"" = 'investment_cell_emerging_mkt_fixed_income'
  ) ""custom_sql_query1""
    INNER JOIN (
    SELECT a.business_date, a.position_key, a.dv01_currency, a.dv01_tenor, a.dv01_cad_value FROM ""risk_prod"".""rmv_dv01"" a WHERE investment_strategy = 'Emerging Markets Fixed Income'
  ) ""custom_sql_query"" ON ((""custom_sql_query1"".""business_date__ben"" = ""custom_sql_query"".""business_date"") AND (""custom_sql_query1"".""Tenor"" = ""custom_sql_query"".""dv01_tenor"") AND (""custom_sql_query1"".""currency__benchmar"" = ""custom_sql_query"".""dv01_currency""))
  WHERE ((CAST(CAST(""custom_sql_query1"".""business_date__ben"" AS TIMESTAMP) AS DATE) = CAST('2025-06-10' AS DATE)) AND (CASE WHEN (""custom_sql_query1"".""hierarchy_node__be"" = 'IR_FSB_Benchmark') THEN false ELSE true END))
  GROUP BY ""custom_sql_query1"".""Tenor"",
    ""custom_sql_query1"".""business_date__ben"",
    ""custom_sql_query1"".""currency__benchmar"",
    ""custom_sql_query1"".""hierarchy_node__be""
) ""t0"" ON ((""custom_sql_query1"".""business_date__ben"" = ""t0"".""business_date__ben"") AND (""custom_sql_query1"".""Tenor"" = ""t0"".""tenor__custom_sql_"") AND (""custom_sql_query1"".""currency__benchmar"" = ""t0"".""currency__benchmar"") AND ((COALESCE(""custom_sql_query1"".""hierarchy_node__be"", '0') = COALESCE(""t0"".""hierarchy_node__be"", '0')) AND (COALESCE(""custom_sql_query1"".""hierarchy_node__be"", '1') = COALESCE(""t0"".""hierarchy_node__be"", '1'))))
WHERE ((CAST(CAST(""custom_sql_query1"".""business_date__ben"" AS TIMESTAMP) AS DATE) = CAST('2025-06-10' AS DATE)) AND (CASE WHEN (""custom_sql_query1"".""hierarchy_node__be"" = 'IR_FSB_Benchmark') THEN false ELSE true END))
HAVING (COUNT(1) > 0)"
94ab330a308838ef00b2c8e129072aa7fe07360d3c4b94923e33511a89739e06,"/* cppi::94ab330a308838ef00b2c8e129072aa7fe07360d3c4b94923e33511a89739e06 */
SELECT 0 AS ""temp_calculation_1"",
  1 AS ""temp_calculation_2"",
  SUM(""custom_sql_query1"".""dv01_benchmark_value"") AS ""temp_tc___51726333"",
  COUNT(1) AS ""x__alias__0""
FROM (
  SELECT ""benchmark_analytic"".""application_id"" AS ""application_id__be"",
    ""benchmark_analytic"".""benchmark_name"" AS ""benchmark_name__be"",
    ""benchmark_analytic"".""business_date"" AS ""business_date__ben"",
    ""benchmark_analytic"".""currency"" AS ""currency__benchmar"",
    ""benchmark_analytic"".""curve"" AS ""curve__benchmark_a"",
    ""benchmark_analytic"".""curve_type"" AS ""curve_type__benchm"",
  
    ""benchmark_analytic"".""hierarchy_level"" AS ""hierarchy_level"",
    ""benchmark_analytic"".""hierarchy_node"" AS ""hierarchy_node__be"",
    ""benchmark_analytic"".""hierarchy_type"" AS ""hierarchy_type__be"",
    ""benchmark_analytic"".""node_level"" AS ""node_level"",
    ""benchmark_analytic"".""node_name"" AS ""node_name"",
    ""benchmark_analytic"".""run_id"" AS ""run_id__benchmark_"",
    ""benchmark_analytic"".""run_type"" AS ""run_type__benchmar"",Tenor, dv01_benchmark_value
  
  FROM ""risk_prod"".""benchmark_analytic_dv01"" ""benchmark_analytic""
  CROSS JOIN unnest(terms,dv01) AS t(Tenor, dv01_benchmark_value)
  where ""hierarchy_type"" = 'investment_cell_emerging_mkt_fixed_income'
) ""custom_sql_query1""
  INNER JOIN (
  SELECT ""custom_sql_query1"".""business_date__ben"" AS ""business_date__ben"",
    ""custom_sql_query1"".""Tenor"" AS ""tenor__custom_sql_"",
    ""custom_sql_query1"".""currency__benchmar"" AS ""currency__benchmar"",
    ""custom_sql_query1"".""hierarchy_node__be"" AS ""hierarchy_node__be""
  FROM (
    SELECT ""benchmark_analytic"".""application_id"" AS ""application_id__be"",
      ""benchmark_analytic"".""benchmark_name"" AS ""benchmark_name__be"",
      ""benchmark_analytic"".""business_date"" AS ""business_date__ben"",
      ""benchmark_analytic"".""currency"" AS ""currency__benchmar"",
      ""benchmark_analytic"".""curve"" AS ""curve__benchmark_a"",
      ""benchmark_analytic"".""curve_type"" AS ""curve_type__benchm"",
    
      ""benchmark_analytic"".""hierarchy_level"" AS ""hierarchy_level"",
      ""benchmark_analytic"".""hierarchy_node"" AS ""hierarchy_node__be"",
      ""benchmark_analytic"".""hierarchy_type"" AS ""hierarchy_type__be"",
      ""benchmark_analytic"".""node_level"" AS ""node_level"",
      ""benchmark_analytic"".""node_name"" AS ""node_name"",
      ""benchmark_analytic"".""run_id"" AS ""run_id__benchmark_"",
      ""benchmark_analytic"".""run_type"" AS ""run_type__benchmar"",Tenor, dv01_benchmark_value
    
    FROM ""risk_prod"".""benchmark_analytic_dv01"" ""benchmark_analytic""
    CROSS JOIN unnest(terms,dv01) AS t(Tenor, dv01_benchmark_value)
    where ""hierarchy_type"" = 'investment_cell_emerging_mkt_fixed_income'
  ) ""custom_sql_query1""
    INNER JOIN (
    SELECT a.business_date, a.position_key, a.dv01_currency, a.dv01_tenor, a.dv01_cad_value FROM ""risk_prod"".""rmv_dv01"" a WHERE investment_strategy = 'Emerging Markets Fixed Income'
  ) ""custom_sql_query"" ON ((""custom_sql_query1"".""business_date__ben"" = ""custom_sql_query"".""business_date"") AND (""custom_sql_query1"".""Tenor"" = ""custom_sql_query"".""dv01_tenor"") AND (""custom_sql_query1"".""currency__benchmar"" = ""custom_sql_query"".""dv01_currency""))
  WHERE ((CAST(CAST(""custom_sql_query1"".""business_date__ben"" AS TIMESTAMP) AS DATE) = CAST('2025-06-10' AS DATE)) AND (CASE WHEN (""custom_sql_query1"".""hierarchy_node__be"" = 'IR_FSB_Benchmark') THEN false ELSE true END))
  GROUP BY ""custom_sql_query1"".""Tenor"",
    ""custom_sql_query1"".""business_date__ben"",
    ""custom_sql_query1"".""currency__benchmar"",
    ""custom_sql_query1"".""hierarchy_node__be""
) ""t0"" ON ((""custom_sql_query1"".""business_date__ben"" = ""t0"".""business_date__ben"") AND (""custom_sql_query1"".""Tenor"" = ""t0"".""tenor__custom_sql_"") AND (""custom_sql_query1"".""currency__benchmar"" = ""t0"".""currency__benchmar"") AND ((COALESCE(""custom_sql_query1"".""hierarchy_node__be"", '0') = COALESCE(""t0"".""hierarchy_node__be"", '0')) AND (COALESCE(""custom_sql_query1"".""hierarchy_node__be"", '1') = COALESCE(""t0"".""hierarchy_node__be"", '1'))))
WHERE ((CAST(CAST(""custom_sql_query1"".""business_date__ben"" AS TIMESTAMP) AS DATE) = CAST('2025-06-10' AS DATE)) AND (CASE WHEN (""custom_sql_query1"".""hierarchy_node__be"" = 'IR_FSB_Benchmark') THEN false ELSE true END))
HAVING (COUNT(1) > 0)"
b20f0881b0cec32f83b54ebc2241ad83adb32d15e5cbcfa889a37fd54e7f650d,"/* cppi::b20f0881b0cec32f83b54ebc2241ad83adb32d15e5cbcfa889a37fd54e7f650d */
select
benchmark_name,
hierarchy_type,
hierarchy_node,
business_date,
curve,
currency,
cast(element_at(dv01, 1) as decimal(22,6)) AS ""0/N"",
cast(element_at(dv01, 2) as decimal(22,6)) AS ""1W"",
cast(element_at(dv01, 3) as decimal(22,6)) AS ""1M"",
cast(element_at(dv01, 4) as decimal(22,6)) AS ""3M"",
cast(element_at(dv01, 5) as decimal(22,6)) AS ""6M"",
cast(element_at(dv01, 6) as decimal(22,6)) AS ""1Y"",
cast(element_at(dv01, 7) as decimal(22,6)) AS ""2Y"",
cast(element_at(dv01, 8) as decimal(22,6)) AS ""3Y"",
cast(element_at(dv01, 9) as decimal(22,6)) AS ""5Y"",
cast(element_at(dv01, 10) as decimal(22,6)) AS ""7Y"",
cast(element_at(dv01, 11) as decimal(22,6)) AS ""10Y"",
cast(element_at(dv01, 12) as decimal(22,6)) AS ""15Y"",
cast(element_at(dv01, 13) as decimal(22,6)) AS ""20Y"",
cast(element_at(dv01, 14) as decimal(22,6)) AS ""30Y""
from radar_reporting_prod.benchmark_analytic_active_risk_dv01
where benchmark_name = 'Reference Portfolio BCPP' and hierarchy_type = 'ACCOUNT' and hierarchy_node = 'BCPP' and business_date = '2025-06-10'   and run_id in
( select run_id from dag_runs where dag_id = 'active_risk_dag' and business_date = '2025-06-10' )"
b20f0881b0cec32f83b54ebc2241ad83adb32d15e5cbcfa889a37fd54e7f650d,"/* cppi::b20f0881b0cec32f83b54ebc2241ad83adb32d15e5cbcfa889a37fd54e7f650d */
select
benchmark_name,
hierarchy_type,
hierarchy_node,
business_date,
curve,
currency,
cast(element_at(dv01, 1) as decimal(22,6)) AS ""0/N"",
cast(element_at(dv01, 2) as decimal(22,6)) AS ""1W"",
cast(element_at(dv01, 3) as decimal(22,6)) AS ""1M"",
cast(element_at(dv01, 4) as decimal(22,6)) AS ""3M"",
cast(element_at(dv01, 5) as decimal(22,6)) AS ""6M"",
cast(element_at(dv01, 6) as decimal(22,6)) AS ""1Y"",
cast(element_at(dv01, 7) as decimal(22,6)) AS ""2Y"",
cast(element_at(dv01, 8) as decimal(22,6)) AS ""3Y"",
cast(element_at(dv01, 9) as decimal(22,6)) AS ""5Y"",
cast(element_at(dv01, 10) as decimal(22,6)) AS ""7Y"",
cast(element_at(dv01, 11) as decimal(22,6)) AS ""10Y"",
cast(element_at(dv01, 12) as decimal(22,6)) AS ""15Y"",
cast(element_at(dv01, 13) as decimal(22,6)) AS ""20Y"",
cast(element_at(dv01, 14) as decimal(22,6)) AS ""30Y""
from radar_reporting_prod.benchmark_analytic_active_risk_dv01
where benchmark_name = 'Reference Portfolio BCPP' and hierarchy_type = 'ACCOUNT' and hierarchy_node = 'BCPP' and business_date = '2025-06-10'   and run_id in
( select run_id from dag_runs where dag_id = 'active_risk_dag' and business_date = '2025-06-10' )"
7c16e2edea2cb0f4349e8f4a2600bb38bdc7c86fb4c6f174d9b32903636bde55,"/* cppi::7c16e2edea2cb0f4349e8f4a2600bb38bdc7c86fb4c6f174d9b32903636bde55 */
select
benchmark_name,
hierarchy_type,
hierarchy_node,
business_date,
node_name,
node_level,
hierarchy_level as node_hierarchy_level,
curve,
currency,
cast(element_at(cs01, 1) as decimal(22,6)) AS ""0/N"",
cast(element_at(cs01, 2) as decimal(22,6)) AS ""1W"",
cast(element_at(cs01, 3) as decimal(22,6)) AS ""1M"",
cast(element_at(cs01, 4) as decimal(22,6)) AS ""3M"",
cast(element_at(cs01, 5) as decimal(22,6)) AS ""6M"",
cast(element_at(cs01, 6) as decimal(22,6)) AS ""1Y"",
cast(element_at(cs01, 7) as decimal(22,6)) AS ""2Y"",
cast(element_at(cs01, 8) as decimal(22,6)) AS ""3Y"",
cast(element_at(cs01, 9) as decimal(22,6)) AS ""5Y"",
cast(element_at(cs01, 10) as decimal(22,6)) AS ""7Y"",
cast(element_at(cs01, 11) as decimal(22,6)) AS ""10Y"",
cast(element_at(cs01, 12) as decimal(22,6)) AS ""15Y"",
cast(element_at(cs01, 13) as decimal(22,6)) AS ""20Y"",
cast(element_at(cs01, 14) as decimal(22,6)) AS ""30Y""
from radar_reporting_prod.benchmark_analytic_cs01
where benchmark_name = 'fsc_em' and hierarchy_type = 'RISK' and hierarchy_node = 'CPPIB-ALL' and business_date = '2025-06-10'   and run_id in
( select run_id from dag_runs where dag_id = 'active_risk_dag' and business_date = '2025-06-10' )"
7c16e2edea2cb0f4349e8f4a2600bb38bdc7c86fb4c6f174d9b32903636bde55,"/* cppi::7c16e2edea2cb0f4349e8f4a2600bb38bdc7c86fb4c6f174d9b32903636bde55 */
select
benchmark_name,
hierarchy_type,
hierarchy_node,
business_date,
node_name,
node_level,
hierarchy_level as node_hierarchy_level,
curve,
currency,
cast(element_at(cs01, 1) as decimal(22,6)) AS ""0/N"",
cast(element_at(cs01, 2) as decimal(22,6)) AS ""1W"",
cast(element_at(cs01, 3) as decimal(22,6)) AS ""1M"",
cast(element_at(cs01, 4) as decimal(22,6)) AS ""3M"",
cast(element_at(cs01, 5) as decimal(22,6)) AS ""6M"",
cast(element_at(cs01, 6) as decimal(22,6)) AS ""1Y"",
cast(element_at(cs01, 7) as decimal(22,6)) AS ""2Y"",
cast(element_at(cs01, 8) as decimal(22,6)) AS ""3Y"",
cast(element_at(cs01, 9) as decimal(22,6)) AS ""5Y"",
cast(element_at(cs01, 10) as decimal(22,6)) AS ""7Y"",
cast(element_at(cs01, 11) as decimal(22,6)) AS ""10Y"",
cast(element_at(cs01, 12) as decimal(22,6)) AS ""15Y"",
cast(element_at(cs01, 13) as decimal(22,6)) AS ""20Y"",
cast(element_at(cs01, 14) as decimal(22,6)) AS ""30Y""
from radar_reporting_prod.benchmark_analytic_cs01
where benchmark_name = 'fsc_em' and hierarchy_type = 'RISK' and hierarchy_node = 'CPPIB-ALL' and business_date = '2025-06-10'   and run_id in
( select run_id from dag_runs where dag_id = 'active_risk_dag' and business_date = '2025-06-10' )"
0800e655a55b9f62573dd3e8ffeee71aa3b85104fb686e0d4b0380086606eb97,"/* cppi::0800e655a55b9f62573dd3e8ffeee71aa3b85104fb686e0d4b0380086606eb97 */
select DIM_HIERARCHY_NODE_ID,NODE_NAME from DIM_HIERARCHY_NODE where NODE_LEVEL=6 and HIERARCHY_TYPE='RISK'  and chron_id='200000000533'"
ab85c724b93309dc4810af92c19d5ece3bec06e9195b0edff9da659825008323,"/* cppi::ab85c724b93309dc4810af92c19d5ece3bec06e9195b0edff9da659825008323 */
SELECT pricing_date, security_id as cppib_sec_id, daily_return
FROM market.cppib_market_equity_prices
WHERE pricing_date > DATE_ADD('year', -1, date'2022-06-27') and pricing_date <= date'2025-06-11'
AND pricing_date >= date'2022-04-01'
AND is_suspended_flag = 0 AND is_exchange_holiday = 0
and security_id in (597808, 22674284, 28159681, 184815, 13325, 201, 21414684, 4649, 10348, 1013, 9714, 596315, 20701511, 9959, 1449, 7095, 7754, 199, 173, 24327197, 23617645, 13186, 220136, 24908743, 23728831, 223501, 962, 2398, 13020, 13058, 213905, 22271192, 21975625, 206, 24618453, 13382, 204189, 19683378, 226454, 12829, 1038, 6599, 14547, 205548, 22143364, 21814613, 22220233, 2870351, 23466319, 2747339, 746, 2600, 1517, 12286, 23840952, 17265464, 159169, 19569889, 1090, 5324, 4756, 433, 9762, 4452, 231597, 1435, 583351, 26897996, 2947, 587963)"
775eaf117e2ed73183a47af183945f0583c27125ffc25e0936fa44f24d0567a1,"/* cppi::775eaf117e2ed73183a47af183945f0583c27125ffc25e0936fa44f24d0567a1 */
SELECT '' AS ""calculation_135783"",
  0 AS ""temp_calculation_2"",
  SUM(1) AS ""temp_calculation_1"",
  COUNT(1) AS ""x__alias__0""
FROM ""risk_prod"".""rmv_position"" ""rmv_position""
WHERE ((CAST('2025-06-10' AS DATE) = CAST(CAST(""rmv_position"".""business_date"" AS TIMESTAMP) AS DATE)) AND (""rmv_position"".""local_currency_iso_code"" = 'CNH') AND (""rmv_position"".""scd_model_portfolio"" = 'TFMFXCO'))
HAVING (COUNT(1) > 0)"
5bcc6559c91d08cedca2a4a1ba23fd4990876426397e50d2dbbb7957fea7bf88,"/* cppi::5bcc6559c91d08cedca2a4a1ba23fd4990876426397e50d2dbbb7957fea7bf88 */
SELECT 'send' AS ""calculation_189770"",
  COUNT(1) AS ""x__alias__0""
FROM ""risk_prod"".""rmv_analytics"" ""rmv_analytics""
WHERE (""rmv_analytics"".""analytic_name"" IN ('1 Year VaR', '1 Year Volatility', '10 Year EDR', '10 Year Expected Shortfall', '10 Year VaR', '10 Year Volatility', '12 Year EDR', '12 Year Expected Shortfall', '12 Year VaR', '12 Year Volatility', '5 Year EDR', '5 Year Expected Shortfall', '5 Year VaR', '5 Year Volatility', 'ASIAN_CRISIS', 'CS01', 'DV01', 'EQUITY_RALLY', 'EQUITY_SELL_OFF', 'FXREP_EXPOSURE_CURRENCY', 'GULF_WAR_2', 'PV', 'SOURCE_SYSTEM_PV', 'TECH_WRECK'))
HAVING (COUNT(1) > 0)"
14bccac740ee9bdfe09859c57ba3f096b514f12605a5ea76377722b379364b4f,"/* cppi::14bccac740ee9bdfe09859c57ba3f096b514f12605a5ea76377722b379364b4f */
SELECT ""Custom_SQL_Query"".""ANALYTIC_NAME"" AS ""ANALYTIC_NAME"",
  ""Custom_SQL_Query"".""ANALYTIC_TYPE"" AS ""ANALYTIC_TYPE"",
  ""Custom_SQL_Query"".""BUSINESS_DATE"" AS ""BUSINESS_DATE"",
  ""Custom_SQL_Query"".""CALC_DIM_TYPE"" AS ""CALC_DIM_TYPE"",
  ""Custom_SQL_Query"".""CANONICAL_SOURCE"" AS ""CANONICAL_SOURCE"",
  ""Custom_SQL_Query"".""CHRON_ID"" AS ""CHRON_ID"",
  ""Custom_SQL_Query"".""FINAL_VALUE"" AS ""FINAL_VALUE"",
  ""Custom_SQL_Query"".""INITIAL_VALUE"" AS ""INITIAL_VALUE"",
  ""Custom_SQL_Query"".""INVESTMENT_DEPT"" AS ""INVESTMENT_DEPT"",
  ""Custom_SQL_Query"".""INVESTMENT_STRAT"" AS ""INVESTMENT_STRAT"",
  ""Custom_SQL_Query"".""ISO_CURRENCY_CODE"" AS ""ISO_CURRENCY_CODE"",
  ""Custom_SQL_Query"".""METHODOLOGY"" AS ""METHODOLOGY"",
  ""Custom_SQL_Query"".""MODEL_PORTFOLIO"" AS ""MODEL_PORTFOLIO"",
  ""Custom_SQL_Query"".""NODE_LEVEL"" AS ""NODE_LEVEL"",
  ""Custom_SQL_Query"".""NODE_NAME"" AS ""NODE_NAME"",
  ""Custom_SQL_Query"".""OVERRIDE_SOURCE"" AS ""OVERRIDE_SOURCE"",
  ""Custom_SQL_Query"".""OVERRIDE_VALUE"" AS ""OVERRIDE_VALUE"",
  ""Custom_SQL_Query"".""POOL"" AS ""POOL"",
  ""Custom_SQL_Query"".""PORTFOLIO_TYPE"" AS ""PORTFOLIO_TYPE"",
  ""Custom_SQL_Query"".""PROGRAM"" AS ""PROGRAM"",
  ""Custom_SQL_Query"".""RUN_BUSINESS_DATE"" AS ""RUN_BUSINESS_DATE"",
  ""Custom_SQL_Query"".""SCALING_TYPE"" AS ""SCALING_TYPE"",
  ""Custom_SQL_Query"".""SOURCE_BUSINESS_DATE"" AS ""SOURCE_BUSINESS_DATE"",
  ""Custom_SQL_Query"".""SUB_PROGRAM"" AS ""SUB_PROGRAM""
FROM (
  SELECT 
    ""FACT_ANALYTIC_MD_FXEXP"".""ANALYTIC_NAME"" AS ""ANALYTIC_NAME"",
    ""FACT_ANALYTIC_MD_FXEXP"".""ANALYTIC_TYPE"" AS ""ANALYTIC_TYPE"",
    ""DIM_CALC_CURRENCY"".""CALC_DIM_TYPE"" AS ""CALC_DIM_TYPE"",
    ""DIM_CHRON"".""CANONICAL_SOURCE"" AS ""CANONICAL_SOURCE"",
    ""FACT_ANALYTIC_MD_FXEXP"".""CHRON_ID"" AS ""CHRON_ID"",
    ""FACT_ANALYTIC_MD_FXEXP"".""BUSINESS_DATE"" AS ""BUSINESS_DATE"",
    ""FACT_ANALYTIC_MD_FXEXP"".""FINAL_VALUE"" AS ""FINAL_VALUE"",
    ""FACT_ANALYTIC_MD_FXEXP"".""INITIAL_VALUE"" AS ""INITIAL_VALUE"",
    ""MV_DIM_HIERARCHY_NODE_POOL"".""INVESTMENT_DEPT"" AS ""INVESTMENT_DEPT"",
    ""MV_DIM_HIERARCHY_NODE_POOL"".""INVESTMENT_STRAT"" AS ""INVESTMENT_STRAT"",
    ""DIM_CALC_CURRENCY"".""ISO_CURRENCY_CODE"" AS ""ISO_CURRENCY_CODE"",
    ""FACT_ANALYTIC_MD_FXEXP"".""METHODOLOGY"" AS ""METHODOLOGY"",
    ""MV_DIM_HIERARCHY_NODE_POOL"".""MODEL_PORTFOLIO"" AS ""MODEL_PORTFOLIO"",
    ""MV_DIM_HIERARCHY_NODE_POOL"".""NODE_LEVEL"" AS ""NODE_LEVEL"",
    ""MV_DIM_HIERARCHY_NODE_POOL"".""NODE_NAME"" AS ""NODE_NAME"",
    ""FACT_ANALYTIC_MD_FXEXP"".""OVERRIDE_SOURCE"" AS ""OVERRIDE_SOURCE"",
    ""FACT_ANALYTIC_MD_FXEXP"".""OVERRIDE_VALUE"" AS ""OVERRIDE_VALUE"",
    ""MV_DIM_HIERARCHY_NODE_POOL"".""POOL"" AS ""POOL"",
    ""FACT_ANALYTIC_MD_FXEXP"".""PORTFOLIO_TYPE"" AS ""PORTFOLIO_TYPE"",
    ""MV_DIM_HIERARCHY_NODE_POOL"".""PROGRAM"" AS ""PROGRAM"",
    ""DIM_CHRON"".""RUN_BUSINESS_DATE"" AS ""RUN_BUSINESS_DATE"",
    ""FACT_ANALYTIC_MD_FXEXP"".""SCALING_TYPE"" AS ""SCALING_TYPE"",
    ""DIM_CHRON"".""SOURCE_BUSINESS_DATE"" AS ""SOURCE_BUSINESS_DATE"",
    ""MV_DIM_HIERARCHY_NODE_POOL"".""SUB_PROGRAM"" AS ""SUB_PROGRAM""
  FROM ""RISK_PROD"".""FACT_ANALYTIC_MD_FXEXP"" ""FACT_ANALYTIC_MD_FXEXP""
    INNER JOIN ""RISK_PROD"".""DIM_CALC_CURRENCY"" ""DIM_CALC_CURRENCY"" ON ((""FACT_ANALYTIC_MD_FXEXP"".""BUSINESS_DATE"" = ""DIM_CALC_CURRENCY"".""BUSINESS_DATE"") AND (""FACT_ANALYTIC_MD_FXEXP"".""DIM_CALC_CURRENCY_ID"" = ""DIM_CALC_CURRENCY"".""DIM_CALC_CURRENCY_ID""))
    INNER JOIN ""RISK_PROD"".""DIM_CHRON"" ""DIM_CHRON"" ON (""FACT_ANALYTIC_MD_FXEXP"".""BUSINESS_DATE"" = ""DIM_CHRON"".""BUSINESS_DATE"")
    INNER JOIN ""radar_reporting_prod"".""MV_DIM_HIERARCHY_NODE_POOL"" ""MV_DIM_HIERARCHY_NODE_POOL"" ON ((""FACT_ANALYTIC_MD_FXEXP"".""BUSINESS_DATE"" = ""MV_DIM_HIERARCHY_NODE_POOL"".""BUSINESS_DATE"") AND (""FACT_ANALYTIC_MD_FXEXP"".""DIM_HIERARCHY_NODE_ID"" = ""MV_DIM_HIERARCHY_NODE_POOL"".""DIM_HIERARCHY_NODE_ID""))
) ""Custom_SQL_Query""
WHERE ((""Custom_SQL_Query"".""ANALYTIC_TYPE"" = 'FXREP_EXPOSURE_CURRENCY') AND (NOT (""Custom_SQL_Query"".""CANONICAL_SOURCE"" IS NULL)) AND (""Custom_SQL_Query"".""NODE_LEVEL"" >= 1) AND (""Custom_SQL_Query"".""NODE_LEVEL"" <= 4) AND (NOT (""Custom_SQL_Query"".""PORTFOLIO_TYPE"" IS NULL)) AND (NOT (""Custom_SQL_Query"".""SCALING_TYPE"" IS NULL)) AND (""Custom_SQL_Query"".""RUN_BUSINESS_DATE"" > DATE '2025-06-10') AND (CAST(""Custom_SQL_Query"".""SOURCE_BUSINESS_DATE"" AS TIMESTAMP) >= TIMESTAMP '2025-01-01 00:00:00') AND (CAST(""Custom_SQL_Query"".""SOURCE_BUSINESS_DATE"" AS TIMESTAMP) < TIMESTAMP '2025-07-01 00:00:00'))"
14bccac740ee9bdfe09859c57ba3f096b514f12605a5ea76377722b379364b4f,"/* cppi::14bccac740ee9bdfe09859c57ba3f096b514f12605a5ea76377722b379364b4f */
SELECT ""Custom_SQL_Query"".""ANALYTIC_NAME"" AS ""ANALYTIC_NAME"",
  ""Custom_SQL_Query"".""ANALYTIC_TYPE"" AS ""ANALYTIC_TYPE"",
  ""Custom_SQL_Query"".""BUSINESS_DATE"" AS ""BUSINESS_DATE"",
  ""Custom_SQL_Query"".""CALC_DIM_TYPE"" AS ""CALC_DIM_TYPE"",
  ""Custom_SQL_Query"".""CANONICAL_SOURCE"" AS ""CANONICAL_SOURCE"",
  ""Custom_SQL_Query"".""CHRON_ID"" AS ""CHRON_ID"",
  ""Custom_SQL_Query"".""FINAL_VALUE"" AS ""FINAL_VALUE"",
  ""Custom_SQL_Query"".""INITIAL_VALUE"" AS ""INITIAL_VALUE"",
  ""Custom_SQL_Query"".""INVESTMENT_DEPT"" AS ""INVESTMENT_DEPT"",
  ""Custom_SQL_Query"".""INVESTMENT_STRAT"" AS ""INVESTMENT_STRAT"",
  ""Custom_SQL_Query"".""ISO_CURRENCY_CODE"" AS ""ISO_CURRENCY_CODE"",
  ""Custom_SQL_Query"".""METHODOLOGY"" AS ""METHODOLOGY"",
  ""Custom_SQL_Query"".""MODEL_PORTFOLIO"" AS ""MODEL_PORTFOLIO"",
  ""Custom_SQL_Query"".""NODE_LEVEL"" AS ""NODE_LEVEL"",
  ""Custom_SQL_Query"".""NODE_NAME"" AS ""NODE_NAME"",
  ""Custom_SQL_Query"".""OVERRIDE_SOURCE"" AS ""OVERRIDE_SOURCE"",
  ""Custom_SQL_Query"".""OVERRIDE_VALUE"" AS ""OVERRIDE_VALUE"",
  ""Custom_SQL_Query"".""POOL"" AS ""POOL"",
  ""Custom_SQL_Query"".""PORTFOLIO_TYPE"" AS ""PORTFOLIO_TYPE"",
  ""Custom_SQL_Query"".""PROGRAM"" AS ""PROGRAM"",
  ""Custom_SQL_Query"".""RUN_BUSINESS_DATE"" AS ""RUN_BUSINESS_DATE"",
  ""Custom_SQL_Query"".""SCALING_TYPE"" AS ""SCALING_TYPE"",
  ""Custom_SQL_Query"".""SOURCE_BUSINESS_DATE"" AS ""SOURCE_BUSINESS_DATE"",
  ""Custom_SQL_Query"".""SUB_PROGRAM"" AS ""SUB_PROGRAM""
FROM (
  SELECT 
    ""FACT_ANALYTIC_MD_FXEXP"".""ANALYTIC_NAME"" AS ""ANALYTIC_NAME"",
    ""FACT_ANALYTIC_MD_FXEXP"".""ANALYTIC_TYPE"" AS ""ANALYTIC_TYPE"",
    ""DIM_CALC_CURRENCY"".""CALC_DIM_TYPE"" AS ""CALC_DIM_TYPE"",
    ""DIM_CHRON"".""CANONICAL_SOURCE"" AS ""CANONICAL_SOURCE"",
    ""FACT_ANALYTIC_MD_FXEXP"".""CHRON_ID"" AS ""CHRON_ID"",
    ""FACT_ANALYTIC_MD_FXEXP"".""BUSINESS_DATE"" AS ""BUSINESS_DATE"",
    ""FACT_ANALYTIC_MD_FXEXP"".""FINAL_VALUE"" AS ""FINAL_VALUE"",
    ""FACT_ANALYTIC_MD_FXEXP"".""INITIAL_VALUE"" AS ""INITIAL_VALUE"",
    ""MV_DIM_HIERARCHY_NODE_POOL"".""INVESTMENT_DEPT"" AS ""INVESTMENT_DEPT"",
    ""MV_DIM_HIERARCHY_NODE_POOL"".""INVESTMENT_STRAT"" AS ""INVESTMENT_STRAT"",
    ""DIM_CALC_CURRENCY"".""ISO_CURRENCY_CODE"" AS ""ISO_CURRENCY_CODE"",
    ""FACT_ANALYTIC_MD_FXEXP"".""METHODOLOGY"" AS ""METHODOLOGY"",
    ""MV_DIM_HIERARCHY_NODE_POOL"".""MODEL_PORTFOLIO"" AS ""MODEL_PORTFOLIO"",
    ""MV_DIM_HIERARCHY_NODE_POOL"".""NODE_LEVEL"" AS ""NODE_LEVEL"",
    ""MV_DIM_HIERARCHY_NODE_POOL"".""NODE_NAME"" AS ""NODE_NAME"",
    ""FACT_ANALYTIC_MD_FXEXP"".""OVERRIDE_SOURCE"" AS ""OVERRIDE_SOURCE"",
    ""FACT_ANALYTIC_MD_FXEXP"".""OVERRIDE_VALUE"" AS ""OVERRIDE_VALUE"",
    ""MV_DIM_HIERARCHY_NODE_POOL"".""POOL"" AS ""POOL"",
    ""FACT_ANALYTIC_MD_FXEXP"".""PORTFOLIO_TYPE"" AS ""PORTFOLIO_TYPE"",
    ""MV_DIM_HIERARCHY_NODE_POOL"".""PROGRAM"" AS ""PROGRAM"",
    ""DIM_CHRON"".""RUN_BUSINESS_DATE"" AS ""RUN_BUSINESS_DATE"",
    ""FACT_ANALYTIC_MD_FXEXP"".""SCALING_TYPE"" AS ""SCALING_TYPE"",
    ""DIM_CHRON"".""SOURCE_BUSINESS_DATE"" AS ""SOURCE_BUSINESS_DATE"",
    ""MV_DIM_HIERARCHY_NODE_POOL"".""SUB_PROGRAM"" AS ""SUB_PROGRAM""
  FROM ""RISK_PROD"".""FACT_ANALYTIC_MD_FXEXP"" ""FACT_ANALYTIC_MD_FXEXP""
    INNER JOIN ""RISK_PROD"".""DIM_CALC_CURRENCY"" ""DIM_CALC_CURRENCY"" ON ((""FACT_ANALYTIC_MD_FXEXP"".""BUSINESS_DATE"" = ""DIM_CALC_CURRENCY"".""BUSINESS_DATE"") AND (""FACT_ANALYTIC_MD_FXEXP"".""DIM_CALC_CURRENCY_ID"" = ""DIM_CALC_CURRENCY"".""DIM_CALC_CURRENCY_ID""))
    INNER JOIN ""RISK_PROD"".""DIM_CHRON"" ""DIM_CHRON"" ON (""FACT_ANALYTIC_MD_FXEXP"".""BUSINESS_DATE"" = ""DIM_CHRON"".""BUSINESS_DATE"")
    INNER JOIN ""radar_reporting_prod"".""MV_DIM_HIERARCHY_NODE_POOL"" ""MV_DIM_HIERARCHY_NODE_POOL"" ON ((""FACT_ANALYTIC_MD_FXEXP"".""BUSINESS_DATE"" = ""MV_DIM_HIERARCHY_NODE_POOL"".""BUSINESS_DATE"") AND (""FACT_ANALYTIC_MD_FXEXP"".""DIM_HIERARCHY_NODE_ID"" = ""MV_DIM_HIERARCHY_NODE_POOL"".""DIM_HIERARCHY_NODE_ID""))
) ""Custom_SQL_Query""
WHERE ((""Custom_SQL_Query"".""ANALYTIC_TYPE"" = 'FXREP_EXPOSURE_CURRENCY') AND (NOT (""Custom_SQL_Query"".""CANONICAL_SOURCE"" IS NULL)) AND (""Custom_SQL_Query"".""NODE_LEVEL"" >= 1) AND (""Custom_SQL_Query"".""NODE_LEVEL"" <= 4) AND (NOT (""Custom_SQL_Query"".""PORTFOLIO_TYPE"" IS NULL)) AND (NOT (""Custom_SQL_Query"".""SCALING_TYPE"" IS NULL)) AND (""Custom_SQL_Query"".""RUN_BUSINESS_DATE"" > DATE '2025-06-10') AND (CAST(""Custom_SQL_Query"".""SOURCE_BUSINESS_DATE"" AS TIMESTAMP) >= TIMESTAMP '2025-01-01 00:00:00') AND (CAST(""Custom_SQL_Query"".""SOURCE_BUSINESS_DATE"" AS TIMESTAMP) < TIMESTAMP '2025-07-01 00:00:00'))"
14bccac740ee9bdfe09859c57ba3f096b514f12605a5ea76377722b379364b4f,"/* cppi::14bccac740ee9bdfe09859c57ba3f096b514f12605a5ea76377722b379364b4f */
SELECT ""Custom_SQL_Query"".""ANALYTIC_NAME"" AS ""ANALYTIC_NAME"",
  ""Custom_SQL_Query"".""ANALYTIC_TYPE"" AS ""ANALYTIC_TYPE"",
  ""Custom_SQL_Query"".""BUSINESS_DATE"" AS ""BUSINESS_DATE"",
  ""Custom_SQL_Query"".""CALC_DIM_TYPE"" AS ""CALC_DIM_TYPE"",
  ""Custom_SQL_Query"".""CANONICAL_SOURCE"" AS ""CANONICAL_SOURCE"",
  ""Custom_SQL_Query"".""CHRON_ID"" AS ""CHRON_ID"",
  ""Custom_SQL_Query"".""FINAL_VALUE"" AS ""FINAL_VALUE"",
  ""Custom_SQL_Query"".""INITIAL_VALUE"" AS ""INITIAL_VALUE"",
  ""Custom_SQL_Query"".""INVESTMENT_DEPT"" AS ""INVESTMENT_DEPT"",
  ""Custom_SQL_Query"".""INVESTMENT_STRAT"" AS ""INVESTMENT_STRAT"",
  ""Custom_SQL_Query"".""ISO_CURRENCY_CODE"" AS ""ISO_CURRENCY_CODE"",
  ""Custom_SQL_Query"".""METHODOLOGY"" AS ""METHODOLOGY"",
  ""Custom_SQL_Query"".""MODEL_PORTFOLIO"" AS ""MODEL_PORTFOLIO"",
  ""Custom_SQL_Query"".""NODE_LEVEL"" AS ""NODE_LEVEL"",
  ""Custom_SQL_Query"".""NODE_NAME"" AS ""NODE_NAME"",
  ""Custom_SQL_Query"".""OVERRIDE_SOURCE"" AS ""OVERRIDE_SOURCE"",
  ""Custom_SQL_Query"".""OVERRIDE_VALUE"" AS ""OVERRIDE_VALUE"",
  ""Custom_SQL_Query"".""POOL"" AS ""POOL"",
  ""Custom_SQL_Query"".""PORTFOLIO_TYPE"" AS ""PORTFOLIO_TYPE"",
  ""Custom_SQL_Query"".""PROGRAM"" AS ""PROGRAM"",
  ""Custom_SQL_Query"".""RUN_BUSINESS_DATE"" AS ""RUN_BUSINESS_DATE"",
  ""Custom_SQL_Query"".""SCALING_TYPE"" AS ""SCALING_TYPE"",
  ""Custom_SQL_Query"".""SOURCE_BUSINESS_DATE"" AS ""SOURCE_BUSINESS_DATE"",
  ""Custom_SQL_Query"".""SUB_PROGRAM"" AS ""SUB_PROGRAM""
FROM (
  SELECT 
    ""FACT_ANALYTIC_MD_FXEXP"".""ANALYTIC_NAME"" AS ""ANALYTIC_NAME"",
    ""FACT_ANALYTIC_MD_FXEXP"".""ANALYTIC_TYPE"" AS ""ANALYTIC_TYPE"",
    ""DIM_CALC_CURRENCY"".""CALC_DIM_TYPE"" AS ""CALC_DIM_TYPE"",
    ""DIM_CHRON"".""CANONICAL_SOURCE"" AS ""CANONICAL_SOURCE"",
    ""FACT_ANALYTIC_MD_FXEXP"".""CHRON_ID"" AS ""CHRON_ID"",
    ""FACT_ANALYTIC_MD_FXEXP"".""BUSINESS_DATE"" AS ""BUSINESS_DATE"",
    ""FACT_ANALYTIC_MD_FXEXP"".""FINAL_VALUE"" AS ""FINAL_VALUE"",
    ""FACT_ANALYTIC_MD_FXEXP"".""INITIAL_VALUE"" AS ""INITIAL_VALUE"",
    ""MV_DIM_HIERARCHY_NODE_POOL"".""INVESTMENT_DEPT"" AS ""INVESTMENT_DEPT"",
    ""MV_DIM_HIERARCHY_NODE_POOL"".""INVESTMENT_STRAT"" AS ""INVESTMENT_STRAT"",
    ""DIM_CALC_CURRENCY"".""ISO_CURRENCY_CODE"" AS ""ISO_CURRENCY_CODE"",
    ""FACT_ANALYTIC_MD_FXEXP"".""METHODOLOGY"" AS ""METHODOLOGY"",
    ""MV_DIM_HIERARCHY_NODE_POOL"".""MODEL_PORTFOLIO"" AS ""MODEL_PORTFOLIO"",
    ""MV_DIM_HIERARCHY_NODE_POOL"".""NODE_LEVEL"" AS ""NODE_LEVEL"",
    ""MV_DIM_HIERARCHY_NODE_POOL"".""NODE_NAME"" AS ""NODE_NAME"",
    ""FACT_ANALYTIC_MD_FXEXP"".""OVERRIDE_SOURCE"" AS ""OVERRIDE_SOURCE"",
    ""FACT_ANALYTIC_MD_FXEXP"".""OVERRIDE_VALUE"" AS ""OVERRIDE_VALUE"",
    ""MV_DIM_HIERARCHY_NODE_POOL"".""POOL"" AS ""POOL"",
    ""FACT_ANALYTIC_MD_FXEXP"".""PORTFOLIO_TYPE"" AS ""PORTFOLIO_TYPE"",
    ""MV_DIM_HIERARCHY_NODE_POOL"".""PROGRAM"" AS ""PROGRAM"",
    ""DIM_CHRON"".""RUN_BUSINESS_DATE"" AS ""RUN_BUSINESS_DATE"",
    ""FACT_ANALYTIC_MD_FXEXP"".""SCALING_TYPE"" AS ""SCALING_TYPE"",
    ""DIM_CHRON"".""SOURCE_BUSINESS_DATE"" AS ""SOURCE_BUSINESS_DATE"",
    ""MV_DIM_HIERARCHY_NODE_POOL"".""SUB_PROGRAM"" AS ""SUB_PROGRAM""
  FROM ""RISK_PROD"".""FACT_ANALYTIC_MD_FXEXP"" ""FACT_ANALYTIC_MD_FXEXP""
    INNER JOIN ""RISK_PROD"".""DIM_CALC_CURRENCY"" ""DIM_CALC_CURRENCY"" ON ((""FACT_ANALYTIC_MD_FXEXP"".""BUSINESS_DATE"" = ""DIM_CALC_CURRENCY"".""BUSINESS_DATE"") AND (""FACT_ANALYTIC_MD_FXEXP"".""DIM_CALC_CURRENCY_ID"" = ""DIM_CALC_CURRENCY"".""DIM_CALC_CURRENCY_ID""))
    INNER JOIN ""RISK_PROD"".""DIM_CHRON"" ""DIM_CHRON"" ON (""FACT_ANALYTIC_MD_FXEXP"".""BUSINESS_DATE"" = ""DIM_CHRON"".""BUSINESS_DATE"")
    INNER JOIN ""radar_reporting_prod"".""MV_DIM_HIERARCHY_NODE_POOL"" ""MV_DIM_HIERARCHY_NODE_POOL"" ON ((""FACT_ANALYTIC_MD_FXEXP"".""BUSINESS_DATE"" = ""MV_DIM_HIERARCHY_NODE_POOL"".""BUSINESS_DATE"") AND (""FACT_ANALYTIC_MD_FXEXP"".""DIM_HIERARCHY_NODE_ID"" = ""MV_DIM_HIERARCHY_NODE_POOL"".""DIM_HIERARCHY_NODE_ID""))
) ""Custom_SQL_Query""
WHERE ((""Custom_SQL_Query"".""ANALYTIC_TYPE"" = 'FXREP_EXPOSURE_CURRENCY') AND (NOT (""Custom_SQL_Query"".""CANONICAL_SOURCE"" IS NULL)) AND (""Custom_SQL_Query"".""NODE_LEVEL"" >= 1) AND (""Custom_SQL_Query"".""NODE_LEVEL"" <= 4) AND (NOT (""Custom_SQL_Query"".""PORTFOLIO_TYPE"" IS NULL)) AND (NOT (""Custom_SQL_Query"".""SCALING_TYPE"" IS NULL)) AND (""Custom_SQL_Query"".""RUN_BUSINESS_DATE"" > DATE '2025-06-10') AND (CAST(""Custom_SQL_Query"".""SOURCE_BUSINESS_DATE"" AS TIMESTAMP) >= TIMESTAMP '2025-01-01 00:00:00') AND (CAST(""Custom_SQL_Query"".""SOURCE_BUSINESS_DATE"" AS TIMESTAMP) < TIMESTAMP '2025-07-01 00:00:00'))"
14bccac740ee9bdfe09859c57ba3f096b514f12605a5ea76377722b379364b4f,"/* cppi::14bccac740ee9bdfe09859c57ba3f096b514f12605a5ea76377722b379364b4f */
SELECT ""Custom_SQL_Query"".""ANALYTIC_NAME"" AS ""ANALYTIC_NAME"",
  ""Custom_SQL_Query"".""ANALYTIC_TYPE"" AS ""ANALYTIC_TYPE"",
  ""Custom_SQL_Query"".""BUSINESS_DATE"" AS ""BUSINESS_DATE"",
  ""Custom_SQL_Query"".""CALC_DIM_TYPE"" AS ""CALC_DIM_TYPE"",
  ""Custom_SQL_Query"".""CANONICAL_SOURCE"" AS ""CANONICAL_SOURCE"",
  ""Custom_SQL_Query"".""CHRON_ID"" AS ""CHRON_ID"",
  ""Custom_SQL_Query"".""FINAL_VALUE"" AS ""FINAL_VALUE"",
  ""Custom_SQL_Query"".""INITIAL_VALUE"" AS ""INITIAL_VALUE"",
  ""Custom_SQL_Query"".""INVESTMENT_DEPT"" AS ""INVESTMENT_DEPT"",
  ""Custom_SQL_Query"".""INVESTMENT_STRAT"" AS ""INVESTMENT_STRAT"",
  ""Custom_SQL_Query"".""ISO_CURRENCY_CODE"" AS ""ISO_CURRENCY_CODE"",
  ""Custom_SQL_Query"".""METHODOLOGY"" AS ""METHODOLOGY"",
  ""Custom_SQL_Query"".""MODEL_PORTFOLIO"" AS ""MODEL_PORTFOLIO"",
  ""Custom_SQL_Query"".""NODE_LEVEL"" AS ""NODE_LEVEL"",
  ""Custom_SQL_Query"".""NODE_NAME"" AS ""NODE_NAME"",
  ""Custom_SQL_Query"".""OVERRIDE_SOURCE"" AS ""OVERRIDE_SOURCE"",
  ""Custom_SQL_Query"".""OVERRIDE_VALUE"" AS ""OVERRIDE_VALUE"",
  ""Custom_SQL_Query"".""POOL"" AS ""POOL"",
  ""Custom_SQL_Query"".""PORTFOLIO_TYPE"" AS ""PORTFOLIO_TYPE"",
  ""Custom_SQL_Query"".""PROGRAM"" AS ""PROGRAM"",
  ""Custom_SQL_Query"".""RUN_BUSINESS_DATE"" AS ""RUN_BUSINESS_DATE"",
  ""Custom_SQL_Query"".""SCALING_TYPE"" AS ""SCALING_TYPE"",
  ""Custom_SQL_Query"".""SOURCE_BUSINESS_DATE"" AS ""SOURCE_BUSINESS_DATE"",
  ""Custom_SQL_Query"".""SUB_PROGRAM"" AS ""SUB_PROGRAM""
FROM (
  SELECT 
    ""FACT_ANALYTIC_MD_FXEXP"".""ANALYTIC_NAME"" AS ""ANALYTIC_NAME"",
    ""FACT_ANALYTIC_MD_FXEXP"".""ANALYTIC_TYPE"" AS ""ANALYTIC_TYPE"",
    ""DIM_CALC_CURRENCY"".""CALC_DIM_TYPE"" AS ""CALC_DIM_TYPE"",
    ""DIM_CHRON"".""CANONICAL_SOURCE"" AS ""CANONICAL_SOURCE"",
    ""FACT_ANALYTIC_MD_FXEXP"".""CHRON_ID"" AS ""CHRON_ID"",
    ""FACT_ANALYTIC_MD_FXEXP"".""BUSINESS_DATE"" AS ""BUSINESS_DATE"",
    ""FACT_ANALYTIC_MD_FXEXP"".""FINAL_VALUE"" AS ""FINAL_VALUE"",
    ""FACT_ANALYTIC_MD_FXEXP"".""INITIAL_VALUE"" AS ""INITIAL_VALUE"",
    ""MV_DIM_HIERARCHY_NODE_POOL"".""INVESTMENT_DEPT"" AS ""INVESTMENT_DEPT"",
    ""MV_DIM_HIERARCHY_NODE_POOL"".""INVESTMENT_STRAT"" AS ""INVESTMENT_STRAT"",
    ""DIM_CALC_CURRENCY"".""ISO_CURRENCY_CODE"" AS ""ISO_CURRENCY_CODE"",
    ""FACT_ANALYTIC_MD_FXEXP"".""METHODOLOGY"" AS ""METHODOLOGY"",
    ""MV_DIM_HIERARCHY_NODE_POOL"".""MODEL_PORTFOLIO"" AS ""MODEL_PORTFOLIO"",
    ""MV_DIM_HIERARCHY_NODE_POOL"".""NODE_LEVEL"" AS ""NODE_LEVEL"",
    ""MV_DIM_HIERARCHY_NODE_POOL"".""NODE_NAME"" AS ""NODE_NAME"",
    ""FACT_ANALYTIC_MD_FXEXP"".""OVERRIDE_SOURCE"" AS ""OVERRIDE_SOURCE"",
    ""FACT_ANALYTIC_MD_FXEXP"".""OVERRIDE_VALUE"" AS ""OVERRIDE_VALUE"",
    ""MV_DIM_HIERARCHY_NODE_POOL"".""POOL"" AS ""POOL"",
    ""FACT_ANALYTIC_MD_FXEXP"".""PORTFOLIO_TYPE"" AS ""PORTFOLIO_TYPE"",
    ""MV_DIM_HIERARCHY_NODE_POOL"".""PROGRAM"" AS ""PROGRAM"",
    ""DIM_CHRON"".""RUN_BUSINESS_DATE"" AS ""RUN_BUSINESS_DATE"",
    ""FACT_ANALYTIC_MD_FXEXP"".""SCALING_TYPE"" AS ""SCALING_TYPE"",
    ""DIM_CHRON"".""SOURCE_BUSINESS_DATE"" AS ""SOURCE_BUSINESS_DATE"",
    ""MV_DIM_HIERARCHY_NODE_POOL"".""SUB_PROGRAM"" AS ""SUB_PROGRAM""
  FROM ""RISK_PROD"".""FACT_ANALYTIC_MD_FXEXP"" ""FACT_ANALYTIC_MD_FXEXP""
    INNER JOIN ""RISK_PROD"".""DIM_CALC_CURRENCY"" ""DIM_CALC_CURRENCY"" ON ((""FACT_ANALYTIC_MD_FXEXP"".""BUSINESS_DATE"" = ""DIM_CALC_CURRENCY"".""BUSINESS_DATE"") AND (""FACT_ANALYTIC_MD_FXEXP"".""DIM_CALC_CURRENCY_ID"" = ""DIM_CALC_CURRENCY"".""DIM_CALC_CURRENCY_ID""))
    INNER JOIN ""RISK_PROD"".""DIM_CHRON"" ""DIM_CHRON"" ON (""FACT_ANALYTIC_MD_FXEXP"".""BUSINESS_DATE"" = ""DIM_CHRON"".""BUSINESS_DATE"")
    INNER JOIN ""radar_reporting_prod"".""MV_DIM_HIERARCHY_NODE_POOL"" ""MV_DIM_HIERARCHY_NODE_POOL"" ON ((""FACT_ANALYTIC_MD_FXEXP"".""BUSINESS_DATE"" = ""MV_DIM_HIERARCHY_NODE_POOL"".""BUSINESS_DATE"") AND (""FACT_ANALYTIC_MD_FXEXP"".""DIM_HIERARCHY_NODE_ID"" = ""MV_DIM_HIERARCHY_NODE_POOL"".""DIM_HIERARCHY_NODE_ID""))
) ""Custom_SQL_Query""
WHERE ((""Custom_SQL_Query"".""ANALYTIC_TYPE"" = 'FXREP_EXPOSURE_CURRENCY') AND (NOT (""Custom_SQL_Query"".""CANONICAL_SOURCE"" IS NULL)) AND (""Custom_SQL_Query"".""NODE_LEVEL"" >= 1) AND (""Custom_SQL_Query"".""NODE_LEVEL"" <= 4) AND (NOT (""Custom_SQL_Query"".""PORTFOLIO_TYPE"" IS NULL)) AND (NOT (""Custom_SQL_Query"".""SCALING_TYPE"" IS NULL)) AND (""Custom_SQL_Query"".""RUN_BUSINESS_DATE"" > DATE '2025-06-10') AND (CAST(""Custom_SQL_Query"".""SOURCE_BUSINESS_DATE"" AS TIMESTAMP) >= TIMESTAMP '2025-01-01 00:00:00') AND (CAST(""Custom_SQL_Query"".""SOURCE_BUSINESS_DATE"" AS TIMESTAMP) < TIMESTAMP '2025-07-01 00:00:00'))"
4e8e80ceb60a27500acedd742988b6afbfac1d4f1d9b2b60cdc01ebdf14f08b3,"/* cppi::4e8e80ceb60a27500acedd742988b6afbfac1d4f1d9b2b60cdc01ebdf14f08b3 */
SELECT * FROM ""market"".""bloomberg_bps_price_index_latest"" WHERE UPPER(ticker) = 'MOASGNSF INDEX' AND business_date >= to_date('2024-06-11', 'yyyy-mm-dd') AND business_date < to_date('2025-06-11', 'yyyy-mm-dd')"
2c618b9461b087c6e0b17584c8f1e45e62e408b1e32f89383af2c1abe5173221,"/* cppi::2c618b9461b087c6e0b17584c8f1e45e62e408b1e32f89383af2c1abe5173221 */
SELECT * FROM ""market"".""bloomberg_bps_price_index_latest"" WHERE UPPER(ticker) = 'M2TH INDEX' AND business_date >= to_date('2024-06-11', 'yyyy-mm-dd') AND business_date < to_date('2025-06-11', 'yyyy-mm-dd')"
edc046f1cc258e1e0e51fe13533f678ed5e8e7ccf87a8a23db2919fa0ec23d9a,"/* cppi::edc046f1cc258e1e0e51fe13533f678ed5e8e7ccf87a8a23db2919fa0ec23d9a */
select
benchmark_name,
hierarchy_type,
hierarchy_node,
business_date,
node_name,
node_level,
hierarchy_level as node_hierarchy_level,
curve,
currency,
cast(element_at(dv01, 1) as decimal(22,6)) AS ""0/N"",
cast(element_at(dv01, 2) as decimal(22,6)) AS ""1W"",
cast(element_at(dv01, 3) as decimal(22,6)) AS ""1M"",
cast(element_at(dv01, 4) as decimal(22,6)) AS ""3M"",
cast(element_at(dv01, 5) as decimal(22,6)) AS ""6M"",
cast(element_at(dv01, 6) as decimal(22,6)) AS ""1Y"",
cast(element_at(dv01, 7) as decimal(22,6)) AS ""2Y"",
cast(element_at(dv01, 8) as decimal(22,6)) AS ""3Y"",
cast(element_at(dv01, 9) as decimal(22,6)) AS ""5Y"",
cast(element_at(dv01, 10) as decimal(22,6)) AS ""7Y"",
cast(element_at(dv01, 11) as decimal(22,6)) AS ""10Y"",
cast(element_at(dv01, 12) as decimal(22,6)) AS ""15Y"",
cast(element_at(dv01, 13) as decimal(22,6)) AS ""20Y"",
cast(element_at(dv01, 14) as decimal(22,6)) AS ""30Y""
from radar_reporting_prod.benchmark_analytic_dv01
where benchmark_name = 'IR_EQ_Benchmark' and hierarchy_type = 'investment_cell_equity_balancing' and business_date = '2025-06-10' and run_id = 'Equity_Balancing'"
75203c6a593c4159f8a4caa6bcf6bb056cfd6c063b48d523ad1aec7a210bca0c,"/* cppi::75203c6a593c4159f8a4caa6bcf6bb056cfd6c063b48d523ad1aec7a210bca0c */
SELECT * FROM ""market"".""bloomberg_bps_price_index_latest"" WHERE UPPER(ticker) = 'VUS0001M INDEX' AND business_date >= to_date('2024-06-11', 'yyyy-mm-dd') AND business_date < to_date('2025-06-11', 'yyyy-mm-dd')"
0cb06cca3f38c63ea2c12f8264c6b8c7a221b0a8c63fbf4654f6d23ec9df81b4,"/* cppi::0cb06cca3f38c63ea2c12f8264c6b8c7a221b0a8c63fbf4654f6d23ec9df81b4 */
SELECT 
    beta.business_date,
    beta.analytic_type,
    h.node_path,
    h.node_name,
    h.node_level,
    beta.analytic_value
FROM risk_prod.fact_analytic_md_rel_var beta
INNER JOIN risk_prod.dim_hierarchy_node h
    ON h.dim_hierarchy_node_id = beta.dim_hierarchy_node_id_1 
    AND h.business_date = beta.business_date
    --AND h.node_level = 3
    AND (
        h.node_path LIKE '%|Real Assets~CORE%' 
        OR h.node_path LIKE '%|Credit Investments~CORE%' 
        OR h.node_path LIKE '%|Private Equity~CORE%'
    )
WHERE 
    beta.business_date = '2025-05-30'  
    AND (beta.analytic_type = 'BETA_10YR' OR beta.analytic_type = 'BETA_5YR')
    AND beta.portfolio_type_2 = 'SAP CORE'"
0cb06cca3f38c63ea2c12f8264c6b8c7a221b0a8c63fbf4654f6d23ec9df81b4,"/* cppi::0cb06cca3f38c63ea2c12f8264c6b8c7a221b0a8c63fbf4654f6d23ec9df81b4 */
SELECT 
    beta.business_date,
    beta.analytic_type,
    h.node_path,
    h.node_name,
    h.node_level,
    beta.analytic_value
FROM risk_prod.fact_analytic_md_rel_var beta
INNER JOIN risk_prod.dim_hierarchy_node h
    ON h.dim_hierarchy_node_id = beta.dim_hierarchy_node_id_1 
    AND h.business_date = beta.business_date
    --AND h.node_level = 3
    AND (
        h.node_path LIKE '%|Real Assets~CORE%' 
        OR h.node_path LIKE '%|Credit Investments~CORE%' 
        OR h.node_path LIKE '%|Private Equity~CORE%'
    )
WHERE 
    beta.business_date = '2025-05-30'  
    AND (beta.analytic_type = 'BETA_10YR' OR beta.analytic_type = 'BETA_5YR')
    AND beta.portfolio_type_2 = 'SAP CORE'"
166e473e47279ba655bf81b7366d460d5929db5ebe9c23449e4f87f53ad7aab6,"/* cppi::166e473e47279ba655bf81b7366d460d5929db5ebe9c23449e4f87f53ad7aab6 */
SELECT distinct cae.cppib_event_id, cae.source_event_id, cae.type_code, cae.source_status_code, cao.option_number, cao.default_option_flag, cao.option_action_code, cao.option_status_code,   cao.payout_number, cao.non_dividend_payout_amount, cao.gross_dividend_payout_amount, cao.net_dividend_payout_amount, cao.payout_currency_code, cao.payouts_type   FROM market.corporate_actions_options_payout cao   JOIN market.corporate_actions_events cae ON cao.cppib_event_id = cae.cppib_event_id                 and cao.business_date = cae.business_date    WHERE cao.business_date = date'2025-06-11' and cao.cppib_event_id in (815688,814236,811200,814636,811446,772353,812139,815364,792555,805768,790058,817261,804953,809921,816423,813999,773431,814568,811490,813350,815451,790070,790026,792606,811208,773468,807077,818719,809972,811420,811464,814977,818733,803686,806911,805667,809942,820588,808535,773456,812748,793823,806231,797480,807292,810586,818623,815910,812249,810589,817694,817693,813371,812161,813373,794170,805758,809957,790044,809878,820010)"
166e473e47279ba655bf81b7366d460d5929db5ebe9c23449e4f87f53ad7aab6,"/* cppi::166e473e47279ba655bf81b7366d460d5929db5ebe9c23449e4f87f53ad7aab6 */
SELECT distinct cae.cppib_event_id, cae.source_event_id, cae.type_code, cae.source_status_code, cao.option_number, cao.default_option_flag, cao.option_action_code, cao.option_status_code,   cao.payout_number, cao.non_dividend_payout_amount, cao.gross_dividend_payout_amount, cao.net_dividend_payout_amount, cao.payout_currency_code, cao.payouts_type   FROM market.corporate_actions_options_payout cao   JOIN market.corporate_actions_events cae ON cao.cppib_event_id = cae.cppib_event_id                 and cao.business_date = cae.business_date    WHERE cao.business_date = date'2025-06-11' and cao.cppib_event_id in (815688,814236,811200,814636,811446,772353,812139,815364,792555,805768,790058,817261,804953,809921,816423,813999,773431,814568,811490,813350,815451,790070,790026,792606,811208,773468,807077,818719,809972,811420,811464,814977,818733,803686,806911,805667,809942,820588,808535,773456,812748,793823,806231,797480,807292,810586,818623,815910,812249,810589,817694,817693,813371,812161,813373,794170,805758,809957,790044,809878,820010)"
8fea7927e2a03d4c6f6f6d0e1257a07debd973b838c1bec15e007ddb267c1566,"/* cppi::8fea7927e2a03d4c6f6f6d0e1257a07debd973b838c1bec15e007ddb267c1566 */
select * from cmf.pipeline_event 
    where job like '03%model_gen%portfolio' 
    and event = 'end' 
    and strategy_id = 'global_dm_long_short_v15'
    and date_ =  '2025-06-10'"
8fea7927e2a03d4c6f6f6d0e1257a07debd973b838c1bec15e007ddb267c1566,"/* cppi::8fea7927e2a03d4c6f6f6d0e1257a07debd973b838c1bec15e007ddb267c1566 */
select * from cmf.pipeline_event 
    where job like '03%model_gen%portfolio' 
    and event = 'end' 
    and strategy_id = 'global_dm_long_short_v15'
    and date_ =  '2025-06-10'"
0d0e6688c92685a9146630950d12d4c19c7f1a1fc827e8ff1590c5be23fa01bd,"/* cppi::0d0e6688c92685a9146630950d12d4c19c7f1a1fc827e8ff1590c5be23fa01bd */
select business_date, id, id_type, dly_total_return_cad, dly_total_return
from (
    select business_date, id, id_type, dly_total_return_cad, dly_total_return, row_number() over (partition by business_date,  id, id_type order by arrival_time desc) as rn
    from market.tfm_attribution_returns
    where business_date between date '2025-04-03' and date '2025-04-03') as att 
where rn = 1"
30724e3a6efeb6e10e84adaf2acd99dfae0568c93a5104c67e2d0ee1c6c3cba0,"/* cppi::30724e3a6efeb6e10e84adaf2acd99dfae0568c93a5104c67e2d0ee1c6c3cba0 */
select distinct request_id, start_date, end_date, pool, strategy_alternative, weight, start_date as business_date
from performance.tpm_tpm_atp_weights where request_id = 
(select max(request_id) from performance.tpm_tpm_atp_weights where start_date = '2025-05-12' and end_date = '2025-05-12')
and start_date = '2025-05-12' and end_date = '2025-05-12'"
088ac38e8ef3d20a71b712143b4f36f56712bc845c4caaba1450a34469ee475e,"/* cppi::088ac38e8ef3d20a71b712143b4f36f56712bc845c4caaba1450a34469ee475e */
with date_adjusted as (
    select business_date, rm_id, rm_value, rm_name, arrival_time,
        case
            when True and rm_name = 'cashRate' then date_add('day', 1, business_date)
            else business_date
        end as business_date_adj
    from market.tfm_risk_model_daily
    where business_date between date_add('day', -1, date '2025-06-09') and date '2025-06-09'
    and to_date(substring(cast(arrival_time as varchar), 1, 8), 'yyyymmdd') <= date '2025-12-31'
),
max_arrival_time as (
    select *,
        max(arrival_time) over (partition by rm_id, business_date_adj) as max_publish
    from date_adjusted
    where business_date_adj between date '2025-06-09' and date '2025-06-09'
)
select business_date, business_date_adj, rm_id, rm_value, rm_name
from max_arrival_time
where arrival_time = max_publish"
b60e9e272d691b8a3765e34c1a46ce83fbfccaf8a18fdd396370ab8588c811d2,"/* cppi::b60e9e272d691b8a3765e34c1a46ce83fbfccaf8a18fdd396370ab8588c811d2 */
/* QuickSight 0d04d546-b4f6-49a9-ad81-5cd3bd1ef4df_12 
 {""partner"":""QuickSight"",""entityId"":""64fc739b-ceef-4324-98c4-b0de9ffaf3fd"",""sheetId"":"""",""visualId"":""64fc739b-ceef-4324-98c4-b0de9ffaf3fd_08f23963-179e-4b45-88ec-410673f244a9""} */
SELECT date_trunc('day', CAST(CAST(PARSE_DATETIME(""business_date"", 'yyyy-MM-dd') AS TIMESTAMP) AS TIMESTAMP)) AS ""17de4a1d-e94b-4a4c-822c-d1be1d1840d3_tg"", SUM(CASE WHEN ""analytic_type"" = 'VOLATILITY_10YR' AND ""node_level"" = 2 AND ""account"" = 'BCPP' THEN ""analytic_value"" ELSE 0.0 END) / nullif(SUM(CASE WHEN ""analytic_type"" = 'SOURCE_SYSTEM_PV' AND ""node_level"" = 2 AND ""account"" = 'BCPP' THEN ""analytic_value"" ELSE 0.0 END), 0) AS ""5c0429bb-3aa4-4f73-9617-9e9efa54a7ea"", SUM(CASE WHEN ""analytic_type"" = 'VOLATILITY_10YR' AND ""node_level"" = 2 AND ""account"" = 'BCPP' THEN ""analytic_value"" ELSE 0.0 END) / nullif(SUM(CASE WHEN ""analytic_type"" = 'SOURCE_SYSTEM_PV' AND ""node_level"" = 2 AND ""account"" = 'BCPP' THEN ""analytic_value"" ELSE 0.0 END), 0) - (LAG(SUM(CASE WHEN ""analytic_type"" = 'VOLATILITY_10YR' AND ""node_level"" = 2 AND ""account"" = 'BCPP' THEN ""analytic_value"" ELSE 0.0 END) / nullif(SUM(CASE WHEN ""analytic_type"" = 'SOURCE_SYSTEM_PV' AND ""node_level"" = 2 AND ""account"" = 'BCPP' THEN ""analytic_value"" ELSE 0.0 END), 0)) OVER (ORDER BY date_trunc('day', CAST(CAST(PARSE_DATETIME(""business_date"", 'yyyy-MM-dd') AS TIMESTAMP) AS TIMESTAMP)) NULLS FIRST)) AS ""!calc.5c0429bb-3aa4-4f73-9617-9e9efa54a7ea.0.0"", CASE WHEN CAST(SUM(CASE WHEN ""analytic_type"" = 'VOLATILITY_10YR' AND ""node_level"" = 2 AND ""account"" = 'BCPP' THEN ""analytic_value"" ELSE 0.0 END) / nullif(SUM(CASE WHEN ""analytic_type"" = 'SOURCE_SYSTEM_PV' AND ""node_level"" = 2 AND ""account"" = 'BCPP' THEN ""analytic_value"" ELSE 0.0 END), 0) - (LAG(SUM(CASE WHEN ""analytic_type"" = 'VOLATILITY_10YR' AND ""node_level"" = 2 AND ""account"" = 'BCPP' THEN ""analytic_value"" ELSE 0.0 END) / nullif(SUM(CASE WHEN ""analytic_type"" = 'SOURCE_SYSTEM_PV' AND ""node_level"" = 2 AND ""account"" = 'BCPP' THEN ""analytic_value"" ELSE 0.0 END), 0)) OVER (ORDER BY date_trunc('day', CAST(CAST(PARSE_DATETIME(""business_date"", 'yyyy-MM-dd') AS TIMESTAMP) AS TIMESTAMP)) NULLS FIRST)) AS DOUBLE) / NULLIF(CAST(LAG(SUM(CASE WHEN ""analytic_type"" = 'VOLATILITY_10YR' AND ""node_level"" = 2 AND ""account"" = 'BCPP' THEN ""analytic_value"" ELSE 0.0 END) / nullif(SUM(CASE WHEN ""analytic_type"" = 'SOURCE_SYSTEM_PV' AND ""node_level"" = 2 AND ""account"" = 'BCPP' THEN ""analytic_value"" ELSE 0.0 END), 0)) OVER (ORDER BY date_trunc('day', CAST(CAST(PARSE_DATETIME(""business_date"", 'yyyy-MM-dd') AS TIMESTAMP) AS TIMESTAMP)) NULLS FIRST) AS DOUBLE), 0) > 0 THEN 0 WHEN CAST(SUM(CASE WHEN ""analytic_type"" = 'VOLATILITY_10YR' AND ""node_level"" = 2 AND ""account"" = 'BCPP' THEN ""analytic_value"" ELSE 0.0 END) / nullif(SUM(CASE WHEN ""analytic_type"" = 'SOURCE_SYSTEM_PV' AND ""node_level"" = 2 AND ""account"" = 'BCPP' THEN ""analytic_value"" ELSE 0.0 END), 0) - (LAG(SUM(CASE WHEN ""analytic_type"" = 'VOLATILITY_10YR' AND ""node_level"" = 2 AND ""account"" = 'BCPP' THEN ""analytic_value"" ELSE 0.0 END) / nullif(SUM(CASE WHEN ""analytic_type"" = 'SOURCE_SYSTEM_PV' AND ""node_level"" = 2 AND ""account"" = 'BCPP' THEN ""analytic_value"" ELSE 0.0 END), 0)) OVER (ORDER BY date_trunc('day', CAST(CAST(PARSE_DATETIME(""business_date"", 'yyyy-MM-dd') AS TIMESTAMP) AS TIMESTAMP)) NULLS FIRST)) AS DOUBLE) / NULLIF(CAST(LAG(SUM(CASE WHEN ""analytic_type"" = 'VOLATILITY_10YR' AND ""node_level"" = 2 AND ""account"" = 'BCPP' THEN ""analytic_value"" ELSE 0.0 END) / nullif(SUM(CASE WHEN ""analytic_type"" = 'SOURCE_SYSTEM_PV' AND ""node_level"" = 2 AND ""account"" = 'BCPP' THEN ""analytic_value"" ELSE 0.0 END), 0)) OVER (ORDER BY date_trunc('day', CAST(CAST(PARSE_DATETIME(""business_date"", 'yyyy-MM-dd') AS TIMESTAMP) AS TIMESTAMP)) NULLS FIRST) AS DOUBLE), 0) < 0 THEN 1 ELSE -1 END AS ""9c3a5d23-42e9-3cbf-bce9-5f3ec5605f97"", CASE WHEN CAST(SUM(CASE WHEN ""analytic_type"" = 'VOLATILITY_10YR' AND ""node_level"" = 2 AND ""account"" = 'BCPP' THEN ""analytic_value"" ELSE 0.0 END) / nullif(SUM(CASE WHEN ""analytic_type"" = 'SOURCE_SYSTEM_PV' AND ""node_level"" = 2 AND ""account"" = 'BCPP' THEN ""analytic_value"" ELSE 0.0 END), 0) - (LAG(SUM(CASE WHEN ""analytic_type"" = 'VOLATILITY_10YR' AND ""node_level"" = 2 AND ""account"" = 'BCPP' THEN ""analytic_value"" ELSE 0.0 END) / nullif(SUM(CASE WHEN ""analytic_type"" = 'SOURCE_SYSTEM_PV' AND ""node_level"" = 2 AND ""account"" = 'BCPP' THEN ""analytic_value"" ELSE 0.0 END), 0)) OVER (ORDER BY date_trunc('day', CAST(CAST(PARSE_DATETIME(""business_date"", 'yyyy-MM-dd') AS TIMESTAMP) AS TIMESTAMP)) NULLS FIRST)) AS DOUBLE) / NULLIF(CAST(LAG(SUM(CASE WHEN ""analytic_type"" = 'VOLATILITY_10YR' AND ""node_level"" = 2 AND ""account"" = 'BCPP' THEN ""analytic_value"" ELSE 0.0 END) / nullif(SUM(CASE WHEN ""analytic_type"" = 'SOURCE_SYSTEM_PV' AND ""node_level"" = 2 AND ""account"" = 'BCPP' THEN ""analytic_value"" ELSE 0.0 END), 0)) OVER (ORDER BY date_trunc('day', CAST(CAST(PARSE_DATETIME(""business_date"", 'yyyy-MM-dd') AS TIMESTAMP) AS TIMESTAMP)) NULLS FIRST) AS DOUBLE), 0) > 0 THEN 0 WHEN CAST(SUM(CASE WHEN ""analytic_type"" = 'VOLATILITY_10YR' AND ""node_level"" = 2 AND ""account"" = 'BCPP' THEN ""analytic_value"" ELSE 0.0 END) / nullif(SUM(CASE WHEN ""analytic_type"" = 'SOURCE_SYSTEM_PV' AND ""node_level"" = 2 AND ""account"" = 'BCPP' THEN ""analytic_value"" ELSE 0.0 END), 0) - (LAG(SUM(CASE WHEN ""analytic_type"" = 'VOLATILITY_10YR' AND ""node_level"" = 2 AND ""account"" = 'BCPP' THEN ""analytic_value"" ELSE 0.0 END) / nullif(SUM(CASE WHEN ""analytic_type"" = 'SOURCE_SYSTEM_PV' AND ""node_level"" = 2 AND ""account"" = 'BCPP' THEN ""analytic_value"" ELSE 0.0 END), 0)) OVER (ORDER BY date_trunc('day', CAST(CAST(PARSE_DATETIME(""business_date"", 'yyyy-MM-dd') AS TIMESTAMP) AS TIMESTAMP)) NULLS FIRST)) AS DOUBLE) / NULLIF(CAST(LAG(SUM(CASE WHEN ""analytic_type"" = 'VOLATILITY_10YR' AND ""node_level"" = 2 AND ""account"" = 'BCPP' THEN ""analytic_value"" ELSE 0.0 END) / nullif(SUM(CASE WHEN ""analytic_type"" = 'SOURCE_SYSTEM_PV' AND ""node_level"" = 2 AND ""account"" = 'BCPP' THEN ""analytic_value"" ELSE 0.0 END), 0)) OVER (ORDER BY date_trunc('day', CAST(CAST(PARSE_DATETIME(""business_date"", 'yyyy-MM-dd') AS TIMESTAMP) AS TIMESTAMP)) NULLS FIRST) AS DOUBLE), 0) < 0 THEN 1 ELSE -1 END AS ""b861d70b-d7a8-3d74-8d32-5753b2e696d7"", CAST(SUM(CASE WHEN ""analytic_type"" = 'VOLATILITY_10YR' AND ""node_level"" = 2 AND ""account"" = 'BCPP' THEN ""analytic_value"" ELSE 0.0 END) / nullif(SUM(CASE WHEN ""analytic_type"" = 'SOURCE_SYSTEM_PV' AND ""node_level"" = 2 AND ""account"" = 'BCPP' THEN ""analytic_value"" ELSE 0.0 END), 0) - (LAG(SUM(CASE WHEN ""analytic_type"" = 'VOLATILITY_10YR' AND ""node_level"" = 2 AND ""account"" = 'BCPP' THEN ""analytic_value"" ELSE 0.0 END) / nullif(SUM(CASE WHEN ""analytic_type"" = 'SOURCE_SYSTEM_PV' AND ""node_level"" = 2 AND ""account"" = 'BCPP' THEN ""analytic_value"" ELSE 0.0 END), 0)) OVER (ORDER BY date_trunc('day', CAST(CAST(PARSE_DATETIME(""business_date"", 'yyyy-MM-dd') AS TIMESTAMP) AS TIMESTAMP)) NULLS FIRST)) AS DOUBLE) / NULLIF(CAST(LAG(SUM(CASE WHEN ""analytic_type"" = 'VOLATILITY_10YR' AND ""node_level"" = 2 AND ""account"" = 'BCPP' THEN ""analytic_value"" ELSE 0.0 END) / nullif(SUM(CASE WHEN ""analytic_type"" = 'SOURCE_SYSTEM_PV' AND ""node_level"" = 2 AND ""account"" = 'BCPP' THEN ""analytic_value"" ELSE 0.0 END), 0)) OVER (ORDER BY date_trunc('day', CAST(CAST(PARSE_DATETIME(""business_date"", 'yyyy-MM-dd') AS TIMESTAMP) AS TIMESTAMP)) NULLS FIRST) AS DOUBLE), 0) AS ""!calc.5c0429bb-3aa4-4f73-9617-9e9efa54a7ea.1.0"", CAST(SUM(CASE WHEN ""analytic_type"" = 'VOLATILITY_10YR' AND ""node_level"" = 2 AND ""account"" = 'BCPP' THEN ""analytic_value"" ELSE 0.0 END) / nullif(SUM(CASE WHEN ""analytic_type"" = 'SOURCE_SYSTEM_PV' AND ""node_level"" = 2 AND ""account"" = 'BCPP' THEN ""analytic_value"" ELSE 0.0 END), 0) - (LAG(SUM(CASE WHEN ""analytic_type"" = 'VOLATILITY_10YR' AND ""node_level"" = 2 AND ""account"" = 'BCPP' THEN ""analytic_value"" ELSE 0.0 END) / nullif(SUM(CASE WHEN ""analytic_type"" = 'SOURCE_SYSTEM_PV' AND ""node_level"" = 2 AND ""account"" = 'BCPP' THEN ""analytic_value"" ELSE 0.0 END), 0)) OVER (ORDER BY date_trunc('day', CAST(CAST(PARSE_DATETIME(""business_date"", 'yyyy-MM-dd') AS TIMESTAMP) AS TIMESTAMP)) NULLS FIRST)) AS DOUBLE) / NULLIF(CAST(LAG(SUM(CASE WHEN ""analytic_type"" = 'VOLATILITY_10YR' AND ""node_level"" = 2 AND ""account"" = 'BCPP' THEN ""analytic_value"" ELSE 0.0 END) / nullif(SUM(CASE WHEN ""analytic_type"" = 'SOURCE_SYSTEM_PV' AND ""node_level"" = 2 AND ""account"" = 'BCPP' THEN ""analytic_value"" ELSE 0.0 END), 0)) OVER (ORDER BY date_trunc('day', CAST(CAST(PARSE_DATETIME(""business_date"", 'yyyy-MM-dd') AS TIMESTAMP) AS TIMESTAMP)) NULLS FIRST) AS DOUBLE), 0) + 1 AS ""!calc.5c0429bb-3aa4-4f73-9617-9e9efa54a7ea.2.0""
FROM (SELECT *
FROM risk_prod.rmv_analytics
WHERE CAST(business_date AS DATE) >= (
    SELECT DATE_ADD('day', -60, MAX(CAST(business_date AS DATE)))
    FROM risk_prod.rmv_analytics
)) AS ""fund_measure_analytics""
WHERE NOT (""business_date"" = '2025-05-23') AND (CAST(PARSE_DATETIME(""business_date"", 'yyyy-MM-dd') AS TIMESTAMP) < date_trunc('day', CAST(CAST(PARSE_DATETIME('2025-06-10 00:00:00', 'yyyy-MM-dd HH:mm:ss') AS TIMESTAMP) AS TIMESTAMP)) OR date_trunc('day', CAST(CAST(PARSE_DATETIME(""business_date"", 'yyyy-MM-dd') AS TIMESTAMP) AS TIMESTAMP)) = date_trunc('day', CAST(CAST(PARSE_DATETIME('2025-06-10 00:00:00', 'yyyy-MM-dd HH:mm:ss') AS TIMESTAMP) AS TIMESTAMP)))
GROUP BY date_trunc('day', CAST(CAST(PARSE_DATETIME(""business_date"", 'yyyy-MM-dd') AS TIMESTAMP) AS TIMESTAMP))
ORDER BY date_trunc('day', CAST(CAST(PARSE_DATETIME(""business_date"", 'yyyy-MM-dd') AS TIMESTAMP) AS TIMESTAMP)) DESC
LIMIT 2"
567420362714ff37cdcbd68338f45708218122f46d838e53d7c4a5abe3cda41c,"/* cppi::567420362714ff37cdcbd68338f45708218122f46d838e53d7c4a5abe3cda41c */
select
benchmark_name,
hierarchy_type,
hierarchy_node,
business_date,
node_name,
node_level,
hierarchy_level as node_hierarchy_level,
curve,
currency,
cast(element_at(cs01, 1) as decimal(22,6)) AS ""0/N"",
cast(element_at(cs01, 2) as decimal(22,6)) AS ""1W"",
cast(element_at(cs01, 3) as decimal(22,6)) AS ""1M"",
cast(element_at(cs01, 4) as decimal(22,6)) AS ""3M"",
cast(element_at(cs01, 5) as decimal(22,6)) AS ""6M"",
cast(element_at(cs01, 6) as decimal(22,6)) AS ""1Y"",
cast(element_at(cs01, 7) as decimal(22,6)) AS ""2Y"",
cast(element_at(cs01, 8) as decimal(22,6)) AS ""3Y"",
cast(element_at(cs01, 9) as decimal(22,6)) AS ""5Y"",
cast(element_at(cs01, 10) as decimal(22,6)) AS ""7Y"",
cast(element_at(cs01, 11) as decimal(22,6)) AS ""10Y"",
cast(element_at(cs01, 12) as decimal(22,6)) AS ""15Y"",
cast(element_at(cs01, 13) as decimal(22,6)) AS ""20Y"",
cast(element_at(cs01, 14) as decimal(22,6)) AS ""30Y""
from radar_reporting_prod.benchmark_analytic_cs01
where benchmark_name = 'MRP SUPP' and hierarchy_type = 'POOL' and business_date = '2025-06-10' and run_id = 'MRP_SUPP'"
ac4623c0453a9d1a6daa01a497f8ad25fd21d67c83c695d43b19cc29862623b6,"/* cppi::ac4623c0453a9d1a6daa01a497f8ad25fd21d67c83c695d43b19cc29862623b6 */
select * from cmf.pipeline_event 
    where job like '03%model_gen%portfolio' 
    and event = 'end' 
    and strategy_id = 'us_eb_gics25_v1'
    and date_ =  '2025-06-10'"
ac5cf8fa8d90d025d0146aa15eb4e635572c85f35b80a92b62c1c437e61178c2,"/* cppi::ac5cf8fa8d90d025d0146aa15eb4e635572c85f35b80a92b62c1c437e61178c2 */
select node_name,
	investment_dept,
	investment_strat,
	program,
	sub_program,
	model_portfolio
from risk_uat.mv_dim_hierarchy_node_risk q
where q.business_date = '2025-05-27'"
a12f2f24f551e4aeddd8ceb402c5126b23760c84571ffcc968cc65ecbb99ff88,"/* cppi::a12f2f24f551e4aeddd8ceb402c5126b23760c84571ffcc968cc65ecbb99ff88 */
select tmp.hierarchy_type as hierarchy_type, tmp.dim_hierarchy_node_id_kmv, dhn.dim_hierarchy_node_id,
concat(cast(tmp.node_level as varchar), tmp.node_name) as node_id, tmp.impairment_var, tmp.node_path
from (
    select dhn_kmv.hierarchy_type, dhn_kmv.dim_hierarchy_node_id as dim_hierarchy_node_id_kmv,
        dhn_kmv.node_level, dhn_kmv.node_name, dhn_kmv.node_path,
        coalesce(sum(fpcr.cptl_el_rsk_contr_cppd), 0) as impairment_var
    from fact_pos_calc_rc fpcr
    left join dim_hierarchy_node dhn_kmv
        on fpcr.chron_id = dhn_kmv.chron_id and fpcr.dim_hierarchy_node_id = dhn_kmv.dim_hierarchy_node_id
    where dhn_kmv.hierarchy_type = 'ACCOUNT'
    and fpcr.chron_id = '2753'
    group by dhn_kmv.hierarchy_type, dhn_kmv.dim_hierarchy_node_id,
        dhn_kmv.node_level, dhn_kmv.node_name, dhn_kmv.node_path
) tmp
left join dim_hierarchy_node dhn
on tmp.node_path = dhn.node_path
and tmp.hierarchy_type = dhn.hierarchy_type
where dhn.chron_id = '200000000523'
order by tmp.hierarchy_type, tmp.node_level, tmp.node_name"
a12f2f24f551e4aeddd8ceb402c5126b23760c84571ffcc968cc65ecbb99ff88,"/* cppi::a12f2f24f551e4aeddd8ceb402c5126b23760c84571ffcc968cc65ecbb99ff88 */
select tmp.hierarchy_type as hierarchy_type, tmp.dim_hierarchy_node_id_kmv, dhn.dim_hierarchy_node_id,
concat(cast(tmp.node_level as varchar), tmp.node_name) as node_id, tmp.impairment_var, tmp.node_path
from (
    select dhn_kmv.hierarchy_type, dhn_kmv.dim_hierarchy_node_id as dim_hierarchy_node_id_kmv,
        dhn_kmv.node_level, dhn_kmv.node_name, dhn_kmv.node_path,
        coalesce(sum(fpcr.cptl_el_rsk_contr_cppd), 0) as impairment_var
    from fact_pos_calc_rc fpcr
    left join dim_hierarchy_node dhn_kmv
        on fpcr.chron_id = dhn_kmv.chron_id and fpcr.dim_hierarchy_node_id = dhn_kmv.dim_hierarchy_node_id
    where dhn_kmv.hierarchy_type = 'ACCOUNT'
    and fpcr.chron_id = '2753'
    group by dhn_kmv.hierarchy_type, dhn_kmv.dim_hierarchy_node_id,
        dhn_kmv.node_level, dhn_kmv.node_name, dhn_kmv.node_path
) tmp
left join dim_hierarchy_node dhn
on tmp.node_path = dhn.node_path
and tmp.hierarchy_type = dhn.hierarchy_type
where dhn.chron_id = '200000000523'
order by tmp.hierarchy_type, tmp.node_level, tmp.node_name"
37cb89bbc858effccc4f90f1dfcffb4ba74de808f119131d62701112acf14882,"/* cppi::37cb89bbc858effccc4f90f1dfcffb4ba74de808f119131d62701112acf14882 */
select * from cmf.pipeline_event 
    where job like '03%model_gen%portfolio' 
    and event = 'end' 
    and strategy_id = 'jp_eb_v4'
    and date_ =  '2025-06-10'"
a51794cc94f700fe997f5bcd6f3e73add2d548a7a89ce507f4ebe6940fe1b597,"/* cppi::a51794cc94f700fe997f5bcd6f3e73add2d548a7a89ce507f4ebe6940fe1b597 */
select * from cmf.pipeline_event 
    where job like '03%model_gen%portfolio' 
    and event = 'end' 
    and strategy_id = 'us_eb_gics20_v3'
    and date_ =  '2025-06-10'"
3df8327dc40ed060e20bffef7da872680a25459c7d718e9984f0e97acfbd8a84,"/* cppi::3df8327dc40ed060e20bffef7da872680a25459c7d718e9984f0e97acfbd8a84 */
SELECT pricing_date, security_id as cppib_sec_id, daily_return
FROM market.cppib_market_equity_prices
WHERE pricing_date > DATE_ADD('year', -1, date'2022-06-27') and pricing_date <= date'2025-06-11'
AND pricing_date >= date'2022-04-01'
AND is_suspended_flag = 0 AND is_exchange_holiday = 0
and security_id in (26675111, 19648236, 24754148, 2095, 23894319, 1399, 650, 21563149, 702, 3174, 8117, 17195533, 885, 1467, 2139, 202872, 596, 318, 3325, 1572, 1434, 679, 7064662, 432, 10124, 1696, 12186033, 1394, 7100, 12208, 10575, 221702, 13135914, 1489, 205811, 3356, 3185, 17477277, 4760, 4625, 22622835, 9920564, 20020874, 21666104, 224520, 11268, 4810621, 12253, 1508, 21272659, 8315, 5243, 3281538, 13300, 12261, 9977, 19440760, 24641523, 990, 28785214, 1590, 3400, 4231516, 23710611, 7030, 11364, 4654, 5987, 1361, 12232, 1147, 2155, 4015435, 17948292, 20636811, 1022, 5235528, 11290, 44908, 5274, 7123, 7929999, 205813, 1083, 23313591)"
f97fdeba14607a962a61ff425e4ee0b6c0b47a5f9ced38df6c127f36ff46953e,"/* cppi::f97fdeba14607a962a61ff425e4ee0b6c0b47a5f9ced38df6c127f36ff46953e */
select e.date_, e.factor_id, e.security_id, e.exposure from cmf.mdr_exposure e join cmf.mdr_factor f on f.factor_id = e.factor_id where e.factor_exposure_type_id = 'std' and e.date_ >= date_add('month', -3, date '2025-06-10') and e.date_ <= date '2025-06-10' and e.strategy_id = 'global_dm_long_short_v15' and f.factor_group_id = 'alpha' and e.factor_id in ('qe_hfownpct_chg365d_avg30d', 'qe_hfownpct_dm365d_avg30d_avg30d')"
f97fdeba14607a962a61ff425e4ee0b6c0b47a5f9ced38df6c127f36ff46953e,"/* cppi::f97fdeba14607a962a61ff425e4ee0b6c0b47a5f9ced38df6c127f36ff46953e */
select e.date_, e.factor_id, e.security_id, e.exposure from cmf.mdr_exposure e join cmf.mdr_factor f on f.factor_id = e.factor_id where e.factor_exposure_type_id = 'std' and e.date_ >= date_add('month', -3, date '2025-06-10') and e.date_ <= date '2025-06-10' and e.strategy_id = 'global_dm_long_short_v15' and f.factor_group_id = 'alpha' and e.factor_id in ('qe_hfownpct_chg365d_avg30d', 'qe_hfownpct_dm365d_avg30d_avg30d')"
0f108fbfb632df3bd58040602928ce5099d6791aa18f84d22f324cbdadd68d7a,"/* cppi::0f108fbfb632df3bd58040602928ce5099d6791aa18f84d22f324cbdadd68d7a */
select max(date_) date_, portfolio_type_id, factor_id, measure_id, date '2025-06-10' as anchor_date from cmf.mdr_portfolio_measure where portfolio_type_id in ('live', 'opt') and date_ <= date '2025-06-10' and date_ >= date_add('day', -5, date '2025-06-10') and strategy_id = 'us_eb_gics45_v1' group by portfolio_type_id, factor_id, measure_id"
696f52ae1acc36e48152b2be463f047a945592d68ed4ae45a1b5f76377bf8d05,"/* cppi::696f52ae1acc36e48152b2be463f047a945592d68ed4ae45a1b5f76377bf8d05 */
select distinct factor, display_name, group_name from cmf.barra_factors_meta_gemlt where upper(factor) like '%%'"
9f7e3054bb75ef58c9160d4bb80fb423ab858981053d1684dca4d12e25678a5c,"/* cppi::9f7e3054bb75ef58c9160d4bb80fb423ab858981053d1684dca4d12e25678a5c */
SELECT bbg_code,business_date as date_,numeric_value as index_value,field_name,source FROM (SELECT bbg_code,business_date,arrival_time,numeric_value, field_name, source, ROW_NUMBER()     OVER (PARTITION BY bbg_code,business_date,field_name,source ORDER BY arrival_time, numeric_value desc) as row_number FROM df_enriched_prod.bloomberg_index_latest     where field_name in ('px_last', 'last_price', 'px_last_eod')      and source in ('bloomberg_index_close_price_pit','bloomberg_index_ohlc_price_pit','bloomberg_eod_price_pit','bloomberg_customized_forward_pit',    'qsrp','bloomberg_index_price')     and business_date between date '2025-05-27' and date '2025-06-10'   and bbg_code in ('CDSOA Curncy')) WHERE row_number = 1"
892bee54f0c163d4f4a930c581fa0c0e5a7dd866f960177071ed28e907d03487,"/* cppi::892bee54f0c163d4f4a930c581fa0c0e5a7dd866f960177071ed28e907d03487 */
select * from dim_chron where business_date='2025-06-10'  and canonical_source='1'"
c3a8ab14462b670419f6b1f5bbfdbf73fa02c0fb3e58b8b80f1ba458360a655d,"/* cppi::c3a8ab14462b670419f6b1f5bbfdbf73fa02c0fb3e58b8b80f1ba458360a655d */
/* QuickSight ecfab68a-9335-4ccf-93c0-3e2b4f88823e 
 {""partner"":""QuickSight"",""entityId"":""6295499e-6307-48dd-918e-0415943817e7"",""sheetId"":""f7155526-6916-4cce-92ee-1037bfcd89a1"",""visualId"":""b0dd93bf-752e-42f2-8740-c730483ef965""} */
SELECT date_trunc('day', CAST(CAST(PARSE_DATETIME(""business_date"", 'yyyy-MM-dd') AS TIMESTAMP) AS TIMESTAMP)) AS ""2145e8eb-e6aa-4241-af68-d869acfb53be_tg"", SUM(case when regexp_like(""measure_value"", '^-?\d+(\.\d*)?$') then cast(""measure_value"" as double) else null end) AS ""e8bf9d1f-0aaa-4b0d-8825-eff50e92d603_sum"", CASE WHEN SUM(case when regexp_like(""measure_value"", '^-?\d+(\.\d*)?$') then cast(""measure_value"" as double) else null end) >= 166.5 AND SUM(case when regexp_like(""measure_value"", '^-?\d+(\.\d*)?$') then cast(""measure_value"" as double) else null end) <= 175.75 THEN 0 WHEN SUM(case when regexp_like(""measure_value"", '^-?\d+(\.\d*)?$') then cast(""measure_value"" as double) else null end) >= 175.75 AND SUM(case when regexp_like(""measure_value"", '^-?\d+(\.\d*)?$') then cast(""measure_value"" as double) else null end) <= 184.99 THEN 1 WHEN SUM(case when regexp_like(""measure_value"", '^-?\d+(\.\d*)?$') then cast(""measure_value"" as double) else null end) > 185 THEN 2 ELSE -1 END AS ""5d6ee40b-7724-3589-b4bc-ad504c2f60a0"", SUM(case when regexp_like(""measure_value"", '^-?\d+(\.\d*)?$') then cast(""measure_value"" as double) else null end) - (LAG(SUM(case when regexp_like(""measure_value"", '^-?\d+(\.\d*)?$') then cast(""measure_value"" as double) else null end)) OVER (ORDER BY date_trunc('day', CAST(CAST(PARSE_DATETIME(""business_date"", 'yyyy-MM-dd') AS TIMESTAMP) AS TIMESTAMP)) NULLS FIRST)) AS ""!calc.e8bf9d1f-0aaa-4b0d-8825-eff50e92d603.0.0"", CAST(SUM(case when regexp_like(""measure_value"", '^-?\d+(\.\d*)?$') then cast(""measure_value"" as double) else null end) - (LAG(SUM(case when regexp_like(""measure_value"", '^-?\d+(\.\d*)?$') then cast(""measure_value"" as double) else null end)) OVER (ORDER BY date_trunc('day', CAST(CAST(PARSE_DATETIME(""business_date"", 'yyyy-MM-dd') AS TIMESTAMP) AS TIMESTAMP)) NULLS FIRST)) AS DOUBLE) / NULLIF(CAST(LAG(SUM(case when regexp_like(""measure_value"", '^-?\d+(\.\d*)?$') then cast(""measure_value"" as double) else null end)) OVER (ORDER BY date_trunc('day', CAST(CAST(PARSE_DATETIME(""business_date"", 'yyyy-MM-dd') AS TIMESTAMP) AS TIMESTAMP)) NULLS FIRST) AS DOUBLE), 0) AS ""!calc.e8bf9d1f-0aaa-4b0d-8825-eff50e92d603.1.0"", CAST(SUM(case when regexp_like(""measure_value"", '^-?\d+(\.\d*)?$') then cast(""measure_value"" as double) else null end) - (LAG(SUM(case when regexp_like(""measure_value"", '^-?\d+(\.\d*)?$') then cast(""measure_value"" as double) else null end)) OVER (ORDER BY date_trunc('day', CAST(CAST(PARSE_DATETIME(""business_date"", 'yyyy-MM-dd') AS TIMESTAMP) AS TIMESTAMP)) NULLS FIRST)) AS DOUBLE) / NULLIF(CAST(LAG(SUM(case when regexp_like(""measure_value"", '^-?\d+(\.\d*)?$') then cast(""measure_value"" as double) else null end)) OVER (ORDER BY date_trunc('day', CAST(CAST(PARSE_DATETIME(""business_date"", 'yyyy-MM-dd') AS TIMESTAMP) AS TIMESTAMP)) NULLS FIRST) AS DOUBLE), 0) + 1 AS ""!calc.e8bf9d1f-0aaa-4b0d-8825-eff50e92d603.2.0"", CASE WHEN CAST(SUM(case when regexp_like(""measure_value"", '^-?\d+(\.\d*)?$') then cast(""measure_value"" as double) else null end) - (LAG(SUM(case when regexp_like(""measure_value"", '^-?\d+(\.\d*)?$') then cast(""measure_value"" as double) else null end)) OVER (ORDER BY date_trunc('day', CAST(CAST(PARSE_DATETIME(""business_date"", 'yyyy-MM-dd') AS TIMESTAMP) AS TIMESTAMP)) NULLS FIRST)) AS DOUBLE) / NULLIF(CAST(LAG(SUM(case when regexp_like(""measure_value"", '^-?\d+(\.\d*)?$') then cast(""measure_value"" as double) else null end)) OVER (ORDER BY date_trunc('day', CAST(CAST(PARSE_DATETIME(""business_date"", 'yyyy-MM-dd') AS TIMESTAMP) AS TIMESTAMP)) NULLS FIRST) AS DOUBLE), 0) > 0 THEN 0 WHEN CAST(SUM(case when regexp_like(""measure_value"", '^-?\d+(\.\d*)?$') then cast(""measure_value"" as double) else null end) - (LAG(SUM(case when regexp_like(""measure_value"", '^-?\d+(\.\d*)?$') then cast(""measure_value"" as double) else null end)) OVER (ORDER BY date_trunc('day', CAST(CAST(PARSE_DATETIME(""business_date"", 'yyyy-MM-dd') AS TIMESTAMP) AS TIMESTAMP)) NULLS FIRST)) AS DOUBLE) / NULLIF(CAST(LAG(SUM(case when regexp_like(""measure_value"", '^-?\d+(\.\d*)?$') then cast(""measure_value"" as double) else null end)) OVER (ORDER BY date_trunc('day', CAST(CAST(PARSE_DATETIME(""business_date"", 'yyyy-MM-dd') AS TIMESTAMP) AS TIMESTAMP)) NULLS FIRST) AS DOUBLE), 0) < 0 THEN 1 ELSE -1 END AS ""db0b23eb-19d2-303e-9c26-4ccad40c7211"", CASE WHEN CAST(SUM(case when regexp_like(""measure_value"", '^-?\d+(\.\d*)?$') then cast(""measure_value"" as double) else null end) - (LAG(SUM(case when regexp_like(""measure_value"", '^-?\d+(\.\d*)?$') then cast(""measure_value"" as double) else null end)) OVER (ORDER BY date_trunc('day', CAST(CAST(PARSE_DATETIME(""business_date"", 'yyyy-MM-dd') AS TIMESTAMP) AS TIMESTAMP)) NULLS FIRST)) AS DOUBLE) / NULLIF(CAST(LAG(SUM(case when regexp_like(""measure_value"", '^-?\d+(\.\d*)?$') then cast(""measure_value"" as double) else null end)) OVER (ORDER BY date_trunc('day', CAST(CAST(PARSE_DATETIME(""business_date"", 'yyyy-MM-dd') AS TIMESTAMP) AS TIMESTAMP)) NULLS FIRST) AS DOUBLE), 0) > 0 THEN 0 WHEN CAST(SUM(case when regexp_like(""measure_value"", '^-?\d+(\.\d*)?$') then cast(""measure_value"" as double) else null end) - (LAG(SUM(case when regexp_like(""measure_value"", '^-?\d+(\.\d*)?$') then cast(""measure_value"" as double) else null end)) OVER (ORDER BY date_trunc('day', CAST(CAST(PARSE_DATETIME(""business_date"", 'yyyy-MM-dd') AS TIMESTAMP) AS TIMESTAMP)) NULLS FIRST)) AS DOUBLE) / NULLIF(CAST(LAG(SUM(case when regexp_like(""measure_value"", '^-?\d+(\.\d*)?$') then cast(""measure_value"" as double) else null end)) OVER (ORDER BY date_trunc('day', CAST(CAST(PARSE_DATETIME(""business_date"", 'yyyy-MM-dd') AS TIMESTAMP) AS TIMESTAMP)) NULLS FIRST) AS DOUBLE), 0) < 0 THEN 1 ELSE -1 END AS ""a673e6a6-0b2f-3b7c-ab40-118a37c2c1c1""
FROM (SELECT *
FROM risk_prod.limit_utilization
WHERE CAST(business_date AS DATE) >= (
    SELECT DATE_ADD('day', -60, MAX(CAST(business_date AS DATE)))
    FROM risk_prod.limit_utilization
)) AS ""fund_measure_limit""
WHERE NOT (""business_date"" = '2025-05-19') AND (NOT (""business_date"" = '2025-04-23')) AND (NOT (""business_date"" = '2025-05-23')) AND ""limit_name"" IN ('ISRC_ATP_ACPP_ACTIVE_VOL') AND (CAST(PARSE_DATETIME(""business_date"", 'yyyy-MM-dd') AS TIMESTAMP) < date_trunc('day', CAST(CAST(PARSE_DATETIME('2025-06-10 00:00:00', 'yyyy-MM-dd HH:mm:ss') AS TIMESTAMP) AS TIMESTAMP)) OR date_trunc('day', CAST(CAST(PARSE_DATETIME(""business_date"", 'yyyy-MM-dd') AS TIMESTAMP) AS TIMESTAMP)) = date_trunc('day', CAST(CAST(PARSE_DATETIME('2025-06-10 00:00:00', 'yyyy-MM-dd HH:mm:ss') AS TIMESTAMP) AS TIMESTAMP)))
GROUP BY date_trunc('day', CAST(CAST(PARSE_DATETIME(""business_date"", 'yyyy-MM-dd') AS TIMESTAMP) AS TIMESTAMP))
ORDER BY date_trunc('day', CAST(CAST(PARSE_DATETIME(""business_date"", 'yyyy-MM-dd') AS TIMESTAMP) AS TIMESTAMP)) DESC
LIMIT 2"
ef375d49613230d7baf01ba9373223ea4ff96f42c270e06b30f9237ad436978e,"/* cppi::ef375d49613230d7baf01ba9373223ea4ff96f42c270e06b30f9237ad436978e */
select * from cmf.pipeline_event 
    where job like '03%model_gen%portfolio' 
    and event = 'end' 
    and strategy_id = 'tfm_ai_long_short_v1'
    and date_ =  '2025-06-10'"
59edfeefd0bde6bf6424f7c931a3fb61c9596e34c5b5e5dfc5ebf8d7a9ab9521,"/* cppi::59edfeefd0bde6bf6424f7c931a3fb61c9596e34c5b5e5dfc5ebf8d7a9ab9521 */
select distinct security_id from experimental_cmf.abor_holding
                    where date_ between date '2000-01-01' and date '2025-06-09'
                    order by security_id"
251f33a5075ccfd1ef9c2530b1faff0f2bb0232a38c7c6381d0a5a38fd0aeef9,"/* cppi::251f33a5075ccfd1ef9c2530b1faff0f2bb0232a38c7c6381d0a5a38fd0aeef9 */
SELECT 0 AS ""temp_calculation_4"",
  SUM(1) AS ""temp_calculation_1"",
  SUM((CASE WHEN (CAST(CAST(""custom_sql_query"".""business_date"" AS TIMESTAMP) AS DATE) = CAST('2025-06-10' AS DATE)) THEN ""custom_sql_query"".""analytic_value"" ELSE CAST(NULL AS DOUBLE) END)) AS ""temp_calculation_2"",
  SUM((CASE WHEN (CAST(CAST(""custom_sql_query"".""business_date"" AS TIMESTAMP) AS DATE) = ""t0"".""x_measure__0"") THEN ""custom_sql_query"".""analytic_value"" ELSE CAST(NULL AS DOUBLE) END)) AS ""temp_calculation_3"",
  ""custom_sql_query"".""analytic_name"" AS ""analytic_name"",
  SUM((CASE WHEN (CAST(CAST(""custom_sql_query"".""business_date"" AS TIMESTAMP) AS DATE) = ""t0"".""x_measure__0"") THEN ""custom_sql_query"".""% analytics"" ELSE CAST(NULL AS DOUBLE) END)) AS ""sum_01_current_ana"",
  SUM((CASE WHEN (CAST(CAST(""custom_sql_query"".""business_date"" AS TIMESTAMP) AS DATE) = CAST('2025-06-10' AS DATE)) THEN ""custom_sql_query"".""% analytics"" ELSE CAST(NULL AS DOUBLE) END)) AS ""sum_01_current_an1""
FROM (
  with ae_temp as (
      select investment_dept, investment_strat, business_date,
             (case when (product_type = 'Equity Swap' and maturity_date = business_date and abacus_notional_base_ccy = 0) then abacus_pv_base_ccy
                   when (product_type = 'Equity Swap' and maturity_date = business_date and abacus_notional_base_ccy <> 0) then 0
                   when (product_type = 'Equity Swap') then abacus_notional_base_ccy + abacus_pv_base_ccy
                   when (product_type = 'Convertible_bond' and abacus_notional_base_ccy = 0) then 0 
                   when (product_type = 'Convertible_bond' and abacus_notional_base_ccy <> 0) then abacus_pv_base_ccy
                   else abacus_pv_base_ccy end
             ) as exposure
      from ""risk_prod"".""rmv_position""
      where investment_dept = 'Active Equities' and portfolio_type = 'IP' and product_type in ('Common Stock','Common Stock Private','Convertible_bond','Equity Swap','Private Emerging Mkt Fund', 'Synthetic Equity Index','Unit','Pooled Fund Absolute Return','Listed Warrant','Preferred Stock','REIT','Depository Receipt','Leveraged Loans') and long_short = 'LONG'
  ),
  
  analytics as (
      select business_date, node, analytic_name, analytic_value
      from ""risk_prod"".""rmv_analytics""
      where node in ('Active Equities','Asia','Europe','LatAm','North America','AE Enhanced Beta')
      and portfolio_type = 'IP' 
      and analytic_name in ('10 Year VaR', '10 Year Volatility','2 Year VaR', '2 Year Volatility','5 Year Expected Shortfall') 
      and (confidence_level is null or confidence_level = 0.95)
  )
  
  select q1.business_date, q1.node_name, q1.long_pv, analytics.analytic_name, analytics.analytic_value,
         (analytics.analytic_value / q1.long_pv) * 100 as ""% analytics""
  from (
      select ae_temp.business_date, ae_temp.investment_strat as node_name, sum(ae_temp.exposure) as long_pv
      from ae_temp
      group by ae_temp.investment_strat, ae_temp.business_date
  
      union
  
      select ae_temp.business_date, ae_temp.investment_dept as node_name, sum(ae_temp.exposure) as long_pv 
      from ae_temp
      group by ae_temp.investment_dept, ae_temp.business_date
  ) as q1
  right join analytics 
  on q1.business_date = analytics.business_date and q1.node_name = analytics.node
) ""custom_sql_query""
  INNER JOIN (
  SELECT MAX((CASE WHEN (CAST(CAST(""custom_sql_query"".""business_date"" AS TIMESTAMP) AS DATE) < CAST('2025-06-10' AS DATE)) THEN CAST(CAST(""custom_sql_query"".""business_date"" AS TIMESTAMP) AS DATE) ELSE CAST(NULL AS TIMESTAMP) END)) AS ""x_measure__0"",
    COUNT(1) AS ""x__alias__0""
  FROM (
    with ae_temp as (
        select investment_dept, investment_strat, business_date,
               (case when (product_type = 'Equity Swap' and maturity_date = business_date and abacus_notional_base_ccy = 0) then abacus_pv_base_ccy
                     when (product_type = 'Equity Swap' and maturity_date = business_date and abacus_notional_base_ccy <> 0) then 0
                     when (product_type = 'Equity Swap') then abacus_notional_base_ccy + abacus_pv_base_ccy
                     when (product_type = 'Convertible_bond' and abacus_notional_base_ccy = 0) then 0 
                     when (product_type = 'Convertible_bond' and abacus_notional_base_ccy <> 0) then abacus_pv_base_ccy
                     else abacus_pv_base_ccy end
               ) as exposure
        from ""risk_prod"".""rmv_position""
        where investment_dept = 'Active Equities' and portfolio_type = 'IP' and product_type in ('Common Stock','Common Stock Private','Convertible_bond','Equity Swap','Private Emerging Mkt Fund', 'Synthetic Equity Index','Unit','Pooled Fund Absolute Return','Listed Warrant','Preferred Stock','REIT','Depository Receipt','Leveraged Loans') and long_short = 'LONG'
    ),
    
    analytics as (
        select business_date, node, analytic_name, analytic_value
        from ""risk_prod"".""rmv_analytics""
        where node in ('Active Equities','Asia','Europe','LatAm','North America','AE Enhanced Beta')
        and portfolio_type = 'IP' 
        and analytic_name in ('10 Year VaR', '10 Year Volatility','2 Year VaR', '2 Year Volatility','5 Year Expected Shortfall') 
        and (confidence_level is null or confidence_level = 0.95)
    )
    
    select q1.business_date, q1.node_name, q1.long_pv, analytics.analytic_name, analytics.analytic_value,
           (analytics.analytic_value / q1.long_pv) * 100 as ""% analytics""
    from (
        select ae_temp.business_date, ae_temp.investment_strat as node_name, sum(ae_temp.exposure) as long_pv
        from ae_temp
        group by ae_temp.investment_strat, ae_temp.business_date
    
        union
    
        select ae_temp.business_date, ae_temp.investment_dept as node_name, sum(ae_temp.exposure) as long_pv 
        from ae_temp
        group by ae_temp.investment_dept, ae_temp.business_date
    ) as q1
    right join analytics 
    on q1.business_date = analytics.business_date and q1.node_name = analytics.node
  ) ""custom_sql_query""
  HAVING (COUNT(1) > 0)
) ""t0"" ON 1=1
WHERE (""custom_sql_query"".""node_name"" = 'North America')
GROUP BY ""custom_sql_query"".""analytic_name"""
251f33a5075ccfd1ef9c2530b1faff0f2bb0232a38c7c6381d0a5a38fd0aeef9,"/* cppi::251f33a5075ccfd1ef9c2530b1faff0f2bb0232a38c7c6381d0a5a38fd0aeef9 */
SELECT 0 AS ""temp_calculation_4"",
  SUM(1) AS ""temp_calculation_1"",
  SUM((CASE WHEN (CAST(CAST(""custom_sql_query"".""business_date"" AS TIMESTAMP) AS DATE) = CAST('2025-06-10' AS DATE)) THEN ""custom_sql_query"".""analytic_value"" ELSE CAST(NULL AS DOUBLE) END)) AS ""temp_calculation_2"",
  SUM((CASE WHEN (CAST(CAST(""custom_sql_query"".""business_date"" AS TIMESTAMP) AS DATE) = ""t0"".""x_measure__0"") THEN ""custom_sql_query"".""analytic_value"" ELSE CAST(NULL AS DOUBLE) END)) AS ""temp_calculation_3"",
  ""custom_sql_query"".""analytic_name"" AS ""analytic_name"",
  SUM((CASE WHEN (CAST(CAST(""custom_sql_query"".""business_date"" AS TIMESTAMP) AS DATE) = ""t0"".""x_measure__0"") THEN ""custom_sql_query"".""% analytics"" ELSE CAST(NULL AS DOUBLE) END)) AS ""sum_01_current_ana"",
  SUM((CASE WHEN (CAST(CAST(""custom_sql_query"".""business_date"" AS TIMESTAMP) AS DATE) = CAST('2025-06-10' AS DATE)) THEN ""custom_sql_query"".""% analytics"" ELSE CAST(NULL AS DOUBLE) END)) AS ""sum_01_current_an1""
FROM (
  with ae_temp as (
      select investment_dept, investment_strat, business_date,
             (case when (product_type = 'Equity Swap' and maturity_date = business_date and abacus_notional_base_ccy = 0) then abacus_pv_base_ccy
                   when (product_type = 'Equity Swap' and maturity_date = business_date and abacus_notional_base_ccy <> 0) then 0
                   when (product_type = 'Equity Swap') then abacus_notional_base_ccy + abacus_pv_base_ccy
                   when (product_type = 'Convertible_bond' and abacus_notional_base_ccy = 0) then 0 
                   when (product_type = 'Convertible_bond' and abacus_notional_base_ccy <> 0) then abacus_pv_base_ccy
                   else abacus_pv_base_ccy end
             ) as exposure
      from ""risk_prod"".""rmv_position""
      where investment_dept = 'Active Equities' and portfolio_type = 'IP' and product_type in ('Common Stock','Common Stock Private','Convertible_bond','Equity Swap','Private Emerging Mkt Fund', 'Synthetic Equity Index','Unit','Pooled Fund Absolute Return','Listed Warrant','Preferred Stock','REIT','Depository Receipt','Leveraged Loans') and long_short = 'LONG'
  ),
  
  analytics as (
      select business_date, node, analytic_name, analytic_value
      from ""risk_prod"".""rmv_analytics""
      where node in ('Active Equities','Asia','Europe','LatAm','North America','AE Enhanced Beta')
      and portfolio_type = 'IP' 
      and analytic_name in ('10 Year VaR', '10 Year Volatility','2 Year VaR', '2 Year Volatility','5 Year Expected Shortfall') 
      and (confidence_level is null or confidence_level = 0.95)
  )
  
  select q1.business_date, q1.node_name, q1.long_pv, analytics.analytic_name, analytics.analytic_value,
         (analytics.analytic_value / q1.long_pv) * 100 as ""% analytics""
  from (
      select ae_temp.business_date, ae_temp.investment_strat as node_name, sum(ae_temp.exposure) as long_pv
      from ae_temp
      group by ae_temp.investment_strat, ae_temp.business_date
  
      union
  
      select ae_temp.business_date, ae_temp.investment_dept as node_name, sum(ae_temp.exposure) as long_pv 
      from ae_temp
      group by ae_temp.investment_dept, ae_temp.business_date
  ) as q1
  right join analytics 
  on q1.business_date = analytics.business_date and q1.node_name = analytics.node
) ""custom_sql_query""
  INNER JOIN (
  SELECT MAX((CASE WHEN (CAST(CAST(""custom_sql_query"".""business_date"" AS TIMESTAMP) AS DATE) < CAST('2025-06-10' AS DATE)) THEN CAST(CAST(""custom_sql_query"".""business_date"" AS TIMESTAMP) AS DATE) ELSE CAST(NULL AS TIMESTAMP) END)) AS ""x_measure__0"",
    COUNT(1) AS ""x__alias__0""
  FROM (
    with ae_temp as (
        select investment_dept, investment_strat, business_date,
               (case when (product_type = 'Equity Swap' and maturity_date = business_date and abacus_notional_base_ccy = 0) then abacus_pv_base_ccy
                     when (product_type = 'Equity Swap' and maturity_date = business_date and abacus_notional_base_ccy <> 0) then 0
                     when (product_type = 'Equity Swap') then abacus_notional_base_ccy + abacus_pv_base_ccy
                     when (product_type = 'Convertible_bond' and abacus_notional_base_ccy = 0) then 0 
                     when (product_type = 'Convertible_bond' and abacus_notional_base_ccy <> 0) then abacus_pv_base_ccy
                     else abacus_pv_base_ccy end
               ) as exposure
        from ""risk_prod"".""rmv_position""
        where investment_dept = 'Active Equities' and portfolio_type = 'IP' and product_type in ('Common Stock','Common Stock Private','Convertible_bond','Equity Swap','Private Emerging Mkt Fund', 'Synthetic Equity Index','Unit','Pooled Fund Absolute Return','Listed Warrant','Preferred Stock','REIT','Depository Receipt','Leveraged Loans') and long_short = 'LONG'
    ),
    
    analytics as (
        select business_date, node, analytic_name, analytic_value
        from ""risk_prod"".""rmv_analytics""
        where node in ('Active Equities','Asia','Europe','LatAm','North America','AE Enhanced Beta')
        and portfolio_type = 'IP' 
        and analytic_name in ('10 Year VaR', '10 Year Volatility','2 Year VaR', '2 Year Volatility','5 Year Expected Shortfall') 
        and (confidence_level is null or confidence_level = 0.95)
    )
    
    select q1.business_date, q1.node_name, q1.long_pv, analytics.analytic_name, analytics.analytic_value,
           (analytics.analytic_value / q1.long_pv) * 100 as ""% analytics""
    from (
        select ae_temp.business_date, ae_temp.investment_strat as node_name, sum(ae_temp.exposure) as long_pv
        from ae_temp
        group by ae_temp.investment_strat, ae_temp.business_date
    
        union
    
        select ae_temp.business_date, ae_temp.investment_dept as node_name, sum(ae_temp.exposure) as long_pv 
        from ae_temp
        group by ae_temp.investment_dept, ae_temp.business_date
    ) as q1
    right join analytics 
    on q1.business_date = analytics.business_date and q1.node_name = analytics.node
  ) ""custom_sql_query""
  HAVING (COUNT(1) > 0)
) ""t0"" ON 1=1
WHERE (""custom_sql_query"".""node_name"" = 'North America')
GROUP BY ""custom_sql_query"".""analytic_name"""
892bee54f0c163d4f4a930c581fa0c0e5a7dd866f960177071ed28e907d03487,"/* cppi::892bee54f0c163d4f4a930c581fa0c0e5a7dd866f960177071ed28e907d03487 */
select * from dim_chron where business_date='2025-06-10'  and canonical_source='1'"
0703e8434d42ff28d9317a5f60423704a8fb6585db6d3bec144c7c84f916348e,"/* cppi::0703e8434d42ff28d9317a5f60423704a8fb6585db6d3bec144c7c84f916348e */
-- Athena JDBC driver connection test
SELECT 1"
b5dad83268616b86c8e18267231fc2a3f70b2cfef7631c8af2b149fec252c501,"/* cppi::b5dad83268616b86c8e18267231fc2a3f70b2cfef7631c8af2b149fec252c501 */
select 
var.benchmark_name,
var.hierarchy_type,
var.hierarchy_node,
CAST(var.var95 AS decimal(22,6)) as var95,
CAST(b.mean AS decimal(22,6)) as mean,
CAST(c.vol AS decimal(22,6)) as vol,
CAST(d.cs01 AS decimal(22,6)) as cs01,
CAST(e.dv01 AS decimal(22,6)) as dv01,
CAST(f.pv AS decimal(22,6)) as pv
from (
select benchmark_name, hierarchy_type, hierarchy_node, analytic_value as ""var95"", run_id from
radar_reporting_uat.benchmark_analytic_active_risk_var
where business_date = '2025-06-05' 
and benchmark_name = 'SAP BCPP' and hierarchy_type = 'sa_bcpp'
and analytic_type = 'VAR_10YR' and percent_confidence_level = 95 and run_id = 'SAP_BCPP'
) as var
left join 
(select benchmark_name, hierarchy_type, hierarchy_node, analytic_value as ""mean"", run_id from
radar_reporting_uat.benchmark_analytic_active_risk_mean 
where business_date = '2025-06-05' and analytic_type = 'MEAN_10YR'
) as b on var.run_id = b.run_id and b.benchmark_name = var.benchmark_name   
and b.hierarchy_type = var.hierarchy_type and b.hierarchy_node = var.hierarchy_node
left join 
(select benchmark_name, hierarchy_type, hierarchy_node, analytic_value as ""vol"", run_id from
radar_reporting_uat.benchmark_analytic_active_risk_vol 
where business_date = '2025-06-05' and analytic_type = 'VOLATILITY_10YR'
) as c on var.run_id = c.run_id and c.benchmark_name = var.benchmark_name 
and c.hierarchy_type = var.hierarchy_type and c.hierarchy_node = var.hierarchy_node
left join
(
select benchmark_name,  hierarchy_type, hierarchy_node, sum(total) as cs01, run_id
from (
select *, reduce(cs01, 0 , (s, x) -> s + x, s -> s) AS total from
radar_reporting_uat.benchmark_analytic_active_risk_cs01
where business_date = '2025-06-05' 
) group by benchmark_name, hierarchy_type, hierarchy_node, run_id
) as d on var.run_id = d.run_id and d.benchmark_name = var.benchmark_name 
and d.hierarchy_type = var.hierarchy_type and d.hierarchy_node = var.hierarchy_node
left join
(
select benchmark_name,  hierarchy_type, hierarchy_node, sum(total) as dv01, run_id
from (
select *, reduce(dv01, 0 , (s, x) -> s + x, s -> s) AS total from
radar_reporting_uat.benchmark_analytic_active_risk_dv01
where business_date = '2025-06-05' 
) group by benchmark_name, hierarchy_type, hierarchy_node, run_id
) as e on var.run_id = e.run_id and e.benchmark_name = var.benchmark_name 
and e.hierarchy_type = var.hierarchy_type and e.hierarchy_node = var.hierarchy_node
left join 
(select benchmark_name, hierarchy_type, hierarchy_node, node_level, pv, run_id from
radar_reporting_uat.benchmark_analytic_pv 
where business_date = '2025-06-05'
) as f on var.run_id = f.run_id and f.benchmark_name = var.benchmark_name 
and f.hierarchy_type = var.hierarchy_type and f.hierarchy_node = var.hierarchy_node 
and f.node_level = 1"
b5dad83268616b86c8e18267231fc2a3f70b2cfef7631c8af2b149fec252c501,"/* cppi::b5dad83268616b86c8e18267231fc2a3f70b2cfef7631c8af2b149fec252c501 */
select 
var.benchmark_name,
var.hierarchy_type,
var.hierarchy_node,
CAST(var.var95 AS decimal(22,6)) as var95,
CAST(b.mean AS decimal(22,6)) as mean,
CAST(c.vol AS decimal(22,6)) as vol,
CAST(d.cs01 AS decimal(22,6)) as cs01,
CAST(e.dv01 AS decimal(22,6)) as dv01,
CAST(f.pv AS decimal(22,6)) as pv
from (
select benchmark_name, hierarchy_type, hierarchy_node, analytic_value as ""var95"", run_id from
radar_reporting_uat.benchmark_analytic_active_risk_var
where business_date = '2025-06-05' 
and benchmark_name = 'SAP BCPP' and hierarchy_type = 'sa_bcpp'
and analytic_type = 'VAR_10YR' and percent_confidence_level = 95 and run_id = 'SAP_BCPP'
) as var
left join 
(select benchmark_name, hierarchy_type, hierarchy_node, analytic_value as ""mean"", run_id from
radar_reporting_uat.benchmark_analytic_active_risk_mean 
where business_date = '2025-06-05' and analytic_type = 'MEAN_10YR'
) as b on var.run_id = b.run_id and b.benchmark_name = var.benchmark_name   
and b.hierarchy_type = var.hierarchy_type and b.hierarchy_node = var.hierarchy_node
left join 
(select benchmark_name, hierarchy_type, hierarchy_node, analytic_value as ""vol"", run_id from
radar_reporting_uat.benchmark_analytic_active_risk_vol 
where business_date = '2025-06-05' and analytic_type = 'VOLATILITY_10YR'
) as c on var.run_id = c.run_id and c.benchmark_name = var.benchmark_name 
and c.hierarchy_type = var.hierarchy_type and c.hierarchy_node = var.hierarchy_node
left join
(
select benchmark_name,  hierarchy_type, hierarchy_node, sum(total) as cs01, run_id
from (
select *, reduce(cs01, 0 , (s, x) -> s + x, s -> s) AS total from
radar_reporting_uat.benchmark_analytic_active_risk_cs01
where business_date = '2025-06-05' 
) group by benchmark_name, hierarchy_type, hierarchy_node, run_id
) as d on var.run_id = d.run_id and d.benchmark_name = var.benchmark_name 
and d.hierarchy_type = var.hierarchy_type and d.hierarchy_node = var.hierarchy_node
left join
(
select benchmark_name,  hierarchy_type, hierarchy_node, sum(total) as dv01, run_id
from (
select *, reduce(dv01, 0 , (s, x) -> s + x, s -> s) AS total from
radar_reporting_uat.benchmark_analytic_active_risk_dv01
where business_date = '2025-06-05' 
) group by benchmark_name, hierarchy_type, hierarchy_node, run_id
) as e on var.run_id = e.run_id and e.benchmark_name = var.benchmark_name 
and e.hierarchy_type = var.hierarchy_type and e.hierarchy_node = var.hierarchy_node
left join 
(select benchmark_name, hierarchy_type, hierarchy_node, node_level, pv, run_id from
radar_reporting_uat.benchmark_analytic_pv 
where business_date = '2025-06-05'
) as f on var.run_id = f.run_id and f.benchmark_name = var.benchmark_name 
and f.hierarchy_type = var.hierarchy_type and f.hierarchy_node = var.hierarchy_node 
and f.node_level = 1"
b5dad83268616b86c8e18267231fc2a3f70b2cfef7631c8af2b149fec252c501,"/* cppi::b5dad83268616b86c8e18267231fc2a3f70b2cfef7631c8af2b149fec252c501 */
select 
var.benchmark_name,
var.hierarchy_type,
var.hierarchy_node,
CAST(var.var95 AS decimal(22,6)) as var95,
CAST(b.mean AS decimal(22,6)) as mean,
CAST(c.vol AS decimal(22,6)) as vol,
CAST(d.cs01 AS decimal(22,6)) as cs01,
CAST(e.dv01 AS decimal(22,6)) as dv01,
CAST(f.pv AS decimal(22,6)) as pv
from (
select benchmark_name, hierarchy_type, hierarchy_node, analytic_value as ""var95"", run_id from
radar_reporting_uat.benchmark_analytic_active_risk_var
where business_date = '2025-06-05' 
and benchmark_name = 'SAP BCPP' and hierarchy_type = 'sa_bcpp'
and analytic_type = 'VAR_10YR' and percent_confidence_level = 95 and run_id = 'SAP_BCPP'
) as var
left join 
(select benchmark_name, hierarchy_type, hierarchy_node, analytic_value as ""mean"", run_id from
radar_reporting_uat.benchmark_analytic_active_risk_mean 
where business_date = '2025-06-05' and analytic_type = 'MEAN_10YR'
) as b on var.run_id = b.run_id and b.benchmark_name = var.benchmark_name   
and b.hierarchy_type = var.hierarchy_type and b.hierarchy_node = var.hierarchy_node
left join 
(select benchmark_name, hierarchy_type, hierarchy_node, analytic_value as ""vol"", run_id from
radar_reporting_uat.benchmark_analytic_active_risk_vol 
where business_date = '2025-06-05' and analytic_type = 'VOLATILITY_10YR'
) as c on var.run_id = c.run_id and c.benchmark_name = var.benchmark_name 
and c.hierarchy_type = var.hierarchy_type and c.hierarchy_node = var.hierarchy_node
left join
(
select benchmark_name,  hierarchy_type, hierarchy_node, sum(total) as cs01, run_id
from (
select *, reduce(cs01, 0 , (s, x) -> s + x, s -> s) AS total from
radar_reporting_uat.benchmark_analytic_active_risk_cs01
where business_date = '2025-06-05' 
) group by benchmark_name, hierarchy_type, hierarchy_node, run_id
) as d on var.run_id = d.run_id and d.benchmark_name = var.benchmark_name 
and d.hierarchy_type = var.hierarchy_type and d.hierarchy_node = var.hierarchy_node
left join
(
select benchmark_name,  hierarchy_type, hierarchy_node, sum(total) as dv01, run_id
from (
select *, reduce(dv01, 0 , (s, x) -> s + x, s -> s) AS total from
radar_reporting_uat.benchmark_analytic_active_risk_dv01
where business_date = '2025-06-05' 
) group by benchmark_name, hierarchy_type, hierarchy_node, run_id
) as e on var.run_id = e.run_id and e.benchmark_name = var.benchmark_name 
and e.hierarchy_type = var.hierarchy_type and e.hierarchy_node = var.hierarchy_node
left join 
(select benchmark_name, hierarchy_type, hierarchy_node, node_level, pv, run_id from
radar_reporting_uat.benchmark_analytic_pv 
where business_date = '2025-06-05'
) as f on var.run_id = f.run_id and f.benchmark_name = var.benchmark_name 
and f.hierarchy_type = var.hierarchy_type and f.hierarchy_node = var.hierarchy_node 
and f.node_level = 1"
b5dad83268616b86c8e18267231fc2a3f70b2cfef7631c8af2b149fec252c501,"/* cppi::b5dad83268616b86c8e18267231fc2a3f70b2cfef7631c8af2b149fec252c501 */
select 
var.benchmark_name,
var.hierarchy_type,
var.hierarchy_node,
CAST(var.var95 AS decimal(22,6)) as var95,
CAST(b.mean AS decimal(22,6)) as mean,
CAST(c.vol AS decimal(22,6)) as vol,
CAST(d.cs01 AS decimal(22,6)) as cs01,
CAST(e.dv01 AS decimal(22,6)) as dv01,
CAST(f.pv AS decimal(22,6)) as pv
from (
select benchmark_name, hierarchy_type, hierarchy_node, analytic_value as ""var95"", run_id from
radar_reporting_uat.benchmark_analytic_active_risk_var
where business_date = '2025-06-05' 
and benchmark_name = 'SAP BCPP' and hierarchy_type = 'sa_bcpp'
and analytic_type = 'VAR_10YR' and percent_confidence_level = 95 and run_id = 'SAP_BCPP'
) as var
left join 
(select benchmark_name, hierarchy_type, hierarchy_node, analytic_value as ""mean"", run_id from
radar_reporting_uat.benchmark_analytic_active_risk_mean 
where business_date = '2025-06-05' and analytic_type = 'MEAN_10YR'
) as b on var.run_id = b.run_id and b.benchmark_name = var.benchmark_name   
and b.hierarchy_type = var.hierarchy_type and b.hierarchy_node = var.hierarchy_node
left join 
(select benchmark_name, hierarchy_type, hierarchy_node, analytic_value as ""vol"", run_id from
radar_reporting_uat.benchmark_analytic_active_risk_vol 
where business_date = '2025-06-05' and analytic_type = 'VOLATILITY_10YR'
) as c on var.run_id = c.run_id and c.benchmark_name = var.benchmark_name 
and c.hierarchy_type = var.hierarchy_type and c.hierarchy_node = var.hierarchy_node
left join
(
select benchmark_name,  hierarchy_type, hierarchy_node, sum(total) as cs01, run_id
from (
select *, reduce(cs01, 0 , (s, x) -> s + x, s -> s) AS total from
radar_reporting_uat.benchmark_analytic_active_risk_cs01
where business_date = '2025-06-05' 
) group by benchmark_name, hierarchy_type, hierarchy_node, run_id
) as d on var.run_id = d.run_id and d.benchmark_name = var.benchmark_name 
and d.hierarchy_type = var.hierarchy_type and d.hierarchy_node = var.hierarchy_node
left join
(
select benchmark_name,  hierarchy_type, hierarchy_node, sum(total) as dv01, run_id
from (
select *, reduce(dv01, 0 , (s, x) -> s + x, s -> s) AS total from
radar_reporting_uat.benchmark_analytic_active_risk_dv01
where business_date = '2025-06-05' 
) group by benchmark_name, hierarchy_type, hierarchy_node, run_id
) as e on var.run_id = e.run_id and e.benchmark_name = var.benchmark_name 
and e.hierarchy_type = var.hierarchy_type and e.hierarchy_node = var.hierarchy_node
left join 
(select benchmark_name, hierarchy_type, hierarchy_node, node_level, pv, run_id from
radar_reporting_uat.benchmark_analytic_pv 
where business_date = '2025-06-05'
) as f on var.run_id = f.run_id and f.benchmark_name = var.benchmark_name 
and f.hierarchy_type = var.hierarchy_type and f.hierarchy_node = var.hierarchy_node 
and f.node_level = 1"
b5dad83268616b86c8e18267231fc2a3f70b2cfef7631c8af2b149fec252c501,"/* cppi::b5dad83268616b86c8e18267231fc2a3f70b2cfef7631c8af2b149fec252c501 */
select 
var.benchmark_name,
var.hierarchy_type,
var.hierarchy_node,
CAST(var.var95 AS decimal(22,6)) as var95,
CAST(b.mean AS decimal(22,6)) as mean,
CAST(c.vol AS decimal(22,6)) as vol,
CAST(d.cs01 AS decimal(22,6)) as cs01,
CAST(e.dv01 AS decimal(22,6)) as dv01,
CAST(f.pv AS decimal(22,6)) as pv
from (
select benchmark_name, hierarchy_type, hierarchy_node, analytic_value as ""var95"", run_id from
radar_reporting_uat.benchmark_analytic_active_risk_var
where business_date = '2025-06-05' 
and benchmark_name = 'SAP BCPP' and hierarchy_type = 'sa_bcpp'
and analytic_type = 'VAR_10YR' and percent_confidence_level = 95 and run_id = 'SAP_BCPP'
) as var
left join 
(select benchmark_name, hierarchy_type, hierarchy_node, analytic_value as ""mean"", run_id from
radar_reporting_uat.benchmark_analytic_active_risk_mean 
where business_date = '2025-06-05' and analytic_type = 'MEAN_10YR'
) as b on var.run_id = b.run_id and b.benchmark_name = var.benchmark_name   
and b.hierarchy_type = var.hierarchy_type and b.hierarchy_node = var.hierarchy_node
left join 
(select benchmark_name, hierarchy_type, hierarchy_node, analytic_value as ""vol"", run_id from
radar_reporting_uat.benchmark_analytic_active_risk_vol 
where business_date = '2025-06-05' and analytic_type = 'VOLATILITY_10YR'
) as c on var.run_id = c.run_id and c.benchmark_name = var.benchmark_name 
and c.hierarchy_type = var.hierarchy_type and c.hierarchy_node = var.hierarchy_node
left join
(
select benchmark_name,  hierarchy_type, hierarchy_node, sum(total) as cs01, run_id
from (
select *, reduce(cs01, 0 , (s, x) -> s + x, s -> s) AS total from
radar_reporting_uat.benchmark_analytic_active_risk_cs01
where business_date = '2025-06-05' 
) group by benchmark_name, hierarchy_type, hierarchy_node, run_id
) as d on var.run_id = d.run_id and d.benchmark_name = var.benchmark_name 
and d.hierarchy_type = var.hierarchy_type and d.hierarchy_node = var.hierarchy_node
left join
(
select benchmark_name,  hierarchy_type, hierarchy_node, sum(total) as dv01, run_id
from (
select *, reduce(dv01, 0 , (s, x) -> s + x, s -> s) AS total from
radar_reporting_uat.benchmark_analytic_active_risk_dv01
where business_date = '2025-06-05' 
) group by benchmark_name, hierarchy_type, hierarchy_node, run_id
) as e on var.run_id = e.run_id and e.benchmark_name = var.benchmark_name 
and e.hierarchy_type = var.hierarchy_type and e.hierarchy_node = var.hierarchy_node
left join 
(select benchmark_name, hierarchy_type, hierarchy_node, node_level, pv, run_id from
radar_reporting_uat.benchmark_analytic_pv 
where business_date = '2025-06-05'
) as f on var.run_id = f.run_id and f.benchmark_name = var.benchmark_name 
and f.hierarchy_type = var.hierarchy_type and f.hierarchy_node = var.hierarchy_node 
and f.node_level = 1"
b5dad83268616b86c8e18267231fc2a3f70b2cfef7631c8af2b149fec252c501,"/* cppi::b5dad83268616b86c8e18267231fc2a3f70b2cfef7631c8af2b149fec252c501 */
select 
var.benchmark_name,
var.hierarchy_type,
var.hierarchy_node,
CAST(var.var95 AS decimal(22,6)) as var95,
CAST(b.mean AS decimal(22,6)) as mean,
CAST(c.vol AS decimal(22,6)) as vol,
CAST(d.cs01 AS decimal(22,6)) as cs01,
CAST(e.dv01 AS decimal(22,6)) as dv01,
CAST(f.pv AS decimal(22,6)) as pv
from (
select benchmark_name, hierarchy_type, hierarchy_node, analytic_value as ""var95"", run_id from
radar_reporting_uat.benchmark_analytic_active_risk_var
where business_date = '2025-06-05' 
and benchmark_name = 'SAP BCPP' and hierarchy_type = 'sa_bcpp'
and analytic_type = 'VAR_10YR' and percent_confidence_level = 95 and run_id = 'SAP_BCPP'
) as var
left join 
(select benchmark_name, hierarchy_type, hierarchy_node, analytic_value as ""mean"", run_id from
radar_reporting_uat.benchmark_analytic_active_risk_mean 
where business_date = '2025-06-05' and analytic_type = 'MEAN_10YR'
) as b on var.run_id = b.run_id and b.benchmark_name = var.benchmark_name   
and b.hierarchy_type = var.hierarchy_type and b.hierarchy_node = var.hierarchy_node
left join 
(select benchmark_name, hierarchy_type, hierarchy_node, analytic_value as ""vol"", run_id from
radar_reporting_uat.benchmark_analytic_active_risk_vol 
where business_date = '2025-06-05' and analytic_type = 'VOLATILITY_10YR'
) as c on var.run_id = c.run_id and c.benchmark_name = var.benchmark_name 
and c.hierarchy_type = var.hierarchy_type and c.hierarchy_node = var.hierarchy_node
left join
(
select benchmark_name,  hierarchy_type, hierarchy_node, sum(total) as cs01, run_id
from (
select *, reduce(cs01, 0 , (s, x) -> s + x, s -> s) AS total from
radar_reporting_uat.benchmark_analytic_active_risk_cs01
where business_date = '2025-06-05' 
) group by benchmark_name, hierarchy_type, hierarchy_node, run_id
) as d on var.run_id = d.run_id and d.benchmark_name = var.benchmark_name 
and d.hierarchy_type = var.hierarchy_type and d.hierarchy_node = var.hierarchy_node
left join
(
select benchmark_name,  hierarchy_type, hierarchy_node, sum(total) as dv01, run_id
from (
select *, reduce(dv01, 0 , (s, x) -> s + x, s -> s) AS total from
radar_reporting_uat.benchmark_analytic_active_risk_dv01
where business_date = '2025-06-05' 
) group by benchmark_name, hierarchy_type, hierarchy_node, run_id
) as e on var.run_id = e.run_id and e.benchmark_name = var.benchmark_name 
and e.hierarchy_type = var.hierarchy_type and e.hierarchy_node = var.hierarchy_node
left join 
(select benchmark_name, hierarchy_type, hierarchy_node, node_level, pv, run_id from
radar_reporting_uat.benchmark_analytic_pv 
where business_date = '2025-06-05'
) as f on var.run_id = f.run_id and f.benchmark_name = var.benchmark_name 
and f.hierarchy_type = var.hierarchy_type and f.hierarchy_node = var.hierarchy_node 
and f.node_level = 1"
