UNQ_ALIAS,QUERY_TEXT
33cc710e60ddf1139b1900fe84e07dd0af2b1bf20c1d92a422749381a2f58afd,"/* cppi::33cc710e60ddf1139b1900fe84e07dd0af2b1bf20c1d92a422749381a2f58afd */
SELECT * FROM ""market"".""bloomberg_bps_price_index_latest"" WHERE UPPER(ticker) = 'S5TELS INDEX' AND business_date >= to_date('2024-06-13', 'yyyy-mm-dd') AND business_date < to_date('2025-06-13', 'yyyy-mm-dd')"
4777a19b83dbae1061823fe345826395fc5e2e68a9e4f7a1a4c72405e6955e06,"/* cppi::4777a19b83dbae1061823fe345826395fc5e2e68a9e4f7a1a4c72405e6955e06 */
SELECT
	client_ip,
	MAX_BY(counter, counter) as max_counter_per_min
 FROM (
	WITH logs_with_concat_data AS (
		SELECT
			client_ip,
			target_status_code AS status,
			parse_datetime(time, 'yyyy-MM-dd''T''HH:mm:ss.SSSSSS''Z') AS datetime
		FROM
			wafprodcloudformationstac_ispj5m.app_access_logs
		WHERE year = 2025
		AND month = 06
		AND day = 14
		AND hour between 22 and 23
	)
	SELECT
		client_ip,
		COUNT(*) as counter
	FROM
		logs_with_concat_data
	WHERE
		datetime > TIMESTAMP '2025-06-14 22:55:24'
		AND status = ANY (VALUES '400', '401', '403', '404', '405')
	GROUP BY
		client_ip,
		date_trunc('minute', datetime)
	HAVING
		COUNT(*) >= 500
) GROUP BY
	client_ip
ORDER BY
	max_counter_per_min DESC
LIMIT 10000"
5d181ae45ad8fdaa54a64054a56b4289371b64a424ea02f31af2ab7a556bae57,"/* cppi::5d181ae45ad8fdaa54a64054a56b4289371b64a424ea02f31af2ab7a556bae57 */
SELECT * FROM ""market"".""bloomberg_bps_price_index_latest"" WHERE UPPER(ticker) = 'CSIN0905 INDEX' AND business_date >= to_date('2024-06-13', 'yyyy-mm-dd') AND business_date < to_date('2025-06-13', 'yyyy-mm-dd')"
7ffbbde06b329ae6e5956f0f8dc51a28bc5f7f1ea95e7cf509c34ad33248640a,"/* cppi::7ffbbde06b329ae6e5956f0f8dc51a28bc5f7f1ea95e7cf509c34ad33248640a */
SELECT * FROM ""market"".""bloomberg_bps_price_index_latest"" WHERE UPPER(ticker) = 'EDPR PL EQUITY' AND business_date >= to_date('2024-06-13', 'yyyy-mm-dd') AND business_date < to_date('2025-06-13', 'yyyy-mm-dd')"
315cee548889317950dbcbecedb6ecf001fefe05410e3e27261343f84efea5cd,"/* cppi::315cee548889317950dbcbecedb6ecf001fefe05410e3e27261343f84efea5cd */
SELECT
	client_ip,
	MAX_BY(counter, counter) as max_counter_per_min
 FROM (
	WITH logs_with_concat_data AS (
		SELECT
			httprequest.clientip as client_ip,
			from_unixtime(timestamp/1000) as datetime
		FROM
			publicinboundwafprod_yn4b94.waf_access_logs
		WHERE year = 2025
		AND month = 06
		AND day = 14
		AND hour between 01 and 02
	)
	SELECT
		client_ip,
		COUNT(*) as counter
	FROM
		logs_with_concat_data
	WHERE
		datetime > TIMESTAMP '2025-06-14 01:03:00'
	GROUP BY
		client_ip,
		date_trunc('minute', datetime)
	HAVING
		COUNT(*) >= 10000.0
) GROUP BY
	client_ip
ORDER BY
	max_counter_per_min DESC
LIMIT 10000"
f796f15116f7c3ebb81d2cd938f0d6f2181fb4489a462b8b18e5e07ab3bf42df,"/* cppi::f796f15116f7c3ebb81d2cd938f0d6f2181fb4489a462b8b18e5e07ab3bf42df */
SELECT
	client_ip,
	MAX_BY(counter, counter) as max_counter_per_min
 FROM (
	WITH logs_with_concat_data AS (
		SELECT
			client_ip,
			target_status_code AS status,
			parse_datetime(time, 'yyyy-MM-dd''T''HH:mm:ss.SSSSSS''Z') AS datetime
		FROM
			wafprodcloudformationstac_ispj5m.app_access_logs
		WHERE year = 2025
		AND month = 06
		AND day = 14
		AND hour between 12 and 13
	)
	SELECT
		client_ip,
		COUNT(*) as counter
	FROM
		logs_with_concat_data
	WHERE
		datetime > TIMESTAMP '2025-06-14 12:45:24'
		AND status = ANY (VALUES '400', '401', '403', '404', '405')
	GROUP BY
		client_ip,
		date_trunc('minute', datetime)
	HAVING
		COUNT(*) >= 500
) GROUP BY
	client_ip
ORDER BY
	max_counter_per_min DESC
LIMIT 10000"
da2c41b9ec9ccd8394c9e79a78ba49a5859706010393ad95cc9d288780a13ce9,"/* cppi::da2c41b9ec9ccd8394c9e79a78ba49a5859706010393ad95cc9d288780a13ce9 */
SELECT
	client_ip,
	MAX_BY(counter, counter) as max_counter_per_min
 FROM (
	WITH logs_with_concat_data AS (
		SELECT
			httprequest.clientip as client_ip,
			from_unixtime(timestamp/1000) as datetime
		FROM
			publicinboundwafprod_yn4b94.waf_access_logs
		WHERE year = 2025
		AND month = 06
		AND day = 14
		AND hour between 00 and 01
	)
	SELECT
		client_ip,
		COUNT(*) as counter
	FROM
		logs_with_concat_data
	WHERE
		datetime > TIMESTAMP '2025-06-14 00:23:00'
	GROUP BY
		client_ip,
		date_trunc('minute', datetime)
	HAVING
		COUNT(*) >= 10000.0
) GROUP BY
	client_ip
ORDER BY
	max_counter_per_min DESC
LIMIT 10000"
037f12ddd09382493e4211bd01d2246c9aef0b7a5bacdd4d776963149b7a73be,"/* cppi::037f12ddd09382493e4211bd01d2246c9aef0b7a5bacdd4d776963149b7a73be */
SELECT
	client_ip,
	MAX_BY(counter, counter) as max_counter_per_min
 FROM (
	WITH logs_with_concat_data AS (
		SELECT
			httprequest.clientip as client_ip,
			from_unixtime(timestamp/1000) as datetime
		FROM
			publicinboundwafprod_yn4b94.waf_access_logs
		WHERE year = 2025
		AND month = 06
		AND day = 14
		AND hour between 18 and 19
	)
	SELECT
		client_ip,
		COUNT(*) as counter
	FROM
		logs_with_concat_data
	WHERE
		datetime > TIMESTAMP '2025-06-14 18:13:00'
	GROUP BY
		client_ip,
		date_trunc('minute', datetime)
	HAVING
		COUNT(*) >= 10000.0
) GROUP BY
	client_ip
ORDER BY
	max_counter_per_min DESC
LIMIT 10000"
36b76253cfd4c2224058301d52b2c1f004b3399b4ab29e99d7e9136e92376d16,"/* cppi::36b76253cfd4c2224058301d52b2c1f004b3399b4ab29e99d7e9136e92376d16 */
select * from df_enriched_prod.idm_api_timeseries_meta where feed_name = 'bbg.index' and api_item_name in ('high_price','px_last','last_price','open_price','low_price','px_last_eod') and (entity_id_1 in ('A51 N:02_0_N Index','A52 N:02_0_N Index','AI1 N:02_0_N Index','AI2 N:02_0_N Index'))"
ecf35b11b17e70a8bf7a1b31ce8309051afa2c8389b5e9359b314179706f9aa8,"/* cppi::ecf35b11b17e70a8bf7a1b31ce8309051afa2c8389b5e9359b314179706f9aa8 */
SELECT
	client_ip,
	MAX_BY(counter, counter) as max_counter_per_min
 FROM (
	WITH logs_with_concat_data AS (
		SELECT
			client_ip,
			target_status_code AS status,
			parse_datetime(time, 'yyyy-MM-dd''T''HH:mm:ss.SSSSSS''Z') AS datetime
		FROM
			publicinboundwafnonprod_azf8db.app_access_logs
		WHERE year = 2025
		AND month = 06
		AND (
			(day = 13 AND hour >= 23)
			OR (day = 14 AND hour <= 00)
		)

	)
	SELECT
		client_ip,
		COUNT(*) as counter
	FROM
		logs_with_concat_data
	WHERE
		datetime > TIMESTAMP '2025-06-13 23:56:23'
		AND status = ANY (VALUES '400', '401', '403', '404', '405')
	GROUP BY
		client_ip,
		date_trunc('minute', datetime)
	HAVING
		COUNT(*) >= 500
) GROUP BY
	client_ip
ORDER BY
	max_counter_per_min DESC
LIMIT 10000"
6e65c5d54df1e732877e788602d4f41d228c7f8874ad4ad47bf597e4ece78b8a,"/* cppi::6e65c5d54df1e732877e788602d4f41d228c7f8874ad4ad47bf597e4ece78b8a */
SELECT
	client_ip,
	MAX_BY(counter, counter) as max_counter_per_min
 FROM (
	WITH logs_with_concat_data AS (
		SELECT
			client_ip,
			target_status_code AS status,
			parse_datetime(time, 'yyyy-MM-dd''T''HH:mm:ss.SSSSSS''Z') AS datetime
		FROM
			wafprodcloudformationstac_ispj5m.app_access_logs
		WHERE year = 2025
		AND month = 06
		AND day = 14
		AND hour between 14 and 15
	)
	SELECT
		client_ip,
		COUNT(*) as counter
	FROM
		logs_with_concat_data
	WHERE
		datetime > TIMESTAMP '2025-06-14 14:30:24'
		AND status = ANY (VALUES '400', '401', '403', '404', '405')
	GROUP BY
		client_ip,
		date_trunc('minute', datetime)
	HAVING
		COUNT(*) >= 500
) GROUP BY
	client_ip
ORDER BY
	max_counter_per_min DESC
LIMIT 10000"
099dcb4c8eb526765992533fc623fa34f6c364269093f8e265479aa27f30408e,"/* cppi::099dcb4c8eb526765992533fc623fa34f6c364269093f8e265479aa27f30408e */
SELECT * FROM ""market"".""bloomberg_bps_price_index_latest"" WHERE UPPER(ticker) = 'VBP0001M INDEX' AND business_date >= to_date('2021-09-24', 'yyyy-mm-dd') AND business_date < to_date('2023-06-01', 'yyyy-mm-dd')"
37231acbb9683e2f11010852d6a2bf0ecf21f101acda36172b156b52485a7267,"/* cppi::37231acbb9683e2f11010852d6a2bf0ecf21f101acda36172b156b52485a7267 */
SELECT * FROM ""market"".""bloomberg_bps_price_index_latest"" WHERE UPPER(ticker) = 'MTGEGNSF INDEX' AND business_date >= to_date('2024-06-13', 'yyyy-mm-dd') AND business_date < to_date('2025-06-13', 'yyyy-mm-dd')"
605a17e750f395370e62b7e343253712421bc82c4faad1c030bd176d3f995958,"/* cppi::605a17e750f395370e62b7e343253712421bc82c4faad1c030bd176d3f995958 */
select 'bbg.index' as feed, field_name as itemName, bbg_code as entityId1, business_date  as timekey, numeric_value as tsValue, arrival_time as arrivalTime from df_enriched_prod.bloomberg_index_latest where field_name in ('px_last', 'last_price', 'px_last_eod', 'high_price', 'low_price', 'open_price') and bbg_code in ('A51 N:02_0_N Index', 'A52 N:02_0_N Index', 'AI1 N:02_0_N Index', 'AI2 N:02_0_N Index') and business_date >= date '2023-06-06'  and business_date <= date '2023-06-16'  and source in ('bloomberg_index_close_price_pit','bloomberg_index_ohlc_price_pit','bloomberg_eod_price_pit','bloomberg_index_ohlc_price_pit','bloomberg_index_ohlc_price_pit','bloomberg_index_ohlc_price_pit','bloomberg_customized_forward_pit','qsrp','qsrp','qsrp','qsrp','bloomberg_index_close_price_pit','bloomberg_index_ohlc_price_pit','bloomberg_eod_price_pit','bloomberg_index_ohlc_price_pit','bloomberg_index_ohlc_price_pit','bloomberg_index_ohlc_price_pit','bloomberg_customized_forward_pit')"
d74367f3bb002da5a587ce3b1a3de8998b412d67367f8efbd58626f5603c2ac5,"/* cppi::d74367f3bb002da5a587ce3b1a3de8998b412d67367f8efbd58626f5603c2ac5 */
select * from df_enriched_prod.idm_api_timeseries_meta where feed_name = 'bbg.index' and api_item_name in ('low_price','px_last','px_last_eod','last_price','high_price','open_price') and (entity_id_1 in ('A51 N:02_0_N Index','A52 N:02_0_N Index','AI1 N:02_0_N Index','AI2 N:02_0_N Index'))"
e4a964689d6088c5e7b50b391469fc3f66861a1b0c52c807fc685464b7378077,"/* cppi::e4a964689d6088c5e7b50b391469fc3f66861a1b0c52c807fc685464b7378077 */
/* QuickSight 77fffb13-5634-4cbb-b9ea-8c52970b9323 */
SELECT ""business_date"", ""dataset_id"", ""metric_group_l1"", ""metric_group_l2"", ""metric"", ""metric_friendly_name"", ""level"", ""investment_structure_l2"", ""attribution_node"", ""currency"", ""period"", ""value"", ""last_update"", ""year_month"", ""period_sorted""
FROM (with base as (
	select 
		  case
	  		when dataset_id in ( 'TOTALFUND', 'CMBP_NET' ) and ""level"" = 0 then 'IPN_TF'
	  		else dataset_id
		  end dataset_id
		, business_date
		, ""level""
		, case
			when dataset_id like '%_TF' or ""dataset_id"" in ( 'TOTALFUND', 'CMBP_NET' ) then 'Total Fund'	
			when dataset_id like '%_C' then 'Core'
			when dataset_id like '%_S' then 'Supplementary'
		  end node_name
		, case
			when metric like '%rc' then 'CAD'
			when metric like '%lc' then 'Local'
			else 'FX'
		  end currency
		, case
			when metric like '%qtd%' then 'QTD'
			when metric like '%3m_roll%' then '3M'
			when metric like '%fytd%' then 'FYTD'
			when metric like '%1y_roll%' then '1Y'
			when metric like '%4yp%' then '4Y+FYTD'
			when metric like '%5y_roll%' then '5Y'
			else 'MTD'
		  end period
		, value
		, last_update
	from (
		select
			  dataset_id 
			, business_date 
			, ""level"" 
			, time_weighted_return_rc 
			, time_weighted_return_lc
			--, time_weighted_return_fx 
			, time_weighted_return_qtd_rc 
			, time_weighted_return_qtd_lc 
			--, time_weighted_return_fx_qtd 
			, time_weighted_return_3m_roll_rc 
			, time_weighted_return_3m_roll_lc 
			--, time_weighted_return_fx_3m_roll 
			, time_weighted_return_fytd_rc 
			, time_weighted_return_fytd_lc 
			--, time_weighted_return_fx_fytd 
			, time_weighted_return_1y_roll_rc 
			, time_weighted_return_1y_roll_lc 
			--, time_weighted_return_fx_1y_roll 
			, time_weighted_return_4yp_rc 
			, time_weighted_return_4yp_lc 
			--, time_weighted_return_fx_4yp 
			, time_weighted_return_5y_roll_rc 
			, time_weighted_return_5y_roll_lc 
			--, time_weighted_return_fx_5y_roll 
			, last_update 
		from 
			performance_dev.perf_top_down_monthly 
		where 
			dataset_id in (
				/* TOTAL FUND */
				  'MRP_TF'
				, 'RP_TF'
				, 'ATP_TF'
				, 'RISK_APP_TF'
				, 'DIV_LVG_TF'
				, 'INV_SELECT_TF'
				/* CORE POOL */
				, 'MRP_C'
				, 'RP_C'
				, 'ATP_C'
				, 'RISK_APP_C'
				, 'DIV_LVG_C'
				, 'INV_SELECT_C'
				/* SUPP POOL */
				, 'MRP_S'
				, 'RP_S'
				, 'ATP_S'
				, 'RISK_APP_S'
				, 'DIV_LVG_S'
				, 'INV_SELECT_S'
			)
			and ""level"" = 1
			and periods_per_year = 12 -- pull monthly values only
		union all
		select
			  dataset_id 
			, business_date 
			, ""level""
			-- for below, TOTALFUND local and FX values should be not used; CMBP_NET CAD values should not be used
			, case when dataset_id = 'CMBP_NET' then null else time_weighted_return_rc end time_weighted_return_rc
			, case when dataset_id = 'TOTALFUND' then null else time_weighted_return_lc end time_weighted_return_lc
			--, case when dataset_id = 'TOTALFUND' then null else time_weighted_return_fx end time_weighted_return_fx
			, case when dataset_id = 'CMBP_NET' then null else time_weighted_return_qtd_rc end time_weighted_return_qtd_rc
			, case when dataset_id = 'TOTALFUND' then null else time_weighted_return_qtd_lc end time_weighted_return_qtd_lc
			--, case when dataset_id = 'TOTALFUND' then null else time_weighted_return_fx_qtd end time_weighted_return_fx_qtd
			, case when dataset_id = 'CMBP_NET' then null else time_weighted_return_3m_roll_rc end time_weighted_return_3m_roll_rc
			, case when dataset_id = 'TOTALFUND' then null else time_weighted_return_3m_roll_lc end time_weighted_return_3m_roll_lc
			--, case when dataset_id = 'TOTALFUND' then null else time_weighted_return_fx_3m_roll end time_weighted_return_fx_3m_roll
			, case when dataset_id = 'CMBP_NET' then null else time_weighted_return_fytd_rc end time_weighted_return_fytd_rc
			, case when dataset_id = 'TOTALFUND' then null else time_weighted_return_fytd_lc end time_weighted_return_fytd_lc
			--, case when dataset_id = 'TOTALFUND' then null else time_weighted_return_fx_fytd end time_weighted_return_fx_fytd
			, case when dataset_id = 'CMBP_NET' then null else time_weighted_return_1y_roll_rc end time_weighted_return_1y_roll_rc
			, case when dataset_id = 'TOTALFUND' then null else time_weighted_return_1y_roll_lc end time_weighted_return_1y_roll_lc
			--, case when dataset_id = 'TOTALFUND' then null else time_weighted_return_fx_1y_roll end time_weighted_return_fx_1y_roll
			, case when dataset_id = 'CMBP_NET' then null else time_weighted_return_4yp_rc end time_weighted_return_4yp_rc
			, case when dataset_id = 'TOTALFUND' then null else time_weighted_return_4yp_lc end time_weighted_return_4yp_lc
			--, case when dataset_id = 'TOTALFUND' then null else time_weighted_return_fx_4yp end time_weighted_return_fx_4yp
			, case when dataset_id = 'CMBP_NET' then null else time_weighted_return_5y_roll_rc end time_weighted_return_5y_roll_rc
			, case when dataset_id = 'TOTALFUND' then null else time_weighted_return_5y_roll_lc end time_weighted_return_5y_roll_lc
			--, case when dataset_id = 'TOTALFUND' then null else time_weighted_return_fx_5y_roll end time_weighted_return_fx_5y_roll
			, last_update
		from 
			performance_dev.perf_bottom_up_monthly 
		where 
			(
				dataset_id in (
					/* CORE POOL */
					  'IPN_C'
					--, 'SAP_C'
					/* SUPP POOL */
					, 'IPN_S'
					--, 'SAP_S'
				)
				and node_id = '2'
			)
			or
			(	/* TOTAL FUND */
				dataset_id in ( 'TOTALFUND', 'CMBP_NET' )
				and ""level"" = 0
			)
			and periods_per_year = 12 -- pull monthly values only
	) base_pivot
	cross join unnest(
		/* METRIC */
		array[
		  	  'time_weighted_return_rc' 
			, 'time_weighted_return_lc'
			--, 'time_weighted_return_fx' 
			, 'time_weighted_return_qtd_rc' 
			, 'time_weighted_return_qtd_lc' 
			--, 'time_weighted_return_fx_qtd' 
			, 'time_weighted_return_3m_roll_rc' 
			, 'time_weighted_return_3m_roll_lc' 
			--, 'time_weighted_return_fx_3m_roll' 
			, 'time_weighted_return_fytd_rc' 
			, 'time_weighted_return_fytd_lc' 
			--, 'time_weighted_return_fx_fytd' 
			, 'time_weighted_return_1y_roll_rc' 
			, 'time_weighted_return_1y_roll_lc' 
			--, 'time_weighted_return_fx_1y_roll' 
			, 'time_weighted_return_4yp_rc' 
			, 'time_weighted_return_4yp_lc' 
			--, 'time_weighted_return_fx_4yp' 
			, 'time_weighted_return_5y_roll_rc' 
			, 'time_weighted_return_5y_roll_lc' 
			--, 'time_weighted_return_fx_5y_roll'
		  ]
		/* VALUE */
		, array[
			  time_weighted_return_rc 
			, time_weighted_return_lc
			--, time_weighted_return_fx 
			, time_weighted_return_qtd_rc 
			, time_weighted_return_qtd_lc 
			--, time_weighted_return_fx_qtd 
			, time_weighted_return_3m_roll_rc 
			, time_weighted_return_3m_roll_lc 
			--, time_weighted_return_fx_3m_roll 
			, time_weighted_return_fytd_rc 
			, time_weighted_return_fytd_lc 
			--, time_weighted_return_fx_fytd 
			, time_weighted_return_1y_roll_rc 
			, time_weighted_return_1y_roll_lc 
			--, time_weighted_return_fx_1y_roll 
			, time_weighted_return_4yp_rc 
			, time_weighted_return_4yp_lc 
			--, time_weighted_return_fx_4yp 
			, time_weighted_return_5y_roll_rc 
			, time_weighted_return_5y_roll_lc 
			--, time_weighted_return_fx_5y_roll 
		  ]
	) unpivot ( metric, value )
), inv_select_dept_ex_tfm as (
	select
		  dataset_id
		, business_date
		, ""level""
		, node_name
		, 'Local' as currency
		, case
			when metric like '%qtd%' then 'QTD'
			when metric like '%3m_roll%' then '3M'
			when metric like '%fytd%' then 'FYTD'
			when metric like '%1y_roll%' then '1Y'
			when metric like '%4yp%' then '4Y+FYTD'
			when metric like '%5y_roll%' then '5Y'
			else 'MTD'
		  end period
		, value
		, last_update
	from (		
		select
			  dataset_id 
			, business_date 
			, ""level"" 
			, node_name 
			, contribution_fytd_lc 
			, contribution_4yp_lc
			, contribution_5y_roll_lc 
			, last_update 
		from 
			performance_dev.perf_top_down_monthly 
		where 
			dataset_id = 'SEC_SELECT_C'
			and ""level"" = 2
			and node_name != 'Total Fund Management'
	) inv_select_dept_ex_tfm_pivot
	cross join unnest (
		/* METRIC */
		array [
			  'contribution_fytd_lc'
			, 'contribution_4yp_lc'
			, 'contribution_5y_roll_lc'
		]
		/* VALUE */
		, array [
			  contribution_fytd_lc 
			, contribution_4yp_lc
			, contribution_5y_roll_lc 
		]
	) inv_select_dept_ex_tfm_unpivot ( metric, value )
), inv_select_dept_tfm as (
	select 
		  'SEC_SELECT_C' as dataset_id
		, inv_select.business_date
		, 2 as ""level""
		, 'Total Fund Management' as node_name
		, 'Local' as currency
		, inv_select.period
		--, inv_select.value as inv_select_value
		--, dept_contr.value as dept_contr_value
		, inv_select.value - dept_contr.value as value
		, greatest( inv_select.last_update, dept_contr.last_update ) as last_update
	from (
		/* Investment Selection */
		select *
		from 
			base
		where
			dataset_id = 'INV_SELECT_C'
			and currency = 'CAD'
	) inv_select
	inner join (
		/* Dept Contribution ex TFM */
		select
			  dataset_id
			, business_date
			, ""level""
			, currency
			, period
			, sum( value ) as value
			, max( last_update ) as last_update
		from
			inv_select_dept_ex_tfm
		group by 
			  dataset_id
			, business_date
			, ""level""
			, currency
			, period
	) dept_contr
		on inv_select.business_date = dept_contr.business_date
		and inv_select.period = dept_contr.period
), cmb as (
	select
		  business_date
		, dataset_id
		, metric_group_l1
		, case 
				when currency = 'FX' then (
					case
						when regexp_like( dataset_id, '^DIV_LVG_(TF|C|S)$' ) then 'Diversification & Leverage'
						when regexp_like( dataset_id, '^INV_SELECT_(TF|C|S)$' ) then 'Investment Selection'
						else metric_friendly_name
					end
				)
				when currency = 'CAD' then (
					case
						when regexp_like( dataset_id, '^DIV_LVG_(TF|C|S)$' ) then 'Diversification & Leverage'
						when regexp_like( dataset_id, '^INV_SELECT_(TF|C|S)$' ) then 'Investment Selection'
						else metric_friendly_name
					end
				)
				when currency = 'Local' then (
					case 
						when regexp_like( dataset_id, '^LEVERAGE_(TF|C|S)$' ) then 'Diversification & Leverage'
						when regexp_like( dataset_id, 'ATP_(TF|C|S)\s\-\sRPL__(TF|C|S)' ) then 'Diversification & Leverage'
						when regexp_like( dataset_id, '^STGY_COMP_(TF|C|S)$' ) then 'Investment Selection'
						when regexp_like( dataset_id, '^SEC_SELECT_(TF|C|S)$' ) then 'Investment Selection'
						else metric_friendly_name
					end
				)
				else metric_friendly_name
		  end metric_group_l2
		, metric
		, metric_friendly_name
		, ""level""
		, investment_structure_l2
		, metric_friendly_name as attribution_node
		, currency
		, period
		, value
		, last_update
	from (
		select
			  business_date 
			, dataset_id
			, case 
				/* Headline Attribution */
				when dataset_id in (
					/* TOTAL FUND */
					  'RISK_APP_TF'
					, 'DIV_LVG_TF'
					, 'INV_SELECT_TF'
					, 'DIV_LVG_TF + INV_SELECT_TF'
					, 'IPN_TF - MRP_TF'
					/* CORE POOL */
					, 'RISK_APP_C'
					, 'DIV_LVG_C'
					, 'INV_SELECT_C'
					, 'DIV_LVG_C + INV_SELECT_C'
					, 'IPN_C - MRP_C'
					/* SUPP POOL */
					, 'RISK_APP_S'
					, 'DIV_LVG_S'
					, 'INV_SELECT_S'
					, 'DIV_LVG_S + INV_SELECT_S'
					, 'IPN_S - MRP_S'
				)
				and currency = 'CAD'
				then 'Headline Attribution'
				/* Mainline Attribution */
				when dataset_id in (
					/* TOTAL FUND */
					  'LEVERAGE_TF'
					, 'ATP_TF - RPL_TF'
					, 'STGY_COMP_TF'
					, 'SEC_SELECT_TF'
					/* CORE POOL */
					, 'LEVERAGE_C'
					, 'ATP_C - RPL_C'
					, 'STGY_COMP_C'
					, 'SEC_SELECT_C'
					/* SUPP POOL */
					, 'LEVERAGE_S'
					, 'ATP_S - RPL_S'
					, 'STGY_COMP_S'
					, 'SEC_SELECT_S'
				)
				and currency = 'Local' 
				then 'Mainline Attribution'
				/* Mainline Attribution FX */
				when dataset_id in (
					/* TOTAL FUND */
					  'DIV_LVG_TF'
					, 'INV_SELECT_TF'
					/* CORE POOL */
					, 'DIV_LVG_C'
					, 'INV_SELECT_C'
					/* SUPP POOL */
					, 'DIV_LVG_S'
					, 'INV_SELECT_S'
				)
				and currency = 'FX'
				then 'Mainline Attribution'
				/* Portfolio Returns */
				when dataset_id in (
					/* TOTAL FUND */
					  'MRP_TF'
					, 'RP_TF'
					, 'ATP_TF'
					, 'RPL_TF'
					, 'SAP_TF'
					, 'IPN_TF'
					/* CORE POOL */
					, 'MRP_C'
					, 'RP_C'
					, 'ATP_C'
					, 'RPL_C'
					, 'SAP_C'
					, 'IPN_C'
					/* SUPP POOL */
					, 'MRP_S'
					, 'RP_S'
					, 'ATP_S'
					, 'RPL_S'
					, 'SAP_S'
					, 'IPN_S'
				)
				then 'Portfolio Returns'
			  end metric_group_l1
			, case 
					when currency = 'FX' then (
						case
							when regexp_like( dataset_id, '^DIV_LVG_(TF|C|S)$' ) then 'BP FX - RP FX' /*'ATP FX - RP FX'*/
							when regexp_like( dataset_id, '^INV_SELECT_(TF|C|S)$' ) then 'IP FX - BP FX' /*'IP FX - ATP FX'*/
							when regexp_like( dataset_id, '^IPN_(TF|C|S)$' ) then 'IP FX'
							when regexp_like( dataset_id, '(^MRP_(TF|C|S)$)|(^RP_(TF|S|C)$)|(^ATP_(TF|S|C)$)|(^RPL_(TF|S|C)$)|(^SAP_(TF|S|C)$)' ) then replace( replace( regexp_extract( dataset_id, '.*\_' ), 'ATP', 'BP' ), '_', ' FX' )
						end
					)
					when regexp_like( dataset_id, '^IPN_(TF|C|S)$' ) then 'IP'
					when regexp_like( dataset_id, '(^MRP_(TF|C|S)$)|(^RP_(TF|S|C)$)|(^ATP_(TF|S|C)$)|(^RPL_(TF|S|C)$)|(^SAP_(TF|S|C)$)' ) THEN replace( replace( regexp_extract( dataset_id, '.*\_' ), 'ATP', 'BP' ), '_', '' )
					when currency = 'CAD' then (
						case
							when regexp_like( dataset_id, '^RISK_APP_(TF|C|S)$' ) THEN 'RP - MRP'
							when regexp_like( dataset_id, '^DIV_LVG_(TF|C|S)$' ) then 'BP - RP' /*'ATP - RP'*/
							when regexp_like( dataset_id, '^INV_SELECT_(TF|C|S)$' ) then 'IP - BP' /*'IP - ATP'*/
							when regexp_like( dataset_id, 'DIV_LVG_(TF|C|S)\s\+\sINV_SELECT_(TF|C|S)' ) then 'IP - RP'
							when regexp_like( dataset_id, 'IPN_(TF|C|S)\s\-\sMRP_(TF|C|S)' ) then 'IP - MRP'
						end
					)
					when currency = 'Local' then (
						case 
							when regexp_like( dataset_id, '^LEVERAGE_(TF|C|S)$' ) then 'RPL - RP'
							when regexp_like( dataset_id, 'ATP_(TF|C|S)\s\-\sRPL__(TF|C|S)' ) then 'BP - RPL' /*'ATP - RPL'*/
							when regexp_like( dataset_id, '^STGY_COMP_(TF|C|S)$' ) then 'SAP - BP' /*'SAP - ATP'*/
							when regexp_like( dataset_id, '^SEC_SELECT_(TF|C|S)$' ) then 'IP - SAP'
						end
					)
			  end metric
			, case 
					when currency = 'FX' then (
						case
							when regexp_like( dataset_id, '^DIV_LVG_(TF|C|S)$' ) then 'Currency (Diversification & Leverage)'
							when regexp_like( dataset_id, '^INV_SELECT_(TF|C|S)$' ) then 'Currency (Investment Selection)'
							when regexp_like( dataset_id, '^MRP_(TF|C|S)$' ) then 'Minimum Return Portfolio FX'
							when regexp_like( dataset_id, '^RP_(TF|C|S)$' ) then 'Reference Portfolio FX'
							when regexp_like( dataset_id, '^ATP_(TF|C|S)$' ) then 'Benchmark Portfolio FX' /*'Annual Target Portfolio FX'*/
							when regexp_like( dataset_id, '^RPL_(TF|C|S)$' ) then 'Leveraged Reference Portfolio FX'
							when regexp_like( dataset_id, '^SAP_(TF|C|S)$' ) then 'Strategy Alternative Portfolio FX'
							when regexp_like( dataset_id, '^IPN_(TF|C|S)$' ) then 'Investment Portfolio FX'
						end
					)
					when regexp_like( dataset_id, '^MRP_(TF|C|S)$' ) then 'Minimum Return Portfolio'
					when regexp_like( dataset_id, '^RP_(TF|C|S)$' ) then 'Reference Portfolio'
					when regexp_like( dataset_id, '^ATP_(TF|C|S)$' ) then 'Benchmark Portfolio' /*'Annual Target Portfolio'*/
					when regexp_like( dataset_id, '^RPL_(TF|C|S)$' ) then 'Leveraged Reference Portfolio'
					when regexp_like( dataset_id, '^SAP_(TF|C|S)$' ) then 'Strategy Alternative Portfolio'
					when regexp_like( dataset_id, '^IPN_(TF|C|S)$' ) then 'Investment Portfolio'
					when currency = 'CAD' then (
						case
							when regexp_like( dataset_id, '^RISK_APP_(TF|C|S)$' ) then 'Risk Appetite'
							when regexp_like( dataset_id, '^DIV_LVG_(TF|C|S)$' ) then 'Diversification & Leverage'
							when regexp_like( dataset_id, '^INV_SELECT_(TF|C|S)$' ) then 'Investment Selection'
							when regexp_like( dataset_id, 'DIV_LVG_(TF|C|S)\s\+\sINV_SELECT_(TF|C|S)' ) then 'Value-Added (IP - RP)' 
							when regexp_like( dataset_id, 'IPN_(TF|C|S)\s\-\sMRP_(TF|C|S)' ) then 'Incremental Return (IP - MRP)' 
						end
					)
					when currency = 'Local' then (
						case 
							when regexp_like( dataset_id, '^LEVERAGE_(TF|C|S)$' ) then 'Leverage'
							when regexp_like( dataset_id, 'ATP_(TF|C|S)\s\-\sRPL__(TF|C|S)' ) then 'Diversification'
							when regexp_like( dataset_id, '^STGY_COMP_(TF|C|S)$' ) then 'Strategy Composition'
							when regexp_like( dataset_id, '^SEC_SELECT_(TF|C|S)$' ) then 'Security Selection'
						end
					)
			  end metric_friendly_name
			, ""level""
			, node_name as investment_structure_l2
			, currency
			, period
			, value
			, last_update
		from (
			select * from base
			union all
			select * from inv_select_dept_ex_tfm
			union all
			select * from inv_select_dept_tfm
		) combined
	) combined_mapped
), cmb_filtered as (
	select 	*
	from 	cmb
	where 	metric_group_l1 is not null
			and business_date = date_trunc('month', business_date) + interval '1' month - interval '1' day -- pull month-end dates only
			and not ( period in ( 'MTD', 'QTD', '3M', 'FYTD' ) and business_date < cast( '2015-06-30' as date ) ) -- MTD, QTD, 3M, FYTD values prior to 2015-06-30 are invalid
			and not ( period in ( '1Y' ) and business_date < cast( '2016-04-30' as date ) ) -- 1Y values prior to 2016-04-30 are invalid
			and not ( period in ( '4Y+FYTD', '5Y' ) and business_date < cast( '2020-03-31' as date ) ) -- 5Y values prior to 2020-03-31 are invalid
			and value is not null
), cmb_filtered_final as (
	/* Adding columns needed specifically for QuickSight dashboard due to limitations */
	select
		  cmb_filtered.*
		, format( '%1$tY-%1$tm', business_date ) as year_month
		, case
			when period = 'MTD' then '1. MTD'
			when period = 'QTD' then '2. QTD'
			when period = '3M' then '3. 3M'
			when period = 'FYTD' then '4. FYTD'
			when period = '1Y' then '5. 1Y'
			when period = '4Y+FYTD' then '6. 4Y+FYTD'
			when period = '5Y' then '7. 5Y'
		  end period_sorted
	from 
		cmb_filtered
)
select * from cmb_filtered_final) AS ""finsights_perf_attribution_DEV"""
e4a964689d6088c5e7b50b391469fc3f66861a1b0c52c807fc685464b7378077,"/* cppi::e4a964689d6088c5e7b50b391469fc3f66861a1b0c52c807fc685464b7378077 */
/* QuickSight 77fffb13-5634-4cbb-b9ea-8c52970b9323 */
SELECT ""business_date"", ""dataset_id"", ""metric_group_l1"", ""metric_group_l2"", ""metric"", ""metric_friendly_name"", ""level"", ""investment_structure_l2"", ""attribution_node"", ""currency"", ""period"", ""value"", ""last_update"", ""year_month"", ""period_sorted""
FROM (with base as (
	select 
		  case
	  		when dataset_id in ( 'TOTALFUND', 'CMBP_NET' ) and ""level"" = 0 then 'IPN_TF'
	  		else dataset_id
		  end dataset_id
		, business_date
		, ""level""
		, case
			when dataset_id like '%_TF' or ""dataset_id"" in ( 'TOTALFUND', 'CMBP_NET' ) then 'Total Fund'	
			when dataset_id like '%_C' then 'Core'
			when dataset_id like '%_S' then 'Supplementary'
		  end node_name
		, case
			when metric like '%rc' then 'CAD'
			when metric like '%lc' then 'Local'
			else 'FX'
		  end currency
		, case
			when metric like '%qtd%' then 'QTD'
			when metric like '%3m_roll%' then '3M'
			when metric like '%fytd%' then 'FYTD'
			when metric like '%1y_roll%' then '1Y'
			when metric like '%4yp%' then '4Y+FYTD'
			when metric like '%5y_roll%' then '5Y'
			else 'MTD'
		  end period
		, value
		, last_update
	from (
		select
			  dataset_id 
			, business_date 
			, ""level"" 
			, time_weighted_return_rc 
			, time_weighted_return_lc
			--, time_weighted_return_fx 
			, time_weighted_return_qtd_rc 
			, time_weighted_return_qtd_lc 
			--, time_weighted_return_fx_qtd 
			, time_weighted_return_3m_roll_rc 
			, time_weighted_return_3m_roll_lc 
			--, time_weighted_return_fx_3m_roll 
			, time_weighted_return_fytd_rc 
			, time_weighted_return_fytd_lc 
			--, time_weighted_return_fx_fytd 
			, time_weighted_return_1y_roll_rc 
			, time_weighted_return_1y_roll_lc 
			--, time_weighted_return_fx_1y_roll 
			, time_weighted_return_4yp_rc 
			, time_weighted_return_4yp_lc 
			--, time_weighted_return_fx_4yp 
			, time_weighted_return_5y_roll_rc 
			, time_weighted_return_5y_roll_lc 
			--, time_weighted_return_fx_5y_roll 
			, last_update 
		from 
			performance_dev.perf_top_down_monthly 
		where 
			dataset_id in (
				/* TOTAL FUND */
				  'MRP_TF'
				, 'RP_TF'
				, 'ATP_TF'
				, 'RISK_APP_TF'
				, 'DIV_LVG_TF'
				, 'INV_SELECT_TF'
				/* CORE POOL */
				, 'MRP_C'
				, 'RP_C'
				, 'ATP_C'
				, 'RISK_APP_C'
				, 'DIV_LVG_C'
				, 'INV_SELECT_C'
				/* SUPP POOL */
				, 'MRP_S'
				, 'RP_S'
				, 'ATP_S'
				, 'RISK_APP_S'
				, 'DIV_LVG_S'
				, 'INV_SELECT_S'
			)
			and ""level"" = 1
			and periods_per_year = 12 -- pull monthly values only
		union all
		select
			  dataset_id 
			, business_date 
			, ""level""
			-- for below, TOTALFUND local and FX values should be not used; CMBP_NET CAD values should not be used
			, case when dataset_id = 'CMBP_NET' then null else time_weighted_return_rc end time_weighted_return_rc
			, case when dataset_id = 'TOTALFUND' then null else time_weighted_return_lc end time_weighted_return_lc
			--, case when dataset_id = 'TOTALFUND' then null else time_weighted_return_fx end time_weighted_return_fx
			, case when dataset_id = 'CMBP_NET' then null else time_weighted_return_qtd_rc end time_weighted_return_qtd_rc
			, case when dataset_id = 'TOTALFUND' then null else time_weighted_return_qtd_lc end time_weighted_return_qtd_lc
			--, case when dataset_id = 'TOTALFUND' then null else time_weighted_return_fx_qtd end time_weighted_return_fx_qtd
			, case when dataset_id = 'CMBP_NET' then null else time_weighted_return_3m_roll_rc end time_weighted_return_3m_roll_rc
			, case when dataset_id = 'TOTALFUND' then null else time_weighted_return_3m_roll_lc end time_weighted_return_3m_roll_lc
			--, case when dataset_id = 'TOTALFUND' then null else time_weighted_return_fx_3m_roll end time_weighted_return_fx_3m_roll
			, case when dataset_id = 'CMBP_NET' then null else time_weighted_return_fytd_rc end time_weighted_return_fytd_rc
			, case when dataset_id = 'TOTALFUND' then null else time_weighted_return_fytd_lc end time_weighted_return_fytd_lc
			--, case when dataset_id = 'TOTALFUND' then null else time_weighted_return_fx_fytd end time_weighted_return_fx_fytd
			, case when dataset_id = 'CMBP_NET' then null else time_weighted_return_1y_roll_rc end time_weighted_return_1y_roll_rc
			, case when dataset_id = 'TOTALFUND' then null else time_weighted_return_1y_roll_lc end time_weighted_return_1y_roll_lc
			--, case when dataset_id = 'TOTALFUND' then null else time_weighted_return_fx_1y_roll end time_weighted_return_fx_1y_roll
			, case when dataset_id = 'CMBP_NET' then null else time_weighted_return_4yp_rc end time_weighted_return_4yp_rc
			, case when dataset_id = 'TOTALFUND' then null else time_weighted_return_4yp_lc end time_weighted_return_4yp_lc
			--, case when dataset_id = 'TOTALFUND' then null else time_weighted_return_fx_4yp end time_weighted_return_fx_4yp
			, case when dataset_id = 'CMBP_NET' then null else time_weighted_return_5y_roll_rc end time_weighted_return_5y_roll_rc
			, case when dataset_id = 'TOTALFUND' then null else time_weighted_return_5y_roll_lc end time_weighted_return_5y_roll_lc
			--, case when dataset_id = 'TOTALFUND' then null else time_weighted_return_fx_5y_roll end time_weighted_return_fx_5y_roll
			, last_update
		from 
			performance_dev.perf_bottom_up_monthly 
		where 
			(
				dataset_id in (
					/* CORE POOL */
					  'IPN_C'
					--, 'SAP_C'
					/* SUPP POOL */
					, 'IPN_S'
					--, 'SAP_S'
				)
				and node_id = '2'
			)
			or
			(	/* TOTAL FUND */
				dataset_id in ( 'TOTALFUND', 'CMBP_NET' )
				and ""level"" = 0
			)
			and periods_per_year = 12 -- pull monthly values only
	) base_pivot
	cross join unnest(
		/* METRIC */
		array[
		  	  'time_weighted_return_rc' 
			, 'time_weighted_return_lc'
			--, 'time_weighted_return_fx' 
			, 'time_weighted_return_qtd_rc' 
			, 'time_weighted_return_qtd_lc' 
			--, 'time_weighted_return_fx_qtd' 
			, 'time_weighted_return_3m_roll_rc' 
			, 'time_weighted_return_3m_roll_lc' 
			--, 'time_weighted_return_fx_3m_roll' 
			, 'time_weighted_return_fytd_rc' 
			, 'time_weighted_return_fytd_lc' 
			--, 'time_weighted_return_fx_fytd' 
			, 'time_weighted_return_1y_roll_rc' 
			, 'time_weighted_return_1y_roll_lc' 
			--, 'time_weighted_return_fx_1y_roll' 
			, 'time_weighted_return_4yp_rc' 
			, 'time_weighted_return_4yp_lc' 
			--, 'time_weighted_return_fx_4yp' 
			, 'time_weighted_return_5y_roll_rc' 
			, 'time_weighted_return_5y_roll_lc' 
			--, 'time_weighted_return_fx_5y_roll'
		  ]
		/* VALUE */
		, array[
			  time_weighted_return_rc 
			, time_weighted_return_lc
			--, time_weighted_return_fx 
			, time_weighted_return_qtd_rc 
			, time_weighted_return_qtd_lc 
			--, time_weighted_return_fx_qtd 
			, time_weighted_return_3m_roll_rc 
			, time_weighted_return_3m_roll_lc 
			--, time_weighted_return_fx_3m_roll 
			, time_weighted_return_fytd_rc 
			, time_weighted_return_fytd_lc 
			--, time_weighted_return_fx_fytd 
			, time_weighted_return_1y_roll_rc 
			, time_weighted_return_1y_roll_lc 
			--, time_weighted_return_fx_1y_roll 
			, time_weighted_return_4yp_rc 
			, time_weighted_return_4yp_lc 
			--, time_weighted_return_fx_4yp 
			, time_weighted_return_5y_roll_rc 
			, time_weighted_return_5y_roll_lc 
			--, time_weighted_return_fx_5y_roll 
		  ]
	) unpivot ( metric, value )
), inv_select_dept_ex_tfm as (
	select
		  dataset_id
		, business_date
		, ""level""
		, node_name
		, 'Local' as currency
		, case
			when metric like '%qtd%' then 'QTD'
			when metric like '%3m_roll%' then '3M'
			when metric like '%fytd%' then 'FYTD'
			when metric like '%1y_roll%' then '1Y'
			when metric like '%4yp%' then '4Y+FYTD'
			when metric like '%5y_roll%' then '5Y'
			else 'MTD'
		  end period
		, value
		, last_update
	from (		
		select
			  dataset_id 
			, business_date 
			, ""level"" 
			, node_name 
			, contribution_fytd_lc 
			, contribution_4yp_lc
			, contribution_5y_roll_lc 
			, last_update 
		from 
			performance_dev.perf_top_down_monthly 
		where 
			dataset_id = 'SEC_SELECT_C'
			and ""level"" = 2
			and node_name != 'Total Fund Management'
	) inv_select_dept_ex_tfm_pivot
	cross join unnest (
		/* METRIC */
		array [
			  'contribution_fytd_lc'
			, 'contribution_4yp_lc'
			, 'contribution_5y_roll_lc'
		]
		/* VALUE */
		, array [
			  contribution_fytd_lc 
			, contribution_4yp_lc
			, contribution_5y_roll_lc 
		]
	) inv_select_dept_ex_tfm_unpivot ( metric, value )
), inv_select_dept_tfm as (
	select 
		  'SEC_SELECT_C' as dataset_id
		, inv_select.business_date
		, 2 as ""level""
		, 'Total Fund Management' as node_name
		, 'Local' as currency
		, inv_select.period
		--, inv_select.value as inv_select_value
		--, dept_contr.value as dept_contr_value
		, inv_select.value - dept_contr.value as value
		, greatest( inv_select.last_update, dept_contr.last_update ) as last_update
	from (
		/* Investment Selection */
		select *
		from 
			base
		where
			dataset_id = 'INV_SELECT_C'
			and currency = 'CAD'
	) inv_select
	inner join (
		/* Dept Contribution ex TFM */
		select
			  dataset_id
			, business_date
			, ""level""
			, currency
			, period
			, sum( value ) as value
			, max( last_update ) as last_update
		from
			inv_select_dept_ex_tfm
		group by 
			  dataset_id
			, business_date
			, ""level""
			, currency
			, period
	) dept_contr
		on inv_select.business_date = dept_contr.business_date
		and inv_select.period = dept_contr.period
), cmb as (
	select
		  business_date
		, dataset_id
		, metric_group_l1
		, case 
				when currency = 'FX' then (
					case
						when regexp_like( dataset_id, '^DIV_LVG_(TF|C|S)$' ) then 'Diversification & Leverage'
						when regexp_like( dataset_id, '^INV_SELECT_(TF|C|S)$' ) then 'Investment Selection'
						else metric_friendly_name
					end
				)
				when currency = 'CAD' then (
					case
						when regexp_like( dataset_id, '^DIV_LVG_(TF|C|S)$' ) then 'Diversification & Leverage'
						when regexp_like( dataset_id, '^INV_SELECT_(TF|C|S)$' ) then 'Investment Selection'
						else metric_friendly_name
					end
				)
				when currency = 'Local' then (
					case 
						when regexp_like( dataset_id, '^LEVERAGE_(TF|C|S)$' ) then 'Diversification & Leverage'
						when regexp_like( dataset_id, 'ATP_(TF|C|S)\s\-\sRPL__(TF|C|S)' ) then 'Diversification & Leverage'
						when regexp_like( dataset_id, '^STGY_COMP_(TF|C|S)$' ) then 'Investment Selection'
						when regexp_like( dataset_id, '^SEC_SELECT_(TF|C|S)$' ) then 'Investment Selection'
						else metric_friendly_name
					end
				)
				else metric_friendly_name
		  end metric_group_l2
		, metric
		, metric_friendly_name
		, ""level""
		, investment_structure_l2
		, metric_friendly_name as attribution_node
		, currency
		, period
		, value
		, last_update
	from (
		select
			  business_date 
			, dataset_id
			, case 
				/* Headline Attribution */
				when dataset_id in (
					/* TOTAL FUND */
					  'RISK_APP_TF'
					, 'DIV_LVG_TF'
					, 'INV_SELECT_TF'
					, 'DIV_LVG_TF + INV_SELECT_TF'
					, 'IPN_TF - MRP_TF'
					/* CORE POOL */
					, 'RISK_APP_C'
					, 'DIV_LVG_C'
					, 'INV_SELECT_C'
					, 'DIV_LVG_C + INV_SELECT_C'
					, 'IPN_C - MRP_C'
					/* SUPP POOL */
					, 'RISK_APP_S'
					, 'DIV_LVG_S'
					, 'INV_SELECT_S'
					, 'DIV_LVG_S + INV_SELECT_S'
					, 'IPN_S - MRP_S'
				)
				and currency = 'CAD'
				then 'Headline Attribution'
				/* Mainline Attribution */
				when dataset_id in (
					/* TOTAL FUND */
					  'LEVERAGE_TF'
					, 'ATP_TF - RPL_TF'
					, 'STGY_COMP_TF'
					, 'SEC_SELECT_TF'
					/* CORE POOL */
					, 'LEVERAGE_C'
					, 'ATP_C - RPL_C'
					, 'STGY_COMP_C'
					, 'SEC_SELECT_C'
					/* SUPP POOL */
					, 'LEVERAGE_S'
					, 'ATP_S - RPL_S'
					, 'STGY_COMP_S'
					, 'SEC_SELECT_S'
				)
				and currency = 'Local' 
				then 'Mainline Attribution'
				/* Mainline Attribution FX */
				when dataset_id in (
					/* TOTAL FUND */
					  'DIV_LVG_TF'
					, 'INV_SELECT_TF'
					/* CORE POOL */
					, 'DIV_LVG_C'
					, 'INV_SELECT_C'
					/* SUPP POOL */
					, 'DIV_LVG_S'
					, 'INV_SELECT_S'
				)
				and currency = 'FX'
				then 'Mainline Attribution'
				/* Portfolio Returns */
				when dataset_id in (
					/* TOTAL FUND */
					  'MRP_TF'
					, 'RP_TF'
					, 'ATP_TF'
					, 'RPL_TF'
					, 'SAP_TF'
					, 'IPN_TF'
					/* CORE POOL */
					, 'MRP_C'
					, 'RP_C'
					, 'ATP_C'
					, 'RPL_C'
					, 'SAP_C'
					, 'IPN_C'
					/* SUPP POOL */
					, 'MRP_S'
					, 'RP_S'
					, 'ATP_S'
					, 'RPL_S'
					, 'SAP_S'
					, 'IPN_S'
				)
				then 'Portfolio Returns'
			  end metric_group_l1
			, case 
					when currency = 'FX' then (
						case
							when regexp_like( dataset_id, '^DIV_LVG_(TF|C|S)$' ) then 'BP FX - RP FX' /*'ATP FX - RP FX'*/
							when regexp_like( dataset_id, '^INV_SELECT_(TF|C|S)$' ) then 'IP FX - BP FX' /*'IP FX - ATP FX'*/
							when regexp_like( dataset_id, '^IPN_(TF|C|S)$' ) then 'IP FX'
							when regexp_like( dataset_id, '(^MRP_(TF|C|S)$)|(^RP_(TF|S|C)$)|(^ATP_(TF|S|C)$)|(^RPL_(TF|S|C)$)|(^SAP_(TF|S|C)$)' ) then replace( replace( regexp_extract( dataset_id, '.*\_' ), 'ATP', 'BP' ), '_', ' FX' )
						end
					)
					when regexp_like( dataset_id, '^IPN_(TF|C|S)$' ) then 'IP'
					when regexp_like( dataset_id, '(^MRP_(TF|C|S)$)|(^RP_(TF|S|C)$)|(^ATP_(TF|S|C)$)|(^RPL_(TF|S|C)$)|(^SAP_(TF|S|C)$)' ) THEN replace( replace( regexp_extract( dataset_id, '.*\_' ), 'ATP', 'BP' ), '_', '' )
					when currency = 'CAD' then (
						case
							when regexp_like( dataset_id, '^RISK_APP_(TF|C|S)$' ) THEN 'RP - MRP'
							when regexp_like( dataset_id, '^DIV_LVG_(TF|C|S)$' ) then 'BP - RP' /*'ATP - RP'*/
							when regexp_like( dataset_id, '^INV_SELECT_(TF|C|S)$' ) then 'IP - BP' /*'IP - ATP'*/
							when regexp_like( dataset_id, 'DIV_LVG_(TF|C|S)\s\+\sINV_SELECT_(TF|C|S)' ) then 'IP - RP'
							when regexp_like( dataset_id, 'IPN_(TF|C|S)\s\-\sMRP_(TF|C|S)' ) then 'IP - MRP'
						end
					)
					when currency = 'Local' then (
						case 
							when regexp_like( dataset_id, '^LEVERAGE_(TF|C|S)$' ) then 'RPL - RP'
							when regexp_like( dataset_id, 'ATP_(TF|C|S)\s\-\sRPL__(TF|C|S)' ) then 'BP - RPL' /*'ATP - RPL'*/
							when regexp_like( dataset_id, '^STGY_COMP_(TF|C|S)$' ) then 'SAP - BP' /*'SAP - ATP'*/
							when regexp_like( dataset_id, '^SEC_SELECT_(TF|C|S)$' ) then 'IP - SAP'
						end
					)
			  end metric
			, case 
					when currency = 'FX' then (
						case
							when regexp_like( dataset_id, '^DIV_LVG_(TF|C|S)$' ) then 'Currency (Diversification & Leverage)'
							when regexp_like( dataset_id, '^INV_SELECT_(TF|C|S)$' ) then 'Currency (Investment Selection)'
							when regexp_like( dataset_id, '^MRP_(TF|C|S)$' ) then 'Minimum Return Portfolio FX'
							when regexp_like( dataset_id, '^RP_(TF|C|S)$' ) then 'Reference Portfolio FX'
							when regexp_like( dataset_id, '^ATP_(TF|C|S)$' ) then 'Benchmark Portfolio FX' /*'Annual Target Portfolio FX'*/
							when regexp_like( dataset_id, '^RPL_(TF|C|S)$' ) then 'Leveraged Reference Portfolio FX'
							when regexp_like( dataset_id, '^SAP_(TF|C|S)$' ) then 'Strategy Alternative Portfolio FX'
							when regexp_like( dataset_id, '^IPN_(TF|C|S)$' ) then 'Investment Portfolio FX'
						end
					)
					when regexp_like( dataset_id, '^MRP_(TF|C|S)$' ) then 'Minimum Return Portfolio'
					when regexp_like( dataset_id, '^RP_(TF|C|S)$' ) then 'Reference Portfolio'
					when regexp_like( dataset_id, '^ATP_(TF|C|S)$' ) then 'Benchmark Portfolio' /*'Annual Target Portfolio'*/
					when regexp_like( dataset_id, '^RPL_(TF|C|S)$' ) then 'Leveraged Reference Portfolio'
					when regexp_like( dataset_id, '^SAP_(TF|C|S)$' ) then 'Strategy Alternative Portfolio'
					when regexp_like( dataset_id, '^IPN_(TF|C|S)$' ) then 'Investment Portfolio'
					when currency = 'CAD' then (
						case
							when regexp_like( dataset_id, '^RISK_APP_(TF|C|S)$' ) then 'Risk Appetite'
							when regexp_like( dataset_id, '^DIV_LVG_(TF|C|S)$' ) then 'Diversification & Leverage'
							when regexp_like( dataset_id, '^INV_SELECT_(TF|C|S)$' ) then 'Investment Selection'
							when regexp_like( dataset_id, 'DIV_LVG_(TF|C|S)\s\+\sINV_SELECT_(TF|C|S)' ) then 'Value-Added (IP - RP)' 
							when regexp_like( dataset_id, 'IPN_(TF|C|S)\s\-\sMRP_(TF|C|S)' ) then 'Incremental Return (IP - MRP)' 
						end
					)
					when currency = 'Local' then (
						case 
							when regexp_like( dataset_id, '^LEVERAGE_(TF|C|S)$' ) then 'Leverage'
							when regexp_like( dataset_id, 'ATP_(TF|C|S)\s\-\sRPL__(TF|C|S)' ) then 'Diversification'
							when regexp_like( dataset_id, '^STGY_COMP_(TF|C|S)$' ) then 'Strategy Composition'
							when regexp_like( dataset_id, '^SEC_SELECT_(TF|C|S)$' ) then 'Security Selection'
						end
					)
			  end metric_friendly_name
			, ""level""
			, node_name as investment_structure_l2
			, currency
			, period
			, value
			, last_update
		from (
			select * from base
			union all
			select * from inv_select_dept_ex_tfm
			union all
			select * from inv_select_dept_tfm
		) combined
	) combined_mapped
), cmb_filtered as (
	select 	*
	from 	cmb
	where 	metric_group_l1 is not null
			and business_date = date_trunc('month', business_date) + interval '1' month - interval '1' day -- pull month-end dates only
			and not ( period in ( 'MTD', 'QTD', '3M', 'FYTD' ) and business_date < cast( '2015-06-30' as date ) ) -- MTD, QTD, 3M, FYTD values prior to 2015-06-30 are invalid
			and not ( period in ( '1Y' ) and business_date < cast( '2016-04-30' as date ) ) -- 1Y values prior to 2016-04-30 are invalid
			and not ( period in ( '4Y+FYTD', '5Y' ) and business_date < cast( '2020-03-31' as date ) ) -- 5Y values prior to 2020-03-31 are invalid
			and value is not null
), cmb_filtered_final as (
	/* Adding columns needed specifically for QuickSight dashboard due to limitations */
	select
		  cmb_filtered.*
		, format( '%1$tY-%1$tm', business_date ) as year_month
		, case
			when period = 'MTD' then '1. MTD'
			when period = 'QTD' then '2. QTD'
			when period = '3M' then '3. 3M'
			when period = 'FYTD' then '4. FYTD'
			when period = '1Y' then '5. 1Y'
			when period = '4Y+FYTD' then '6. 4Y+FYTD'
			when period = '5Y' then '7. 5Y'
		  end period_sorted
	from 
		cmb_filtered
)
select * from cmb_filtered_final) AS ""finsights_perf_attribution_DEV"""
e4a964689d6088c5e7b50b391469fc3f66861a1b0c52c807fc685464b7378077,"/* cppi::e4a964689d6088c5e7b50b391469fc3f66861a1b0c52c807fc685464b7378077 */
/* QuickSight 77fffb13-5634-4cbb-b9ea-8c52970b9323 */
SELECT ""business_date"", ""dataset_id"", ""metric_group_l1"", ""metric_group_l2"", ""metric"", ""metric_friendly_name"", ""level"", ""investment_structure_l2"", ""attribution_node"", ""currency"", ""period"", ""value"", ""last_update"", ""year_month"", ""period_sorted""
FROM (with base as (
	select 
		  case
	  		when dataset_id in ( 'TOTALFUND', 'CMBP_NET' ) and ""level"" = 0 then 'IPN_TF'
	  		else dataset_id
		  end dataset_id
		, business_date
		, ""level""
		, case
			when dataset_id like '%_TF' or ""dataset_id"" in ( 'TOTALFUND', 'CMBP_NET' ) then 'Total Fund'	
			when dataset_id like '%_C' then 'Core'
			when dataset_id like '%_S' then 'Supplementary'
		  end node_name
		, case
			when metric like '%rc' then 'CAD'
			when metric like '%lc' then 'Local'
			else 'FX'
		  end currency
		, case
			when metric like '%qtd%' then 'QTD'
			when metric like '%3m_roll%' then '3M'
			when metric like '%fytd%' then 'FYTD'
			when metric like '%1y_roll%' then '1Y'
			when metric like '%4yp%' then '4Y+FYTD'
			when metric like '%5y_roll%' then '5Y'
			else 'MTD'
		  end period
		, value
		, last_update
	from (
		select
			  dataset_id 
			, business_date 
			, ""level"" 
			, time_weighted_return_rc 
			, time_weighted_return_lc
			--, time_weighted_return_fx 
			, time_weighted_return_qtd_rc 
			, time_weighted_return_qtd_lc 
			--, time_weighted_return_fx_qtd 
			, time_weighted_return_3m_roll_rc 
			, time_weighted_return_3m_roll_lc 
			--, time_weighted_return_fx_3m_roll 
			, time_weighted_return_fytd_rc 
			, time_weighted_return_fytd_lc 
			--, time_weighted_return_fx_fytd 
			, time_weighted_return_1y_roll_rc 
			, time_weighted_return_1y_roll_lc 
			--, time_weighted_return_fx_1y_roll 
			, time_weighted_return_4yp_rc 
			, time_weighted_return_4yp_lc 
			--, time_weighted_return_fx_4yp 
			, time_weighted_return_5y_roll_rc 
			, time_weighted_return_5y_roll_lc 
			--, time_weighted_return_fx_5y_roll 
			, last_update 
		from 
			performance_dev.perf_top_down_monthly 
		where 
			dataset_id in (
				/* TOTAL FUND */
				  'MRP_TF'
				, 'RP_TF'
				, 'ATP_TF'
				, 'RISK_APP_TF'
				, 'DIV_LVG_TF'
				, 'INV_SELECT_TF'
				/* CORE POOL */
				, 'MRP_C'
				, 'RP_C'
				, 'ATP_C'
				, 'RISK_APP_C'
				, 'DIV_LVG_C'
				, 'INV_SELECT_C'
				/* SUPP POOL */
				, 'MRP_S'
				, 'RP_S'
				, 'ATP_S'
				, 'RISK_APP_S'
				, 'DIV_LVG_S'
				, 'INV_SELECT_S'
			)
			and ""level"" = 1
			and periods_per_year = 12 -- pull monthly values only
		union all
		select
			  dataset_id 
			, business_date 
			, ""level""
			-- for below, TOTALFUND local and FX values should be not used; CMBP_NET CAD values should not be used
			, case when dataset_id = 'CMBP_NET' then null else time_weighted_return_rc end time_weighted_return_rc
			, case when dataset_id = 'TOTALFUND' then null else time_weighted_return_lc end time_weighted_return_lc
			--, case when dataset_id = 'TOTALFUND' then null else time_weighted_return_fx end time_weighted_return_fx
			, case when dataset_id = 'CMBP_NET' then null else time_weighted_return_qtd_rc end time_weighted_return_qtd_rc
			, case when dataset_id = 'TOTALFUND' then null else time_weighted_return_qtd_lc end time_weighted_return_qtd_lc
			--, case when dataset_id = 'TOTALFUND' then null else time_weighted_return_fx_qtd end time_weighted_return_fx_qtd
			, case when dataset_id = 'CMBP_NET' then null else time_weighted_return_3m_roll_rc end time_weighted_return_3m_roll_rc
			, case when dataset_id = 'TOTALFUND' then null else time_weighted_return_3m_roll_lc end time_weighted_return_3m_roll_lc
			--, case when dataset_id = 'TOTALFUND' then null else time_weighted_return_fx_3m_roll end time_weighted_return_fx_3m_roll
			, case when dataset_id = 'CMBP_NET' then null else time_weighted_return_fytd_rc end time_weighted_return_fytd_rc
			, case when dataset_id = 'TOTALFUND' then null else time_weighted_return_fytd_lc end time_weighted_return_fytd_lc
			--, case when dataset_id = 'TOTALFUND' then null else time_weighted_return_fx_fytd end time_weighted_return_fx_fytd
			, case when dataset_id = 'CMBP_NET' then null else time_weighted_return_1y_roll_rc end time_weighted_return_1y_roll_rc
			, case when dataset_id = 'TOTALFUND' then null else time_weighted_return_1y_roll_lc end time_weighted_return_1y_roll_lc
			--, case when dataset_id = 'TOTALFUND' then null else time_weighted_return_fx_1y_roll end time_weighted_return_fx_1y_roll
			, case when dataset_id = 'CMBP_NET' then null else time_weighted_return_4yp_rc end time_weighted_return_4yp_rc
			, case when dataset_id = 'TOTALFUND' then null else time_weighted_return_4yp_lc end time_weighted_return_4yp_lc
			--, case when dataset_id = 'TOTALFUND' then null else time_weighted_return_fx_4yp end time_weighted_return_fx_4yp
			, case when dataset_id = 'CMBP_NET' then null else time_weighted_return_5y_roll_rc end time_weighted_return_5y_roll_rc
			, case when dataset_id = 'TOTALFUND' then null else time_weighted_return_5y_roll_lc end time_weighted_return_5y_roll_lc
			--, case when dataset_id = 'TOTALFUND' then null else time_weighted_return_fx_5y_roll end time_weighted_return_fx_5y_roll
			, last_update
		from 
			performance_dev.perf_bottom_up_monthly 
		where 
			(
				dataset_id in (
					/* CORE POOL */
					  'IPN_C'
					--, 'SAP_C'
					/* SUPP POOL */
					, 'IPN_S'
					--, 'SAP_S'
				)
				and node_id = '2'
			)
			or
			(	/* TOTAL FUND */
				dataset_id in ( 'TOTALFUND', 'CMBP_NET' )
				and ""level"" = 0
			)
			and periods_per_year = 12 -- pull monthly values only
	) base_pivot
	cross join unnest(
		/* METRIC */
		array[
		  	  'time_weighted_return_rc' 
			, 'time_weighted_return_lc'
			--, 'time_weighted_return_fx' 
			, 'time_weighted_return_qtd_rc' 
			, 'time_weighted_return_qtd_lc' 
			--, 'time_weighted_return_fx_qtd' 
			, 'time_weighted_return_3m_roll_rc' 
			, 'time_weighted_return_3m_roll_lc' 
			--, 'time_weighted_return_fx_3m_roll' 
			, 'time_weighted_return_fytd_rc' 
			, 'time_weighted_return_fytd_lc' 
			--, 'time_weighted_return_fx_fytd' 
			, 'time_weighted_return_1y_roll_rc' 
			, 'time_weighted_return_1y_roll_lc' 
			--, 'time_weighted_return_fx_1y_roll' 
			, 'time_weighted_return_4yp_rc' 
			, 'time_weighted_return_4yp_lc' 
			--, 'time_weighted_return_fx_4yp' 
			, 'time_weighted_return_5y_roll_rc' 
			, 'time_weighted_return_5y_roll_lc' 
			--, 'time_weighted_return_fx_5y_roll'
		  ]
		/* VALUE */
		, array[
			  time_weighted_return_rc 
			, time_weighted_return_lc
			--, time_weighted_return_fx 
			, time_weighted_return_qtd_rc 
			, time_weighted_return_qtd_lc 
			--, time_weighted_return_fx_qtd 
			, time_weighted_return_3m_roll_rc 
			, time_weighted_return_3m_roll_lc 
			--, time_weighted_return_fx_3m_roll 
			, time_weighted_return_fytd_rc 
			, time_weighted_return_fytd_lc 
			--, time_weighted_return_fx_fytd 
			, time_weighted_return_1y_roll_rc 
			, time_weighted_return_1y_roll_lc 
			--, time_weighted_return_fx_1y_roll 
			, time_weighted_return_4yp_rc 
			, time_weighted_return_4yp_lc 
			--, time_weighted_return_fx_4yp 
			, time_weighted_return_5y_roll_rc 
			, time_weighted_return_5y_roll_lc 
			--, time_weighted_return_fx_5y_roll 
		  ]
	) unpivot ( metric, value )
), inv_select_dept_ex_tfm as (
	select
		  dataset_id
		, business_date
		, ""level""
		, node_name
		, 'Local' as currency
		, case
			when metric like '%qtd%' then 'QTD'
			when metric like '%3m_roll%' then '3M'
			when metric like '%fytd%' then 'FYTD'
			when metric like '%1y_roll%' then '1Y'
			when metric like '%4yp%' then '4Y+FYTD'
			when metric like '%5y_roll%' then '5Y'
			else 'MTD'
		  end period
		, value
		, last_update
	from (		
		select
			  dataset_id 
			, business_date 
			, ""level"" 
			, node_name 
			, contribution_fytd_lc 
			, contribution_4yp_lc
			, contribution_5y_roll_lc 
			, last_update 
		from 
			performance_dev.perf_top_down_monthly 
		where 
			dataset_id = 'SEC_SELECT_C'
			and ""level"" = 2
			and node_name != 'Total Fund Management'
	) inv_select_dept_ex_tfm_pivot
	cross join unnest (
		/* METRIC */
		array [
			  'contribution_fytd_lc'
			, 'contribution_4yp_lc'
			, 'contribution_5y_roll_lc'
		]
		/* VALUE */
		, array [
			  contribution_fytd_lc 
			, contribution_4yp_lc
			, contribution_5y_roll_lc 
		]
	) inv_select_dept_ex_tfm_unpivot ( metric, value )
), inv_select_dept_tfm as (
	select 
		  'SEC_SELECT_C' as dataset_id
		, inv_select.business_date
		, 2 as ""level""
		, 'Total Fund Management' as node_name
		, 'Local' as currency
		, inv_select.period
		--, inv_select.value as inv_select_value
		--, dept_contr.value as dept_contr_value
		, inv_select.value - dept_contr.value as value
		, greatest( inv_select.last_update, dept_contr.last_update ) as last_update
	from (
		/* Investment Selection */
		select *
		from 
			base
		where
			dataset_id = 'INV_SELECT_C'
			and currency = 'CAD'
	) inv_select
	inner join (
		/* Dept Contribution ex TFM */
		select
			  dataset_id
			, business_date
			, ""level""
			, currency
			, period
			, sum( value ) as value
			, max( last_update ) as last_update
		from
			inv_select_dept_ex_tfm
		group by 
			  dataset_id
			, business_date
			, ""level""
			, currency
			, period
	) dept_contr
		on inv_select.business_date = dept_contr.business_date
		and inv_select.period = dept_contr.period
), cmb as (
	select
		  business_date
		, dataset_id
		, metric_group_l1
		, case 
				when currency = 'FX' then (
					case
						when regexp_like( dataset_id, '^DIV_LVG_(TF|C|S)$' ) then 'Diversification & Leverage'
						when regexp_like( dataset_id, '^INV_SELECT_(TF|C|S)$' ) then 'Investment Selection'
						else metric_friendly_name
					end
				)
				when currency = 'CAD' then (
					case
						when regexp_like( dataset_id, '^DIV_LVG_(TF|C|S)$' ) then 'Diversification & Leverage'
						when regexp_like( dataset_id, '^INV_SELECT_(TF|C|S)$' ) then 'Investment Selection'
						else metric_friendly_name
					end
				)
				when currency = 'Local' then (
					case 
						when regexp_like( dataset_id, '^LEVERAGE_(TF|C|S)$' ) then 'Diversification & Leverage'
						when regexp_like( dataset_id, 'ATP_(TF|C|S)\s\-\sRPL__(TF|C|S)' ) then 'Diversification & Leverage'
						when regexp_like( dataset_id, '^STGY_COMP_(TF|C|S)$' ) then 'Investment Selection'
						when regexp_like( dataset_id, '^SEC_SELECT_(TF|C|S)$' ) then 'Investment Selection'
						else metric_friendly_name
					end
				)
				else metric_friendly_name
		  end metric_group_l2
		, metric
		, metric_friendly_name
		, ""level""
		, investment_structure_l2
		, metric_friendly_name as attribution_node
		, currency
		, period
		, value
		, last_update
	from (
		select
			  business_date 
			, dataset_id
			, case 
				/* Headline Attribution */
				when dataset_id in (
					/* TOTAL FUND */
					  'RISK_APP_TF'
					, 'DIV_LVG_TF'
					, 'INV_SELECT_TF'
					, 'DIV_LVG_TF + INV_SELECT_TF'
					, 'IPN_TF - MRP_TF'
					/* CORE POOL */
					, 'RISK_APP_C'
					, 'DIV_LVG_C'
					, 'INV_SELECT_C'
					, 'DIV_LVG_C + INV_SELECT_C'
					, 'IPN_C - MRP_C'
					/* SUPP POOL */
					, 'RISK_APP_S'
					, 'DIV_LVG_S'
					, 'INV_SELECT_S'
					, 'DIV_LVG_S + INV_SELECT_S'
					, 'IPN_S - MRP_S'
				)
				and currency = 'CAD'
				then 'Headline Attribution'
				/* Mainline Attribution */
				when dataset_id in (
					/* TOTAL FUND */
					  'LEVERAGE_TF'
					, 'ATP_TF - RPL_TF'
					, 'STGY_COMP_TF'
					, 'SEC_SELECT_TF'
					/* CORE POOL */
					, 'LEVERAGE_C'
					, 'ATP_C - RPL_C'
					, 'STGY_COMP_C'
					, 'SEC_SELECT_C'
					/* SUPP POOL */
					, 'LEVERAGE_S'
					, 'ATP_S - RPL_S'
					, 'STGY_COMP_S'
					, 'SEC_SELECT_S'
				)
				and currency = 'Local' 
				then 'Mainline Attribution'
				/* Mainline Attribution FX */
				when dataset_id in (
					/* TOTAL FUND */
					  'DIV_LVG_TF'
					, 'INV_SELECT_TF'
					/* CORE POOL */
					, 'DIV_LVG_C'
					, 'INV_SELECT_C'
					/* SUPP POOL */
					, 'DIV_LVG_S'
					, 'INV_SELECT_S'
				)
				and currency = 'FX'
				then 'Mainline Attribution'
				/* Portfolio Returns */
				when dataset_id in (
					/* TOTAL FUND */
					  'MRP_TF'
					, 'RP_TF'
					, 'ATP_TF'
					, 'RPL_TF'
					, 'SAP_TF'
					, 'IPN_TF'
					/* CORE POOL */
					, 'MRP_C'
					, 'RP_C'
					, 'ATP_C'
					, 'RPL_C'
					, 'SAP_C'
					, 'IPN_C'
					/* SUPP POOL */
					, 'MRP_S'
					, 'RP_S'
					, 'ATP_S'
					, 'RPL_S'
					, 'SAP_S'
					, 'IPN_S'
				)
				then 'Portfolio Returns'
			  end metric_group_l1
			, case 
					when currency = 'FX' then (
						case
							when regexp_like( dataset_id, '^DIV_LVG_(TF|C|S)$' ) then 'BP FX - RP FX' /*'ATP FX - RP FX'*/
							when regexp_like( dataset_id, '^INV_SELECT_(TF|C|S)$' ) then 'IP FX - BP FX' /*'IP FX - ATP FX'*/
							when regexp_like( dataset_id, '^IPN_(TF|C|S)$' ) then 'IP FX'
							when regexp_like( dataset_id, '(^MRP_(TF|C|S)$)|(^RP_(TF|S|C)$)|(^ATP_(TF|S|C)$)|(^RPL_(TF|S|C)$)|(^SAP_(TF|S|C)$)' ) then replace( replace( regexp_extract( dataset_id, '.*\_' ), 'ATP', 'BP' ), '_', ' FX' )
						end
					)
					when regexp_like( dataset_id, '^IPN_(TF|C|S)$' ) then 'IP'
					when regexp_like( dataset_id, '(^MRP_(TF|C|S)$)|(^RP_(TF|S|C)$)|(^ATP_(TF|S|C)$)|(^RPL_(TF|S|C)$)|(^SAP_(TF|S|C)$)' ) THEN replace( replace( regexp_extract( dataset_id, '.*\_' ), 'ATP', 'BP' ), '_', '' )
					when currency = 'CAD' then (
						case
							when regexp_like( dataset_id, '^RISK_APP_(TF|C|S)$' ) THEN 'RP - MRP'
							when regexp_like( dataset_id, '^DIV_LVG_(TF|C|S)$' ) then 'BP - RP' /*'ATP - RP'*/
							when regexp_like( dataset_id, '^INV_SELECT_(TF|C|S)$' ) then 'IP - BP' /*'IP - ATP'*/
							when regexp_like( dataset_id, 'DIV_LVG_(TF|C|S)\s\+\sINV_SELECT_(TF|C|S)' ) then 'IP - RP'
							when regexp_like( dataset_id, 'IPN_(TF|C|S)\s\-\sMRP_(TF|C|S)' ) then 'IP - MRP'
						end
					)
					when currency = 'Local' then (
						case 
							when regexp_like( dataset_id, '^LEVERAGE_(TF|C|S)$' ) then 'RPL - RP'
							when regexp_like( dataset_id, 'ATP_(TF|C|S)\s\-\sRPL__(TF|C|S)' ) then 'BP - RPL' /*'ATP - RPL'*/
							when regexp_like( dataset_id, '^STGY_COMP_(TF|C|S)$' ) then 'SAP - BP' /*'SAP - ATP'*/
							when regexp_like( dataset_id, '^SEC_SELECT_(TF|C|S)$' ) then 'IP - SAP'
						end
					)
			  end metric
			, case 
					when currency = 'FX' then (
						case
							when regexp_like( dataset_id, '^DIV_LVG_(TF|C|S)$' ) then 'Currency (Diversification & Leverage)'
							when regexp_like( dataset_id, '^INV_SELECT_(TF|C|S)$' ) then 'Currency (Investment Selection)'
							when regexp_like( dataset_id, '^MRP_(TF|C|S)$' ) then 'Minimum Return Portfolio FX'
							when regexp_like( dataset_id, '^RP_(TF|C|S)$' ) then 'Reference Portfolio FX'
							when regexp_like( dataset_id, '^ATP_(TF|C|S)$' ) then 'Benchmark Portfolio FX' /*'Annual Target Portfolio FX'*/
							when regexp_like( dataset_id, '^RPL_(TF|C|S)$' ) then 'Leveraged Reference Portfolio FX'
							when regexp_like( dataset_id, '^SAP_(TF|C|S)$' ) then 'Strategy Alternative Portfolio FX'
							when regexp_like( dataset_id, '^IPN_(TF|C|S)$' ) then 'Investment Portfolio FX'
						end
					)
					when regexp_like( dataset_id, '^MRP_(TF|C|S)$' ) then 'Minimum Return Portfolio'
					when regexp_like( dataset_id, '^RP_(TF|C|S)$' ) then 'Reference Portfolio'
					when regexp_like( dataset_id, '^ATP_(TF|C|S)$' ) then 'Benchmark Portfolio' /*'Annual Target Portfolio'*/
					when regexp_like( dataset_id, '^RPL_(TF|C|S)$' ) then 'Leveraged Reference Portfolio'
					when regexp_like( dataset_id, '^SAP_(TF|C|S)$' ) then 'Strategy Alternative Portfolio'
					when regexp_like( dataset_id, '^IPN_(TF|C|S)$' ) then 'Investment Portfolio'
					when currency = 'CAD' then (
						case
							when regexp_like( dataset_id, '^RISK_APP_(TF|C|S)$' ) then 'Risk Appetite'
							when regexp_like( dataset_id, '^DIV_LVG_(TF|C|S)$' ) then 'Diversification & Leverage'
							when regexp_like( dataset_id, '^INV_SELECT_(TF|C|S)$' ) then 'Investment Selection'
							when regexp_like( dataset_id, 'DIV_LVG_(TF|C|S)\s\+\sINV_SELECT_(TF|C|S)' ) then 'Value-Added (IP - RP)' 
							when regexp_like( dataset_id, 'IPN_(TF|C|S)\s\-\sMRP_(TF|C|S)' ) then 'Incremental Return (IP - MRP)' 
						end
					)
					when currency = 'Local' then (
						case 
							when regexp_like( dataset_id, '^LEVERAGE_(TF|C|S)$' ) then 'Leverage'
							when regexp_like( dataset_id, 'ATP_(TF|C|S)\s\-\sRPL__(TF|C|S)' ) then 'Diversification'
							when regexp_like( dataset_id, '^STGY_COMP_(TF|C|S)$' ) then 'Strategy Composition'
							when regexp_like( dataset_id, '^SEC_SELECT_(TF|C|S)$' ) then 'Security Selection'
						end
					)
			  end metric_friendly_name
			, ""level""
			, node_name as investment_structure_l2
			, currency
			, period
			, value
			, last_update
		from (
			select * from base
			union all
			select * from inv_select_dept_ex_tfm
			union all
			select * from inv_select_dept_tfm
		) combined
	) combined_mapped
), cmb_filtered as (
	select 	*
	from 	cmb
	where 	metric_group_l1 is not null
			and business_date = date_trunc('month', business_date) + interval '1' month - interval '1' day -- pull month-end dates only
			and not ( period in ( 'MTD', 'QTD', '3M', 'FYTD' ) and business_date < cast( '2015-06-30' as date ) ) -- MTD, QTD, 3M, FYTD values prior to 2015-06-30 are invalid
			and not ( period in ( '1Y' ) and business_date < cast( '2016-04-30' as date ) ) -- 1Y values prior to 2016-04-30 are invalid
			and not ( period in ( '4Y+FYTD', '5Y' ) and business_date < cast( '2020-03-31' as date ) ) -- 5Y values prior to 2020-03-31 are invalid
			and value is not null
), cmb_filtered_final as (
	/* Adding columns needed specifically for QuickSight dashboard due to limitations */
	select
		  cmb_filtered.*
		, format( '%1$tY-%1$tm', business_date ) as year_month
		, case
			when period = 'MTD' then '1. MTD'
			when period = 'QTD' then '2. QTD'
			when period = '3M' then '3. 3M'
			when period = 'FYTD' then '4. FYTD'
			when period = '1Y' then '5. 1Y'
			when period = '4Y+FYTD' then '6. 4Y+FYTD'
			when period = '5Y' then '7. 5Y'
		  end period_sorted
	from 
		cmb_filtered
)
select * from cmb_filtered_final) AS ""finsights_perf_attribution_DEV"""
e4a964689d6088c5e7b50b391469fc3f66861a1b0c52c807fc685464b7378077,"/* cppi::e4a964689d6088c5e7b50b391469fc3f66861a1b0c52c807fc685464b7378077 */
/* QuickSight 77fffb13-5634-4cbb-b9ea-8c52970b9323 */
SELECT ""business_date"", ""dataset_id"", ""metric_group_l1"", ""metric_group_l2"", ""metric"", ""metric_friendly_name"", ""level"", ""investment_structure_l2"", ""attribution_node"", ""currency"", ""period"", ""value"", ""last_update"", ""year_month"", ""period_sorted""
FROM (with base as (
	select 
		  case
	  		when dataset_id in ( 'TOTALFUND', 'CMBP_NET' ) and ""level"" = 0 then 'IPN_TF'
	  		else dataset_id
		  end dataset_id
		, business_date
		, ""level""
		, case
			when dataset_id like '%_TF' or ""dataset_id"" in ( 'TOTALFUND', 'CMBP_NET' ) then 'Total Fund'	
			when dataset_id like '%_C' then 'Core'
			when dataset_id like '%_S' then 'Supplementary'
		  end node_name
		, case
			when metric like '%rc' then 'CAD'
			when metric like '%lc' then 'Local'
			else 'FX'
		  end currency
		, case
			when metric like '%qtd%' then 'QTD'
			when metric like '%3m_roll%' then '3M'
			when metric like '%fytd%' then 'FYTD'
			when metric like '%1y_roll%' then '1Y'
			when metric like '%4yp%' then '4Y+FYTD'
			when metric like '%5y_roll%' then '5Y'
			else 'MTD'
		  end period
		, value
		, last_update
	from (
		select
			  dataset_id 
			, business_date 
			, ""level"" 
			, time_weighted_return_rc 
			, time_weighted_return_lc
			--, time_weighted_return_fx 
			, time_weighted_return_qtd_rc 
			, time_weighted_return_qtd_lc 
			--, time_weighted_return_fx_qtd 
			, time_weighted_return_3m_roll_rc 
			, time_weighted_return_3m_roll_lc 
			--, time_weighted_return_fx_3m_roll 
			, time_weighted_return_fytd_rc 
			, time_weighted_return_fytd_lc 
			--, time_weighted_return_fx_fytd 
			, time_weighted_return_1y_roll_rc 
			, time_weighted_return_1y_roll_lc 
			--, time_weighted_return_fx_1y_roll 
			, time_weighted_return_4yp_rc 
			, time_weighted_return_4yp_lc 
			--, time_weighted_return_fx_4yp 
			, time_weighted_return_5y_roll_rc 
			, time_weighted_return_5y_roll_lc 
			--, time_weighted_return_fx_5y_roll 
			, last_update 
		from 
			performance_dev.perf_top_down_monthly 
		where 
			dataset_id in (
				/* TOTAL FUND */
				  'MRP_TF'
				, 'RP_TF'
				, 'ATP_TF'
				, 'RISK_APP_TF'
				, 'DIV_LVG_TF'
				, 'INV_SELECT_TF'
				/* CORE POOL */
				, 'MRP_C'
				, 'RP_C'
				, 'ATP_C'
				, 'RISK_APP_C'
				, 'DIV_LVG_C'
				, 'INV_SELECT_C'
				/* SUPP POOL */
				, 'MRP_S'
				, 'RP_S'
				, 'ATP_S'
				, 'RISK_APP_S'
				, 'DIV_LVG_S'
				, 'INV_SELECT_S'
			)
			and ""level"" = 1
			and periods_per_year = 12 -- pull monthly values only
		union all
		select
			  dataset_id 
			, business_date 
			, ""level""
			-- for below, TOTALFUND local and FX values should be not used; CMBP_NET CAD values should not be used
			, case when dataset_id = 'CMBP_NET' then null else time_weighted_return_rc end time_weighted_return_rc
			, case when dataset_id = 'TOTALFUND' then null else time_weighted_return_lc end time_weighted_return_lc
			--, case when dataset_id = 'TOTALFUND' then null else time_weighted_return_fx end time_weighted_return_fx
			, case when dataset_id = 'CMBP_NET' then null else time_weighted_return_qtd_rc end time_weighted_return_qtd_rc
			, case when dataset_id = 'TOTALFUND' then null else time_weighted_return_qtd_lc end time_weighted_return_qtd_lc
			--, case when dataset_id = 'TOTALFUND' then null else time_weighted_return_fx_qtd end time_weighted_return_fx_qtd
			, case when dataset_id = 'CMBP_NET' then null else time_weighted_return_3m_roll_rc end time_weighted_return_3m_roll_rc
			, case when dataset_id = 'TOTALFUND' then null else time_weighted_return_3m_roll_lc end time_weighted_return_3m_roll_lc
			--, case when dataset_id = 'TOTALFUND' then null else time_weighted_return_fx_3m_roll end time_weighted_return_fx_3m_roll
			, case when dataset_id = 'CMBP_NET' then null else time_weighted_return_fytd_rc end time_weighted_return_fytd_rc
			, case when dataset_id = 'TOTALFUND' then null else time_weighted_return_fytd_lc end time_weighted_return_fytd_lc
			--, case when dataset_id = 'TOTALFUND' then null else time_weighted_return_fx_fytd end time_weighted_return_fx_fytd
			, case when dataset_id = 'CMBP_NET' then null else time_weighted_return_1y_roll_rc end time_weighted_return_1y_roll_rc
			, case when dataset_id = 'TOTALFUND' then null else time_weighted_return_1y_roll_lc end time_weighted_return_1y_roll_lc
			--, case when dataset_id = 'TOTALFUND' then null else time_weighted_return_fx_1y_roll end time_weighted_return_fx_1y_roll
			, case when dataset_id = 'CMBP_NET' then null else time_weighted_return_4yp_rc end time_weighted_return_4yp_rc
			, case when dataset_id = 'TOTALFUND' then null else time_weighted_return_4yp_lc end time_weighted_return_4yp_lc
			--, case when dataset_id = 'TOTALFUND' then null else time_weighted_return_fx_4yp end time_weighted_return_fx_4yp
			, case when dataset_id = 'CMBP_NET' then null else time_weighted_return_5y_roll_rc end time_weighted_return_5y_roll_rc
			, case when dataset_id = 'TOTALFUND' then null else time_weighted_return_5y_roll_lc end time_weighted_return_5y_roll_lc
			--, case when dataset_id = 'TOTALFUND' then null else time_weighted_return_fx_5y_roll end time_weighted_return_fx_5y_roll
			, last_update
		from 
			performance_dev.perf_bottom_up_monthly 
		where 
			(
				dataset_id in (
					/* CORE POOL */
					  'IPN_C'
					--, 'SAP_C'
					/* SUPP POOL */
					, 'IPN_S'
					--, 'SAP_S'
				)
				and node_id = '2'
			)
			or
			(	/* TOTAL FUND */
				dataset_id in ( 'TOTALFUND', 'CMBP_NET' )
				and ""level"" = 0
			)
			and periods_per_year = 12 -- pull monthly values only
	) base_pivot
	cross join unnest(
		/* METRIC */
		array[
		  	  'time_weighted_return_rc' 
			, 'time_weighted_return_lc'
			--, 'time_weighted_return_fx' 
			, 'time_weighted_return_qtd_rc' 
			, 'time_weighted_return_qtd_lc' 
			--, 'time_weighted_return_fx_qtd' 
			, 'time_weighted_return_3m_roll_rc' 
			, 'time_weighted_return_3m_roll_lc' 
			--, 'time_weighted_return_fx_3m_roll' 
			, 'time_weighted_return_fytd_rc' 
			, 'time_weighted_return_fytd_lc' 
			--, 'time_weighted_return_fx_fytd' 
			, 'time_weighted_return_1y_roll_rc' 
			, 'time_weighted_return_1y_roll_lc' 
			--, 'time_weighted_return_fx_1y_roll' 
			, 'time_weighted_return_4yp_rc' 
			, 'time_weighted_return_4yp_lc' 
			--, 'time_weighted_return_fx_4yp' 
			, 'time_weighted_return_5y_roll_rc' 
			, 'time_weighted_return_5y_roll_lc' 
			--, 'time_weighted_return_fx_5y_roll'
		  ]
		/* VALUE */
		, array[
			  time_weighted_return_rc 
			, time_weighted_return_lc
			--, time_weighted_return_fx 
			, time_weighted_return_qtd_rc 
			, time_weighted_return_qtd_lc 
			--, time_weighted_return_fx_qtd 
			, time_weighted_return_3m_roll_rc 
			, time_weighted_return_3m_roll_lc 
			--, time_weighted_return_fx_3m_roll 
			, time_weighted_return_fytd_rc 
			, time_weighted_return_fytd_lc 
			--, time_weighted_return_fx_fytd 
			, time_weighted_return_1y_roll_rc 
			, time_weighted_return_1y_roll_lc 
			--, time_weighted_return_fx_1y_roll 
			, time_weighted_return_4yp_rc 
			, time_weighted_return_4yp_lc 
			--, time_weighted_return_fx_4yp 
			, time_weighted_return_5y_roll_rc 
			, time_weighted_return_5y_roll_lc 
			--, time_weighted_return_fx_5y_roll 
		  ]
	) unpivot ( metric, value )
), inv_select_dept_ex_tfm as (
	select
		  dataset_id
		, business_date
		, ""level""
		, node_name
		, 'Local' as currency
		, case
			when metric like '%qtd%' then 'QTD'
			when metric like '%3m_roll%' then '3M'
			when metric like '%fytd%' then 'FYTD'
			when metric like '%1y_roll%' then '1Y'
			when metric like '%4yp%' then '4Y+FYTD'
			when metric like '%5y_roll%' then '5Y'
			else 'MTD'
		  end period
		, value
		, last_update
	from (		
		select
			  dataset_id 
			, business_date 
			, ""level"" 
			, node_name 
			, contribution_fytd_lc 
			, contribution_4yp_lc
			, contribution_5y_roll_lc 
			, last_update 
		from 
			performance_dev.perf_top_down_monthly 
		where 
			dataset_id = 'SEC_SELECT_C'
			and ""level"" = 2
			and node_name != 'Total Fund Management'
	) inv_select_dept_ex_tfm_pivot
	cross join unnest (
		/* METRIC */
		array [
			  'contribution_fytd_lc'
			, 'contribution_4yp_lc'
			, 'contribution_5y_roll_lc'
		]
		/* VALUE */
		, array [
			  contribution_fytd_lc 
			, contribution_4yp_lc
			, contribution_5y_roll_lc 
		]
	) inv_select_dept_ex_tfm_unpivot ( metric, value )
), inv_select_dept_tfm as (
	select 
		  'SEC_SELECT_C' as dataset_id
		, inv_select.business_date
		, 2 as ""level""
		, 'Total Fund Management' as node_name
		, 'Local' as currency
		, inv_select.period
		--, inv_select.value as inv_select_value
		--, dept_contr.value as dept_contr_value
		, inv_select.value - dept_contr.value as value
		, greatest( inv_select.last_update, dept_contr.last_update ) as last_update
	from (
		/* Investment Selection */
		select *
		from 
			base
		where
			dataset_id = 'INV_SELECT_C'
			and currency = 'CAD'
	) inv_select
	inner join (
		/* Dept Contribution ex TFM */
		select
			  dataset_id
			, business_date
			, ""level""
			, currency
			, period
			, sum( value ) as value
			, max( last_update ) as last_update
		from
			inv_select_dept_ex_tfm
		group by 
			  dataset_id
			, business_date
			, ""level""
			, currency
			, period
	) dept_contr
		on inv_select.business_date = dept_contr.business_date
		and inv_select.period = dept_contr.period
), cmb as (
	select
		  business_date
		, dataset_id
		, metric_group_l1
		, case 
				when currency = 'FX' then (
					case
						when regexp_like( dataset_id, '^DIV_LVG_(TF|C|S)$' ) then 'Diversification & Leverage'
						when regexp_like( dataset_id, '^INV_SELECT_(TF|C|S)$' ) then 'Investment Selection'
						else metric_friendly_name
					end
				)
				when currency = 'CAD' then (
					case
						when regexp_like( dataset_id, '^DIV_LVG_(TF|C|S)$' ) then 'Diversification & Leverage'
						when regexp_like( dataset_id, '^INV_SELECT_(TF|C|S)$' ) then 'Investment Selection'
						else metric_friendly_name
					end
				)
				when currency = 'Local' then (
					case 
						when regexp_like( dataset_id, '^LEVERAGE_(TF|C|S)$' ) then 'Diversification & Leverage'
						when regexp_like( dataset_id, 'ATP_(TF|C|S)\s\-\sRPL__(TF|C|S)' ) then 'Diversification & Leverage'
						when regexp_like( dataset_id, '^STGY_COMP_(TF|C|S)$' ) then 'Investment Selection'
						when regexp_like( dataset_id, '^SEC_SELECT_(TF|C|S)$' ) then 'Investment Selection'
						else metric_friendly_name
					end
				)
				else metric_friendly_name
		  end metric_group_l2
		, metric
		, metric_friendly_name
		, ""level""
		, investment_structure_l2
		, metric_friendly_name as attribution_node
		, currency
		, period
		, value
		, last_update
	from (
		select
			  business_date 
			, dataset_id
			, case 
				/* Headline Attribution */
				when dataset_id in (
					/* TOTAL FUND */
					  'RISK_APP_TF'
					, 'DIV_LVG_TF'
					, 'INV_SELECT_TF'
					, 'DIV_LVG_TF + INV_SELECT_TF'
					, 'IPN_TF - MRP_TF'
					/* CORE POOL */
					, 'RISK_APP_C'
					, 'DIV_LVG_C'
					, 'INV_SELECT_C'
					, 'DIV_LVG_C + INV_SELECT_C'
					, 'IPN_C - MRP_C'
					/* SUPP POOL */
					, 'RISK_APP_S'
					, 'DIV_LVG_S'
					, 'INV_SELECT_S'
					, 'DIV_LVG_S + INV_SELECT_S'
					, 'IPN_S - MRP_S'
				)
				and currency = 'CAD'
				then 'Headline Attribution'
				/* Mainline Attribution */
				when dataset_id in (
					/* TOTAL FUND */
					  'LEVERAGE_TF'
					, 'ATP_TF - RPL_TF'
					, 'STGY_COMP_TF'
					, 'SEC_SELECT_TF'
					/* CORE POOL */
					, 'LEVERAGE_C'
					, 'ATP_C - RPL_C'
					, 'STGY_COMP_C'
					, 'SEC_SELECT_C'
					/* SUPP POOL */
					, 'LEVERAGE_S'
					, 'ATP_S - RPL_S'
					, 'STGY_COMP_S'
					, 'SEC_SELECT_S'
				)
				and currency = 'Local' 
				then 'Mainline Attribution'
				/* Mainline Attribution FX */
				when dataset_id in (
					/* TOTAL FUND */
					  'DIV_LVG_TF'
					, 'INV_SELECT_TF'
					/* CORE POOL */
					, 'DIV_LVG_C'
					, 'INV_SELECT_C'
					/* SUPP POOL */
					, 'DIV_LVG_S'
					, 'INV_SELECT_S'
				)
				and currency = 'FX'
				then 'Mainline Attribution'
				/* Portfolio Returns */
				when dataset_id in (
					/* TOTAL FUND */
					  'MRP_TF'
					, 'RP_TF'
					, 'ATP_TF'
					, 'RPL_TF'
					, 'SAP_TF'
					, 'IPN_TF'
					/* CORE POOL */
					, 'MRP_C'
					, 'RP_C'
					, 'ATP_C'
					, 'RPL_C'
					, 'SAP_C'
					, 'IPN_C'
					/* SUPP POOL */
					, 'MRP_S'
					, 'RP_S'
					, 'ATP_S'
					, 'RPL_S'
					, 'SAP_S'
					, 'IPN_S'
				)
				then 'Portfolio Returns'
			  end metric_group_l1
			, case 
					when currency = 'FX' then (
						case
							when regexp_like( dataset_id, '^DIV_LVG_(TF|C|S)$' ) then 'BP FX - RP FX' /*'ATP FX - RP FX'*/
							when regexp_like( dataset_id, '^INV_SELECT_(TF|C|S)$' ) then 'IP FX - BP FX' /*'IP FX - ATP FX'*/
							when regexp_like( dataset_id, '^IPN_(TF|C|S)$' ) then 'IP FX'
							when regexp_like( dataset_id, '(^MRP_(TF|C|S)$)|(^RP_(TF|S|C)$)|(^ATP_(TF|S|C)$)|(^RPL_(TF|S|C)$)|(^SAP_(TF|S|C)$)' ) then replace( replace( regexp_extract( dataset_id, '.*\_' ), 'ATP', 'BP' ), '_', ' FX' )
						end
					)
					when regexp_like( dataset_id, '^IPN_(TF|C|S)$' ) then 'IP'
					when regexp_like( dataset_id, '(^MRP_(TF|C|S)$)|(^RP_(TF|S|C)$)|(^ATP_(TF|S|C)$)|(^RPL_(TF|S|C)$)|(^SAP_(TF|S|C)$)' ) THEN replace( replace( regexp_extract( dataset_id, '.*\_' ), 'ATP', 'BP' ), '_', '' )
					when currency = 'CAD' then (
						case
							when regexp_like( dataset_id, '^RISK_APP_(TF|C|S)$' ) THEN 'RP - MRP'
							when regexp_like( dataset_id, '^DIV_LVG_(TF|C|S)$' ) then 'BP - RP' /*'ATP - RP'*/
							when regexp_like( dataset_id, '^INV_SELECT_(TF|C|S)$' ) then 'IP - BP' /*'IP - ATP'*/
							when regexp_like( dataset_id, 'DIV_LVG_(TF|C|S)\s\+\sINV_SELECT_(TF|C|S)' ) then 'IP - RP'
							when regexp_like( dataset_id, 'IPN_(TF|C|S)\s\-\sMRP_(TF|C|S)' ) then 'IP - MRP'
						end
					)
					when currency = 'Local' then (
						case 
							when regexp_like( dataset_id, '^LEVERAGE_(TF|C|S)$' ) then 'RPL - RP'
							when regexp_like( dataset_id, 'ATP_(TF|C|S)\s\-\sRPL__(TF|C|S)' ) then 'BP - RPL' /*'ATP - RPL'*/
							when regexp_like( dataset_id, '^STGY_COMP_(TF|C|S)$' ) then 'SAP - BP' /*'SAP - ATP'*/
							when regexp_like( dataset_id, '^SEC_SELECT_(TF|C|S)$' ) then 'IP - SAP'
						end
					)
			  end metric
			, case 
					when currency = 'FX' then (
						case
							when regexp_like( dataset_id, '^DIV_LVG_(TF|C|S)$' ) then 'Currency (Diversification & Leverage)'
							when regexp_like( dataset_id, '^INV_SELECT_(TF|C|S)$' ) then 'Currency (Investment Selection)'
							when regexp_like( dataset_id, '^MRP_(TF|C|S)$' ) then 'Minimum Return Portfolio FX'
							when regexp_like( dataset_id, '^RP_(TF|C|S)$' ) then 'Reference Portfolio FX'
							when regexp_like( dataset_id, '^ATP_(TF|C|S)$' ) then 'Benchmark Portfolio FX' /*'Annual Target Portfolio FX'*/
							when regexp_like( dataset_id, '^RPL_(TF|C|S)$' ) then 'Leveraged Reference Portfolio FX'
							when regexp_like( dataset_id, '^SAP_(TF|C|S)$' ) then 'Strategy Alternative Portfolio FX'
							when regexp_like( dataset_id, '^IPN_(TF|C|S)$' ) then 'Investment Portfolio FX'
						end
					)
					when regexp_like( dataset_id, '^MRP_(TF|C|S)$' ) then 'Minimum Return Portfolio'
					when regexp_like( dataset_id, '^RP_(TF|C|S)$' ) then 'Reference Portfolio'
					when regexp_like( dataset_id, '^ATP_(TF|C|S)$' ) then 'Benchmark Portfolio' /*'Annual Target Portfolio'*/
					when regexp_like( dataset_id, '^RPL_(TF|C|S)$' ) then 'Leveraged Reference Portfolio'
					when regexp_like( dataset_id, '^SAP_(TF|C|S)$' ) then 'Strategy Alternative Portfolio'
					when regexp_like( dataset_id, '^IPN_(TF|C|S)$' ) then 'Investment Portfolio'
					when currency = 'CAD' then (
						case
							when regexp_like( dataset_id, '^RISK_APP_(TF|C|S)$' ) then 'Risk Appetite'
							when regexp_like( dataset_id, '^DIV_LVG_(TF|C|S)$' ) then 'Diversification & Leverage'
							when regexp_like( dataset_id, '^INV_SELECT_(TF|C|S)$' ) then 'Investment Selection'
							when regexp_like( dataset_id, 'DIV_LVG_(TF|C|S)\s\+\sINV_SELECT_(TF|C|S)' ) then 'Value-Added (IP - RP)' 
							when regexp_like( dataset_id, 'IPN_(TF|C|S)\s\-\sMRP_(TF|C|S)' ) then 'Incremental Return (IP - MRP)' 
						end
					)
					when currency = 'Local' then (
						case 
							when regexp_like( dataset_id, '^LEVERAGE_(TF|C|S)$' ) then 'Leverage'
							when regexp_like( dataset_id, 'ATP_(TF|C|S)\s\-\sRPL__(TF|C|S)' ) then 'Diversification'
							when regexp_like( dataset_id, '^STGY_COMP_(TF|C|S)$' ) then 'Strategy Composition'
							when regexp_like( dataset_id, '^SEC_SELECT_(TF|C|S)$' ) then 'Security Selection'
						end
					)
			  end metric_friendly_name
			, ""level""
			, node_name as investment_structure_l2
			, currency
			, period
			, value
			, last_update
		from (
			select * from base
			union all
			select * from inv_select_dept_ex_tfm
			union all
			select * from inv_select_dept_tfm
		) combined
	) combined_mapped
), cmb_filtered as (
	select 	*
	from 	cmb
	where 	metric_group_l1 is not null
			and business_date = date_trunc('month', business_date) + interval '1' month - interval '1' day -- pull month-end dates only
			and not ( period in ( 'MTD', 'QTD', '3M', 'FYTD' ) and business_date < cast( '2015-06-30' as date ) ) -- MTD, QTD, 3M, FYTD values prior to 2015-06-30 are invalid
			and not ( period in ( '1Y' ) and business_date < cast( '2016-04-30' as date ) ) -- 1Y values prior to 2016-04-30 are invalid
			and not ( period in ( '4Y+FYTD', '5Y' ) and business_date < cast( '2020-03-31' as date ) ) -- 5Y values prior to 2020-03-31 are invalid
			and value is not null
), cmb_filtered_final as (
	/* Adding columns needed specifically for QuickSight dashboard due to limitations */
	select
		  cmb_filtered.*
		, format( '%1$tY-%1$tm', business_date ) as year_month
		, case
			when period = 'MTD' then '1. MTD'
			when period = 'QTD' then '2. QTD'
			when period = '3M' then '3. 3M'
			when period = 'FYTD' then '4. FYTD'
			when period = '1Y' then '5. 1Y'
			when period = '4Y+FYTD' then '6. 4Y+FYTD'
			when period = '5Y' then '7. 5Y'
		  end period_sorted
	from 
		cmb_filtered
)
select * from cmb_filtered_final) AS ""finsights_perf_attribution_DEV"""
e4a964689d6088c5e7b50b391469fc3f66861a1b0c52c807fc685464b7378077,"/* cppi::e4a964689d6088c5e7b50b391469fc3f66861a1b0c52c807fc685464b7378077 */
/* QuickSight 77fffb13-5634-4cbb-b9ea-8c52970b9323 */
SELECT ""business_date"", ""dataset_id"", ""metric_group_l1"", ""metric_group_l2"", ""metric"", ""metric_friendly_name"", ""level"", ""investment_structure_l2"", ""attribution_node"", ""currency"", ""period"", ""value"", ""last_update"", ""year_month"", ""period_sorted""
FROM (with base as (
	select 
		  case
	  		when dataset_id in ( 'TOTALFUND', 'CMBP_NET' ) and ""level"" = 0 then 'IPN_TF'
	  		else dataset_id
		  end dataset_id
		, business_date
		, ""level""
		, case
			when dataset_id like '%_TF' or ""dataset_id"" in ( 'TOTALFUND', 'CMBP_NET' ) then 'Total Fund'	
			when dataset_id like '%_C' then 'Core'
			when dataset_id like '%_S' then 'Supplementary'
		  end node_name
		, case
			when metric like '%rc' then 'CAD'
			when metric like '%lc' then 'Local'
			else 'FX'
		  end currency
		, case
			when metric like '%qtd%' then 'QTD'
			when metric like '%3m_roll%' then '3M'
			when metric like '%fytd%' then 'FYTD'
			when metric like '%1y_roll%' then '1Y'
			when metric like '%4yp%' then '4Y+FYTD'
			when metric like '%5y_roll%' then '5Y'
			else 'MTD'
		  end period
		, value
		, last_update
	from (
		select
			  dataset_id 
			, business_date 
			, ""level"" 
			, time_weighted_return_rc 
			, time_weighted_return_lc
			--, time_weighted_return_fx 
			, time_weighted_return_qtd_rc 
			, time_weighted_return_qtd_lc 
			--, time_weighted_return_fx_qtd 
			, time_weighted_return_3m_roll_rc 
			, time_weighted_return_3m_roll_lc 
			--, time_weighted_return_fx_3m_roll 
			, time_weighted_return_fytd_rc 
			, time_weighted_return_fytd_lc 
			--, time_weighted_return_fx_fytd 
			, time_weighted_return_1y_roll_rc 
			, time_weighted_return_1y_roll_lc 
			--, time_weighted_return_fx_1y_roll 
			, time_weighted_return_4yp_rc 
			, time_weighted_return_4yp_lc 
			--, time_weighted_return_fx_4yp 
			, time_weighted_return_5y_roll_rc 
			, time_weighted_return_5y_roll_lc 
			--, time_weighted_return_fx_5y_roll 
			, last_update 
		from 
			performance_dev.perf_top_down_monthly 
		where 
			dataset_id in (
				/* TOTAL FUND */
				  'MRP_TF'
				, 'RP_TF'
				, 'ATP_TF'
				, 'RISK_APP_TF'
				, 'DIV_LVG_TF'
				, 'INV_SELECT_TF'
				/* CORE POOL */
				, 'MRP_C'
				, 'RP_C'
				, 'ATP_C'
				, 'RISK_APP_C'
				, 'DIV_LVG_C'
				, 'INV_SELECT_C'
				/* SUPP POOL */
				, 'MRP_S'
				, 'RP_S'
				, 'ATP_S'
				, 'RISK_APP_S'
				, 'DIV_LVG_S'
				, 'INV_SELECT_S'
			)
			and ""level"" = 1
			and periods_per_year = 12 -- pull monthly values only
		union all
		select
			  dataset_id 
			, business_date 
			, ""level""
			-- for below, TOTALFUND local and FX values should be not used; CMBP_NET CAD values should not be used
			, case when dataset_id = 'CMBP_NET' then null else time_weighted_return_rc end time_weighted_return_rc
			, case when dataset_id = 'TOTALFUND' then null else time_weighted_return_lc end time_weighted_return_lc
			--, case when dataset_id = 'TOTALFUND' then null else time_weighted_return_fx end time_weighted_return_fx
			, case when dataset_id = 'CMBP_NET' then null else time_weighted_return_qtd_rc end time_weighted_return_qtd_rc
			, case when dataset_id = 'TOTALFUND' then null else time_weighted_return_qtd_lc end time_weighted_return_qtd_lc
			--, case when dataset_id = 'TOTALFUND' then null else time_weighted_return_fx_qtd end time_weighted_return_fx_qtd
			, case when dataset_id = 'CMBP_NET' then null else time_weighted_return_3m_roll_rc end time_weighted_return_3m_roll_rc
			, case when dataset_id = 'TOTALFUND' then null else time_weighted_return_3m_roll_lc end time_weighted_return_3m_roll_lc
			--, case when dataset_id = 'TOTALFUND' then null else time_weighted_return_fx_3m_roll end time_weighted_return_fx_3m_roll
			, case when dataset_id = 'CMBP_NET' then null else time_weighted_return_fytd_rc end time_weighted_return_fytd_rc
			, case when dataset_id = 'TOTALFUND' then null else time_weighted_return_fytd_lc end time_weighted_return_fytd_lc
			--, case when dataset_id = 'TOTALFUND' then null else time_weighted_return_fx_fytd end time_weighted_return_fx_fytd
			, case when dataset_id = 'CMBP_NET' then null else time_weighted_return_1y_roll_rc end time_weighted_return_1y_roll_rc
			, case when dataset_id = 'TOTALFUND' then null else time_weighted_return_1y_roll_lc end time_weighted_return_1y_roll_lc
			--, case when dataset_id = 'TOTALFUND' then null else time_weighted_return_fx_1y_roll end time_weighted_return_fx_1y_roll
			, case when dataset_id = 'CMBP_NET' then null else time_weighted_return_4yp_rc end time_weighted_return_4yp_rc
			, case when dataset_id = 'TOTALFUND' then null else time_weighted_return_4yp_lc end time_weighted_return_4yp_lc
			--, case when dataset_id = 'TOTALFUND' then null else time_weighted_return_fx_4yp end time_weighted_return_fx_4yp
			, case when dataset_id = 'CMBP_NET' then null else time_weighted_return_5y_roll_rc end time_weighted_return_5y_roll_rc
			, case when dataset_id = 'TOTALFUND' then null else time_weighted_return_5y_roll_lc end time_weighted_return_5y_roll_lc
			--, case when dataset_id = 'TOTALFUND' then null else time_weighted_return_fx_5y_roll end time_weighted_return_fx_5y_roll
			, last_update
		from 
			performance_dev.perf_bottom_up_monthly 
		where 
			(
				dataset_id in (
					/* CORE POOL */
					  'IPN_C'
					--, 'SAP_C'
					/* SUPP POOL */
					, 'IPN_S'
					--, 'SAP_S'
				)
				and node_id = '2'
			)
			or
			(	/* TOTAL FUND */
				dataset_id in ( 'TOTALFUND', 'CMBP_NET' )
				and ""level"" = 0
			)
			and periods_per_year = 12 -- pull monthly values only
	) base_pivot
	cross join unnest(
		/* METRIC */
		array[
		  	  'time_weighted_return_rc' 
			, 'time_weighted_return_lc'
			--, 'time_weighted_return_fx' 
			, 'time_weighted_return_qtd_rc' 
			, 'time_weighted_return_qtd_lc' 
			--, 'time_weighted_return_fx_qtd' 
			, 'time_weighted_return_3m_roll_rc' 
			, 'time_weighted_return_3m_roll_lc' 
			--, 'time_weighted_return_fx_3m_roll' 
			, 'time_weighted_return_fytd_rc' 
			, 'time_weighted_return_fytd_lc' 
			--, 'time_weighted_return_fx_fytd' 
			, 'time_weighted_return_1y_roll_rc' 
			, 'time_weighted_return_1y_roll_lc' 
			--, 'time_weighted_return_fx_1y_roll' 
			, 'time_weighted_return_4yp_rc' 
			, 'time_weighted_return_4yp_lc' 
			--, 'time_weighted_return_fx_4yp' 
			, 'time_weighted_return_5y_roll_rc' 
			, 'time_weighted_return_5y_roll_lc' 
			--, 'time_weighted_return_fx_5y_roll'
		  ]
		/* VALUE */
		, array[
			  time_weighted_return_rc 
			, time_weighted_return_lc
			--, time_weighted_return_fx 
			, time_weighted_return_qtd_rc 
			, time_weighted_return_qtd_lc 
			--, time_weighted_return_fx_qtd 
			, time_weighted_return_3m_roll_rc 
			, time_weighted_return_3m_roll_lc 
			--, time_weighted_return_fx_3m_roll 
			, time_weighted_return_fytd_rc 
			, time_weighted_return_fytd_lc 
			--, time_weighted_return_fx_fytd 
			, time_weighted_return_1y_roll_rc 
			, time_weighted_return_1y_roll_lc 
			--, time_weighted_return_fx_1y_roll 
			, time_weighted_return_4yp_rc 
			, time_weighted_return_4yp_lc 
			--, time_weighted_return_fx_4yp 
			, time_weighted_return_5y_roll_rc 
			, time_weighted_return_5y_roll_lc 
			--, time_weighted_return_fx_5y_roll 
		  ]
	) unpivot ( metric, value )
), inv_select_dept_ex_tfm as (
	select
		  dataset_id
		, business_date
		, ""level""
		, node_name
		, 'Local' as currency
		, case
			when metric like '%qtd%' then 'QTD'
			when metric like '%3m_roll%' then '3M'
			when metric like '%fytd%' then 'FYTD'
			when metric like '%1y_roll%' then '1Y'
			when metric like '%4yp%' then '4Y+FYTD'
			when metric like '%5y_roll%' then '5Y'
			else 'MTD'
		  end period
		, value
		, last_update
	from (		
		select
			  dataset_id 
			, business_date 
			, ""level"" 
			, node_name 
			, contribution_fytd_lc 
			, contribution_4yp_lc
			, contribution_5y_roll_lc 
			, last_update 
		from 
			performance_dev.perf_top_down_monthly 
		where 
			dataset_id = 'SEC_SELECT_C'
			and ""level"" = 2
			and node_name != 'Total Fund Management'
	) inv_select_dept_ex_tfm_pivot
	cross join unnest (
		/* METRIC */
		array [
			  'contribution_fytd_lc'
			, 'contribution_4yp_lc'
			, 'contribution_5y_roll_lc'
		]
		/* VALUE */
		, array [
			  contribution_fytd_lc 
			, contribution_4yp_lc
			, contribution_5y_roll_lc 
		]
	) inv_select_dept_ex_tfm_unpivot ( metric, value )
), inv_select_dept_tfm as (
	select 
		  'SEC_SELECT_C' as dataset_id
		, inv_select.business_date
		, 2 as ""level""
		, 'Total Fund Management' as node_name
		, 'Local' as currency
		, inv_select.period
		--, inv_select.value as inv_select_value
		--, dept_contr.value as dept_contr_value
		, inv_select.value - dept_contr.value as value
		, greatest( inv_select.last_update, dept_contr.last_update ) as last_update
	from (
		/* Investment Selection */
		select *
		from 
			base
		where
			dataset_id = 'INV_SELECT_C'
			and currency = 'CAD'
	) inv_select
	inner join (
		/* Dept Contribution ex TFM */
		select
			  dataset_id
			, business_date
			, ""level""
			, currency
			, period
			, sum( value ) as value
			, max( last_update ) as last_update
		from
			inv_select_dept_ex_tfm
		group by 
			  dataset_id
			, business_date
			, ""level""
			, currency
			, period
	) dept_contr
		on inv_select.business_date = dept_contr.business_date
		and inv_select.period = dept_contr.period
), cmb as (
	select
		  business_date
		, dataset_id
		, metric_group_l1
		, case 
				when currency = 'FX' then (
					case
						when regexp_like( dataset_id, '^DIV_LVG_(TF|C|S)$' ) then 'Diversification & Leverage'
						when regexp_like( dataset_id, '^INV_SELECT_(TF|C|S)$' ) then 'Investment Selection'
						else metric_friendly_name
					end
				)
				when currency = 'CAD' then (
					case
						when regexp_like( dataset_id, '^DIV_LVG_(TF|C|S)$' ) then 'Diversification & Leverage'
						when regexp_like( dataset_id, '^INV_SELECT_(TF|C|S)$' ) then 'Investment Selection'
						else metric_friendly_name
					end
				)
				when currency = 'Local' then (
					case 
						when regexp_like( dataset_id, '^LEVERAGE_(TF|C|S)$' ) then 'Diversification & Leverage'
						when regexp_like( dataset_id, 'ATP_(TF|C|S)\s\-\sRPL__(TF|C|S)' ) then 'Diversification & Leverage'
						when regexp_like( dataset_id, '^STGY_COMP_(TF|C|S)$' ) then 'Investment Selection'
						when regexp_like( dataset_id, '^SEC_SELECT_(TF|C|S)$' ) then 'Investment Selection'
						else metric_friendly_name
					end
				)
				else metric_friendly_name
		  end metric_group_l2
		, metric
		, metric_friendly_name
		, ""level""
		, investment_structure_l2
		, metric_friendly_name as attribution_node
		, currency
		, period
		, value
		, last_update
	from (
		select
			  business_date 
			, dataset_id
			, case 
				/* Headline Attribution */
				when dataset_id in (
					/* TOTAL FUND */
					  'RISK_APP_TF'
					, 'DIV_LVG_TF'
					, 'INV_SELECT_TF'
					, 'DIV_LVG_TF + INV_SELECT_TF'
					, 'IPN_TF - MRP_TF'
					/* CORE POOL */
					, 'RISK_APP_C'
					, 'DIV_LVG_C'
					, 'INV_SELECT_C'
					, 'DIV_LVG_C + INV_SELECT_C'
					, 'IPN_C - MRP_C'
					/* SUPP POOL */
					, 'RISK_APP_S'
					, 'DIV_LVG_S'
					, 'INV_SELECT_S'
					, 'DIV_LVG_S + INV_SELECT_S'
					, 'IPN_S - MRP_S'
				)
				and currency = 'CAD'
				then 'Headline Attribution'
				/* Mainline Attribution */
				when dataset_id in (
					/* TOTAL FUND */
					  'LEVERAGE_TF'
					, 'ATP_TF - RPL_TF'
					, 'STGY_COMP_TF'
					, 'SEC_SELECT_TF'
					/* CORE POOL */
					, 'LEVERAGE_C'
					, 'ATP_C - RPL_C'
					, 'STGY_COMP_C'
					, 'SEC_SELECT_C'
					/* SUPP POOL */
					, 'LEVERAGE_S'
					, 'ATP_S - RPL_S'
					, 'STGY_COMP_S'
					, 'SEC_SELECT_S'
				)
				and currency = 'Local' 
				then 'Mainline Attribution'
				/* Mainline Attribution FX */
				when dataset_id in (
					/* TOTAL FUND */
					  'DIV_LVG_TF'
					, 'INV_SELECT_TF'
					/* CORE POOL */
					, 'DIV_LVG_C'
					, 'INV_SELECT_C'
					/* SUPP POOL */
					, 'DIV_LVG_S'
					, 'INV_SELECT_S'
				)
				and currency = 'FX'
				then 'Mainline Attribution'
				/* Portfolio Returns */
				when dataset_id in (
					/* TOTAL FUND */
					  'MRP_TF'
					, 'RP_TF'
					, 'ATP_TF'
					, 'RPL_TF'
					, 'SAP_TF'
					, 'IPN_TF'
					/* CORE POOL */
					, 'MRP_C'
					, 'RP_C'
					, 'ATP_C'
					, 'RPL_C'
					, 'SAP_C'
					, 'IPN_C'
					/* SUPP POOL */
					, 'MRP_S'
					, 'RP_S'
					, 'ATP_S'
					, 'RPL_S'
					, 'SAP_S'
					, 'IPN_S'
				)
				then 'Portfolio Returns'
			  end metric_group_l1
			, case 
					when currency = 'FX' then (
						case
							when regexp_like( dataset_id, '^DIV_LVG_(TF|C|S)$' ) then 'BP FX - RP FX' /*'ATP FX - RP FX'*/
							when regexp_like( dataset_id, '^INV_SELECT_(TF|C|S)$' ) then 'IP FX - BP FX' /*'IP FX - ATP FX'*/
							when regexp_like( dataset_id, '^IPN_(TF|C|S)$' ) then 'IP FX'
							when regexp_like( dataset_id, '(^MRP_(TF|C|S)$)|(^RP_(TF|S|C)$)|(^ATP_(TF|S|C)$)|(^RPL_(TF|S|C)$)|(^SAP_(TF|S|C)$)' ) then replace( replace( regexp_extract( dataset_id, '.*\_' ), 'ATP', 'BP' ), '_', ' FX' )
						end
					)
					when regexp_like( dataset_id, '^IPN_(TF|C|S)$' ) then 'IP'
					when regexp_like( dataset_id, '(^MRP_(TF|C|S)$)|(^RP_(TF|S|C)$)|(^ATP_(TF|S|C)$)|(^RPL_(TF|S|C)$)|(^SAP_(TF|S|C)$)' ) THEN replace( replace( regexp_extract( dataset_id, '.*\_' ), 'ATP', 'BP' ), '_', '' )
					when currency = 'CAD' then (
						case
							when regexp_like( dataset_id, '^RISK_APP_(TF|C|S)$' ) THEN 'RP - MRP'
							when regexp_like( dataset_id, '^DIV_LVG_(TF|C|S)$' ) then 'BP - RP' /*'ATP - RP'*/
							when regexp_like( dataset_id, '^INV_SELECT_(TF|C|S)$' ) then 'IP - BP' /*'IP - ATP'*/
							when regexp_like( dataset_id, 'DIV_LVG_(TF|C|S)\s\+\sINV_SELECT_(TF|C|S)' ) then 'IP - RP'
							when regexp_like( dataset_id, 'IPN_(TF|C|S)\s\-\sMRP_(TF|C|S)' ) then 'IP - MRP'
						end
					)
					when currency = 'Local' then (
						case 
							when regexp_like( dataset_id, '^LEVERAGE_(TF|C|S)$' ) then 'RPL - RP'
							when regexp_like( dataset_id, 'ATP_(TF|C|S)\s\-\sRPL__(TF|C|S)' ) then 'BP - RPL' /*'ATP - RPL'*/
							when regexp_like( dataset_id, '^STGY_COMP_(TF|C|S)$' ) then 'SAP - BP' /*'SAP - ATP'*/
							when regexp_like( dataset_id, '^SEC_SELECT_(TF|C|S)$' ) then 'IP - SAP'
						end
					)
			  end metric
			, case 
					when currency = 'FX' then (
						case
							when regexp_like( dataset_id, '^DIV_LVG_(TF|C|S)$' ) then 'Currency (Diversification & Leverage)'
							when regexp_like( dataset_id, '^INV_SELECT_(TF|C|S)$' ) then 'Currency (Investment Selection)'
							when regexp_like( dataset_id, '^MRP_(TF|C|S)$' ) then 'Minimum Return Portfolio FX'
							when regexp_like( dataset_id, '^RP_(TF|C|S)$' ) then 'Reference Portfolio FX'
							when regexp_like( dataset_id, '^ATP_(TF|C|S)$' ) then 'Benchmark Portfolio FX' /*'Annual Target Portfolio FX'*/
							when regexp_like( dataset_id, '^RPL_(TF|C|S)$' ) then 'Leveraged Reference Portfolio FX'
							when regexp_like( dataset_id, '^SAP_(TF|C|S)$' ) then 'Strategy Alternative Portfolio FX'
							when regexp_like( dataset_id, '^IPN_(TF|C|S)$' ) then 'Investment Portfolio FX'
						end
					)
					when regexp_like( dataset_id, '^MRP_(TF|C|S)$' ) then 'Minimum Return Portfolio'
					when regexp_like( dataset_id, '^RP_(TF|C|S)$' ) then 'Reference Portfolio'
					when regexp_like( dataset_id, '^ATP_(TF|C|S)$' ) then 'Benchmark Portfolio' /*'Annual Target Portfolio'*/
					when regexp_like( dataset_id, '^RPL_(TF|C|S)$' ) then 'Leveraged Reference Portfolio'
					when regexp_like( dataset_id, '^SAP_(TF|C|S)$' ) then 'Strategy Alternative Portfolio'
					when regexp_like( dataset_id, '^IPN_(TF|C|S)$' ) then 'Investment Portfolio'
					when currency = 'CAD' then (
						case
							when regexp_like( dataset_id, '^RISK_APP_(TF|C|S)$' ) then 'Risk Appetite'
							when regexp_like( dataset_id, '^DIV_LVG_(TF|C|S)$' ) then 'Diversification & Leverage'
							when regexp_like( dataset_id, '^INV_SELECT_(TF|C|S)$' ) then 'Investment Selection'
							when regexp_like( dataset_id, 'DIV_LVG_(TF|C|S)\s\+\sINV_SELECT_(TF|C|S)' ) then 'Value-Added (IP - RP)' 
							when regexp_like( dataset_id, 'IPN_(TF|C|S)\s\-\sMRP_(TF|C|S)' ) then 'Incremental Return (IP - MRP)' 
						end
					)
					when currency = 'Local' then (
						case 
							when regexp_like( dataset_id, '^LEVERAGE_(TF|C|S)$' ) then 'Leverage'
							when regexp_like( dataset_id, 'ATP_(TF|C|S)\s\-\sRPL__(TF|C|S)' ) then 'Diversification'
							when regexp_like( dataset_id, '^STGY_COMP_(TF|C|S)$' ) then 'Strategy Composition'
							when regexp_like( dataset_id, '^SEC_SELECT_(TF|C|S)$' ) then 'Security Selection'
						end
					)
			  end metric_friendly_name
			, ""level""
			, node_name as investment_structure_l2
			, currency
			, period
			, value
			, last_update
		from (
			select * from base
			union all
			select * from inv_select_dept_ex_tfm
			union all
			select * from inv_select_dept_tfm
		) combined
	) combined_mapped
), cmb_filtered as (
	select 	*
	from 	cmb
	where 	metric_group_l1 is not null
			and business_date = date_trunc('month', business_date) + interval '1' month - interval '1' day -- pull month-end dates only
			and not ( period in ( 'MTD', 'QTD', '3M', 'FYTD' ) and business_date < cast( '2015-06-30' as date ) ) -- MTD, QTD, 3M, FYTD values prior to 2015-06-30 are invalid
			and not ( period in ( '1Y' ) and business_date < cast( '2016-04-30' as date ) ) -- 1Y values prior to 2016-04-30 are invalid
			and not ( period in ( '4Y+FYTD', '5Y' ) and business_date < cast( '2020-03-31' as date ) ) -- 5Y values prior to 2020-03-31 are invalid
			and value is not null
), cmb_filtered_final as (
	/* Adding columns needed specifically for QuickSight dashboard due to limitations */
	select
		  cmb_filtered.*
		, format( '%1$tY-%1$tm', business_date ) as year_month
		, case
			when period = 'MTD' then '1. MTD'
			when period = 'QTD' then '2. QTD'
			when period = '3M' then '3. 3M'
			when period = 'FYTD' then '4. FYTD'
			when period = '1Y' then '5. 1Y'
			when period = '4Y+FYTD' then '6. 4Y+FYTD'
			when period = '5Y' then '7. 5Y'
		  end period_sorted
	from 
		cmb_filtered
)
select * from cmb_filtered_final) AS ""finsights_perf_attribution_DEV"""
e4a964689d6088c5e7b50b391469fc3f66861a1b0c52c807fc685464b7378077,"/* cppi::e4a964689d6088c5e7b50b391469fc3f66861a1b0c52c807fc685464b7378077 */
/* QuickSight 77fffb13-5634-4cbb-b9ea-8c52970b9323 */
SELECT ""business_date"", ""dataset_id"", ""metric_group_l1"", ""metric_group_l2"", ""metric"", ""metric_friendly_name"", ""level"", ""investment_structure_l2"", ""attribution_node"", ""currency"", ""period"", ""value"", ""last_update"", ""year_month"", ""period_sorted""
FROM (with base as (
	select 
		  case
	  		when dataset_id in ( 'TOTALFUND', 'CMBP_NET' ) and ""level"" = 0 then 'IPN_TF'
	  		else dataset_id
		  end dataset_id
		, business_date
		, ""level""
		, case
			when dataset_id like '%_TF' or ""dataset_id"" in ( 'TOTALFUND', 'CMBP_NET' ) then 'Total Fund'	
			when dataset_id like '%_C' then 'Core'
			when dataset_id like '%_S' then 'Supplementary'
		  end node_name
		, case
			when metric like '%rc' then 'CAD'
			when metric like '%lc' then 'Local'
			else 'FX'
		  end currency
		, case
			when metric like '%qtd%' then 'QTD'
			when metric like '%3m_roll%' then '3M'
			when metric like '%fytd%' then 'FYTD'
			when metric like '%1y_roll%' then '1Y'
			when metric like '%4yp%' then '4Y+FYTD'
			when metric like '%5y_roll%' then '5Y'
			else 'MTD'
		  end period
		, value
		, last_update
	from (
		select
			  dataset_id 
			, business_date 
			, ""level"" 
			, time_weighted_return_rc 
			, time_weighted_return_lc
			--, time_weighted_return_fx 
			, time_weighted_return_qtd_rc 
			, time_weighted_return_qtd_lc 
			--, time_weighted_return_fx_qtd 
			, time_weighted_return_3m_roll_rc 
			, time_weighted_return_3m_roll_lc 
			--, time_weighted_return_fx_3m_roll 
			, time_weighted_return_fytd_rc 
			, time_weighted_return_fytd_lc 
			--, time_weighted_return_fx_fytd 
			, time_weighted_return_1y_roll_rc 
			, time_weighted_return_1y_roll_lc 
			--, time_weighted_return_fx_1y_roll 
			, time_weighted_return_4yp_rc 
			, time_weighted_return_4yp_lc 
			--, time_weighted_return_fx_4yp 
			, time_weighted_return_5y_roll_rc 
			, time_weighted_return_5y_roll_lc 
			--, time_weighted_return_fx_5y_roll 
			, last_update 
		from 
			performance_dev.perf_top_down_monthly 
		where 
			dataset_id in (
				/* TOTAL FUND */
				  'MRP_TF'
				, 'RP_TF'
				, 'ATP_TF'
				, 'RISK_APP_TF'
				, 'DIV_LVG_TF'
				, 'INV_SELECT_TF'
				/* CORE POOL */
				, 'MRP_C'
				, 'RP_C'
				, 'ATP_C'
				, 'RISK_APP_C'
				, 'DIV_LVG_C'
				, 'INV_SELECT_C'
				/* SUPP POOL */
				, 'MRP_S'
				, 'RP_S'
				, 'ATP_S'
				, 'RISK_APP_S'
				, 'DIV_LVG_S'
				, 'INV_SELECT_S'
			)
			and ""level"" = 1
			and periods_per_year = 12 -- pull monthly values only
		union all
		select
			  dataset_id 
			, business_date 
			, ""level""
			-- for below, TOTALFUND local and FX values should be not used; CMBP_NET CAD values should not be used
			, case when dataset_id = 'CMBP_NET' then null else time_weighted_return_rc end time_weighted_return_rc
			, case when dataset_id = 'TOTALFUND' then null else time_weighted_return_lc end time_weighted_return_lc
			--, case when dataset_id = 'TOTALFUND' then null else time_weighted_return_fx end time_weighted_return_fx
			, case when dataset_id = 'CMBP_NET' then null else time_weighted_return_qtd_rc end time_weighted_return_qtd_rc
			, case when dataset_id = 'TOTALFUND' then null else time_weighted_return_qtd_lc end time_weighted_return_qtd_lc
			--, case when dataset_id = 'TOTALFUND' then null else time_weighted_return_fx_qtd end time_weighted_return_fx_qtd
			, case when dataset_id = 'CMBP_NET' then null else time_weighted_return_3m_roll_rc end time_weighted_return_3m_roll_rc
			, case when dataset_id = 'TOTALFUND' then null else time_weighted_return_3m_roll_lc end time_weighted_return_3m_roll_lc
			--, case when dataset_id = 'TOTALFUND' then null else time_weighted_return_fx_3m_roll end time_weighted_return_fx_3m_roll
			, case when dataset_id = 'CMBP_NET' then null else time_weighted_return_fytd_rc end time_weighted_return_fytd_rc
			, case when dataset_id = 'TOTALFUND' then null else time_weighted_return_fytd_lc end time_weighted_return_fytd_lc
			--, case when dataset_id = 'TOTALFUND' then null else time_weighted_return_fx_fytd end time_weighted_return_fx_fytd
			, case when dataset_id = 'CMBP_NET' then null else time_weighted_return_1y_roll_rc end time_weighted_return_1y_roll_rc
			, case when dataset_id = 'TOTALFUND' then null else time_weighted_return_1y_roll_lc end time_weighted_return_1y_roll_lc
			--, case when dataset_id = 'TOTALFUND' then null else time_weighted_return_fx_1y_roll end time_weighted_return_fx_1y_roll
			, case when dataset_id = 'CMBP_NET' then null else time_weighted_return_4yp_rc end time_weighted_return_4yp_rc
			, case when dataset_id = 'TOTALFUND' then null else time_weighted_return_4yp_lc end time_weighted_return_4yp_lc
			--, case when dataset_id = 'TOTALFUND' then null else time_weighted_return_fx_4yp end time_weighted_return_fx_4yp
			, case when dataset_id = 'CMBP_NET' then null else time_weighted_return_5y_roll_rc end time_weighted_return_5y_roll_rc
			, case when dataset_id = 'TOTALFUND' then null else time_weighted_return_5y_roll_lc end time_weighted_return_5y_roll_lc
			--, case when dataset_id = 'TOTALFUND' then null else time_weighted_return_fx_5y_roll end time_weighted_return_fx_5y_roll
			, last_update
		from 
			performance_dev.perf_bottom_up_monthly 
		where 
			(
				dataset_id in (
					/* CORE POOL */
					  'IPN_C'
					--, 'SAP_C'
					/* SUPP POOL */
					, 'IPN_S'
					--, 'SAP_S'
				)
				and node_id = '2'
			)
			or
			(	/* TOTAL FUND */
				dataset_id in ( 'TOTALFUND', 'CMBP_NET' )
				and ""level"" = 0
			)
			and periods_per_year = 12 -- pull monthly values only
	) base_pivot
	cross join unnest(
		/* METRIC */
		array[
		  	  'time_weighted_return_rc' 
			, 'time_weighted_return_lc'
			--, 'time_weighted_return_fx' 
			, 'time_weighted_return_qtd_rc' 
			, 'time_weighted_return_qtd_lc' 
			--, 'time_weighted_return_fx_qtd' 
			, 'time_weighted_return_3m_roll_rc' 
			, 'time_weighted_return_3m_roll_lc' 
			--, 'time_weighted_return_fx_3m_roll' 
			, 'time_weighted_return_fytd_rc' 
			, 'time_weighted_return_fytd_lc' 
			--, 'time_weighted_return_fx_fytd' 
			, 'time_weighted_return_1y_roll_rc' 
			, 'time_weighted_return_1y_roll_lc' 
			--, 'time_weighted_return_fx_1y_roll' 
			, 'time_weighted_return_4yp_rc' 
			, 'time_weighted_return_4yp_lc' 
			--, 'time_weighted_return_fx_4yp' 
			, 'time_weighted_return_5y_roll_rc' 
			, 'time_weighted_return_5y_roll_lc' 
			--, 'time_weighted_return_fx_5y_roll'
		  ]
		/* VALUE */
		, array[
			  time_weighted_return_rc 
			, time_weighted_return_lc
			--, time_weighted_return_fx 
			, time_weighted_return_qtd_rc 
			, time_weighted_return_qtd_lc 
			--, time_weighted_return_fx_qtd 
			, time_weighted_return_3m_roll_rc 
			, time_weighted_return_3m_roll_lc 
			--, time_weighted_return_fx_3m_roll 
			, time_weighted_return_fytd_rc 
			, time_weighted_return_fytd_lc 
			--, time_weighted_return_fx_fytd 
			, time_weighted_return_1y_roll_rc 
			, time_weighted_return_1y_roll_lc 
			--, time_weighted_return_fx_1y_roll 
			, time_weighted_return_4yp_rc 
			, time_weighted_return_4yp_lc 
			--, time_weighted_return_fx_4yp 
			, time_weighted_return_5y_roll_rc 
			, time_weighted_return_5y_roll_lc 
			--, time_weighted_return_fx_5y_roll 
		  ]
	) unpivot ( metric, value )
), inv_select_dept_ex_tfm as (
	select
		  dataset_id
		, business_date
		, ""level""
		, node_name
		, 'Local' as currency
		, case
			when metric like '%qtd%' then 'QTD'
			when metric like '%3m_roll%' then '3M'
			when metric like '%fytd%' then 'FYTD'
			when metric like '%1y_roll%' then '1Y'
			when metric like '%4yp%' then '4Y+FYTD'
			when metric like '%5y_roll%' then '5Y'
			else 'MTD'
		  end period
		, value
		, last_update
	from (		
		select
			  dataset_id 
			, business_date 
			, ""level"" 
			, node_name 
			, contribution_fytd_lc 
			, contribution_4yp_lc
			, contribution_5y_roll_lc 
			, last_update 
		from 
			performance_dev.perf_top_down_monthly 
		where 
			dataset_id = 'SEC_SELECT_C'
			and ""level"" = 2
			and node_name != 'Total Fund Management'
	) inv_select_dept_ex_tfm_pivot
	cross join unnest (
		/* METRIC */
		array [
			  'contribution_fytd_lc'
			, 'contribution_4yp_lc'
			, 'contribution_5y_roll_lc'
		]
		/* VALUE */
		, array [
			  contribution_fytd_lc 
			, contribution_4yp_lc
			, contribution_5y_roll_lc 
		]
	) inv_select_dept_ex_tfm_unpivot ( metric, value )
), inv_select_dept_tfm as (
	select 
		  'SEC_SELECT_C' as dataset_id
		, inv_select.business_date
		, 2 as ""level""
		, 'Total Fund Management' as node_name
		, 'Local' as currency
		, inv_select.period
		--, inv_select.value as inv_select_value
		--, dept_contr.value as dept_contr_value
		, inv_select.value - dept_contr.value as value
		, greatest( inv_select.last_update, dept_contr.last_update ) as last_update
	from (
		/* Investment Selection */
		select *
		from 
			base
		where
			dataset_id = 'INV_SELECT_C'
			and currency = 'CAD'
	) inv_select
	inner join (
		/* Dept Contribution ex TFM */
		select
			  dataset_id
			, business_date
			, ""level""
			, currency
			, period
			, sum( value ) as value
			, max( last_update ) as last_update
		from
			inv_select_dept_ex_tfm
		group by 
			  dataset_id
			, business_date
			, ""level""
			, currency
			, period
	) dept_contr
		on inv_select.business_date = dept_contr.business_date
		and inv_select.period = dept_contr.period
), cmb as (
	select
		  business_date
		, dataset_id
		, metric_group_l1
		, case 
				when currency = 'FX' then (
					case
						when regexp_like( dataset_id, '^DIV_LVG_(TF|C|S)$' ) then 'Diversification & Leverage'
						when regexp_like( dataset_id, '^INV_SELECT_(TF|C|S)$' ) then 'Investment Selection'
						else metric_friendly_name
					end
				)
				when currency = 'CAD' then (
					case
						when regexp_like( dataset_id, '^DIV_LVG_(TF|C|S)$' ) then 'Diversification & Leverage'
						when regexp_like( dataset_id, '^INV_SELECT_(TF|C|S)$' ) then 'Investment Selection'
						else metric_friendly_name
					end
				)
				when currency = 'Local' then (
					case 
						when regexp_like( dataset_id, '^LEVERAGE_(TF|C|S)$' ) then 'Diversification & Leverage'
						when regexp_like( dataset_id, 'ATP_(TF|C|S)\s\-\sRPL__(TF|C|S)' ) then 'Diversification & Leverage'
						when regexp_like( dataset_id, '^STGY_COMP_(TF|C|S)$' ) then 'Investment Selection'
						when regexp_like( dataset_id, '^SEC_SELECT_(TF|C|S)$' ) then 'Investment Selection'
						else metric_friendly_name
					end
				)
				else metric_friendly_name
		  end metric_group_l2
		, metric
		, metric_friendly_name
		, ""level""
		, investment_structure_l2
		, metric_friendly_name as attribution_node
		, currency
		, period
		, value
		, last_update
	from (
		select
			  business_date 
			, dataset_id
			, case 
				/* Headline Attribution */
				when dataset_id in (
					/* TOTAL FUND */
					  'RISK_APP_TF'
					, 'DIV_LVG_TF'
					, 'INV_SELECT_TF'
					, 'DIV_LVG_TF + INV_SELECT_TF'
					, 'IPN_TF - MRP_TF'
					/* CORE POOL */
					, 'RISK_APP_C'
					, 'DIV_LVG_C'
					, 'INV_SELECT_C'
					, 'DIV_LVG_C + INV_SELECT_C'
					, 'IPN_C - MRP_C'
					/* SUPP POOL */
					, 'RISK_APP_S'
					, 'DIV_LVG_S'
					, 'INV_SELECT_S'
					, 'DIV_LVG_S + INV_SELECT_S'
					, 'IPN_S - MRP_S'
				)
				and currency = 'CAD'
				then 'Headline Attribution'
				/* Mainline Attribution */
				when dataset_id in (
					/* TOTAL FUND */
					  'LEVERAGE_TF'
					, 'ATP_TF - RPL_TF'
					, 'STGY_COMP_TF'
					, 'SEC_SELECT_TF'
					/* CORE POOL */
					, 'LEVERAGE_C'
					, 'ATP_C - RPL_C'
					, 'STGY_COMP_C'
					, 'SEC_SELECT_C'
					/* SUPP POOL */
					, 'LEVERAGE_S'
					, 'ATP_S - RPL_S'
					, 'STGY_COMP_S'
					, 'SEC_SELECT_S'
				)
				and currency = 'Local' 
				then 'Mainline Attribution'
				/* Mainline Attribution FX */
				when dataset_id in (
					/* TOTAL FUND */
					  'DIV_LVG_TF'
					, 'INV_SELECT_TF'
					/* CORE POOL */
					, 'DIV_LVG_C'
					, 'INV_SELECT_C'
					/* SUPP POOL */
					, 'DIV_LVG_S'
					, 'INV_SELECT_S'
				)
				and currency = 'FX'
				then 'Mainline Attribution'
				/* Portfolio Returns */
				when dataset_id in (
					/* TOTAL FUND */
					  'MRP_TF'
					, 'RP_TF'
					, 'ATP_TF'
					, 'RPL_TF'
					, 'SAP_TF'
					, 'IPN_TF'
					/* CORE POOL */
					, 'MRP_C'
					, 'RP_C'
					, 'ATP_C'
					, 'RPL_C'
					, 'SAP_C'
					, 'IPN_C'
					/* SUPP POOL */
					, 'MRP_S'
					, 'RP_S'
					, 'ATP_S'
					, 'RPL_S'
					, 'SAP_S'
					, 'IPN_S'
				)
				then 'Portfolio Returns'
			  end metric_group_l1
			, case 
					when currency = 'FX' then (
						case
							when regexp_like( dataset_id, '^DIV_LVG_(TF|C|S)$' ) then 'BP FX - RP FX' /*'ATP FX - RP FX'*/
							when regexp_like( dataset_id, '^INV_SELECT_(TF|C|S)$' ) then 'IP FX - BP FX' /*'IP FX - ATP FX'*/
							when regexp_like( dataset_id, '^IPN_(TF|C|S)$' ) then 'IP FX'
							when regexp_like( dataset_id, '(^MRP_(TF|C|S)$)|(^RP_(TF|S|C)$)|(^ATP_(TF|S|C)$)|(^RPL_(TF|S|C)$)|(^SAP_(TF|S|C)$)' ) then replace( replace( regexp_extract( dataset_id, '.*\_' ), 'ATP', 'BP' ), '_', ' FX' )
						end
					)
					when regexp_like( dataset_id, '^IPN_(TF|C|S)$' ) then 'IP'
					when regexp_like( dataset_id, '(^MRP_(TF|C|S)$)|(^RP_(TF|S|C)$)|(^ATP_(TF|S|C)$)|(^RPL_(TF|S|C)$)|(^SAP_(TF|S|C)$)' ) THEN replace( replace( regexp_extract( dataset_id, '.*\_' ), 'ATP', 'BP' ), '_', '' )
					when currency = 'CAD' then (
						case
							when regexp_like( dataset_id, '^RISK_APP_(TF|C|S)$' ) THEN 'RP - MRP'
							when regexp_like( dataset_id, '^DIV_LVG_(TF|C|S)$' ) then 'BP - RP' /*'ATP - RP'*/
							when regexp_like( dataset_id, '^INV_SELECT_(TF|C|S)$' ) then 'IP - BP' /*'IP - ATP'*/
							when regexp_like( dataset_id, 'DIV_LVG_(TF|C|S)\s\+\sINV_SELECT_(TF|C|S)' ) then 'IP - RP'
							when regexp_like( dataset_id, 'IPN_(TF|C|S)\s\-\sMRP_(TF|C|S)' ) then 'IP - MRP'
						end
					)
					when currency = 'Local' then (
						case 
							when regexp_like( dataset_id, '^LEVERAGE_(TF|C|S)$' ) then 'RPL - RP'
							when regexp_like( dataset_id, 'ATP_(TF|C|S)\s\-\sRPL__(TF|C|S)' ) then 'BP - RPL' /*'ATP - RPL'*/
							when regexp_like( dataset_id, '^STGY_COMP_(TF|C|S)$' ) then 'SAP - BP' /*'SAP - ATP'*/
							when regexp_like( dataset_id, '^SEC_SELECT_(TF|C|S)$' ) then 'IP - SAP'
						end
					)
			  end metric
			, case 
					when currency = 'FX' then (
						case
							when regexp_like( dataset_id, '^DIV_LVG_(TF|C|S)$' ) then 'Currency (Diversification & Leverage)'
							when regexp_like( dataset_id, '^INV_SELECT_(TF|C|S)$' ) then 'Currency (Investment Selection)'
							when regexp_like( dataset_id, '^MRP_(TF|C|S)$' ) then 'Minimum Return Portfolio FX'
							when regexp_like( dataset_id, '^RP_(TF|C|S)$' ) then 'Reference Portfolio FX'
							when regexp_like( dataset_id, '^ATP_(TF|C|S)$' ) then 'Benchmark Portfolio FX' /*'Annual Target Portfolio FX'*/
							when regexp_like( dataset_id, '^RPL_(TF|C|S)$' ) then 'Leveraged Reference Portfolio FX'
							when regexp_like( dataset_id, '^SAP_(TF|C|S)$' ) then 'Strategy Alternative Portfolio FX'
							when regexp_like( dataset_id, '^IPN_(TF|C|S)$' ) then 'Investment Portfolio FX'
						end
					)
					when regexp_like( dataset_id, '^MRP_(TF|C|S)$' ) then 'Minimum Return Portfolio'
					when regexp_like( dataset_id, '^RP_(TF|C|S)$' ) then 'Reference Portfolio'
					when regexp_like( dataset_id, '^ATP_(TF|C|S)$' ) then 'Benchmark Portfolio' /*'Annual Target Portfolio'*/
					when regexp_like( dataset_id, '^RPL_(TF|C|S)$' ) then 'Leveraged Reference Portfolio'
					when regexp_like( dataset_id, '^SAP_(TF|C|S)$' ) then 'Strategy Alternative Portfolio'
					when regexp_like( dataset_id, '^IPN_(TF|C|S)$' ) then 'Investment Portfolio'
					when currency = 'CAD' then (
						case
							when regexp_like( dataset_id, '^RISK_APP_(TF|C|S)$' ) then 'Risk Appetite'
							when regexp_like( dataset_id, '^DIV_LVG_(TF|C|S)$' ) then 'Diversification & Leverage'
							when regexp_like( dataset_id, '^INV_SELECT_(TF|C|S)$' ) then 'Investment Selection'
							when regexp_like( dataset_id, 'DIV_LVG_(TF|C|S)\s\+\sINV_SELECT_(TF|C|S)' ) then 'Value-Added (IP - RP)' 
							when regexp_like( dataset_id, 'IPN_(TF|C|S)\s\-\sMRP_(TF|C|S)' ) then 'Incremental Return (IP - MRP)' 
						end
					)
					when currency = 'Local' then (
						case 
							when regexp_like( dataset_id, '^LEVERAGE_(TF|C|S)$' ) then 'Leverage'
							when regexp_like( dataset_id, 'ATP_(TF|C|S)\s\-\sRPL__(TF|C|S)' ) then 'Diversification'
							when regexp_like( dataset_id, '^STGY_COMP_(TF|C|S)$' ) then 'Strategy Composition'
							when regexp_like( dataset_id, '^SEC_SELECT_(TF|C|S)$' ) then 'Security Selection'
						end
					)
			  end metric_friendly_name
			, ""level""
			, node_name as investment_structure_l2
			, currency
			, period
			, value
			, last_update
		from (
			select * from base
			union all
			select * from inv_select_dept_ex_tfm
			union all
			select * from inv_select_dept_tfm
		) combined
	) combined_mapped
), cmb_filtered as (
	select 	*
	from 	cmb
	where 	metric_group_l1 is not null
			and business_date = date_trunc('month', business_date) + interval '1' month - interval '1' day -- pull month-end dates only
			and not ( period in ( 'MTD', 'QTD', '3M', 'FYTD' ) and business_date < cast( '2015-06-30' as date ) ) -- MTD, QTD, 3M, FYTD values prior to 2015-06-30 are invalid
			and not ( period in ( '1Y' ) and business_date < cast( '2016-04-30' as date ) ) -- 1Y values prior to 2016-04-30 are invalid
			and not ( period in ( '4Y+FYTD', '5Y' ) and business_date < cast( '2020-03-31' as date ) ) -- 5Y values prior to 2020-03-31 are invalid
			and value is not null
), cmb_filtered_final as (
	/* Adding columns needed specifically for QuickSight dashboard due to limitations */
	select
		  cmb_filtered.*
		, format( '%1$tY-%1$tm', business_date ) as year_month
		, case
			when period = 'MTD' then '1. MTD'
			when period = 'QTD' then '2. QTD'
			when period = '3M' then '3. 3M'
			when period = 'FYTD' then '4. FYTD'
			when period = '1Y' then '5. 1Y'
			when period = '4Y+FYTD' then '6. 4Y+FYTD'
			when period = '5Y' then '7. 5Y'
		  end period_sorted
	from 
		cmb_filtered
)
select * from cmb_filtered_final) AS ""finsights_perf_attribution_DEV"""
e4a964689d6088c5e7b50b391469fc3f66861a1b0c52c807fc685464b7378077,"/* cppi::e4a964689d6088c5e7b50b391469fc3f66861a1b0c52c807fc685464b7378077 */
/* QuickSight 77fffb13-5634-4cbb-b9ea-8c52970b9323 */
SELECT ""business_date"", ""dataset_id"", ""metric_group_l1"", ""metric_group_l2"", ""metric"", ""metric_friendly_name"", ""level"", ""investment_structure_l2"", ""attribution_node"", ""currency"", ""period"", ""value"", ""last_update"", ""year_month"", ""period_sorted""
FROM (with base as (
	select 
		  case
	  		when dataset_id in ( 'TOTALFUND', 'CMBP_NET' ) and ""level"" = 0 then 'IPN_TF'
	  		else dataset_id
		  end dataset_id
		, business_date
		, ""level""
		, case
			when dataset_id like '%_TF' or ""dataset_id"" in ( 'TOTALFUND', 'CMBP_NET' ) then 'Total Fund'	
			when dataset_id like '%_C' then 'Core'
			when dataset_id like '%_S' then 'Supplementary'
		  end node_name
		, case
			when metric like '%rc' then 'CAD'
			when metric like '%lc' then 'Local'
			else 'FX'
		  end currency
		, case
			when metric like '%qtd%' then 'QTD'
			when metric like '%3m_roll%' then '3M'
			when metric like '%fytd%' then 'FYTD'
			when metric like '%1y_roll%' then '1Y'
			when metric like '%4yp%' then '4Y+FYTD'
			when metric like '%5y_roll%' then '5Y'
			else 'MTD'
		  end period
		, value
		, last_update
	from (
		select
			  dataset_id 
			, business_date 
			, ""level"" 
			, time_weighted_return_rc 
			, time_weighted_return_lc
			--, time_weighted_return_fx 
			, time_weighted_return_qtd_rc 
			, time_weighted_return_qtd_lc 
			--, time_weighted_return_fx_qtd 
			, time_weighted_return_3m_roll_rc 
			, time_weighted_return_3m_roll_lc 
			--, time_weighted_return_fx_3m_roll 
			, time_weighted_return_fytd_rc 
			, time_weighted_return_fytd_lc 
			--, time_weighted_return_fx_fytd 
			, time_weighted_return_1y_roll_rc 
			, time_weighted_return_1y_roll_lc 
			--, time_weighted_return_fx_1y_roll 
			, time_weighted_return_4yp_rc 
			, time_weighted_return_4yp_lc 
			--, time_weighted_return_fx_4yp 
			, time_weighted_return_5y_roll_rc 
			, time_weighted_return_5y_roll_lc 
			--, time_weighted_return_fx_5y_roll 
			, last_update 
		from 
			performance_dev.perf_top_down_monthly 
		where 
			dataset_id in (
				/* TOTAL FUND */
				  'MRP_TF'
				, 'RP_TF'
				, 'ATP_TF'
				, 'RISK_APP_TF'
				, 'DIV_LVG_TF'
				, 'INV_SELECT_TF'
				/* CORE POOL */
				, 'MRP_C'
				, 'RP_C'
				, 'ATP_C'
				, 'RISK_APP_C'
				, 'DIV_LVG_C'
				, 'INV_SELECT_C'
				/* SUPP POOL */
				, 'MRP_S'
				, 'RP_S'
				, 'ATP_S'
				, 'RISK_APP_S'
				, 'DIV_LVG_S'
				, 'INV_SELECT_S'
			)
			and ""level"" = 1
			and periods_per_year = 12 -- pull monthly values only
		union all
		select
			  dataset_id 
			, business_date 
			, ""level""
			-- for below, TOTALFUND local and FX values should be not used; CMBP_NET CAD values should not be used
			, case when dataset_id = 'CMBP_NET' then null else time_weighted_return_rc end time_weighted_return_rc
			, case when dataset_id = 'TOTALFUND' then null else time_weighted_return_lc end time_weighted_return_lc
			--, case when dataset_id = 'TOTALFUND' then null else time_weighted_return_fx end time_weighted_return_fx
			, case when dataset_id = 'CMBP_NET' then null else time_weighted_return_qtd_rc end time_weighted_return_qtd_rc
			, case when dataset_id = 'TOTALFUND' then null else time_weighted_return_qtd_lc end time_weighted_return_qtd_lc
			--, case when dataset_id = 'TOTALFUND' then null else time_weighted_return_fx_qtd end time_weighted_return_fx_qtd
			, case when dataset_id = 'CMBP_NET' then null else time_weighted_return_3m_roll_rc end time_weighted_return_3m_roll_rc
			, case when dataset_id = 'TOTALFUND' then null else time_weighted_return_3m_roll_lc end time_weighted_return_3m_roll_lc
			--, case when dataset_id = 'TOTALFUND' then null else time_weighted_return_fx_3m_roll end time_weighted_return_fx_3m_roll
			, case when dataset_id = 'CMBP_NET' then null else time_weighted_return_fytd_rc end time_weighted_return_fytd_rc
			, case when dataset_id = 'TOTALFUND' then null else time_weighted_return_fytd_lc end time_weighted_return_fytd_lc
			--, case when dataset_id = 'TOTALFUND' then null else time_weighted_return_fx_fytd end time_weighted_return_fx_fytd
			, case when dataset_id = 'CMBP_NET' then null else time_weighted_return_1y_roll_rc end time_weighted_return_1y_roll_rc
			, case when dataset_id = 'TOTALFUND' then null else time_weighted_return_1y_roll_lc end time_weighted_return_1y_roll_lc
			--, case when dataset_id = 'TOTALFUND' then null else time_weighted_return_fx_1y_roll end time_weighted_return_fx_1y_roll
			, case when dataset_id = 'CMBP_NET' then null else time_weighted_return_4yp_rc end time_weighted_return_4yp_rc
			, case when dataset_id = 'TOTALFUND' then null else time_weighted_return_4yp_lc end time_weighted_return_4yp_lc
			--, case when dataset_id = 'TOTALFUND' then null else time_weighted_return_fx_4yp end time_weighted_return_fx_4yp
			, case when dataset_id = 'CMBP_NET' then null else time_weighted_return_5y_roll_rc end time_weighted_return_5y_roll_rc
			, case when dataset_id = 'TOTALFUND' then null else time_weighted_return_5y_roll_lc end time_weighted_return_5y_roll_lc
			--, case when dataset_id = 'TOTALFUND' then null else time_weighted_return_fx_5y_roll end time_weighted_return_fx_5y_roll
			, last_update
		from 
			performance_dev.perf_bottom_up_monthly 
		where 
			(
				dataset_id in (
					/* CORE POOL */
					  'IPN_C'
					--, 'SAP_C'
					/* SUPP POOL */
					, 'IPN_S'
					--, 'SAP_S'
				)
				and node_id = '2'
			)
			or
			(	/* TOTAL FUND */
				dataset_id in ( 'TOTALFUND', 'CMBP_NET' )
				and ""level"" = 0
			)
			and periods_per_year = 12 -- pull monthly values only
	) base_pivot
	cross join unnest(
		/* METRIC */
		array[
		  	  'time_weighted_return_rc' 
			, 'time_weighted_return_lc'
			--, 'time_weighted_return_fx' 
			, 'time_weighted_return_qtd_rc' 
			, 'time_weighted_return_qtd_lc' 
			--, 'time_weighted_return_fx_qtd' 
			, 'time_weighted_return_3m_roll_rc' 
			, 'time_weighted_return_3m_roll_lc' 
			--, 'time_weighted_return_fx_3m_roll' 
			, 'time_weighted_return_fytd_rc' 
			, 'time_weighted_return_fytd_lc' 
			--, 'time_weighted_return_fx_fytd' 
			, 'time_weighted_return_1y_roll_rc' 
			, 'time_weighted_return_1y_roll_lc' 
			--, 'time_weighted_return_fx_1y_roll' 
			, 'time_weighted_return_4yp_rc' 
			, 'time_weighted_return_4yp_lc' 
			--, 'time_weighted_return_fx_4yp' 
			, 'time_weighted_return_5y_roll_rc' 
			, 'time_weighted_return_5y_roll_lc' 
			--, 'time_weighted_return_fx_5y_roll'
		  ]
		/* VALUE */
		, array[
			  time_weighted_return_rc 
			, time_weighted_return_lc
			--, time_weighted_return_fx 
			, time_weighted_return_qtd_rc 
			, time_weighted_return_qtd_lc 
			--, time_weighted_return_fx_qtd 
			, time_weighted_return_3m_roll_rc 
			, time_weighted_return_3m_roll_lc 
			--, time_weighted_return_fx_3m_roll 
			, time_weighted_return_fytd_rc 
			, time_weighted_return_fytd_lc 
			--, time_weighted_return_fx_fytd 
			, time_weighted_return_1y_roll_rc 
			, time_weighted_return_1y_roll_lc 
			--, time_weighted_return_fx_1y_roll 
			, time_weighted_return_4yp_rc 
			, time_weighted_return_4yp_lc 
			--, time_weighted_return_fx_4yp 
			, time_weighted_return_5y_roll_rc 
			, time_weighted_return_5y_roll_lc 
			--, time_weighted_return_fx_5y_roll 
		  ]
	) unpivot ( metric, value )
), inv_select_dept_ex_tfm as (
	select
		  dataset_id
		, business_date
		, ""level""
		, node_name
		, 'Local' as currency
		, case
			when metric like '%qtd%' then 'QTD'
			when metric like '%3m_roll%' then '3M'
			when metric like '%fytd%' then 'FYTD'
			when metric like '%1y_roll%' then '1Y'
			when metric like '%4yp%' then '4Y+FYTD'
			when metric like '%5y_roll%' then '5Y'
			else 'MTD'
		  end period
		, value
		, last_update
	from (		
		select
			  dataset_id 
			, business_date 
			, ""level"" 
			, node_name 
			, contribution_fytd_lc 
			, contribution_4yp_lc
			, contribution_5y_roll_lc 
			, last_update 
		from 
			performance_dev.perf_top_down_monthly 
		where 
			dataset_id = 'SEC_SELECT_C'
			and ""level"" = 2
			and node_name != 'Total Fund Management'
	) inv_select_dept_ex_tfm_pivot
	cross join unnest (
		/* METRIC */
		array [
			  'contribution_fytd_lc'
			, 'contribution_4yp_lc'
			, 'contribution_5y_roll_lc'
		]
		/* VALUE */
		, array [
			  contribution_fytd_lc 
			, contribution_4yp_lc
			, contribution_5y_roll_lc 
		]
	) inv_select_dept_ex_tfm_unpivot ( metric, value )
), inv_select_dept_tfm as (
	select 
		  'SEC_SELECT_C' as dataset_id
		, inv_select.business_date
		, 2 as ""level""
		, 'Total Fund Management' as node_name
		, 'Local' as currency
		, inv_select.period
		--, inv_select.value as inv_select_value
		--, dept_contr.value as dept_contr_value
		, inv_select.value - dept_contr.value as value
		, greatest( inv_select.last_update, dept_contr.last_update ) as last_update
	from (
		/* Investment Selection */
		select *
		from 
			base
		where
			dataset_id = 'INV_SELECT_C'
			and currency = 'CAD'
	) inv_select
	inner join (
		/* Dept Contribution ex TFM */
		select
			  dataset_id
			, business_date
			, ""level""
			, currency
			, period
			, sum( value ) as value
			, max( last_update ) as last_update
		from
			inv_select_dept_ex_tfm
		group by 
			  dataset_id
			, business_date
			, ""level""
			, currency
			, period
	) dept_contr
		on inv_select.business_date = dept_contr.business_date
		and inv_select.period = dept_contr.period
), cmb as (
	select
		  business_date
		, dataset_id
		, metric_group_l1
		, case 
				when currency = 'FX' then (
					case
						when regexp_like( dataset_id, '^DIV_LVG_(TF|C|S)$' ) then 'Diversification & Leverage'
						when regexp_like( dataset_id, '^INV_SELECT_(TF|C|S)$' ) then 'Investment Selection'
						else metric_friendly_name
					end
				)
				when currency = 'CAD' then (
					case
						when regexp_like( dataset_id, '^DIV_LVG_(TF|C|S)$' ) then 'Diversification & Leverage'
						when regexp_like( dataset_id, '^INV_SELECT_(TF|C|S)$' ) then 'Investment Selection'
						else metric_friendly_name
					end
				)
				when currency = 'Local' then (
					case 
						when regexp_like( dataset_id, '^LEVERAGE_(TF|C|S)$' ) then 'Diversification & Leverage'
						when regexp_like( dataset_id, 'ATP_(TF|C|S)\s\-\sRPL__(TF|C|S)' ) then 'Diversification & Leverage'
						when regexp_like( dataset_id, '^STGY_COMP_(TF|C|S)$' ) then 'Investment Selection'
						when regexp_like( dataset_id, '^SEC_SELECT_(TF|C|S)$' ) then 'Investment Selection'
						else metric_friendly_name
					end
				)
				else metric_friendly_name
		  end metric_group_l2
		, metric
		, metric_friendly_name
		, ""level""
		, investment_structure_l2
		, metric_friendly_name as attribution_node
		, currency
		, period
		, value
		, last_update
	from (
		select
			  business_date 
			, dataset_id
			, case 
				/* Headline Attribution */
				when dataset_id in (
					/* TOTAL FUND */
					  'RISK_APP_TF'
					, 'DIV_LVG_TF'
					, 'INV_SELECT_TF'
					, 'DIV_LVG_TF + INV_SELECT_TF'
					, 'IPN_TF - MRP_TF'
					/* CORE POOL */
					, 'RISK_APP_C'
					, 'DIV_LVG_C'
					, 'INV_SELECT_C'
					, 'DIV_LVG_C + INV_SELECT_C'
					, 'IPN_C - MRP_C'
					/* SUPP POOL */
					, 'RISK_APP_S'
					, 'DIV_LVG_S'
					, 'INV_SELECT_S'
					, 'DIV_LVG_S + INV_SELECT_S'
					, 'IPN_S - MRP_S'
				)
				and currency = 'CAD'
				then 'Headline Attribution'
				/* Mainline Attribution */
				when dataset_id in (
					/* TOTAL FUND */
					  'LEVERAGE_TF'
					, 'ATP_TF - RPL_TF'
					, 'STGY_COMP_TF'
					, 'SEC_SELECT_TF'
					/* CORE POOL */
					, 'LEVERAGE_C'
					, 'ATP_C - RPL_C'
					, 'STGY_COMP_C'
					, 'SEC_SELECT_C'
					/* SUPP POOL */
					, 'LEVERAGE_S'
					, 'ATP_S - RPL_S'
					, 'STGY_COMP_S'
					, 'SEC_SELECT_S'
				)
				and currency = 'Local' 
				then 'Mainline Attribution'
				/* Mainline Attribution FX */
				when dataset_id in (
					/* TOTAL FUND */
					  'DIV_LVG_TF'
					, 'INV_SELECT_TF'
					/* CORE POOL */
					, 'DIV_LVG_C'
					, 'INV_SELECT_C'
					/* SUPP POOL */
					, 'DIV_LVG_S'
					, 'INV_SELECT_S'
				)
				and currency = 'FX'
				then 'Mainline Attribution'
				/* Portfolio Returns */
				when dataset_id in (
					/* TOTAL FUND */
					  'MRP_TF'
					, 'RP_TF'
					, 'ATP_TF'
					, 'RPL_TF'
					, 'SAP_TF'
					, 'IPN_TF'
					/* CORE POOL */
					, 'MRP_C'
					, 'RP_C'
					, 'ATP_C'
					, 'RPL_C'
					, 'SAP_C'
					, 'IPN_C'
					/* SUPP POOL */
					, 'MRP_S'
					, 'RP_S'
					, 'ATP_S'
					, 'RPL_S'
					, 'SAP_S'
					, 'IPN_S'
				)
				then 'Portfolio Returns'
			  end metric_group_l1
			, case 
					when currency = 'FX' then (
						case
							when regexp_like( dataset_id, '^DIV_LVG_(TF|C|S)$' ) then 'BP FX - RP FX' /*'ATP FX - RP FX'*/
							when regexp_like( dataset_id, '^INV_SELECT_(TF|C|S)$' ) then 'IP FX - BP FX' /*'IP FX - ATP FX'*/
							when regexp_like( dataset_id, '^IPN_(TF|C|S)$' ) then 'IP FX'
							when regexp_like( dataset_id, '(^MRP_(TF|C|S)$)|(^RP_(TF|S|C)$)|(^ATP_(TF|S|C)$)|(^RPL_(TF|S|C)$)|(^SAP_(TF|S|C)$)' ) then replace( replace( regexp_extract( dataset_id, '.*\_' ), 'ATP', 'BP' ), '_', ' FX' )
						end
					)
					when regexp_like( dataset_id, '^IPN_(TF|C|S)$' ) then 'IP'
					when regexp_like( dataset_id, '(^MRP_(TF|C|S)$)|(^RP_(TF|S|C)$)|(^ATP_(TF|S|C)$)|(^RPL_(TF|S|C)$)|(^SAP_(TF|S|C)$)' ) THEN replace( replace( regexp_extract( dataset_id, '.*\_' ), 'ATP', 'BP' ), '_', '' )
					when currency = 'CAD' then (
						case
							when regexp_like( dataset_id, '^RISK_APP_(TF|C|S)$' ) THEN 'RP - MRP'
							when regexp_like( dataset_id, '^DIV_LVG_(TF|C|S)$' ) then 'BP - RP' /*'ATP - RP'*/
							when regexp_like( dataset_id, '^INV_SELECT_(TF|C|S)$' ) then 'IP - BP' /*'IP - ATP'*/
							when regexp_like( dataset_id, 'DIV_LVG_(TF|C|S)\s\+\sINV_SELECT_(TF|C|S)' ) then 'IP - RP'
							when regexp_like( dataset_id, 'IPN_(TF|C|S)\s\-\sMRP_(TF|C|S)' ) then 'IP - MRP'
						end
					)
					when currency = 'Local' then (
						case 
							when regexp_like( dataset_id, '^LEVERAGE_(TF|C|S)$' ) then 'RPL - RP'
							when regexp_like( dataset_id, 'ATP_(TF|C|S)\s\-\sRPL__(TF|C|S)' ) then 'BP - RPL' /*'ATP - RPL'*/
							when regexp_like( dataset_id, '^STGY_COMP_(TF|C|S)$' ) then 'SAP - BP' /*'SAP - ATP'*/
							when regexp_like( dataset_id, '^SEC_SELECT_(TF|C|S)$' ) then 'IP - SAP'
						end
					)
			  end metric
			, case 
					when currency = 'FX' then (
						case
							when regexp_like( dataset_id, '^DIV_LVG_(TF|C|S)$' ) then 'Currency (Diversification & Leverage)'
							when regexp_like( dataset_id, '^INV_SELECT_(TF|C|S)$' ) then 'Currency (Investment Selection)'
							when regexp_like( dataset_id, '^MRP_(TF|C|S)$' ) then 'Minimum Return Portfolio FX'
							when regexp_like( dataset_id, '^RP_(TF|C|S)$' ) then 'Reference Portfolio FX'
							when regexp_like( dataset_id, '^ATP_(TF|C|S)$' ) then 'Benchmark Portfolio FX' /*'Annual Target Portfolio FX'*/
							when regexp_like( dataset_id, '^RPL_(TF|C|S)$' ) then 'Leveraged Reference Portfolio FX'
							when regexp_like( dataset_id, '^SAP_(TF|C|S)$' ) then 'Strategy Alternative Portfolio FX'
							when regexp_like( dataset_id, '^IPN_(TF|C|S)$' ) then 'Investment Portfolio FX'
						end
					)
					when regexp_like( dataset_id, '^MRP_(TF|C|S)$' ) then 'Minimum Return Portfolio'
					when regexp_like( dataset_id, '^RP_(TF|C|S)$' ) then 'Reference Portfolio'
					when regexp_like( dataset_id, '^ATP_(TF|C|S)$' ) then 'Benchmark Portfolio' /*'Annual Target Portfolio'*/
					when regexp_like( dataset_id, '^RPL_(TF|C|S)$' ) then 'Leveraged Reference Portfolio'
					when regexp_like( dataset_id, '^SAP_(TF|C|S)$' ) then 'Strategy Alternative Portfolio'
					when regexp_like( dataset_id, '^IPN_(TF|C|S)$' ) then 'Investment Portfolio'
					when currency = 'CAD' then (
						case
							when regexp_like( dataset_id, '^RISK_APP_(TF|C|S)$' ) then 'Risk Appetite'
							when regexp_like( dataset_id, '^DIV_LVG_(TF|C|S)$' ) then 'Diversification & Leverage'
							when regexp_like( dataset_id, '^INV_SELECT_(TF|C|S)$' ) then 'Investment Selection'
							when regexp_like( dataset_id, 'DIV_LVG_(TF|C|S)\s\+\sINV_SELECT_(TF|C|S)' ) then 'Value-Added (IP - RP)' 
							when regexp_like( dataset_id, 'IPN_(TF|C|S)\s\-\sMRP_(TF|C|S)' ) then 'Incremental Return (IP - MRP)' 
						end
					)
					when currency = 'Local' then (
						case 
							when regexp_like( dataset_id, '^LEVERAGE_(TF|C|S)$' ) then 'Leverage'
							when regexp_like( dataset_id, 'ATP_(TF|C|S)\s\-\sRPL__(TF|C|S)' ) then 'Diversification'
							when regexp_like( dataset_id, '^STGY_COMP_(TF|C|S)$' ) then 'Strategy Composition'
							when regexp_like( dataset_id, '^SEC_SELECT_(TF|C|S)$' ) then 'Security Selection'
						end
					)
			  end metric_friendly_name
			, ""level""
			, node_name as investment_structure_l2
			, currency
			, period
			, value
			, last_update
		from (
			select * from base
			union all
			select * from inv_select_dept_ex_tfm
			union all
			select * from inv_select_dept_tfm
		) combined
	) combined_mapped
), cmb_filtered as (
	select 	*
	from 	cmb
	where 	metric_group_l1 is not null
			and business_date = date_trunc('month', business_date) + interval '1' month - interval '1' day -- pull month-end dates only
			and not ( period in ( 'MTD', 'QTD', '3M', 'FYTD' ) and business_date < cast( '2015-06-30' as date ) ) -- MTD, QTD, 3M, FYTD values prior to 2015-06-30 are invalid
			and not ( period in ( '1Y' ) and business_date < cast( '2016-04-30' as date ) ) -- 1Y values prior to 2016-04-30 are invalid
			and not ( period in ( '4Y+FYTD', '5Y' ) and business_date < cast( '2020-03-31' as date ) ) -- 5Y values prior to 2020-03-31 are invalid
			and value is not null
), cmb_filtered_final as (
	/* Adding columns needed specifically for QuickSight dashboard due to limitations */
	select
		  cmb_filtered.*
		, format( '%1$tY-%1$tm', business_date ) as year_month
		, case
			when period = 'MTD' then '1. MTD'
			when period = 'QTD' then '2. QTD'
			when period = '3M' then '3. 3M'
			when period = 'FYTD' then '4. FYTD'
			when period = '1Y' then '5. 1Y'
			when period = '4Y+FYTD' then '6. 4Y+FYTD'
			when period = '5Y' then '7. 5Y'
		  end period_sorted
	from 
		cmb_filtered
)
select * from cmb_filtered_final) AS ""finsights_perf_attribution_DEV"""
e4a964689d6088c5e7b50b391469fc3f66861a1b0c52c807fc685464b7378077,"/* cppi::e4a964689d6088c5e7b50b391469fc3f66861a1b0c52c807fc685464b7378077 */
/* QuickSight 77fffb13-5634-4cbb-b9ea-8c52970b9323 */
SELECT ""business_date"", ""dataset_id"", ""metric_group_l1"", ""metric_group_l2"", ""metric"", ""metric_friendly_name"", ""level"", ""investment_structure_l2"", ""attribution_node"", ""currency"", ""period"", ""value"", ""last_update"", ""year_month"", ""period_sorted""
FROM (with base as (
	select 
		  case
	  		when dataset_id in ( 'TOTALFUND', 'CMBP_NET' ) and ""level"" = 0 then 'IPN_TF'
	  		else dataset_id
		  end dataset_id
		, business_date
		, ""level""
		, case
			when dataset_id like '%_TF' or ""dataset_id"" in ( 'TOTALFUND', 'CMBP_NET' ) then 'Total Fund'	
			when dataset_id like '%_C' then 'Core'
			when dataset_id like '%_S' then 'Supplementary'
		  end node_name
		, case
			when metric like '%rc' then 'CAD'
			when metric like '%lc' then 'Local'
			else 'FX'
		  end currency
		, case
			when metric like '%qtd%' then 'QTD'
			when metric like '%3m_roll%' then '3M'
			when metric like '%fytd%' then 'FYTD'
			when metric like '%1y_roll%' then '1Y'
			when metric like '%4yp%' then '4Y+FYTD'
			when metric like '%5y_roll%' then '5Y'
			else 'MTD'
		  end period
		, value
		, last_update
	from (
		select
			  dataset_id 
			, business_date 
			, ""level"" 
			, time_weighted_return_rc 
			, time_weighted_return_lc
			--, time_weighted_return_fx 
			, time_weighted_return_qtd_rc 
			, time_weighted_return_qtd_lc 
			--, time_weighted_return_fx_qtd 
			, time_weighted_return_3m_roll_rc 
			, time_weighted_return_3m_roll_lc 
			--, time_weighted_return_fx_3m_roll 
			, time_weighted_return_fytd_rc 
			, time_weighted_return_fytd_lc 
			--, time_weighted_return_fx_fytd 
			, time_weighted_return_1y_roll_rc 
			, time_weighted_return_1y_roll_lc 
			--, time_weighted_return_fx_1y_roll 
			, time_weighted_return_4yp_rc 
			, time_weighted_return_4yp_lc 
			--, time_weighted_return_fx_4yp 
			, time_weighted_return_5y_roll_rc 
			, time_weighted_return_5y_roll_lc 
			--, time_weighted_return_fx_5y_roll 
			, last_update 
		from 
			performance_dev.perf_top_down_monthly 
		where 
			dataset_id in (
				/* TOTAL FUND */
				  'MRP_TF'
				, 'RP_TF'
				, 'ATP_TF'
				, 'RISK_APP_TF'
				, 'DIV_LVG_TF'
				, 'INV_SELECT_TF'
				/* CORE POOL */
				, 'MRP_C'
				, 'RP_C'
				, 'ATP_C'
				, 'RISK_APP_C'
				, 'DIV_LVG_C'
				, 'INV_SELECT_C'
				/* SUPP POOL */
				, 'MRP_S'
				, 'RP_S'
				, 'ATP_S'
				, 'RISK_APP_S'
				, 'DIV_LVG_S'
				, 'INV_SELECT_S'
			)
			and ""level"" = 1
			and periods_per_year = 12 -- pull monthly values only
		union all
		select
			  dataset_id 
			, business_date 
			, ""level""
			-- for below, TOTALFUND local and FX values should be not used; CMBP_NET CAD values should not be used
			, case when dataset_id = 'CMBP_NET' then null else time_weighted_return_rc end time_weighted_return_rc
			, case when dataset_id = 'TOTALFUND' then null else time_weighted_return_lc end time_weighted_return_lc
			--, case when dataset_id = 'TOTALFUND' then null else time_weighted_return_fx end time_weighted_return_fx
			, case when dataset_id = 'CMBP_NET' then null else time_weighted_return_qtd_rc end time_weighted_return_qtd_rc
			, case when dataset_id = 'TOTALFUND' then null else time_weighted_return_qtd_lc end time_weighted_return_qtd_lc
			--, case when dataset_id = 'TOTALFUND' then null else time_weighted_return_fx_qtd end time_weighted_return_fx_qtd
			, case when dataset_id = 'CMBP_NET' then null else time_weighted_return_3m_roll_rc end time_weighted_return_3m_roll_rc
			, case when dataset_id = 'TOTALFUND' then null else time_weighted_return_3m_roll_lc end time_weighted_return_3m_roll_lc
			--, case when dataset_id = 'TOTALFUND' then null else time_weighted_return_fx_3m_roll end time_weighted_return_fx_3m_roll
			, case when dataset_id = 'CMBP_NET' then null else time_weighted_return_fytd_rc end time_weighted_return_fytd_rc
			, case when dataset_id = 'TOTALFUND' then null else time_weighted_return_fytd_lc end time_weighted_return_fytd_lc
			--, case when dataset_id = 'TOTALFUND' then null else time_weighted_return_fx_fytd end time_weighted_return_fx_fytd
			, case when dataset_id = 'CMBP_NET' then null else time_weighted_return_1y_roll_rc end time_weighted_return_1y_roll_rc
			, case when dataset_id = 'TOTALFUND' then null else time_weighted_return_1y_roll_lc end time_weighted_return_1y_roll_lc
			--, case when dataset_id = 'TOTALFUND' then null else time_weighted_return_fx_1y_roll end time_weighted_return_fx_1y_roll
			, case when dataset_id = 'CMBP_NET' then null else time_weighted_return_4yp_rc end time_weighted_return_4yp_rc
			, case when dataset_id = 'TOTALFUND' then null else time_weighted_return_4yp_lc end time_weighted_return_4yp_lc
			--, case when dataset_id = 'TOTALFUND' then null else time_weighted_return_fx_4yp end time_weighted_return_fx_4yp
			, case when dataset_id = 'CMBP_NET' then null else time_weighted_return_5y_roll_rc end time_weighted_return_5y_roll_rc
			, case when dataset_id = 'TOTALFUND' then null else time_weighted_return_5y_roll_lc end time_weighted_return_5y_roll_lc
			--, case when dataset_id = 'TOTALFUND' then null else time_weighted_return_fx_5y_roll end time_weighted_return_fx_5y_roll
			, last_update
		from 
			performance_dev.perf_bottom_up_monthly 
		where 
			(
				dataset_id in (
					/* CORE POOL */
					  'IPN_C'
					--, 'SAP_C'
					/* SUPP POOL */
					, 'IPN_S'
					--, 'SAP_S'
				)
				and node_id = '2'
			)
			or
			(	/* TOTAL FUND */
				dataset_id in ( 'TOTALFUND', 'CMBP_NET' )
				and ""level"" = 0
			)
			and periods_per_year = 12 -- pull monthly values only
	) base_pivot
	cross join unnest(
		/* METRIC */
		array[
		  	  'time_weighted_return_rc' 
			, 'time_weighted_return_lc'
			--, 'time_weighted_return_fx' 
			, 'time_weighted_return_qtd_rc' 
			, 'time_weighted_return_qtd_lc' 
			--, 'time_weighted_return_fx_qtd' 
			, 'time_weighted_return_3m_roll_rc' 
			, 'time_weighted_return_3m_roll_lc' 
			--, 'time_weighted_return_fx_3m_roll' 
			, 'time_weighted_return_fytd_rc' 
			, 'time_weighted_return_fytd_lc' 
			--, 'time_weighted_return_fx_fytd' 
			, 'time_weighted_return_1y_roll_rc' 
			, 'time_weighted_return_1y_roll_lc' 
			--, 'time_weighted_return_fx_1y_roll' 
			, 'time_weighted_return_4yp_rc' 
			, 'time_weighted_return_4yp_lc' 
			--, 'time_weighted_return_fx_4yp' 
			, 'time_weighted_return_5y_roll_rc' 
			, 'time_weighted_return_5y_roll_lc' 
			--, 'time_weighted_return_fx_5y_roll'
		  ]
		/* VALUE */
		, array[
			  time_weighted_return_rc 
			, time_weighted_return_lc
			--, time_weighted_return_fx 
			, time_weighted_return_qtd_rc 
			, time_weighted_return_qtd_lc 
			--, time_weighted_return_fx_qtd 
			, time_weighted_return_3m_roll_rc 
			, time_weighted_return_3m_roll_lc 
			--, time_weighted_return_fx_3m_roll 
			, time_weighted_return_fytd_rc 
			, time_weighted_return_fytd_lc 
			--, time_weighted_return_fx_fytd 
			, time_weighted_return_1y_roll_rc 
			, time_weighted_return_1y_roll_lc 
			--, time_weighted_return_fx_1y_roll 
			, time_weighted_return_4yp_rc 
			, time_weighted_return_4yp_lc 
			--, time_weighted_return_fx_4yp 
			, time_weighted_return_5y_roll_rc 
			, time_weighted_return_5y_roll_lc 
			--, time_weighted_return_fx_5y_roll 
		  ]
	) unpivot ( metric, value )
), inv_select_dept_ex_tfm as (
	select
		  dataset_id
		, business_date
		, ""level""
		, node_name
		, 'Local' as currency
		, case
			when metric like '%qtd%' then 'QTD'
			when metric like '%3m_roll%' then '3M'
			when metric like '%fytd%' then 'FYTD'
			when metric like '%1y_roll%' then '1Y'
			when metric like '%4yp%' then '4Y+FYTD'
			when metric like '%5y_roll%' then '5Y'
			else 'MTD'
		  end period
		, value
		, last_update
	from (		
		select
			  dataset_id 
			, business_date 
			, ""level"" 
			, node_name 
			, contribution_fytd_lc 
			, contribution_4yp_lc
			, contribution_5y_roll_lc 
			, last_update 
		from 
			performance_dev.perf_top_down_monthly 
		where 
			dataset_id = 'SEC_SELECT_C'
			and ""level"" = 2
			and node_name != 'Total Fund Management'
	) inv_select_dept_ex_tfm_pivot
	cross join unnest (
		/* METRIC */
		array [
			  'contribution_fytd_lc'
			, 'contribution_4yp_lc'
			, 'contribution_5y_roll_lc'
		]
		/* VALUE */
		, array [
			  contribution_fytd_lc 
			, contribution_4yp_lc
			, contribution_5y_roll_lc 
		]
	) inv_select_dept_ex_tfm_unpivot ( metric, value )
), inv_select_dept_tfm as (
	select 
		  'SEC_SELECT_C' as dataset_id
		, inv_select.business_date
		, 2 as ""level""
		, 'Total Fund Management' as node_name
		, 'Local' as currency
		, inv_select.period
		--, inv_select.value as inv_select_value
		--, dept_contr.value as dept_contr_value
		, inv_select.value - dept_contr.value as value
		, greatest( inv_select.last_update, dept_contr.last_update ) as last_update
	from (
		/* Investment Selection */
		select *
		from 
			base
		where
			dataset_id = 'INV_SELECT_C'
			and currency = 'CAD'
	) inv_select
	inner join (
		/* Dept Contribution ex TFM */
		select
			  dataset_id
			, business_date
			, ""level""
			, currency
			, period
			, sum( value ) as value
			, max( last_update ) as last_update
		from
			inv_select_dept_ex_tfm
		group by 
			  dataset_id
			, business_date
			, ""level""
			, currency
			, period
	) dept_contr
		on inv_select.business_date = dept_contr.business_date
		and inv_select.period = dept_contr.period
), cmb as (
	select
		  business_date
		, dataset_id
		, metric_group_l1
		, case 
				when currency = 'FX' then (
					case
						when regexp_like( dataset_id, '^DIV_LVG_(TF|C|S)$' ) then 'Diversification & Leverage'
						when regexp_like( dataset_id, '^INV_SELECT_(TF|C|S)$' ) then 'Investment Selection'
						else metric_friendly_name
					end
				)
				when currency = 'CAD' then (
					case
						when regexp_like( dataset_id, '^DIV_LVG_(TF|C|S)$' ) then 'Diversification & Leverage'
						when regexp_like( dataset_id, '^INV_SELECT_(TF|C|S)$' ) then 'Investment Selection'
						else metric_friendly_name
					end
				)
				when currency = 'Local' then (
					case 
						when regexp_like( dataset_id, '^LEVERAGE_(TF|C|S)$' ) then 'Diversification & Leverage'
						when regexp_like( dataset_id, 'ATP_(TF|C|S)\s\-\sRPL__(TF|C|S)' ) then 'Diversification & Leverage'
						when regexp_like( dataset_id, '^STGY_COMP_(TF|C|S)$' ) then 'Investment Selection'
						when regexp_like( dataset_id, '^SEC_SELECT_(TF|C|S)$' ) then 'Investment Selection'
						else metric_friendly_name
					end
				)
				else metric_friendly_name
		  end metric_group_l2
		, metric
		, metric_friendly_name
		, ""level""
		, investment_structure_l2
		, metric_friendly_name as attribution_node
		, currency
		, period
		, value
		, last_update
	from (
		select
			  business_date 
			, dataset_id
			, case 
				/* Headline Attribution */
				when dataset_id in (
					/* TOTAL FUND */
					  'RISK_APP_TF'
					, 'DIV_LVG_TF'
					, 'INV_SELECT_TF'
					, 'DIV_LVG_TF + INV_SELECT_TF'
					, 'IPN_TF - MRP_TF'
					/* CORE POOL */
					, 'RISK_APP_C'
					, 'DIV_LVG_C'
					, 'INV_SELECT_C'
					, 'DIV_LVG_C + INV_SELECT_C'
					, 'IPN_C - MRP_C'
					/* SUPP POOL */
					, 'RISK_APP_S'
					, 'DIV_LVG_S'
					, 'INV_SELECT_S'
					, 'DIV_LVG_S + INV_SELECT_S'
					, 'IPN_S - MRP_S'
				)
				and currency = 'CAD'
				then 'Headline Attribution'
				/* Mainline Attribution */
				when dataset_id in (
					/* TOTAL FUND */
					  'LEVERAGE_TF'
					, 'ATP_TF - RPL_TF'
					, 'STGY_COMP_TF'
					, 'SEC_SELECT_TF'
					/* CORE POOL */
					, 'LEVERAGE_C'
					, 'ATP_C - RPL_C'
					, 'STGY_COMP_C'
					, 'SEC_SELECT_C'
					/* SUPP POOL */
					, 'LEVERAGE_S'
					, 'ATP_S - RPL_S'
					, 'STGY_COMP_S'
					, 'SEC_SELECT_S'
				)
				and currency = 'Local' 
				then 'Mainline Attribution'
				/* Mainline Attribution FX */
				when dataset_id in (
					/* TOTAL FUND */
					  'DIV_LVG_TF'
					, 'INV_SELECT_TF'
					/* CORE POOL */
					, 'DIV_LVG_C'
					, 'INV_SELECT_C'
					/* SUPP POOL */
					, 'DIV_LVG_S'
					, 'INV_SELECT_S'
				)
				and currency = 'FX'
				then 'Mainline Attribution'
				/* Portfolio Returns */
				when dataset_id in (
					/* TOTAL FUND */
					  'MRP_TF'
					, 'RP_TF'
					, 'ATP_TF'
					, 'RPL_TF'
					, 'SAP_TF'
					, 'IPN_TF'
					/* CORE POOL */
					, 'MRP_C'
					, 'RP_C'
					, 'ATP_C'
					, 'RPL_C'
					, 'SAP_C'
					, 'IPN_C'
					/* SUPP POOL */
					, 'MRP_S'
					, 'RP_S'
					, 'ATP_S'
					, 'RPL_S'
					, 'SAP_S'
					, 'IPN_S'
				)
				then 'Portfolio Returns'
			  end metric_group_l1
			, case 
					when currency = 'FX' then (
						case
							when regexp_like( dataset_id, '^DIV_LVG_(TF|C|S)$' ) then 'BP FX - RP FX' /*'ATP FX - RP FX'*/
							when regexp_like( dataset_id, '^INV_SELECT_(TF|C|S)$' ) then 'IP FX - BP FX' /*'IP FX - ATP FX'*/
							when regexp_like( dataset_id, '^IPN_(TF|C|S)$' ) then 'IP FX'
							when regexp_like( dataset_id, '(^MRP_(TF|C|S)$)|(^RP_(TF|S|C)$)|(^ATP_(TF|S|C)$)|(^RPL_(TF|S|C)$)|(^SAP_(TF|S|C)$)' ) then replace( replace( regexp_extract( dataset_id, '.*\_' ), 'ATP', 'BP' ), '_', ' FX' )
						end
					)
					when regexp_like( dataset_id, '^IPN_(TF|C|S)$' ) then 'IP'
					when regexp_like( dataset_id, '(^MRP_(TF|C|S)$)|(^RP_(TF|S|C)$)|(^ATP_(TF|S|C)$)|(^RPL_(TF|S|C)$)|(^SAP_(TF|S|C)$)' ) THEN replace( replace( regexp_extract( dataset_id, '.*\_' ), 'ATP', 'BP' ), '_', '' )
					when currency = 'CAD' then (
						case
							when regexp_like( dataset_id, '^RISK_APP_(TF|C|S)$' ) THEN 'RP - MRP'
							when regexp_like( dataset_id, '^DIV_LVG_(TF|C|S)$' ) then 'BP - RP' /*'ATP - RP'*/
							when regexp_like( dataset_id, '^INV_SELECT_(TF|C|S)$' ) then 'IP - BP' /*'IP - ATP'*/
							when regexp_like( dataset_id, 'DIV_LVG_(TF|C|S)\s\+\sINV_SELECT_(TF|C|S)' ) then 'IP - RP'
							when regexp_like( dataset_id, 'IPN_(TF|C|S)\s\-\sMRP_(TF|C|S)' ) then 'IP - MRP'
						end
					)
					when currency = 'Local' then (
						case 
							when regexp_like( dataset_id, '^LEVERAGE_(TF|C|S)$' ) then 'RPL - RP'
							when regexp_like( dataset_id, 'ATP_(TF|C|S)\s\-\sRPL__(TF|C|S)' ) then 'BP - RPL' /*'ATP - RPL'*/
							when regexp_like( dataset_id, '^STGY_COMP_(TF|C|S)$' ) then 'SAP - BP' /*'SAP - ATP'*/
							when regexp_like( dataset_id, '^SEC_SELECT_(TF|C|S)$' ) then 'IP - SAP'
						end
					)
			  end metric
			, case 
					when currency = 'FX' then (
						case
							when regexp_like( dataset_id, '^DIV_LVG_(TF|C|S)$' ) then 'Currency (Diversification & Leverage)'
							when regexp_like( dataset_id, '^INV_SELECT_(TF|C|S)$' ) then 'Currency (Investment Selection)'
							when regexp_like( dataset_id, '^MRP_(TF|C|S)$' ) then 'Minimum Return Portfolio FX'
							when regexp_like( dataset_id, '^RP_(TF|C|S)$' ) then 'Reference Portfolio FX'
							when regexp_like( dataset_id, '^ATP_(TF|C|S)$' ) then 'Benchmark Portfolio FX' /*'Annual Target Portfolio FX'*/
							when regexp_like( dataset_id, '^RPL_(TF|C|S)$' ) then 'Leveraged Reference Portfolio FX'
							when regexp_like( dataset_id, '^SAP_(TF|C|S)$' ) then 'Strategy Alternative Portfolio FX'
							when regexp_like( dataset_id, '^IPN_(TF|C|S)$' ) then 'Investment Portfolio FX'
						end
					)
					when regexp_like( dataset_id, '^MRP_(TF|C|S)$' ) then 'Minimum Return Portfolio'
					when regexp_like( dataset_id, '^RP_(TF|C|S)$' ) then 'Reference Portfolio'
					when regexp_like( dataset_id, '^ATP_(TF|C|S)$' ) then 'Benchmark Portfolio' /*'Annual Target Portfolio'*/
					when regexp_like( dataset_id, '^RPL_(TF|C|S)$' ) then 'Leveraged Reference Portfolio'
					when regexp_like( dataset_id, '^SAP_(TF|C|S)$' ) then 'Strategy Alternative Portfolio'
					when regexp_like( dataset_id, '^IPN_(TF|C|S)$' ) then 'Investment Portfolio'
					when currency = 'CAD' then (
						case
							when regexp_like( dataset_id, '^RISK_APP_(TF|C|S)$' ) then 'Risk Appetite'
							when regexp_like( dataset_id, '^DIV_LVG_(TF|C|S)$' ) then 'Diversification & Leverage'
							when regexp_like( dataset_id, '^INV_SELECT_(TF|C|S)$' ) then 'Investment Selection'
							when regexp_like( dataset_id, 'DIV_LVG_(TF|C|S)\s\+\sINV_SELECT_(TF|C|S)' ) then 'Value-Added (IP - RP)' 
							when regexp_like( dataset_id, 'IPN_(TF|C|S)\s\-\sMRP_(TF|C|S)' ) then 'Incremental Return (IP - MRP)' 
						end
					)
					when currency = 'Local' then (
						case 
							when regexp_like( dataset_id, '^LEVERAGE_(TF|C|S)$' ) then 'Leverage'
							when regexp_like( dataset_id, 'ATP_(TF|C|S)\s\-\sRPL__(TF|C|S)' ) then 'Diversification'
							when regexp_like( dataset_id, '^STGY_COMP_(TF|C|S)$' ) then 'Strategy Composition'
							when regexp_like( dataset_id, '^SEC_SELECT_(TF|C|S)$' ) then 'Security Selection'
						end
					)
			  end metric_friendly_name
			, ""level""
			, node_name as investment_structure_l2
			, currency
			, period
			, value
			, last_update
		from (
			select * from base
			union all
			select * from inv_select_dept_ex_tfm
			union all
			select * from inv_select_dept_tfm
		) combined
	) combined_mapped
), cmb_filtered as (
	select 	*
	from 	cmb
	where 	metric_group_l1 is not null
			and business_date = date_trunc('month', business_date) + interval '1' month - interval '1' day -- pull month-end dates only
			and not ( period in ( 'MTD', 'QTD', '3M', 'FYTD' ) and business_date < cast( '2015-06-30' as date ) ) -- MTD, QTD, 3M, FYTD values prior to 2015-06-30 are invalid
			and not ( period in ( '1Y' ) and business_date < cast( '2016-04-30' as date ) ) -- 1Y values prior to 2016-04-30 are invalid
			and not ( period in ( '4Y+FYTD', '5Y' ) and business_date < cast( '2020-03-31' as date ) ) -- 5Y values prior to 2020-03-31 are invalid
			and value is not null
), cmb_filtered_final as (
	/* Adding columns needed specifically for QuickSight dashboard due to limitations */
	select
		  cmb_filtered.*
		, format( '%1$tY-%1$tm', business_date ) as year_month
		, case
			when period = 'MTD' then '1. MTD'
			when period = 'QTD' then '2. QTD'
			when period = '3M' then '3. 3M'
			when period = 'FYTD' then '4. FYTD'
			when period = '1Y' then '5. 1Y'
			when period = '4Y+FYTD' then '6. 4Y+FYTD'
			when period = '5Y' then '7. 5Y'
		  end period_sorted
	from 
		cmb_filtered
)
select * from cmb_filtered_final) AS ""finsights_perf_attribution_DEV"""
e4a964689d6088c5e7b50b391469fc3f66861a1b0c52c807fc685464b7378077,"/* cppi::e4a964689d6088c5e7b50b391469fc3f66861a1b0c52c807fc685464b7378077 */
/* QuickSight 77fffb13-5634-4cbb-b9ea-8c52970b9323 */
SELECT ""business_date"", ""dataset_id"", ""metric_group_l1"", ""metric_group_l2"", ""metric"", ""metric_friendly_name"", ""level"", ""investment_structure_l2"", ""attribution_node"", ""currency"", ""period"", ""value"", ""last_update"", ""year_month"", ""period_sorted""
FROM (with base as (
	select 
		  case
	  		when dataset_id in ( 'TOTALFUND', 'CMBP_NET' ) and ""level"" = 0 then 'IPN_TF'
	  		else dataset_id
		  end dataset_id
		, business_date
		, ""level""
		, case
			when dataset_id like '%_TF' or ""dataset_id"" in ( 'TOTALFUND', 'CMBP_NET' ) then 'Total Fund'	
			when dataset_id like '%_C' then 'Core'
			when dataset_id like '%_S' then 'Supplementary'
		  end node_name
		, case
			when metric like '%rc' then 'CAD'
			when metric like '%lc' then 'Local'
			else 'FX'
		  end currency
		, case
			when metric like '%qtd%' then 'QTD'
			when metric like '%3m_roll%' then '3M'
			when metric like '%fytd%' then 'FYTD'
			when metric like '%1y_roll%' then '1Y'
			when metric like '%4yp%' then '4Y+FYTD'
			when metric like '%5y_roll%' then '5Y'
			else 'MTD'
		  end period
		, value
		, last_update
	from (
		select
			  dataset_id 
			, business_date 
			, ""level"" 
			, time_weighted_return_rc 
			, time_weighted_return_lc
			--, time_weighted_return_fx 
			, time_weighted_return_qtd_rc 
			, time_weighted_return_qtd_lc 
			--, time_weighted_return_fx_qtd 
			, time_weighted_return_3m_roll_rc 
			, time_weighted_return_3m_roll_lc 
			--, time_weighted_return_fx_3m_roll 
			, time_weighted_return_fytd_rc 
			, time_weighted_return_fytd_lc 
			--, time_weighted_return_fx_fytd 
			, time_weighted_return_1y_roll_rc 
			, time_weighted_return_1y_roll_lc 
			--, time_weighted_return_fx_1y_roll 
			, time_weighted_return_4yp_rc 
			, time_weighted_return_4yp_lc 
			--, time_weighted_return_fx_4yp 
			, time_weighted_return_5y_roll_rc 
			, time_weighted_return_5y_roll_lc 
			--, time_weighted_return_fx_5y_roll 
			, last_update 
		from 
			performance_dev.perf_top_down_monthly 
		where 
			dataset_id in (
				/* TOTAL FUND */
				  'MRP_TF'
				, 'RP_TF'
				, 'ATP_TF'
				, 'RISK_APP_TF'
				, 'DIV_LVG_TF'
				, 'INV_SELECT_TF'
				/* CORE POOL */
				, 'MRP_C'
				, 'RP_C'
				, 'ATP_C'
				, 'RISK_APP_C'
				, 'DIV_LVG_C'
				, 'INV_SELECT_C'
				/* SUPP POOL */
				, 'MRP_S'
				, 'RP_S'
				, 'ATP_S'
				, 'RISK_APP_S'
				, 'DIV_LVG_S'
				, 'INV_SELECT_S'
			)
			and ""level"" = 1
			and periods_per_year = 12 -- pull monthly values only
		union all
		select
			  dataset_id 
			, business_date 
			, ""level""
			-- for below, TOTALFUND local and FX values should be not used; CMBP_NET CAD values should not be used
			, case when dataset_id = 'CMBP_NET' then null else time_weighted_return_rc end time_weighted_return_rc
			, case when dataset_id = 'TOTALFUND' then null else time_weighted_return_lc end time_weighted_return_lc
			--, case when dataset_id = 'TOTALFUND' then null else time_weighted_return_fx end time_weighted_return_fx
			, case when dataset_id = 'CMBP_NET' then null else time_weighted_return_qtd_rc end time_weighted_return_qtd_rc
			, case when dataset_id = 'TOTALFUND' then null else time_weighted_return_qtd_lc end time_weighted_return_qtd_lc
			--, case when dataset_id = 'TOTALFUND' then null else time_weighted_return_fx_qtd end time_weighted_return_fx_qtd
			, case when dataset_id = 'CMBP_NET' then null else time_weighted_return_3m_roll_rc end time_weighted_return_3m_roll_rc
			, case when dataset_id = 'TOTALFUND' then null else time_weighted_return_3m_roll_lc end time_weighted_return_3m_roll_lc
			--, case when dataset_id = 'TOTALFUND' then null else time_weighted_return_fx_3m_roll end time_weighted_return_fx_3m_roll
			, case when dataset_id = 'CMBP_NET' then null else time_weighted_return_fytd_rc end time_weighted_return_fytd_rc
			, case when dataset_id = 'TOTALFUND' then null else time_weighted_return_fytd_lc end time_weighted_return_fytd_lc
			--, case when dataset_id = 'TOTALFUND' then null else time_weighted_return_fx_fytd end time_weighted_return_fx_fytd
			, case when dataset_id = 'CMBP_NET' then null else time_weighted_return_1y_roll_rc end time_weighted_return_1y_roll_rc
			, case when dataset_id = 'TOTALFUND' then null else time_weighted_return_1y_roll_lc end time_weighted_return_1y_roll_lc
			--, case when dataset_id = 'TOTALFUND' then null else time_weighted_return_fx_1y_roll end time_weighted_return_fx_1y_roll
			, case when dataset_id = 'CMBP_NET' then null else time_weighted_return_4yp_rc end time_weighted_return_4yp_rc
			, case when dataset_id = 'TOTALFUND' then null else time_weighted_return_4yp_lc end time_weighted_return_4yp_lc
			--, case when dataset_id = 'TOTALFUND' then null else time_weighted_return_fx_4yp end time_weighted_return_fx_4yp
			, case when dataset_id = 'CMBP_NET' then null else time_weighted_return_5y_roll_rc end time_weighted_return_5y_roll_rc
			, case when dataset_id = 'TOTALFUND' then null else time_weighted_return_5y_roll_lc end time_weighted_return_5y_roll_lc
			--, case when dataset_id = 'TOTALFUND' then null else time_weighted_return_fx_5y_roll end time_weighted_return_fx_5y_roll
			, last_update
		from 
			performance_dev.perf_bottom_up_monthly 
		where 
			(
				dataset_id in (
					/* CORE POOL */
					  'IPN_C'
					--, 'SAP_C'
					/* SUPP POOL */
					, 'IPN_S'
					--, 'SAP_S'
				)
				and node_id = '2'
			)
			or
			(	/* TOTAL FUND */
				dataset_id in ( 'TOTALFUND', 'CMBP_NET' )
				and ""level"" = 0
			)
			and periods_per_year = 12 -- pull monthly values only
	) base_pivot
	cross join unnest(
		/* METRIC */
		array[
		  	  'time_weighted_return_rc' 
			, 'time_weighted_return_lc'
			--, 'time_weighted_return_fx' 
			, 'time_weighted_return_qtd_rc' 
			, 'time_weighted_return_qtd_lc' 
			--, 'time_weighted_return_fx_qtd' 
			, 'time_weighted_return_3m_roll_rc' 
			, 'time_weighted_return_3m_roll_lc' 
			--, 'time_weighted_return_fx_3m_roll' 
			, 'time_weighted_return_fytd_rc' 
			, 'time_weighted_return_fytd_lc' 
			--, 'time_weighted_return_fx_fytd' 
			, 'time_weighted_return_1y_roll_rc' 
			, 'time_weighted_return_1y_roll_lc' 
			--, 'time_weighted_return_fx_1y_roll' 
			, 'time_weighted_return_4yp_rc' 
			, 'time_weighted_return_4yp_lc' 
			--, 'time_weighted_return_fx_4yp' 
			, 'time_weighted_return_5y_roll_rc' 
			, 'time_weighted_return_5y_roll_lc' 
			--, 'time_weighted_return_fx_5y_roll'
		  ]
		/* VALUE */
		, array[
			  time_weighted_return_rc 
			, time_weighted_return_lc
			--, time_weighted_return_fx 
			, time_weighted_return_qtd_rc 
			, time_weighted_return_qtd_lc 
			--, time_weighted_return_fx_qtd 
			, time_weighted_return_3m_roll_rc 
			, time_weighted_return_3m_roll_lc 
			--, time_weighted_return_fx_3m_roll 
			, time_weighted_return_fytd_rc 
			, time_weighted_return_fytd_lc 
			--, time_weighted_return_fx_fytd 
			, time_weighted_return_1y_roll_rc 
			, time_weighted_return_1y_roll_lc 
			--, time_weighted_return_fx_1y_roll 
			, time_weighted_return_4yp_rc 
			, time_weighted_return_4yp_lc 
			--, time_weighted_return_fx_4yp 
			, time_weighted_return_5y_roll_rc 
			, time_weighted_return_5y_roll_lc 
			--, time_weighted_return_fx_5y_roll 
		  ]
	) unpivot ( metric, value )
), inv_select_dept_ex_tfm as (
	select
		  dataset_id
		, business_date
		, ""level""
		, node_name
		, 'Local' as currency
		, case
			when metric like '%qtd%' then 'QTD'
			when metric like '%3m_roll%' then '3M'
			when metric like '%fytd%' then 'FYTD'
			when metric like '%1y_roll%' then '1Y'
			when metric like '%4yp%' then '4Y+FYTD'
			when metric like '%5y_roll%' then '5Y'
			else 'MTD'
		  end period
		, value
		, last_update
	from (		
		select
			  dataset_id 
			, business_date 
			, ""level"" 
			, node_name 
			, contribution_fytd_lc 
			, contribution_4yp_lc
			, contribution_5y_roll_lc 
			, last_update 
		from 
			performance_dev.perf_top_down_monthly 
		where 
			dataset_id = 'SEC_SELECT_C'
			and ""level"" = 2
			and node_name != 'Total Fund Management'
	) inv_select_dept_ex_tfm_pivot
	cross join unnest (
		/* METRIC */
		array [
			  'contribution_fytd_lc'
			, 'contribution_4yp_lc'
			, 'contribution_5y_roll_lc'
		]
		/* VALUE */
		, array [
			  contribution_fytd_lc 
			, contribution_4yp_lc
			, contribution_5y_roll_lc 
		]
	) inv_select_dept_ex_tfm_unpivot ( metric, value )
), inv_select_dept_tfm as (
	select 
		  'SEC_SELECT_C' as dataset_id
		, inv_select.business_date
		, 2 as ""level""
		, 'Total Fund Management' as node_name
		, 'Local' as currency
		, inv_select.period
		--, inv_select.value as inv_select_value
		--, dept_contr.value as dept_contr_value
		, inv_select.value - dept_contr.value as value
		, greatest( inv_select.last_update, dept_contr.last_update ) as last_update
	from (
		/* Investment Selection */
		select *
		from 
			base
		where
			dataset_id = 'INV_SELECT_C'
			and currency = 'CAD'
	) inv_select
	inner join (
		/* Dept Contribution ex TFM */
		select
			  dataset_id
			, business_date
			, ""level""
			, currency
			, period
			, sum( value ) as value
			, max( last_update ) as last_update
		from
			inv_select_dept_ex_tfm
		group by 
			  dataset_id
			, business_date
			, ""level""
			, currency
			, period
	) dept_contr
		on inv_select.business_date = dept_contr.business_date
		and inv_select.period = dept_contr.period
), cmb as (
	select
		  business_date
		, dataset_id
		, metric_group_l1
		, case 
				when currency = 'FX' then (
					case
						when regexp_like( dataset_id, '^DIV_LVG_(TF|C|S)$' ) then 'Diversification & Leverage'
						when regexp_like( dataset_id, '^INV_SELECT_(TF|C|S)$' ) then 'Investment Selection'
						else metric_friendly_name
					end
				)
				when currency = 'CAD' then (
					case
						when regexp_like( dataset_id, '^DIV_LVG_(TF|C|S)$' ) then 'Diversification & Leverage'
						when regexp_like( dataset_id, '^INV_SELECT_(TF|C|S)$' ) then 'Investment Selection'
						else metric_friendly_name
					end
				)
				when currency = 'Local' then (
					case 
						when regexp_like( dataset_id, '^LEVERAGE_(TF|C|S)$' ) then 'Diversification & Leverage'
						when regexp_like( dataset_id, 'ATP_(TF|C|S)\s\-\sRPL__(TF|C|S)' ) then 'Diversification & Leverage'
						when regexp_like( dataset_id, '^STGY_COMP_(TF|C|S)$' ) then 'Investment Selection'
						when regexp_like( dataset_id, '^SEC_SELECT_(TF|C|S)$' ) then 'Investment Selection'
						else metric_friendly_name
					end
				)
				else metric_friendly_name
		  end metric_group_l2
		, metric
		, metric_friendly_name
		, ""level""
		, investment_structure_l2
		, metric_friendly_name as attribution_node
		, currency
		, period
		, value
		, last_update
	from (
		select
			  business_date 
			, dataset_id
			, case 
				/* Headline Attribution */
				when dataset_id in (
					/* TOTAL FUND */
					  'RISK_APP_TF'
					, 'DIV_LVG_TF'
					, 'INV_SELECT_TF'
					, 'DIV_LVG_TF + INV_SELECT_TF'
					, 'IPN_TF - MRP_TF'
					/* CORE POOL */
					, 'RISK_APP_C'
					, 'DIV_LVG_C'
					, 'INV_SELECT_C'
					, 'DIV_LVG_C + INV_SELECT_C'
					, 'IPN_C - MRP_C'
					/* SUPP POOL */
					, 'RISK_APP_S'
					, 'DIV_LVG_S'
					, 'INV_SELECT_S'
					, 'DIV_LVG_S + INV_SELECT_S'
					, 'IPN_S - MRP_S'
				)
				and currency = 'CAD'
				then 'Headline Attribution'
				/* Mainline Attribution */
				when dataset_id in (
					/* TOTAL FUND */
					  'LEVERAGE_TF'
					, 'ATP_TF - RPL_TF'
					, 'STGY_COMP_TF'
					, 'SEC_SELECT_TF'
					/* CORE POOL */
					, 'LEVERAGE_C'
					, 'ATP_C - RPL_C'
					, 'STGY_COMP_C'
					, 'SEC_SELECT_C'
					/* SUPP POOL */
					, 'LEVERAGE_S'
					, 'ATP_S - RPL_S'
					, 'STGY_COMP_S'
					, 'SEC_SELECT_S'
				)
				and currency = 'Local' 
				then 'Mainline Attribution'
				/* Mainline Attribution FX */
				when dataset_id in (
					/* TOTAL FUND */
					  'DIV_LVG_TF'
					, 'INV_SELECT_TF'
					/* CORE POOL */
					, 'DIV_LVG_C'
					, 'INV_SELECT_C'
					/* SUPP POOL */
					, 'DIV_LVG_S'
					, 'INV_SELECT_S'
				)
				and currency = 'FX'
				then 'Mainline Attribution'
				/* Portfolio Returns */
				when dataset_id in (
					/* TOTAL FUND */
					  'MRP_TF'
					, 'RP_TF'
					, 'ATP_TF'
					, 'RPL_TF'
					, 'SAP_TF'
					, 'IPN_TF'
					/* CORE POOL */
					, 'MRP_C'
					, 'RP_C'
					, 'ATP_C'
					, 'RPL_C'
					, 'SAP_C'
					, 'IPN_C'
					/* SUPP POOL */
					, 'MRP_S'
					, 'RP_S'
					, 'ATP_S'
					, 'RPL_S'
					, 'SAP_S'
					, 'IPN_S'
				)
				then 'Portfolio Returns'
			  end metric_group_l1
			, case 
					when currency = 'FX' then (
						case
							when regexp_like( dataset_id, '^DIV_LVG_(TF|C|S)$' ) then 'BP FX - RP FX' /*'ATP FX - RP FX'*/
							when regexp_like( dataset_id, '^INV_SELECT_(TF|C|S)$' ) then 'IP FX - BP FX' /*'IP FX - ATP FX'*/
							when regexp_like( dataset_id, '^IPN_(TF|C|S)$' ) then 'IP FX'
							when regexp_like( dataset_id, '(^MRP_(TF|C|S)$)|(^RP_(TF|S|C)$)|(^ATP_(TF|S|C)$)|(^RPL_(TF|S|C)$)|(^SAP_(TF|S|C)$)' ) then replace( replace( regexp_extract( dataset_id, '.*\_' ), 'ATP', 'BP' ), '_', ' FX' )
						end
					)
					when regexp_like( dataset_id, '^IPN_(TF|C|S)$' ) then 'IP'
					when regexp_like( dataset_id, '(^MRP_(TF|C|S)$)|(^RP_(TF|S|C)$)|(^ATP_(TF|S|C)$)|(^RPL_(TF|S|C)$)|(^SAP_(TF|S|C)$)' ) THEN replace( replace( regexp_extract( dataset_id, '.*\_' ), 'ATP', 'BP' ), '_', '' )
					when currency = 'CAD' then (
						case
							when regexp_like( dataset_id, '^RISK_APP_(TF|C|S)$' ) THEN 'RP - MRP'
							when regexp_like( dataset_id, '^DIV_LVG_(TF|C|S)$' ) then 'BP - RP' /*'ATP - RP'*/
							when regexp_like( dataset_id, '^INV_SELECT_(TF|C|S)$' ) then 'IP - BP' /*'IP - ATP'*/
							when regexp_like( dataset_id, 'DIV_LVG_(TF|C|S)\s\+\sINV_SELECT_(TF|C|S)' ) then 'IP - RP'
							when regexp_like( dataset_id, 'IPN_(TF|C|S)\s\-\sMRP_(TF|C|S)' ) then 'IP - MRP'
						end
					)
					when currency = 'Local' then (
						case 
							when regexp_like( dataset_id, '^LEVERAGE_(TF|C|S)$' ) then 'RPL - RP'
							when regexp_like( dataset_id, 'ATP_(TF|C|S)\s\-\sRPL__(TF|C|S)' ) then 'BP - RPL' /*'ATP - RPL'*/
							when regexp_like( dataset_id, '^STGY_COMP_(TF|C|S)$' ) then 'SAP - BP' /*'SAP - ATP'*/
							when regexp_like( dataset_id, '^SEC_SELECT_(TF|C|S)$' ) then 'IP - SAP'
						end
					)
			  end metric
			, case 
					when currency = 'FX' then (
						case
							when regexp_like( dataset_id, '^DIV_LVG_(TF|C|S)$' ) then 'Currency (Diversification & Leverage)'
							when regexp_like( dataset_id, '^INV_SELECT_(TF|C|S)$' ) then 'Currency (Investment Selection)'
							when regexp_like( dataset_id, '^MRP_(TF|C|S)$' ) then 'Minimum Return Portfolio FX'
							when regexp_like( dataset_id, '^RP_(TF|C|S)$' ) then 'Reference Portfolio FX'
							when regexp_like( dataset_id, '^ATP_(TF|C|S)$' ) then 'Benchmark Portfolio FX' /*'Annual Target Portfolio FX'*/
							when regexp_like( dataset_id, '^RPL_(TF|C|S)$' ) then 'Leveraged Reference Portfolio FX'
							when regexp_like( dataset_id, '^SAP_(TF|C|S)$' ) then 'Strategy Alternative Portfolio FX'
							when regexp_like( dataset_id, '^IPN_(TF|C|S)$' ) then 'Investment Portfolio FX'
						end
					)
					when regexp_like( dataset_id, '^MRP_(TF|C|S)$' ) then 'Minimum Return Portfolio'
					when regexp_like( dataset_id, '^RP_(TF|C|S)$' ) then 'Reference Portfolio'
					when regexp_like( dataset_id, '^ATP_(TF|C|S)$' ) then 'Benchmark Portfolio' /*'Annual Target Portfolio'*/
					when regexp_like( dataset_id, '^RPL_(TF|C|S)$' ) then 'Leveraged Reference Portfolio'
					when regexp_like( dataset_id, '^SAP_(TF|C|S)$' ) then 'Strategy Alternative Portfolio'
					when regexp_like( dataset_id, '^IPN_(TF|C|S)$' ) then 'Investment Portfolio'
					when currency = 'CAD' then (
						case
							when regexp_like( dataset_id, '^RISK_APP_(TF|C|S)$' ) then 'Risk Appetite'
							when regexp_like( dataset_id, '^DIV_LVG_(TF|C|S)$' ) then 'Diversification & Leverage'
							when regexp_like( dataset_id, '^INV_SELECT_(TF|C|S)$' ) then 'Investment Selection'
							when regexp_like( dataset_id, 'DIV_LVG_(TF|C|S)\s\+\sINV_SELECT_(TF|C|S)' ) then 'Value-Added (IP - RP)' 
							when regexp_like( dataset_id, 'IPN_(TF|C|S)\s\-\sMRP_(TF|C|S)' ) then 'Incremental Return (IP - MRP)' 
						end
					)
					when currency = 'Local' then (
						case 
							when regexp_like( dataset_id, '^LEVERAGE_(TF|C|S)$' ) then 'Leverage'
							when regexp_like( dataset_id, 'ATP_(TF|C|S)\s\-\sRPL__(TF|C|S)' ) then 'Diversification'
							when regexp_like( dataset_id, '^STGY_COMP_(TF|C|S)$' ) then 'Strategy Composition'
							when regexp_like( dataset_id, '^SEC_SELECT_(TF|C|S)$' ) then 'Security Selection'
						end
					)
			  end metric_friendly_name
			, ""level""
			, node_name as investment_structure_l2
			, currency
			, period
			, value
			, last_update
		from (
			select * from base
			union all
			select * from inv_select_dept_ex_tfm
			union all
			select * from inv_select_dept_tfm
		) combined
	) combined_mapped
), cmb_filtered as (
	select 	*
	from 	cmb
	where 	metric_group_l1 is not null
			and business_date = date_trunc('month', business_date) + interval '1' month - interval '1' day -- pull month-end dates only
			and not ( period in ( 'MTD', 'QTD', '3M', 'FYTD' ) and business_date < cast( '2015-06-30' as date ) ) -- MTD, QTD, 3M, FYTD values prior to 2015-06-30 are invalid
			and not ( period in ( '1Y' ) and business_date < cast( '2016-04-30' as date ) ) -- 1Y values prior to 2016-04-30 are invalid
			and not ( period in ( '4Y+FYTD', '5Y' ) and business_date < cast( '2020-03-31' as date ) ) -- 5Y values prior to 2020-03-31 are invalid
			and value is not null
), cmb_filtered_final as (
	/* Adding columns needed specifically for QuickSight dashboard due to limitations */
	select
		  cmb_filtered.*
		, format( '%1$tY-%1$tm', business_date ) as year_month
		, case
			when period = 'MTD' then '1. MTD'
			when period = 'QTD' then '2. QTD'
			when period = '3M' then '3. 3M'
			when period = 'FYTD' then '4. FYTD'
			when period = '1Y' then '5. 1Y'
			when period = '4Y+FYTD' then '6. 4Y+FYTD'
			when period = '5Y' then '7. 5Y'
		  end period_sorted
	from 
		cmb_filtered
)
select * from cmb_filtered_final) AS ""finsights_perf_attribution_DEV"""
e4a964689d6088c5e7b50b391469fc3f66861a1b0c52c807fc685464b7378077,"/* cppi::e4a964689d6088c5e7b50b391469fc3f66861a1b0c52c807fc685464b7378077 */
/* QuickSight 77fffb13-5634-4cbb-b9ea-8c52970b9323 */
SELECT ""business_date"", ""dataset_id"", ""metric_group_l1"", ""metric_group_l2"", ""metric"", ""metric_friendly_name"", ""level"", ""investment_structure_l2"", ""attribution_node"", ""currency"", ""period"", ""value"", ""last_update"", ""year_month"", ""period_sorted""
FROM (with base as (
	select 
		  case
	  		when dataset_id in ( 'TOTALFUND', 'CMBP_NET' ) and ""level"" = 0 then 'IPN_TF'
	  		else dataset_id
		  end dataset_id
		, business_date
		, ""level""
		, case
			when dataset_id like '%_TF' or ""dataset_id"" in ( 'TOTALFUND', 'CMBP_NET' ) then 'Total Fund'	
			when dataset_id like '%_C' then 'Core'
			when dataset_id like '%_S' then 'Supplementary'
		  end node_name
		, case
			when metric like '%rc' then 'CAD'
			when metric like '%lc' then 'Local'
			else 'FX'
		  end currency
		, case
			when metric like '%qtd%' then 'QTD'
			when metric like '%3m_roll%' then '3M'
			when metric like '%fytd%' then 'FYTD'
			when metric like '%1y_roll%' then '1Y'
			when metric like '%4yp%' then '4Y+FYTD'
			when metric like '%5y_roll%' then '5Y'
			else 'MTD'
		  end period
		, value
		, last_update
	from (
		select
			  dataset_id 
			, business_date 
			, ""level"" 
			, time_weighted_return_rc 
			, time_weighted_return_lc
			--, time_weighted_return_fx 
			, time_weighted_return_qtd_rc 
			, time_weighted_return_qtd_lc 
			--, time_weighted_return_fx_qtd 
			, time_weighted_return_3m_roll_rc 
			, time_weighted_return_3m_roll_lc 
			--, time_weighted_return_fx_3m_roll 
			, time_weighted_return_fytd_rc 
			, time_weighted_return_fytd_lc 
			--, time_weighted_return_fx_fytd 
			, time_weighted_return_1y_roll_rc 
			, time_weighted_return_1y_roll_lc 
			--, time_weighted_return_fx_1y_roll 
			, time_weighted_return_4yp_rc 
			, time_weighted_return_4yp_lc 
			--, time_weighted_return_fx_4yp 
			, time_weighted_return_5y_roll_rc 
			, time_weighted_return_5y_roll_lc 
			--, time_weighted_return_fx_5y_roll 
			, last_update 
		from 
			performance_dev.perf_top_down_monthly 
		where 
			dataset_id in (
				/* TOTAL FUND */
				  'MRP_TF'
				, 'RP_TF'
				, 'ATP_TF'
				, 'RISK_APP_TF'
				, 'DIV_LVG_TF'
				, 'INV_SELECT_TF'
				/* CORE POOL */
				, 'MRP_C'
				, 'RP_C'
				, 'ATP_C'
				, 'RISK_APP_C'
				, 'DIV_LVG_C'
				, 'INV_SELECT_C'
				/* SUPP POOL */
				, 'MRP_S'
				, 'RP_S'
				, 'ATP_S'
				, 'RISK_APP_S'
				, 'DIV_LVG_S'
				, 'INV_SELECT_S'
			)
			and ""level"" = 1
			and periods_per_year = 12 -- pull monthly values only
		union all
		select
			  dataset_id 
			, business_date 
			, ""level""
			-- for below, TOTALFUND local and FX values should be not used; CMBP_NET CAD values should not be used
			, case when dataset_id = 'CMBP_NET' then null else time_weighted_return_rc end time_weighted_return_rc
			, case when dataset_id = 'TOTALFUND' then null else time_weighted_return_lc end time_weighted_return_lc
			--, case when dataset_id = 'TOTALFUND' then null else time_weighted_return_fx end time_weighted_return_fx
			, case when dataset_id = 'CMBP_NET' then null else time_weighted_return_qtd_rc end time_weighted_return_qtd_rc
			, case when dataset_id = 'TOTALFUND' then null else time_weighted_return_qtd_lc end time_weighted_return_qtd_lc
			--, case when dataset_id = 'TOTALFUND' then null else time_weighted_return_fx_qtd end time_weighted_return_fx_qtd
			, case when dataset_id = 'CMBP_NET' then null else time_weighted_return_3m_roll_rc end time_weighted_return_3m_roll_rc
			, case when dataset_id = 'TOTALFUND' then null else time_weighted_return_3m_roll_lc end time_weighted_return_3m_roll_lc
			--, case when dataset_id = 'TOTALFUND' then null else time_weighted_return_fx_3m_roll end time_weighted_return_fx_3m_roll
			, case when dataset_id = 'CMBP_NET' then null else time_weighted_return_fytd_rc end time_weighted_return_fytd_rc
			, case when dataset_id = 'TOTALFUND' then null else time_weighted_return_fytd_lc end time_weighted_return_fytd_lc
			--, case when dataset_id = 'TOTALFUND' then null else time_weighted_return_fx_fytd end time_weighted_return_fx_fytd
			, case when dataset_id = 'CMBP_NET' then null else time_weighted_return_1y_roll_rc end time_weighted_return_1y_roll_rc
			, case when dataset_id = 'TOTALFUND' then null else time_weighted_return_1y_roll_lc end time_weighted_return_1y_roll_lc
			--, case when dataset_id = 'TOTALFUND' then null else time_weighted_return_fx_1y_roll end time_weighted_return_fx_1y_roll
			, case when dataset_id = 'CMBP_NET' then null else time_weighted_return_4yp_rc end time_weighted_return_4yp_rc
			, case when dataset_id = 'TOTALFUND' then null else time_weighted_return_4yp_lc end time_weighted_return_4yp_lc
			--, case when dataset_id = 'TOTALFUND' then null else time_weighted_return_fx_4yp end time_weighted_return_fx_4yp
			, case when dataset_id = 'CMBP_NET' then null else time_weighted_return_5y_roll_rc end time_weighted_return_5y_roll_rc
			, case when dataset_id = 'TOTALFUND' then null else time_weighted_return_5y_roll_lc end time_weighted_return_5y_roll_lc
			--, case when dataset_id = 'TOTALFUND' then null else time_weighted_return_fx_5y_roll end time_weighted_return_fx_5y_roll
			, last_update
		from 
			performance_dev.perf_bottom_up_monthly 
		where 
			(
				dataset_id in (
					/* CORE POOL */
					  'IPN_C'
					--, 'SAP_C'
					/* SUPP POOL */
					, 'IPN_S'
					--, 'SAP_S'
				)
				and node_id = '2'
			)
			or
			(	/* TOTAL FUND */
				dataset_id in ( 'TOTALFUND', 'CMBP_NET' )
				and ""level"" = 0
			)
			and periods_per_year = 12 -- pull monthly values only
	) base_pivot
	cross join unnest(
		/* METRIC */
		array[
		  	  'time_weighted_return_rc' 
			, 'time_weighted_return_lc'
			--, 'time_weighted_return_fx' 
			, 'time_weighted_return_qtd_rc' 
			, 'time_weighted_return_qtd_lc' 
			--, 'time_weighted_return_fx_qtd' 
			, 'time_weighted_return_3m_roll_rc' 
			, 'time_weighted_return_3m_roll_lc' 
			--, 'time_weighted_return_fx_3m_roll' 
			, 'time_weighted_return_fytd_rc' 
			, 'time_weighted_return_fytd_lc' 
			--, 'time_weighted_return_fx_fytd' 
			, 'time_weighted_return_1y_roll_rc' 
			, 'time_weighted_return_1y_roll_lc' 
			--, 'time_weighted_return_fx_1y_roll' 
			, 'time_weighted_return_4yp_rc' 
			, 'time_weighted_return_4yp_lc' 
			--, 'time_weighted_return_fx_4yp' 
			, 'time_weighted_return_5y_roll_rc' 
			, 'time_weighted_return_5y_roll_lc' 
			--, 'time_weighted_return_fx_5y_roll'
		  ]
		/* VALUE */
		, array[
			  time_weighted_return_rc 
			, time_weighted_return_lc
			--, time_weighted_return_fx 
			, time_weighted_return_qtd_rc 
			, time_weighted_return_qtd_lc 
			--, time_weighted_return_fx_qtd 
			, time_weighted_return_3m_roll_rc 
			, time_weighted_return_3m_roll_lc 
			--, time_weighted_return_fx_3m_roll 
			, time_weighted_return_fytd_rc 
			, time_weighted_return_fytd_lc 
			--, time_weighted_return_fx_fytd 
			, time_weighted_return_1y_roll_rc 
			, time_weighted_return_1y_roll_lc 
			--, time_weighted_return_fx_1y_roll 
			, time_weighted_return_4yp_rc 
			, time_weighted_return_4yp_lc 
			--, time_weighted_return_fx_4yp 
			, time_weighted_return_5y_roll_rc 
			, time_weighted_return_5y_roll_lc 
			--, time_weighted_return_fx_5y_roll 
		  ]
	) unpivot ( metric, value )
), inv_select_dept_ex_tfm as (
	select
		  dataset_id
		, business_date
		, ""level""
		, node_name
		, 'Local' as currency
		, case
			when metric like '%qtd%' then 'QTD'
			when metric like '%3m_roll%' then '3M'
			when metric like '%fytd%' then 'FYTD'
			when metric like '%1y_roll%' then '1Y'
			when metric like '%4yp%' then '4Y+FYTD'
			when metric like '%5y_roll%' then '5Y'
			else 'MTD'
		  end period
		, value
		, last_update
	from (		
		select
			  dataset_id 
			, business_date 
			, ""level"" 
			, node_name 
			, contribution_fytd_lc 
			, contribution_4yp_lc
			, contribution_5y_roll_lc 
			, last_update 
		from 
			performance_dev.perf_top_down_monthly 
		where 
			dataset_id = 'SEC_SELECT_C'
			and ""level"" = 2
			and node_name != 'Total Fund Management'
	) inv_select_dept_ex_tfm_pivot
	cross join unnest (
		/* METRIC */
		array [
			  'contribution_fytd_lc'
			, 'contribution_4yp_lc'
			, 'contribution_5y_roll_lc'
		]
		/* VALUE */
		, array [
			  contribution_fytd_lc 
			, contribution_4yp_lc
			, contribution_5y_roll_lc 
		]
	) inv_select_dept_ex_tfm_unpivot ( metric, value )
), inv_select_dept_tfm as (
	select 
		  'SEC_SELECT_C' as dataset_id
		, inv_select.business_date
		, 2 as ""level""
		, 'Total Fund Management' as node_name
		, 'Local' as currency
		, inv_select.period
		--, inv_select.value as inv_select_value
		--, dept_contr.value as dept_contr_value
		, inv_select.value - dept_contr.value as value
		, greatest( inv_select.last_update, dept_contr.last_update ) as last_update
	from (
		/* Investment Selection */
		select *
		from 
			base
		where
			dataset_id = 'INV_SELECT_C'
			and currency = 'CAD'
	) inv_select
	inner join (
		/* Dept Contribution ex TFM */
		select
			  dataset_id
			, business_date
			, ""level""
			, currency
			, period
			, sum( value ) as value
			, max( last_update ) as last_update
		from
			inv_select_dept_ex_tfm
		group by 
			  dataset_id
			, business_date
			, ""level""
			, currency
			, period
	) dept_contr
		on inv_select.business_date = dept_contr.business_date
		and inv_select.period = dept_contr.period
), cmb as (
	select
		  business_date
		, dataset_id
		, metric_group_l1
		, case 
				when currency = 'FX' then (
					case
						when regexp_like( dataset_id, '^DIV_LVG_(TF|C|S)$' ) then 'Diversification & Leverage'
						when regexp_like( dataset_id, '^INV_SELECT_(TF|C|S)$' ) then 'Investment Selection'
						else metric_friendly_name
					end
				)
				when currency = 'CAD' then (
					case
						when regexp_like( dataset_id, '^DIV_LVG_(TF|C|S)$' ) then 'Diversification & Leverage'
						when regexp_like( dataset_id, '^INV_SELECT_(TF|C|S)$' ) then 'Investment Selection'
						else metric_friendly_name
					end
				)
				when currency = 'Local' then (
					case 
						when regexp_like( dataset_id, '^LEVERAGE_(TF|C|S)$' ) then 'Diversification & Leverage'
						when regexp_like( dataset_id, 'ATP_(TF|C|S)\s\-\sRPL__(TF|C|S)' ) then 'Diversification & Leverage'
						when regexp_like( dataset_id, '^STGY_COMP_(TF|C|S)$' ) then 'Investment Selection'
						when regexp_like( dataset_id, '^SEC_SELECT_(TF|C|S)$' ) then 'Investment Selection'
						else metric_friendly_name
					end
				)
				else metric_friendly_name
		  end metric_group_l2
		, metric
		, metric_friendly_name
		, ""level""
		, investment_structure_l2
		, metric_friendly_name as attribution_node
		, currency
		, period
		, value
		, last_update
	from (
		select
			  business_date 
			, dataset_id
			, case 
				/* Headline Attribution */
				when dataset_id in (
					/* TOTAL FUND */
					  'RISK_APP_TF'
					, 'DIV_LVG_TF'
					, 'INV_SELECT_TF'
					, 'DIV_LVG_TF + INV_SELECT_TF'
					, 'IPN_TF - MRP_TF'
					/* CORE POOL */
					, 'RISK_APP_C'
					, 'DIV_LVG_C'
					, 'INV_SELECT_C'
					, 'DIV_LVG_C + INV_SELECT_C'
					, 'IPN_C - MRP_C'
					/* SUPP POOL */
					, 'RISK_APP_S'
					, 'DIV_LVG_S'
					, 'INV_SELECT_S'
					, 'DIV_LVG_S + INV_SELECT_S'
					, 'IPN_S - MRP_S'
				)
				and currency = 'CAD'
				then 'Headline Attribution'
				/* Mainline Attribution */
				when dataset_id in (
					/* TOTAL FUND */
					  'LEVERAGE_TF'
					, 'ATP_TF - RPL_TF'
					, 'STGY_COMP_TF'
					, 'SEC_SELECT_TF'
					/* CORE POOL */
					, 'LEVERAGE_C'
					, 'ATP_C - RPL_C'
					, 'STGY_COMP_C'
					, 'SEC_SELECT_C'
					/* SUPP POOL */
					, 'LEVERAGE_S'
					, 'ATP_S - RPL_S'
					, 'STGY_COMP_S'
					, 'SEC_SELECT_S'
				)
				and currency = 'Local' 
				then 'Mainline Attribution'
				/* Mainline Attribution FX */
				when dataset_id in (
					/* TOTAL FUND */
					  'DIV_LVG_TF'
					, 'INV_SELECT_TF'
					/* CORE POOL */
					, 'DIV_LVG_C'
					, 'INV_SELECT_C'
					/* SUPP POOL */
					, 'DIV_LVG_S'
					, 'INV_SELECT_S'
				)
				and currency = 'FX'
				then 'Mainline Attribution'
				/* Portfolio Returns */
				when dataset_id in (
					/* TOTAL FUND */
					  'MRP_TF'
					, 'RP_TF'
					, 'ATP_TF'
					, 'RPL_TF'
					, 'SAP_TF'
					, 'IPN_TF'
					/* CORE POOL */
					, 'MRP_C'
					, 'RP_C'
					, 'ATP_C'
					, 'RPL_C'
					, 'SAP_C'
					, 'IPN_C'
					/* SUPP POOL */
					, 'MRP_S'
					, 'RP_S'
					, 'ATP_S'
					, 'RPL_S'
					, 'SAP_S'
					, 'IPN_S'
				)
				then 'Portfolio Returns'
			  end metric_group_l1
			, case 
					when currency = 'FX' then (
						case
							when regexp_like( dataset_id, '^DIV_LVG_(TF|C|S)$' ) then 'BP FX - RP FX' /*'ATP FX - RP FX'*/
							when regexp_like( dataset_id, '^INV_SELECT_(TF|C|S)$' ) then 'IP FX - BP FX' /*'IP FX - ATP FX'*/
							when regexp_like( dataset_id, '^IPN_(TF|C|S)$' ) then 'IP FX'
							when regexp_like( dataset_id, '(^MRP_(TF|C|S)$)|(^RP_(TF|S|C)$)|(^ATP_(TF|S|C)$)|(^RPL_(TF|S|C)$)|(^SAP_(TF|S|C)$)' ) then replace( replace( regexp_extract( dataset_id, '.*\_' ), 'ATP', 'BP' ), '_', ' FX' )
						end
					)
					when regexp_like( dataset_id, '^IPN_(TF|C|S)$' ) then 'IP'
					when regexp_like( dataset_id, '(^MRP_(TF|C|S)$)|(^RP_(TF|S|C)$)|(^ATP_(TF|S|C)$)|(^RPL_(TF|S|C)$)|(^SAP_(TF|S|C)$)' ) THEN replace( replace( regexp_extract( dataset_id, '.*\_' ), 'ATP', 'BP' ), '_', '' )
					when currency = 'CAD' then (
						case
							when regexp_like( dataset_id, '^RISK_APP_(TF|C|S)$' ) THEN 'RP - MRP'
							when regexp_like( dataset_id, '^DIV_LVG_(TF|C|S)$' ) then 'BP - RP' /*'ATP - RP'*/
							when regexp_like( dataset_id, '^INV_SELECT_(TF|C|S)$' ) then 'IP - BP' /*'IP - ATP'*/
							when regexp_like( dataset_id, 'DIV_LVG_(TF|C|S)\s\+\sINV_SELECT_(TF|C|S)' ) then 'IP - RP'
							when regexp_like( dataset_id, 'IPN_(TF|C|S)\s\-\sMRP_(TF|C|S)' ) then 'IP - MRP'
						end
					)
					when currency = 'Local' then (
						case 
							when regexp_like( dataset_id, '^LEVERAGE_(TF|C|S)$' ) then 'RPL - RP'
							when regexp_like( dataset_id, 'ATP_(TF|C|S)\s\-\sRPL__(TF|C|S)' ) then 'BP - RPL' /*'ATP - RPL'*/
							when regexp_like( dataset_id, '^STGY_COMP_(TF|C|S)$' ) then 'SAP - BP' /*'SAP - ATP'*/
							when regexp_like( dataset_id, '^SEC_SELECT_(TF|C|S)$' ) then 'IP - SAP'
						end
					)
			  end metric
			, case 
					when currency = 'FX' then (
						case
							when regexp_like( dataset_id, '^DIV_LVG_(TF|C|S)$' ) then 'Currency (Diversification & Leverage)'
							when regexp_like( dataset_id, '^INV_SELECT_(TF|C|S)$' ) then 'Currency (Investment Selection)'
							when regexp_like( dataset_id, '^MRP_(TF|C|S)$' ) then 'Minimum Return Portfolio FX'
							when regexp_like( dataset_id, '^RP_(TF|C|S)$' ) then 'Reference Portfolio FX'
							when regexp_like( dataset_id, '^ATP_(TF|C|S)$' ) then 'Benchmark Portfolio FX' /*'Annual Target Portfolio FX'*/
							when regexp_like( dataset_id, '^RPL_(TF|C|S)$' ) then 'Leveraged Reference Portfolio FX'
							when regexp_like( dataset_id, '^SAP_(TF|C|S)$' ) then 'Strategy Alternative Portfolio FX'
							when regexp_like( dataset_id, '^IPN_(TF|C|S)$' ) then 'Investment Portfolio FX'
						end
					)
					when regexp_like( dataset_id, '^MRP_(TF|C|S)$' ) then 'Minimum Return Portfolio'
					when regexp_like( dataset_id, '^RP_(TF|C|S)$' ) then 'Reference Portfolio'
					when regexp_like( dataset_id, '^ATP_(TF|C|S)$' ) then 'Benchmark Portfolio' /*'Annual Target Portfolio'*/
					when regexp_like( dataset_id, '^RPL_(TF|C|S)$' ) then 'Leveraged Reference Portfolio'
					when regexp_like( dataset_id, '^SAP_(TF|C|S)$' ) then 'Strategy Alternative Portfolio'
					when regexp_like( dataset_id, '^IPN_(TF|C|S)$' ) then 'Investment Portfolio'
					when currency = 'CAD' then (
						case
							when regexp_like( dataset_id, '^RISK_APP_(TF|C|S)$' ) then 'Risk Appetite'
							when regexp_like( dataset_id, '^DIV_LVG_(TF|C|S)$' ) then 'Diversification & Leverage'
							when regexp_like( dataset_id, '^INV_SELECT_(TF|C|S)$' ) then 'Investment Selection'
							when regexp_like( dataset_id, 'DIV_LVG_(TF|C|S)\s\+\sINV_SELECT_(TF|C|S)' ) then 'Value-Added (IP - RP)' 
							when regexp_like( dataset_id, 'IPN_(TF|C|S)\s\-\sMRP_(TF|C|S)' ) then 'Incremental Return (IP - MRP)' 
						end
					)
					when currency = 'Local' then (
						case 
							when regexp_like( dataset_id, '^LEVERAGE_(TF|C|S)$' ) then 'Leverage'
							when regexp_like( dataset_id, 'ATP_(TF|C|S)\s\-\sRPL__(TF|C|S)' ) then 'Diversification'
							when regexp_like( dataset_id, '^STGY_COMP_(TF|C|S)$' ) then 'Strategy Composition'
							when regexp_like( dataset_id, '^SEC_SELECT_(TF|C|S)$' ) then 'Security Selection'
						end
					)
			  end metric_friendly_name
			, ""level""
			, node_name as investment_structure_l2
			, currency
			, period
			, value
			, last_update
		from (
			select * from base
			union all
			select * from inv_select_dept_ex_tfm
			union all
			select * from inv_select_dept_tfm
		) combined
	) combined_mapped
), cmb_filtered as (
	select 	*
	from 	cmb
	where 	metric_group_l1 is not null
			and business_date = date_trunc('month', business_date) + interval '1' month - interval '1' day -- pull month-end dates only
			and not ( period in ( 'MTD', 'QTD', '3M', 'FYTD' ) and business_date < cast( '2015-06-30' as date ) ) -- MTD, QTD, 3M, FYTD values prior to 2015-06-30 are invalid
			and not ( period in ( '1Y' ) and business_date < cast( '2016-04-30' as date ) ) -- 1Y values prior to 2016-04-30 are invalid
			and not ( period in ( '4Y+FYTD', '5Y' ) and business_date < cast( '2020-03-31' as date ) ) -- 5Y values prior to 2020-03-31 are invalid
			and value is not null
), cmb_filtered_final as (
	/* Adding columns needed specifically for QuickSight dashboard due to limitations */
	select
		  cmb_filtered.*
		, format( '%1$tY-%1$tm', business_date ) as year_month
		, case
			when period = 'MTD' then '1. MTD'
			when period = 'QTD' then '2. QTD'
			when period = '3M' then '3. 3M'
			when period = 'FYTD' then '4. FYTD'
			when period = '1Y' then '5. 1Y'
			when period = '4Y+FYTD' then '6. 4Y+FYTD'
			when period = '5Y' then '7. 5Y'
		  end period_sorted
	from 
		cmb_filtered
)
select * from cmb_filtered_final) AS ""finsights_perf_attribution_DEV"""
e4a964689d6088c5e7b50b391469fc3f66861a1b0c52c807fc685464b7378077,"/* cppi::e4a964689d6088c5e7b50b391469fc3f66861a1b0c52c807fc685464b7378077 */
/* QuickSight 77fffb13-5634-4cbb-b9ea-8c52970b9323 */
SELECT ""business_date"", ""dataset_id"", ""metric_group_l1"", ""metric_group_l2"", ""metric"", ""metric_friendly_name"", ""level"", ""investment_structure_l2"", ""attribution_node"", ""currency"", ""period"", ""value"", ""last_update"", ""year_month"", ""period_sorted""
FROM (with base as (
	select 
		  case
	  		when dataset_id in ( 'TOTALFUND', 'CMBP_NET' ) and ""level"" = 0 then 'IPN_TF'
	  		else dataset_id
		  end dataset_id
		, business_date
		, ""level""
		, case
			when dataset_id like '%_TF' or ""dataset_id"" in ( 'TOTALFUND', 'CMBP_NET' ) then 'Total Fund'	
			when dataset_id like '%_C' then 'Core'
			when dataset_id like '%_S' then 'Supplementary'
		  end node_name
		, case
			when metric like '%rc' then 'CAD'
			when metric like '%lc' then 'Local'
			else 'FX'
		  end currency
		, case
			when metric like '%qtd%' then 'QTD'
			when metric like '%3m_roll%' then '3M'
			when metric like '%fytd%' then 'FYTD'
			when metric like '%1y_roll%' then '1Y'
			when metric like '%4yp%' then '4Y+FYTD'
			when metric like '%5y_roll%' then '5Y'
			else 'MTD'
		  end period
		, value
		, last_update
	from (
		select
			  dataset_id 
			, business_date 
			, ""level"" 
			, time_weighted_return_rc 
			, time_weighted_return_lc
			--, time_weighted_return_fx 
			, time_weighted_return_qtd_rc 
			, time_weighted_return_qtd_lc 
			--, time_weighted_return_fx_qtd 
			, time_weighted_return_3m_roll_rc 
			, time_weighted_return_3m_roll_lc 
			--, time_weighted_return_fx_3m_roll 
			, time_weighted_return_fytd_rc 
			, time_weighted_return_fytd_lc 
			--, time_weighted_return_fx_fytd 
			, time_weighted_return_1y_roll_rc 
			, time_weighted_return_1y_roll_lc 
			--, time_weighted_return_fx_1y_roll 
			, time_weighted_return_4yp_rc 
			, time_weighted_return_4yp_lc 
			--, time_weighted_return_fx_4yp 
			, time_weighted_return_5y_roll_rc 
			, time_weighted_return_5y_roll_lc 
			--, time_weighted_return_fx_5y_roll 
			, last_update 
		from 
			performance_dev.perf_top_down_monthly 
		where 
			dataset_id in (
				/* TOTAL FUND */
				  'MRP_TF'
				, 'RP_TF'
				, 'ATP_TF'
				, 'RISK_APP_TF'
				, 'DIV_LVG_TF'
				, 'INV_SELECT_TF'
				/* CORE POOL */
				, 'MRP_C'
				, 'RP_C'
				, 'ATP_C'
				, 'RISK_APP_C'
				, 'DIV_LVG_C'
				, 'INV_SELECT_C'
				/* SUPP POOL */
				, 'MRP_S'
				, 'RP_S'
				, 'ATP_S'
				, 'RISK_APP_S'
				, 'DIV_LVG_S'
				, 'INV_SELECT_S'
			)
			and ""level"" = 1
			and periods_per_year = 12 -- pull monthly values only
		union all
		select
			  dataset_id 
			, business_date 
			, ""level""
			-- for below, TOTALFUND local and FX values should be not used; CMBP_NET CAD values should not be used
			, case when dataset_id = 'CMBP_NET' then null else time_weighted_return_rc end time_weighted_return_rc
			, case when dataset_id = 'TOTALFUND' then null else time_weighted_return_lc end time_weighted_return_lc
			--, case when dataset_id = 'TOTALFUND' then null else time_weighted_return_fx end time_weighted_return_fx
			, case when dataset_id = 'CMBP_NET' then null else time_weighted_return_qtd_rc end time_weighted_return_qtd_rc
			, case when dataset_id = 'TOTALFUND' then null else time_weighted_return_qtd_lc end time_weighted_return_qtd_lc
			--, case when dataset_id = 'TOTALFUND' then null else time_weighted_return_fx_qtd end time_weighted_return_fx_qtd
			, case when dataset_id = 'CMBP_NET' then null else time_weighted_return_3m_roll_rc end time_weighted_return_3m_roll_rc
			, case when dataset_id = 'TOTALFUND' then null else time_weighted_return_3m_roll_lc end time_weighted_return_3m_roll_lc
			--, case when dataset_id = 'TOTALFUND' then null else time_weighted_return_fx_3m_roll end time_weighted_return_fx_3m_roll
			, case when dataset_id = 'CMBP_NET' then null else time_weighted_return_fytd_rc end time_weighted_return_fytd_rc
			, case when dataset_id = 'TOTALFUND' then null else time_weighted_return_fytd_lc end time_weighted_return_fytd_lc
			--, case when dataset_id = 'TOTALFUND' then null else time_weighted_return_fx_fytd end time_weighted_return_fx_fytd
			, case when dataset_id = 'CMBP_NET' then null else time_weighted_return_1y_roll_rc end time_weighted_return_1y_roll_rc
			, case when dataset_id = 'TOTALFUND' then null else time_weighted_return_1y_roll_lc end time_weighted_return_1y_roll_lc
			--, case when dataset_id = 'TOTALFUND' then null else time_weighted_return_fx_1y_roll end time_weighted_return_fx_1y_roll
			, case when dataset_id = 'CMBP_NET' then null else time_weighted_return_4yp_rc end time_weighted_return_4yp_rc
			, case when dataset_id = 'TOTALFUND' then null else time_weighted_return_4yp_lc end time_weighted_return_4yp_lc
			--, case when dataset_id = 'TOTALFUND' then null else time_weighted_return_fx_4yp end time_weighted_return_fx_4yp
			, case when dataset_id = 'CMBP_NET' then null else time_weighted_return_5y_roll_rc end time_weighted_return_5y_roll_rc
			, case when dataset_id = 'TOTALFUND' then null else time_weighted_return_5y_roll_lc end time_weighted_return_5y_roll_lc
			--, case when dataset_id = 'TOTALFUND' then null else time_weighted_return_fx_5y_roll end time_weighted_return_fx_5y_roll
			, last_update
		from 
			performance_dev.perf_bottom_up_monthly 
		where 
			(
				dataset_id in (
					/* CORE POOL */
					  'IPN_C'
					--, 'SAP_C'
					/* SUPP POOL */
					, 'IPN_S'
					--, 'SAP_S'
				)
				and node_id = '2'
			)
			or
			(	/* TOTAL FUND */
				dataset_id in ( 'TOTALFUND', 'CMBP_NET' )
				and ""level"" = 0
			)
			and periods_per_year = 12 -- pull monthly values only
	) base_pivot
	cross join unnest(
		/* METRIC */
		array[
		  	  'time_weighted_return_rc' 
			, 'time_weighted_return_lc'
			--, 'time_weighted_return_fx' 
			, 'time_weighted_return_qtd_rc' 
			, 'time_weighted_return_qtd_lc' 
			--, 'time_weighted_return_fx_qtd' 
			, 'time_weighted_return_3m_roll_rc' 
			, 'time_weighted_return_3m_roll_lc' 
			--, 'time_weighted_return_fx_3m_roll' 
			, 'time_weighted_return_fytd_rc' 
			, 'time_weighted_return_fytd_lc' 
			--, 'time_weighted_return_fx_fytd' 
			, 'time_weighted_return_1y_roll_rc' 
			, 'time_weighted_return_1y_roll_lc' 
			--, 'time_weighted_return_fx_1y_roll' 
			, 'time_weighted_return_4yp_rc' 
			, 'time_weighted_return_4yp_lc' 
			--, 'time_weighted_return_fx_4yp' 
			, 'time_weighted_return_5y_roll_rc' 
			, 'time_weighted_return_5y_roll_lc' 
			--, 'time_weighted_return_fx_5y_roll'
		  ]
		/* VALUE */
		, array[
			  time_weighted_return_rc 
			, time_weighted_return_lc
			--, time_weighted_return_fx 
			, time_weighted_return_qtd_rc 
			, time_weighted_return_qtd_lc 
			--, time_weighted_return_fx_qtd 
			, time_weighted_return_3m_roll_rc 
			, time_weighted_return_3m_roll_lc 
			--, time_weighted_return_fx_3m_roll 
			, time_weighted_return_fytd_rc 
			, time_weighted_return_fytd_lc 
			--, time_weighted_return_fx_fytd 
			, time_weighted_return_1y_roll_rc 
			, time_weighted_return_1y_roll_lc 
			--, time_weighted_return_fx_1y_roll 
			, time_weighted_return_4yp_rc 
			, time_weighted_return_4yp_lc 
			--, time_weighted_return_fx_4yp 
			, time_weighted_return_5y_roll_rc 
			, time_weighted_return_5y_roll_lc 
			--, time_weighted_return_fx_5y_roll 
		  ]
	) unpivot ( metric, value )
), inv_select_dept_ex_tfm as (
	select
		  dataset_id
		, business_date
		, ""level""
		, node_name
		, 'Local' as currency
		, case
			when metric like '%qtd%' then 'QTD'
			when metric like '%3m_roll%' then '3M'
			when metric like '%fytd%' then 'FYTD'
			when metric like '%1y_roll%' then '1Y'
			when metric like '%4yp%' then '4Y+FYTD'
			when metric like '%5y_roll%' then '5Y'
			else 'MTD'
		  end period
		, value
		, last_update
	from (		
		select
			  dataset_id 
			, business_date 
			, ""level"" 
			, node_name 
			, contribution_fytd_lc 
			, contribution_4yp_lc
			, contribution_5y_roll_lc 
			, last_update 
		from 
			performance_dev.perf_top_down_monthly 
		where 
			dataset_id = 'SEC_SELECT_C'
			and ""level"" = 2
			and node_name != 'Total Fund Management'
	) inv_select_dept_ex_tfm_pivot
	cross join unnest (
		/* METRIC */
		array [
			  'contribution_fytd_lc'
			, 'contribution_4yp_lc'
			, 'contribution_5y_roll_lc'
		]
		/* VALUE */
		, array [
			  contribution_fytd_lc 
			, contribution_4yp_lc
			, contribution_5y_roll_lc 
		]
	) inv_select_dept_ex_tfm_unpivot ( metric, value )
), inv_select_dept_tfm as (
	select 
		  'SEC_SELECT_C' as dataset_id
		, inv_select.business_date
		, 2 as ""level""
		, 'Total Fund Management' as node_name
		, 'Local' as currency
		, inv_select.period
		--, inv_select.value as inv_select_value
		--, dept_contr.value as dept_contr_value
		, inv_select.value - dept_contr.value as value
		, greatest( inv_select.last_update, dept_contr.last_update ) as last_update
	from (
		/* Investment Selection */
		select *
		from 
			base
		where
			dataset_id = 'INV_SELECT_C'
			and currency = 'CAD'
	) inv_select
	inner join (
		/* Dept Contribution ex TFM */
		select
			  dataset_id
			, business_date
			, ""level""
			, currency
			, period
			, sum( value ) as value
			, max( last_update ) as last_update
		from
			inv_select_dept_ex_tfm
		group by 
			  dataset_id
			, business_date
			, ""level""
			, currency
			, period
	) dept_contr
		on inv_select.business_date = dept_contr.business_date
		and inv_select.period = dept_contr.period
), cmb as (
	select
		  business_date
		, dataset_id
		, metric_group_l1
		, case 
				when currency = 'FX' then (
					case
						when regexp_like( dataset_id, '^DIV_LVG_(TF|C|S)$' ) then 'Diversification & Leverage'
						when regexp_like( dataset_id, '^INV_SELECT_(TF|C|S)$' ) then 'Investment Selection'
						else metric_friendly_name
					end
				)
				when currency = 'CAD' then (
					case
						when regexp_like( dataset_id, '^DIV_LVG_(TF|C|S)$' ) then 'Diversification & Leverage'
						when regexp_like( dataset_id, '^INV_SELECT_(TF|C|S)$' ) then 'Investment Selection'
						else metric_friendly_name
					end
				)
				when currency = 'Local' then (
					case 
						when regexp_like( dataset_id, '^LEVERAGE_(TF|C|S)$' ) then 'Diversification & Leverage'
						when regexp_like( dataset_id, 'ATP_(TF|C|S)\s\-\sRPL__(TF|C|S)' ) then 'Diversification & Leverage'
						when regexp_like( dataset_id, '^STGY_COMP_(TF|C|S)$' ) then 'Investment Selection'
						when regexp_like( dataset_id, '^SEC_SELECT_(TF|C|S)$' ) then 'Investment Selection'
						else metric_friendly_name
					end
				)
				else metric_friendly_name
		  end metric_group_l2
		, metric
		, metric_friendly_name
		, ""level""
		, investment_structure_l2
		, metric_friendly_name as attribution_node
		, currency
		, period
		, value
		, last_update
	from (
		select
			  business_date 
			, dataset_id
			, case 
				/* Headline Attribution */
				when dataset_id in (
					/* TOTAL FUND */
					  'RISK_APP_TF'
					, 'DIV_LVG_TF'
					, 'INV_SELECT_TF'
					, 'DIV_LVG_TF + INV_SELECT_TF'
					, 'IPN_TF - MRP_TF'
					/* CORE POOL */
					, 'RISK_APP_C'
					, 'DIV_LVG_C'
					, 'INV_SELECT_C'
					, 'DIV_LVG_C + INV_SELECT_C'
					, 'IPN_C - MRP_C'
					/* SUPP POOL */
					, 'RISK_APP_S'
					, 'DIV_LVG_S'
					, 'INV_SELECT_S'
					, 'DIV_LVG_S + INV_SELECT_S'
					, 'IPN_S - MRP_S'
				)
				and currency = 'CAD'
				then 'Headline Attribution'
				/* Mainline Attribution */
				when dataset_id in (
					/* TOTAL FUND */
					  'LEVERAGE_TF'
					, 'ATP_TF - RPL_TF'
					, 'STGY_COMP_TF'
					, 'SEC_SELECT_TF'
					/* CORE POOL */
					, 'LEVERAGE_C'
					, 'ATP_C - RPL_C'
					, 'STGY_COMP_C'
					, 'SEC_SELECT_C'
					/* SUPP POOL */
					, 'LEVERAGE_S'
					, 'ATP_S - RPL_S'
					, 'STGY_COMP_S'
					, 'SEC_SELECT_S'
				)
				and currency = 'Local' 
				then 'Mainline Attribution'
				/* Mainline Attribution FX */
				when dataset_id in (
					/* TOTAL FUND */
					  'DIV_LVG_TF'
					, 'INV_SELECT_TF'
					/* CORE POOL */
					, 'DIV_LVG_C'
					, 'INV_SELECT_C'
					/* SUPP POOL */
					, 'DIV_LVG_S'
					, 'INV_SELECT_S'
				)
				and currency = 'FX'
				then 'Mainline Attribution'
				/* Portfolio Returns */
				when dataset_id in (
					/* TOTAL FUND */
					  'MRP_TF'
					, 'RP_TF'
					, 'ATP_TF'
					, 'RPL_TF'
					, 'SAP_TF'
					, 'IPN_TF'
					/* CORE POOL */
					, 'MRP_C'
					, 'RP_C'
					, 'ATP_C'
					, 'RPL_C'
					, 'SAP_C'
					, 'IPN_C'
					/* SUPP POOL */
					, 'MRP_S'
					, 'RP_S'
					, 'ATP_S'
					, 'RPL_S'
					, 'SAP_S'
					, 'IPN_S'
				)
				then 'Portfolio Returns'
			  end metric_group_l1
			, case 
					when currency = 'FX' then (
						case
							when regexp_like( dataset_id, '^DIV_LVG_(TF|C|S)$' ) then 'BP FX - RP FX' /*'ATP FX - RP FX'*/
							when regexp_like( dataset_id, '^INV_SELECT_(TF|C|S)$' ) then 'IP FX - BP FX' /*'IP FX - ATP FX'*/
							when regexp_like( dataset_id, '^IPN_(TF|C|S)$' ) then 'IP FX'
							when regexp_like( dataset_id, '(^MRP_(TF|C|S)$)|(^RP_(TF|S|C)$)|(^ATP_(TF|S|C)$)|(^RPL_(TF|S|C)$)|(^SAP_(TF|S|C)$)' ) then replace( replace( regexp_extract( dataset_id, '.*\_' ), 'ATP', 'BP' ), '_', ' FX' )
						end
					)
					when regexp_like( dataset_id, '^IPN_(TF|C|S)$' ) then 'IP'
					when regexp_like( dataset_id, '(^MRP_(TF|C|S)$)|(^RP_(TF|S|C)$)|(^ATP_(TF|S|C)$)|(^RPL_(TF|S|C)$)|(^SAP_(TF|S|C)$)' ) THEN replace( replace( regexp_extract( dataset_id, '.*\_' ), 'ATP', 'BP' ), '_', '' )
					when currency = 'CAD' then (
						case
							when regexp_like( dataset_id, '^RISK_APP_(TF|C|S)$' ) THEN 'RP - MRP'
							when regexp_like( dataset_id, '^DIV_LVG_(TF|C|S)$' ) then 'BP - RP' /*'ATP - RP'*/
							when regexp_like( dataset_id, '^INV_SELECT_(TF|C|S)$' ) then 'IP - BP' /*'IP - ATP'*/
							when regexp_like( dataset_id, 'DIV_LVG_(TF|C|S)\s\+\sINV_SELECT_(TF|C|S)' ) then 'IP - RP'
							when regexp_like( dataset_id, 'IPN_(TF|C|S)\s\-\sMRP_(TF|C|S)' ) then 'IP - MRP'
						end
					)
					when currency = 'Local' then (
						case 
							when regexp_like( dataset_id, '^LEVERAGE_(TF|C|S)$' ) then 'RPL - RP'
							when regexp_like( dataset_id, 'ATP_(TF|C|S)\s\-\sRPL__(TF|C|S)' ) then 'BP - RPL' /*'ATP - RPL'*/
							when regexp_like( dataset_id, '^STGY_COMP_(TF|C|S)$' ) then 'SAP - BP' /*'SAP - ATP'*/
							when regexp_like( dataset_id, '^SEC_SELECT_(TF|C|S)$' ) then 'IP - SAP'
						end
					)
			  end metric
			, case 
					when currency = 'FX' then (
						case
							when regexp_like( dataset_id, '^DIV_LVG_(TF|C|S)$' ) then 'Currency (Diversification & Leverage)'
							when regexp_like( dataset_id, '^INV_SELECT_(TF|C|S)$' ) then 'Currency (Investment Selection)'
							when regexp_like( dataset_id, '^MRP_(TF|C|S)$' ) then 'Minimum Return Portfolio FX'
							when regexp_like( dataset_id, '^RP_(TF|C|S)$' ) then 'Reference Portfolio FX'
							when regexp_like( dataset_id, '^ATP_(TF|C|S)$' ) then 'Benchmark Portfolio FX' /*'Annual Target Portfolio FX'*/
							when regexp_like( dataset_id, '^RPL_(TF|C|S)$' ) then 'Leveraged Reference Portfolio FX'
							when regexp_like( dataset_id, '^SAP_(TF|C|S)$' ) then 'Strategy Alternative Portfolio FX'
							when regexp_like( dataset_id, '^IPN_(TF|C|S)$' ) then 'Investment Portfolio FX'
						end
					)
					when regexp_like( dataset_id, '^MRP_(TF|C|S)$' ) then 'Minimum Return Portfolio'
					when regexp_like( dataset_id, '^RP_(TF|C|S)$' ) then 'Reference Portfolio'
					when regexp_like( dataset_id, '^ATP_(TF|C|S)$' ) then 'Benchmark Portfolio' /*'Annual Target Portfolio'*/
					when regexp_like( dataset_id, '^RPL_(TF|C|S)$' ) then 'Leveraged Reference Portfolio'
					when regexp_like( dataset_id, '^SAP_(TF|C|S)$' ) then 'Strategy Alternative Portfolio'
					when regexp_like( dataset_id, '^IPN_(TF|C|S)$' ) then 'Investment Portfolio'
					when currency = 'CAD' then (
						case
							when regexp_like( dataset_id, '^RISK_APP_(TF|C|S)$' ) then 'Risk Appetite'
							when regexp_like( dataset_id, '^DIV_LVG_(TF|C|S)$' ) then 'Diversification & Leverage'
							when regexp_like( dataset_id, '^INV_SELECT_(TF|C|S)$' ) then 'Investment Selection'
							when regexp_like( dataset_id, 'DIV_LVG_(TF|C|S)\s\+\sINV_SELECT_(TF|C|S)' ) then 'Value-Added (IP - RP)' 
							when regexp_like( dataset_id, 'IPN_(TF|C|S)\s\-\sMRP_(TF|C|S)' ) then 'Incremental Return (IP - MRP)' 
						end
					)
					when currency = 'Local' then (
						case 
							when regexp_like( dataset_id, '^LEVERAGE_(TF|C|S)$' ) then 'Leverage'
							when regexp_like( dataset_id, 'ATP_(TF|C|S)\s\-\sRPL__(TF|C|S)' ) then 'Diversification'
							when regexp_like( dataset_id, '^STGY_COMP_(TF|C|S)$' ) then 'Strategy Composition'
							when regexp_like( dataset_id, '^SEC_SELECT_(TF|C|S)$' ) then 'Security Selection'
						end
					)
			  end metric_friendly_name
			, ""level""
			, node_name as investment_structure_l2
			, currency
			, period
			, value
			, last_update
		from (
			select * from base
			union all
			select * from inv_select_dept_ex_tfm
			union all
			select * from inv_select_dept_tfm
		) combined
	) combined_mapped
), cmb_filtered as (
	select 	*
	from 	cmb
	where 	metric_group_l1 is not null
			and business_date = date_trunc('month', business_date) + interval '1' month - interval '1' day -- pull month-end dates only
			and not ( period in ( 'MTD', 'QTD', '3M', 'FYTD' ) and business_date < cast( '2015-06-30' as date ) ) -- MTD, QTD, 3M, FYTD values prior to 2015-06-30 are invalid
			and not ( period in ( '1Y' ) and business_date < cast( '2016-04-30' as date ) ) -- 1Y values prior to 2016-04-30 are invalid
			and not ( period in ( '4Y+FYTD', '5Y' ) and business_date < cast( '2020-03-31' as date ) ) -- 5Y values prior to 2020-03-31 are invalid
			and value is not null
), cmb_filtered_final as (
	/* Adding columns needed specifically for QuickSight dashboard due to limitations */
	select
		  cmb_filtered.*
		, format( '%1$tY-%1$tm', business_date ) as year_month
		, case
			when period = 'MTD' then '1. MTD'
			when period = 'QTD' then '2. QTD'
			when period = '3M' then '3. 3M'
			when period = 'FYTD' then '4. FYTD'
			when period = '1Y' then '5. 1Y'
			when period = '4Y+FYTD' then '6. 4Y+FYTD'
			when period = '5Y' then '7. 5Y'
		  end period_sorted
	from 
		cmb_filtered
)
select * from cmb_filtered_final) AS ""finsights_perf_attribution_DEV"""
e4a964689d6088c5e7b50b391469fc3f66861a1b0c52c807fc685464b7378077,"/* cppi::e4a964689d6088c5e7b50b391469fc3f66861a1b0c52c807fc685464b7378077 */
/* QuickSight 77fffb13-5634-4cbb-b9ea-8c52970b9323 */
SELECT ""business_date"", ""dataset_id"", ""metric_group_l1"", ""metric_group_l2"", ""metric"", ""metric_friendly_name"", ""level"", ""investment_structure_l2"", ""attribution_node"", ""currency"", ""period"", ""value"", ""last_update"", ""year_month"", ""period_sorted""
FROM (with base as (
	select 
		  case
	  		when dataset_id in ( 'TOTALFUND', 'CMBP_NET' ) and ""level"" = 0 then 'IPN_TF'
	  		else dataset_id
		  end dataset_id
		, business_date
		, ""level""
		, case
			when dataset_id like '%_TF' or ""dataset_id"" in ( 'TOTALFUND', 'CMBP_NET' ) then 'Total Fund'	
			when dataset_id like '%_C' then 'Core'
			when dataset_id like '%_S' then 'Supplementary'
		  end node_name
		, case
			when metric like '%rc' then 'CAD'
			when metric like '%lc' then 'Local'
			else 'FX'
		  end currency
		, case
			when metric like '%qtd%' then 'QTD'
			when metric like '%3m_roll%' then '3M'
			when metric like '%fytd%' then 'FYTD'
			when metric like '%1y_roll%' then '1Y'
			when metric like '%4yp%' then '4Y+FYTD'
			when metric like '%5y_roll%' then '5Y'
			else 'MTD'
		  end period
		, value
		, last_update
	from (
		select
			  dataset_id 
			, business_date 
			, ""level"" 
			, time_weighted_return_rc 
			, time_weighted_return_lc
			--, time_weighted_return_fx 
			, time_weighted_return_qtd_rc 
			, time_weighted_return_qtd_lc 
			--, time_weighted_return_fx_qtd 
			, time_weighted_return_3m_roll_rc 
			, time_weighted_return_3m_roll_lc 
			--, time_weighted_return_fx_3m_roll 
			, time_weighted_return_fytd_rc 
			, time_weighted_return_fytd_lc 
			--, time_weighted_return_fx_fytd 
			, time_weighted_return_1y_roll_rc 
			, time_weighted_return_1y_roll_lc 
			--, time_weighted_return_fx_1y_roll 
			, time_weighted_return_4yp_rc 
			, time_weighted_return_4yp_lc 
			--, time_weighted_return_fx_4yp 
			, time_weighted_return_5y_roll_rc 
			, time_weighted_return_5y_roll_lc 
			--, time_weighted_return_fx_5y_roll 
			, last_update 
		from 
			performance_dev.perf_top_down_monthly 
		where 
			dataset_id in (
				/* TOTAL FUND */
				  'MRP_TF'
				, 'RP_TF'
				, 'ATP_TF'
				, 'RISK_APP_TF'
				, 'DIV_LVG_TF'
				, 'INV_SELECT_TF'
				/* CORE POOL */
				, 'MRP_C'
				, 'RP_C'
				, 'ATP_C'
				, 'RISK_APP_C'
				, 'DIV_LVG_C'
				, 'INV_SELECT_C'
				/* SUPP POOL */
				, 'MRP_S'
				, 'RP_S'
				, 'ATP_S'
				, 'RISK_APP_S'
				, 'DIV_LVG_S'
				, 'INV_SELECT_S'
			)
			and ""level"" = 1
			and periods_per_year = 12 -- pull monthly values only
		union all
		select
			  dataset_id 
			, business_date 
			, ""level""
			-- for below, TOTALFUND local and FX values should be not used; CMBP_NET CAD values should not be used
			, case when dataset_id = 'CMBP_NET' then null else time_weighted_return_rc end time_weighted_return_rc
			, case when dataset_id = 'TOTALFUND' then null else time_weighted_return_lc end time_weighted_return_lc
			--, case when dataset_id = 'TOTALFUND' then null else time_weighted_return_fx end time_weighted_return_fx
			, case when dataset_id = 'CMBP_NET' then null else time_weighted_return_qtd_rc end time_weighted_return_qtd_rc
			, case when dataset_id = 'TOTALFUND' then null else time_weighted_return_qtd_lc end time_weighted_return_qtd_lc
			--, case when dataset_id = 'TOTALFUND' then null else time_weighted_return_fx_qtd end time_weighted_return_fx_qtd
			, case when dataset_id = 'CMBP_NET' then null else time_weighted_return_3m_roll_rc end time_weighted_return_3m_roll_rc
			, case when dataset_id = 'TOTALFUND' then null else time_weighted_return_3m_roll_lc end time_weighted_return_3m_roll_lc
			--, case when dataset_id = 'TOTALFUND' then null else time_weighted_return_fx_3m_roll end time_weighted_return_fx_3m_roll
			, case when dataset_id = 'CMBP_NET' then null else time_weighted_return_fytd_rc end time_weighted_return_fytd_rc
			, case when dataset_id = 'TOTALFUND' then null else time_weighted_return_fytd_lc end time_weighted_return_fytd_lc
			--, case when dataset_id = 'TOTALFUND' then null else time_weighted_return_fx_fytd end time_weighted_return_fx_fytd
			, case when dataset_id = 'CMBP_NET' then null else time_weighted_return_1y_roll_rc end time_weighted_return_1y_roll_rc
			, case when dataset_id = 'TOTALFUND' then null else time_weighted_return_1y_roll_lc end time_weighted_return_1y_roll_lc
			--, case when dataset_id = 'TOTALFUND' then null else time_weighted_return_fx_1y_roll end time_weighted_return_fx_1y_roll
			, case when dataset_id = 'CMBP_NET' then null else time_weighted_return_4yp_rc end time_weighted_return_4yp_rc
			, case when dataset_id = 'TOTALFUND' then null else time_weighted_return_4yp_lc end time_weighted_return_4yp_lc
			--, case when dataset_id = 'TOTALFUND' then null else time_weighted_return_fx_4yp end time_weighted_return_fx_4yp
			, case when dataset_id = 'CMBP_NET' then null else time_weighted_return_5y_roll_rc end time_weighted_return_5y_roll_rc
			, case when dataset_id = 'TOTALFUND' then null else time_weighted_return_5y_roll_lc end time_weighted_return_5y_roll_lc
			--, case when dataset_id = 'TOTALFUND' then null else time_weighted_return_fx_5y_roll end time_weighted_return_fx_5y_roll
			, last_update
		from 
			performance_dev.perf_bottom_up_monthly 
		where 
			(
				dataset_id in (
					/* CORE POOL */
					  'IPN_C'
					--, 'SAP_C'
					/* SUPP POOL */
					, 'IPN_S'
					--, 'SAP_S'
				)
				and node_id = '2'
			)
			or
			(	/* TOTAL FUND */
				dataset_id in ( 'TOTALFUND', 'CMBP_NET' )
				and ""level"" = 0
			)
			and periods_per_year = 12 -- pull monthly values only
	) base_pivot
	cross join unnest(
		/* METRIC */
		array[
		  	  'time_weighted_return_rc' 
			, 'time_weighted_return_lc'
			--, 'time_weighted_return_fx' 
			, 'time_weighted_return_qtd_rc' 
			, 'time_weighted_return_qtd_lc' 
			--, 'time_weighted_return_fx_qtd' 
			, 'time_weighted_return_3m_roll_rc' 
			, 'time_weighted_return_3m_roll_lc' 
			--, 'time_weighted_return_fx_3m_roll' 
			, 'time_weighted_return_fytd_rc' 
			, 'time_weighted_return_fytd_lc' 
			--, 'time_weighted_return_fx_fytd' 
			, 'time_weighted_return_1y_roll_rc' 
			, 'time_weighted_return_1y_roll_lc' 
			--, 'time_weighted_return_fx_1y_roll' 
			, 'time_weighted_return_4yp_rc' 
			, 'time_weighted_return_4yp_lc' 
			--, 'time_weighted_return_fx_4yp' 
			, 'time_weighted_return_5y_roll_rc' 
			, 'time_weighted_return_5y_roll_lc' 
			--, 'time_weighted_return_fx_5y_roll'
		  ]
		/* VALUE */
		, array[
			  time_weighted_return_rc 
			, time_weighted_return_lc
			--, time_weighted_return_fx 
			, time_weighted_return_qtd_rc 
			, time_weighted_return_qtd_lc 
			--, time_weighted_return_fx_qtd 
			, time_weighted_return_3m_roll_rc 
			, time_weighted_return_3m_roll_lc 
			--, time_weighted_return_fx_3m_roll 
			, time_weighted_return_fytd_rc 
			, time_weighted_return_fytd_lc 
			--, time_weighted_return_fx_fytd 
			, time_weighted_return_1y_roll_rc 
			, time_weighted_return_1y_roll_lc 
			--, time_weighted_return_fx_1y_roll 
			, time_weighted_return_4yp_rc 
			, time_weighted_return_4yp_lc 
			--, time_weighted_return_fx_4yp 
			, time_weighted_return_5y_roll_rc 
			, time_weighted_return_5y_roll_lc 
			--, time_weighted_return_fx_5y_roll 
		  ]
	) unpivot ( metric, value )
), inv_select_dept_ex_tfm as (
	select
		  dataset_id
		, business_date
		, ""level""
		, node_name
		, 'Local' as currency
		, case
			when metric like '%qtd%' then 'QTD'
			when metric like '%3m_roll%' then '3M'
			when metric like '%fytd%' then 'FYTD'
			when metric like '%1y_roll%' then '1Y'
			when metric like '%4yp%' then '4Y+FYTD'
			when metric like '%5y_roll%' then '5Y'
			else 'MTD'
		  end period
		, value
		, last_update
	from (		
		select
			  dataset_id 
			, business_date 
			, ""level"" 
			, node_name 
			, contribution_fytd_lc 
			, contribution_4yp_lc
			, contribution_5y_roll_lc 
			, last_update 
		from 
			performance_dev.perf_top_down_monthly 
		where 
			dataset_id = 'SEC_SELECT_C'
			and ""level"" = 2
			and node_name != 'Total Fund Management'
	) inv_select_dept_ex_tfm_pivot
	cross join unnest (
		/* METRIC */
		array [
			  'contribution_fytd_lc'
			, 'contribution_4yp_lc'
			, 'contribution_5y_roll_lc'
		]
		/* VALUE */
		, array [
			  contribution_fytd_lc 
			, contribution_4yp_lc
			, contribution_5y_roll_lc 
		]
	) inv_select_dept_ex_tfm_unpivot ( metric, value )
), inv_select_dept_tfm as (
	select 
		  'SEC_SELECT_C' as dataset_id
		, inv_select.business_date
		, 2 as ""level""
		, 'Total Fund Management' as node_name
		, 'Local' as currency
		, inv_select.period
		--, inv_select.value as inv_select_value
		--, dept_contr.value as dept_contr_value
		, inv_select.value - dept_contr.value as value
		, greatest( inv_select.last_update, dept_contr.last_update ) as last_update
	from (
		/* Investment Selection */
		select *
		from 
			base
		where
			dataset_id = 'INV_SELECT_C'
			and currency = 'CAD'
	) inv_select
	inner join (
		/* Dept Contribution ex TFM */
		select
			  dataset_id
			, business_date
			, ""level""
			, currency
			, period
			, sum( value ) as value
			, max( last_update ) as last_update
		from
			inv_select_dept_ex_tfm
		group by 
			  dataset_id
			, business_date
			, ""level""
			, currency
			, period
	) dept_contr
		on inv_select.business_date = dept_contr.business_date
		and inv_select.period = dept_contr.period
), cmb as (
	select
		  business_date
		, dataset_id
		, metric_group_l1
		, case 
				when currency = 'FX' then (
					case
						when regexp_like( dataset_id, '^DIV_LVG_(TF|C|S)$' ) then 'Diversification & Leverage'
						when regexp_like( dataset_id, '^INV_SELECT_(TF|C|S)$' ) then 'Investment Selection'
						else metric_friendly_name
					end
				)
				when currency = 'CAD' then (
					case
						when regexp_like( dataset_id, '^DIV_LVG_(TF|C|S)$' ) then 'Diversification & Leverage'
						when regexp_like( dataset_id, '^INV_SELECT_(TF|C|S)$' ) then 'Investment Selection'
						else metric_friendly_name
					end
				)
				when currency = 'Local' then (
					case 
						when regexp_like( dataset_id, '^LEVERAGE_(TF|C|S)$' ) then 'Diversification & Leverage'
						when regexp_like( dataset_id, 'ATP_(TF|C|S)\s\-\sRPL__(TF|C|S)' ) then 'Diversification & Leverage'
						when regexp_like( dataset_id, '^STGY_COMP_(TF|C|S)$' ) then 'Investment Selection'
						when regexp_like( dataset_id, '^SEC_SELECT_(TF|C|S)$' ) then 'Investment Selection'
						else metric_friendly_name
					end
				)
				else metric_friendly_name
		  end metric_group_l2
		, metric
		, metric_friendly_name
		, ""level""
		, investment_structure_l2
		, metric_friendly_name as attribution_node
		, currency
		, period
		, value
		, last_update
	from (
		select
			  business_date 
			, dataset_id
			, case 
				/* Headline Attribution */
				when dataset_id in (
					/* TOTAL FUND */
					  'RISK_APP_TF'
					, 'DIV_LVG_TF'
					, 'INV_SELECT_TF'
					, 'DIV_LVG_TF + INV_SELECT_TF'
					, 'IPN_TF - MRP_TF'
					/* CORE POOL */
					, 'RISK_APP_C'
					, 'DIV_LVG_C'
					, 'INV_SELECT_C'
					, 'DIV_LVG_C + INV_SELECT_C'
					, 'IPN_C - MRP_C'
					/* SUPP POOL */
					, 'RISK_APP_S'
					, 'DIV_LVG_S'
					, 'INV_SELECT_S'
					, 'DIV_LVG_S + INV_SELECT_S'
					, 'IPN_S - MRP_S'
				)
				and currency = 'CAD'
				then 'Headline Attribution'
				/* Mainline Attribution */
				when dataset_id in (
					/* TOTAL FUND */
					  'LEVERAGE_TF'
					, 'ATP_TF - RPL_TF'
					, 'STGY_COMP_TF'
					, 'SEC_SELECT_TF'
					/* CORE POOL */
					, 'LEVERAGE_C'
					, 'ATP_C - RPL_C'
					, 'STGY_COMP_C'
					, 'SEC_SELECT_C'
					/* SUPP POOL */
					, 'LEVERAGE_S'
					, 'ATP_S - RPL_S'
					, 'STGY_COMP_S'
					, 'SEC_SELECT_S'
				)
				and currency = 'Local' 
				then 'Mainline Attribution'
				/* Mainline Attribution FX */
				when dataset_id in (
					/* TOTAL FUND */
					  'DIV_LVG_TF'
					, 'INV_SELECT_TF'
					/* CORE POOL */
					, 'DIV_LVG_C'
					, 'INV_SELECT_C'
					/* SUPP POOL */
					, 'DIV_LVG_S'
					, 'INV_SELECT_S'
				)
				and currency = 'FX'
				then 'Mainline Attribution'
				/* Portfolio Returns */
				when dataset_id in (
					/* TOTAL FUND */
					  'MRP_TF'
					, 'RP_TF'
					, 'ATP_TF'
					, 'RPL_TF'
					, 'SAP_TF'
					, 'IPN_TF'
					/* CORE POOL */
					, 'MRP_C'
					, 'RP_C'
					, 'ATP_C'
					, 'RPL_C'
					, 'SAP_C'
					, 'IPN_C'
					/* SUPP POOL */
					, 'MRP_S'
					, 'RP_S'
					, 'ATP_S'
					, 'RPL_S'
					, 'SAP_S'
					, 'IPN_S'
				)
				then 'Portfolio Returns'
			  end metric_group_l1
			, case 
					when currency = 'FX' then (
						case
							when regexp_like( dataset_id, '^DIV_LVG_(TF|C|S)$' ) then 'BP FX - RP FX' /*'ATP FX - RP FX'*/
							when regexp_like( dataset_id, '^INV_SELECT_(TF|C|S)$' ) then 'IP FX - BP FX' /*'IP FX - ATP FX'*/
							when regexp_like( dataset_id, '^IPN_(TF|C|S)$' ) then 'IP FX'
							when regexp_like( dataset_id, '(^MRP_(TF|C|S)$)|(^RP_(TF|S|C)$)|(^ATP_(TF|S|C)$)|(^RPL_(TF|S|C)$)|(^SAP_(TF|S|C)$)' ) then replace( replace( regexp_extract( dataset_id, '.*\_' ), 'ATP', 'BP' ), '_', ' FX' )
						end
					)
					when regexp_like( dataset_id, '^IPN_(TF|C|S)$' ) then 'IP'
					when regexp_like( dataset_id, '(^MRP_(TF|C|S)$)|(^RP_(TF|S|C)$)|(^ATP_(TF|S|C)$)|(^RPL_(TF|S|C)$)|(^SAP_(TF|S|C)$)' ) THEN replace( replace( regexp_extract( dataset_id, '.*\_' ), 'ATP', 'BP' ), '_', '' )
					when currency = 'CAD' then (
						case
							when regexp_like( dataset_id, '^RISK_APP_(TF|C|S)$' ) THEN 'RP - MRP'
							when regexp_like( dataset_id, '^DIV_LVG_(TF|C|S)$' ) then 'BP - RP' /*'ATP - RP'*/
							when regexp_like( dataset_id, '^INV_SELECT_(TF|C|S)$' ) then 'IP - BP' /*'IP - ATP'*/
							when regexp_like( dataset_id, 'DIV_LVG_(TF|C|S)\s\+\sINV_SELECT_(TF|C|S)' ) then 'IP - RP'
							when regexp_like( dataset_id, 'IPN_(TF|C|S)\s\-\sMRP_(TF|C|S)' ) then 'IP - MRP'
						end
					)
					when currency = 'Local' then (
						case 
							when regexp_like( dataset_id, '^LEVERAGE_(TF|C|S)$' ) then 'RPL - RP'
							when regexp_like( dataset_id, 'ATP_(TF|C|S)\s\-\sRPL__(TF|C|S)' ) then 'BP - RPL' /*'ATP - RPL'*/
							when regexp_like( dataset_id, '^STGY_COMP_(TF|C|S)$' ) then 'SAP - BP' /*'SAP - ATP'*/
							when regexp_like( dataset_id, '^SEC_SELECT_(TF|C|S)$' ) then 'IP - SAP'
						end
					)
			  end metric
			, case 
					when currency = 'FX' then (
						case
							when regexp_like( dataset_id, '^DIV_LVG_(TF|C|S)$' ) then 'Currency (Diversification & Leverage)'
							when regexp_like( dataset_id, '^INV_SELECT_(TF|C|S)$' ) then 'Currency (Investment Selection)'
							when regexp_like( dataset_id, '^MRP_(TF|C|S)$' ) then 'Minimum Return Portfolio FX'
							when regexp_like( dataset_id, '^RP_(TF|C|S)$' ) then 'Reference Portfolio FX'
							when regexp_like( dataset_id, '^ATP_(TF|C|S)$' ) then 'Benchmark Portfolio FX' /*'Annual Target Portfolio FX'*/
							when regexp_like( dataset_id, '^RPL_(TF|C|S)$' ) then 'Leveraged Reference Portfolio FX'
							when regexp_like( dataset_id, '^SAP_(TF|C|S)$' ) then 'Strategy Alternative Portfolio FX'
							when regexp_like( dataset_id, '^IPN_(TF|C|S)$' ) then 'Investment Portfolio FX'
						end
					)
					when regexp_like( dataset_id, '^MRP_(TF|C|S)$' ) then 'Minimum Return Portfolio'
					when regexp_like( dataset_id, '^RP_(TF|C|S)$' ) then 'Reference Portfolio'
					when regexp_like( dataset_id, '^ATP_(TF|C|S)$' ) then 'Benchmark Portfolio' /*'Annual Target Portfolio'*/
					when regexp_like( dataset_id, '^RPL_(TF|C|S)$' ) then 'Leveraged Reference Portfolio'
					when regexp_like( dataset_id, '^SAP_(TF|C|S)$' ) then 'Strategy Alternative Portfolio'
					when regexp_like( dataset_id, '^IPN_(TF|C|S)$' ) then 'Investment Portfolio'
					when currency = 'CAD' then (
						case
							when regexp_like( dataset_id, '^RISK_APP_(TF|C|S)$' ) then 'Risk Appetite'
							when regexp_like( dataset_id, '^DIV_LVG_(TF|C|S)$' ) then 'Diversification & Leverage'
							when regexp_like( dataset_id, '^INV_SELECT_(TF|C|S)$' ) then 'Investment Selection'
							when regexp_like( dataset_id, 'DIV_LVG_(TF|C|S)\s\+\sINV_SELECT_(TF|C|S)' ) then 'Value-Added (IP - RP)' 
							when regexp_like( dataset_id, 'IPN_(TF|C|S)\s\-\sMRP_(TF|C|S)' ) then 'Incremental Return (IP - MRP)' 
						end
					)
					when currency = 'Local' then (
						case 
							when regexp_like( dataset_id, '^LEVERAGE_(TF|C|S)$' ) then 'Leverage'
							when regexp_like( dataset_id, 'ATP_(TF|C|S)\s\-\sRPL__(TF|C|S)' ) then 'Diversification'
							when regexp_like( dataset_id, '^STGY_COMP_(TF|C|S)$' ) then 'Strategy Composition'
							when regexp_like( dataset_id, '^SEC_SELECT_(TF|C|S)$' ) then 'Security Selection'
						end
					)
			  end metric_friendly_name
			, ""level""
			, node_name as investment_structure_l2
			, currency
			, period
			, value
			, last_update
		from (
			select * from base
			union all
			select * from inv_select_dept_ex_tfm
			union all
			select * from inv_select_dept_tfm
		) combined
	) combined_mapped
), cmb_filtered as (
	select 	*
	from 	cmb
	where 	metric_group_l1 is not null
			and business_date = date_trunc('month', business_date) + interval '1' month - interval '1' day -- pull month-end dates only
			and not ( period in ( 'MTD', 'QTD', '3M', 'FYTD' ) and business_date < cast( '2015-06-30' as date ) ) -- MTD, QTD, 3M, FYTD values prior to 2015-06-30 are invalid
			and not ( period in ( '1Y' ) and business_date < cast( '2016-04-30' as date ) ) -- 1Y values prior to 2016-04-30 are invalid
			and not ( period in ( '4Y+FYTD', '5Y' ) and business_date < cast( '2020-03-31' as date ) ) -- 5Y values prior to 2020-03-31 are invalid
			and value is not null
), cmb_filtered_final as (
	/* Adding columns needed specifically for QuickSight dashboard due to limitations */
	select
		  cmb_filtered.*
		, format( '%1$tY-%1$tm', business_date ) as year_month
		, case
			when period = 'MTD' then '1. MTD'
			when period = 'QTD' then '2. QTD'
			when period = '3M' then '3. 3M'
			when period = 'FYTD' then '4. FYTD'
			when period = '1Y' then '5. 1Y'
			when period = '4Y+FYTD' then '6. 4Y+FYTD'
			when period = '5Y' then '7. 5Y'
		  end period_sorted
	from 
		cmb_filtered
)
select * from cmb_filtered_final) AS ""finsights_perf_attribution_DEV"""
e4a964689d6088c5e7b50b391469fc3f66861a1b0c52c807fc685464b7378077,"/* cppi::e4a964689d6088c5e7b50b391469fc3f66861a1b0c52c807fc685464b7378077 */
/* QuickSight 77fffb13-5634-4cbb-b9ea-8c52970b9323 */
SELECT ""business_date"", ""dataset_id"", ""metric_group_l1"", ""metric_group_l2"", ""metric"", ""metric_friendly_name"", ""level"", ""investment_structure_l2"", ""attribution_node"", ""currency"", ""period"", ""value"", ""last_update"", ""year_month"", ""period_sorted""
FROM (with base as (
	select 
		  case
	  		when dataset_id in ( 'TOTALFUND', 'CMBP_NET' ) and ""level"" = 0 then 'IPN_TF'
	  		else dataset_id
		  end dataset_id
		, business_date
		, ""level""
		, case
			when dataset_id like '%_TF' or ""dataset_id"" in ( 'TOTALFUND', 'CMBP_NET' ) then 'Total Fund'	
			when dataset_id like '%_C' then 'Core'
			when dataset_id like '%_S' then 'Supplementary'
		  end node_name
		, case
			when metric like '%rc' then 'CAD'
			when metric like '%lc' then 'Local'
			else 'FX'
		  end currency
		, case
			when metric like '%qtd%' then 'QTD'
			when metric like '%3m_roll%' then '3M'
			when metric like '%fytd%' then 'FYTD'
			when metric like '%1y_roll%' then '1Y'
			when metric like '%4yp%' then '4Y+FYTD'
			when metric like '%5y_roll%' then '5Y'
			else 'MTD'
		  end period
		, value
		, last_update
	from (
		select
			  dataset_id 
			, business_date 
			, ""level"" 
			, time_weighted_return_rc 
			, time_weighted_return_lc
			--, time_weighted_return_fx 
			, time_weighted_return_qtd_rc 
			, time_weighted_return_qtd_lc 
			--, time_weighted_return_fx_qtd 
			, time_weighted_return_3m_roll_rc 
			, time_weighted_return_3m_roll_lc 
			--, time_weighted_return_fx_3m_roll 
			, time_weighted_return_fytd_rc 
			, time_weighted_return_fytd_lc 
			--, time_weighted_return_fx_fytd 
			, time_weighted_return_1y_roll_rc 
			, time_weighted_return_1y_roll_lc 
			--, time_weighted_return_fx_1y_roll 
			, time_weighted_return_4yp_rc 
			, time_weighted_return_4yp_lc 
			--, time_weighted_return_fx_4yp 
			, time_weighted_return_5y_roll_rc 
			, time_weighted_return_5y_roll_lc 
			--, time_weighted_return_fx_5y_roll 
			, last_update 
		from 
			performance_dev.perf_top_down_monthly 
		where 
			dataset_id in (
				/* TOTAL FUND */
				  'MRP_TF'
				, 'RP_TF'
				, 'ATP_TF'
				, 'RISK_APP_TF'
				, 'DIV_LVG_TF'
				, 'INV_SELECT_TF'
				/* CORE POOL */
				, 'MRP_C'
				, 'RP_C'
				, 'ATP_C'
				, 'RISK_APP_C'
				, 'DIV_LVG_C'
				, 'INV_SELECT_C'
				/* SUPP POOL */
				, 'MRP_S'
				, 'RP_S'
				, 'ATP_S'
				, 'RISK_APP_S'
				, 'DIV_LVG_S'
				, 'INV_SELECT_S'
			)
			and ""level"" = 1
			and periods_per_year = 12 -- pull monthly values only
		union all
		select
			  dataset_id 
			, business_date 
			, ""level""
			-- for below, TOTALFUND local and FX values should be not used; CMBP_NET CAD values should not be used
			, case when dataset_id = 'CMBP_NET' then null else time_weighted_return_rc end time_weighted_return_rc
			, case when dataset_id = 'TOTALFUND' then null else time_weighted_return_lc end time_weighted_return_lc
			--, case when dataset_id = 'TOTALFUND' then null else time_weighted_return_fx end time_weighted_return_fx
			, case when dataset_id = 'CMBP_NET' then null else time_weighted_return_qtd_rc end time_weighted_return_qtd_rc
			, case when dataset_id = 'TOTALFUND' then null else time_weighted_return_qtd_lc end time_weighted_return_qtd_lc
			--, case when dataset_id = 'TOTALFUND' then null else time_weighted_return_fx_qtd end time_weighted_return_fx_qtd
			, case when dataset_id = 'CMBP_NET' then null else time_weighted_return_3m_roll_rc end time_weighted_return_3m_roll_rc
			, case when dataset_id = 'TOTALFUND' then null else time_weighted_return_3m_roll_lc end time_weighted_return_3m_roll_lc
			--, case when dataset_id = 'TOTALFUND' then null else time_weighted_return_fx_3m_roll end time_weighted_return_fx_3m_roll
			, case when dataset_id = 'CMBP_NET' then null else time_weighted_return_fytd_rc end time_weighted_return_fytd_rc
			, case when dataset_id = 'TOTALFUND' then null else time_weighted_return_fytd_lc end time_weighted_return_fytd_lc
			--, case when dataset_id = 'TOTALFUND' then null else time_weighted_return_fx_fytd end time_weighted_return_fx_fytd
			, case when dataset_id = 'CMBP_NET' then null else time_weighted_return_1y_roll_rc end time_weighted_return_1y_roll_rc
			, case when dataset_id = 'TOTALFUND' then null else time_weighted_return_1y_roll_lc end time_weighted_return_1y_roll_lc
			--, case when dataset_id = 'TOTALFUND' then null else time_weighted_return_fx_1y_roll end time_weighted_return_fx_1y_roll
			, case when dataset_id = 'CMBP_NET' then null else time_weighted_return_4yp_rc end time_weighted_return_4yp_rc
			, case when dataset_id = 'TOTALFUND' then null else time_weighted_return_4yp_lc end time_weighted_return_4yp_lc
			--, case when dataset_id = 'TOTALFUND' then null else time_weighted_return_fx_4yp end time_weighted_return_fx_4yp
			, case when dataset_id = 'CMBP_NET' then null else time_weighted_return_5y_roll_rc end time_weighted_return_5y_roll_rc
			, case when dataset_id = 'TOTALFUND' then null else time_weighted_return_5y_roll_lc end time_weighted_return_5y_roll_lc
			--, case when dataset_id = 'TOTALFUND' then null else time_weighted_return_fx_5y_roll end time_weighted_return_fx_5y_roll
			, last_update
		from 
			performance_dev.perf_bottom_up_monthly 
		where 
			(
				dataset_id in (
					/* CORE POOL */
					  'IPN_C'
					--, 'SAP_C'
					/* SUPP POOL */
					, 'IPN_S'
					--, 'SAP_S'
				)
				and node_id = '2'
			)
			or
			(	/* TOTAL FUND */
				dataset_id in ( 'TOTALFUND', 'CMBP_NET' )
				and ""level"" = 0
			)
			and periods_per_year = 12 -- pull monthly values only
	) base_pivot
	cross join unnest(
		/* METRIC */
		array[
		  	  'time_weighted_return_rc' 
			, 'time_weighted_return_lc'
			--, 'time_weighted_return_fx' 
			, 'time_weighted_return_qtd_rc' 
			, 'time_weighted_return_qtd_lc' 
			--, 'time_weighted_return_fx_qtd' 
			, 'time_weighted_return_3m_roll_rc' 
			, 'time_weighted_return_3m_roll_lc' 
			--, 'time_weighted_return_fx_3m_roll' 
			, 'time_weighted_return_fytd_rc' 
			, 'time_weighted_return_fytd_lc' 
			--, 'time_weighted_return_fx_fytd' 
			, 'time_weighted_return_1y_roll_rc' 
			, 'time_weighted_return_1y_roll_lc' 
			--, 'time_weighted_return_fx_1y_roll' 
			, 'time_weighted_return_4yp_rc' 
			, 'time_weighted_return_4yp_lc' 
			--, 'time_weighted_return_fx_4yp' 
			, 'time_weighted_return_5y_roll_rc' 
			, 'time_weighted_return_5y_roll_lc' 
			--, 'time_weighted_return_fx_5y_roll'
		  ]
		/* VALUE */
		, array[
			  time_weighted_return_rc 
			, time_weighted_return_lc
			--, time_weighted_return_fx 
			, time_weighted_return_qtd_rc 
			, time_weighted_return_qtd_lc 
			--, time_weighted_return_fx_qtd 
			, time_weighted_return_3m_roll_rc 
			, time_weighted_return_3m_roll_lc 
			--, time_weighted_return_fx_3m_roll 
			, time_weighted_return_fytd_rc 
			, time_weighted_return_fytd_lc 
			--, time_weighted_return_fx_fytd 
			, time_weighted_return_1y_roll_rc 
			, time_weighted_return_1y_roll_lc 
			--, time_weighted_return_fx_1y_roll 
			, time_weighted_return_4yp_rc 
			, time_weighted_return_4yp_lc 
			--, time_weighted_return_fx_4yp 
			, time_weighted_return_5y_roll_rc 
			, time_weighted_return_5y_roll_lc 
			--, time_weighted_return_fx_5y_roll 
		  ]
	) unpivot ( metric, value )
), inv_select_dept_ex_tfm as (
	select
		  dataset_id
		, business_date
		, ""level""
		, node_name
		, 'Local' as currency
		, case
			when metric like '%qtd%' then 'QTD'
			when metric like '%3m_roll%' then '3M'
			when metric like '%fytd%' then 'FYTD'
			when metric like '%1y_roll%' then '1Y'
			when metric like '%4yp%' then '4Y+FYTD'
			when metric like '%5y_roll%' then '5Y'
			else 'MTD'
		  end period
		, value
		, last_update
	from (		
		select
			  dataset_id 
			, business_date 
			, ""level"" 
			, node_name 
			, contribution_fytd_lc 
			, contribution_4yp_lc
			, contribution_5y_roll_lc 
			, last_update 
		from 
			performance_dev.perf_top_down_monthly 
		where 
			dataset_id = 'SEC_SELECT_C'
			and ""level"" = 2
			and node_name != 'Total Fund Management'
	) inv_select_dept_ex_tfm_pivot
	cross join unnest (
		/* METRIC */
		array [
			  'contribution_fytd_lc'
			, 'contribution_4yp_lc'
			, 'contribution_5y_roll_lc'
		]
		/* VALUE */
		, array [
			  contribution_fytd_lc 
			, contribution_4yp_lc
			, contribution_5y_roll_lc 
		]
	) inv_select_dept_ex_tfm_unpivot ( metric, value )
), inv_select_dept_tfm as (
	select 
		  'SEC_SELECT_C' as dataset_id
		, inv_select.business_date
		, 2 as ""level""
		, 'Total Fund Management' as node_name
		, 'Local' as currency
		, inv_select.period
		--, inv_select.value as inv_select_value
		--, dept_contr.value as dept_contr_value
		, inv_select.value - dept_contr.value as value
		, greatest( inv_select.last_update, dept_contr.last_update ) as last_update
	from (
		/* Investment Selection */
		select *
		from 
			base
		where
			dataset_id = 'INV_SELECT_C'
			and currency = 'CAD'
	) inv_select
	inner join (
		/* Dept Contribution ex TFM */
		select
			  dataset_id
			, business_date
			, ""level""
			, currency
			, period
			, sum( value ) as value
			, max( last_update ) as last_update
		from
			inv_select_dept_ex_tfm
		group by 
			  dataset_id
			, business_date
			, ""level""
			, currency
			, period
	) dept_contr
		on inv_select.business_date = dept_contr.business_date
		and inv_select.period = dept_contr.period
), cmb as (
	select
		  business_date
		, dataset_id
		, metric_group_l1
		, case 
				when currency = 'FX' then (
					case
						when regexp_like( dataset_id, '^DIV_LVG_(TF|C|S)$' ) then 'Diversification & Leverage'
						when regexp_like( dataset_id, '^INV_SELECT_(TF|C|S)$' ) then 'Investment Selection'
						else metric_friendly_name
					end
				)
				when currency = 'CAD' then (
					case
						when regexp_like( dataset_id, '^DIV_LVG_(TF|C|S)$' ) then 'Diversification & Leverage'
						when regexp_like( dataset_id, '^INV_SELECT_(TF|C|S)$' ) then 'Investment Selection'
						else metric_friendly_name
					end
				)
				when currency = 'Local' then (
					case 
						when regexp_like( dataset_id, '^LEVERAGE_(TF|C|S)$' ) then 'Diversification & Leverage'
						when regexp_like( dataset_id, 'ATP_(TF|C|S)\s\-\sRPL__(TF|C|S)' ) then 'Diversification & Leverage'
						when regexp_like( dataset_id, '^STGY_COMP_(TF|C|S)$' ) then 'Investment Selection'
						when regexp_like( dataset_id, '^SEC_SELECT_(TF|C|S)$' ) then 'Investment Selection'
						else metric_friendly_name
					end
				)
				else metric_friendly_name
		  end metric_group_l2
		, metric
		, metric_friendly_name
		, ""level""
		, investment_structure_l2
		, metric_friendly_name as attribution_node
		, currency
		, period
		, value
		, last_update
	from (
		select
			  business_date 
			, dataset_id
			, case 
				/* Headline Attribution */
				when dataset_id in (
					/* TOTAL FUND */
					  'RISK_APP_TF'
					, 'DIV_LVG_TF'
					, 'INV_SELECT_TF'
					, 'DIV_LVG_TF + INV_SELECT_TF'
					, 'IPN_TF - MRP_TF'
					/* CORE POOL */
					, 'RISK_APP_C'
					, 'DIV_LVG_C'
					, 'INV_SELECT_C'
					, 'DIV_LVG_C + INV_SELECT_C'
					, 'IPN_C - MRP_C'
					/* SUPP POOL */
					, 'RISK_APP_S'
					, 'DIV_LVG_S'
					, 'INV_SELECT_S'
					, 'DIV_LVG_S + INV_SELECT_S'
					, 'IPN_S - MRP_S'
				)
				and currency = 'CAD'
				then 'Headline Attribution'
				/* Mainline Attribution */
				when dataset_id in (
					/* TOTAL FUND */
					  'LEVERAGE_TF'
					, 'ATP_TF - RPL_TF'
					, 'STGY_COMP_TF'
					, 'SEC_SELECT_TF'
					/* CORE POOL */
					, 'LEVERAGE_C'
					, 'ATP_C - RPL_C'
					, 'STGY_COMP_C'
					, 'SEC_SELECT_C'
					/* SUPP POOL */
					, 'LEVERAGE_S'
					, 'ATP_S - RPL_S'
					, 'STGY_COMP_S'
					, 'SEC_SELECT_S'
				)
				and currency = 'Local' 
				then 'Mainline Attribution'
				/* Mainline Attribution FX */
				when dataset_id in (
					/* TOTAL FUND */
					  'DIV_LVG_TF'
					, 'INV_SELECT_TF'
					/* CORE POOL */
					, 'DIV_LVG_C'
					, 'INV_SELECT_C'
					/* SUPP POOL */
					, 'DIV_LVG_S'
					, 'INV_SELECT_S'
				)
				and currency = 'FX'
				then 'Mainline Attribution'
				/* Portfolio Returns */
				when dataset_id in (
					/* TOTAL FUND */
					  'MRP_TF'
					, 'RP_TF'
					, 'ATP_TF'
					, 'RPL_TF'
					, 'SAP_TF'
					, 'IPN_TF'
					/* CORE POOL */
					, 'MRP_C'
					, 'RP_C'
					, 'ATP_C'
					, 'RPL_C'
					, 'SAP_C'
					, 'IPN_C'
					/* SUPP POOL */
					, 'MRP_S'
					, 'RP_S'
					, 'ATP_S'
					, 'RPL_S'
					, 'SAP_S'
					, 'IPN_S'
				)
				then 'Portfolio Returns'
			  end metric_group_l1
			, case 
					when currency = 'FX' then (
						case
							when regexp_like( dataset_id, '^DIV_LVG_(TF|C|S)$' ) then 'BP FX - RP FX' /*'ATP FX - RP FX'*/
							when regexp_like( dataset_id, '^INV_SELECT_(TF|C|S)$' ) then 'IP FX - BP FX' /*'IP FX - ATP FX'*/
							when regexp_like( dataset_id, '^IPN_(TF|C|S)$' ) then 'IP FX'
							when regexp_like( dataset_id, '(^MRP_(TF|C|S)$)|(^RP_(TF|S|C)$)|(^ATP_(TF|S|C)$)|(^RPL_(TF|S|C)$)|(^SAP_(TF|S|C)$)' ) then replace( replace( regexp_extract( dataset_id, '.*\_' ), 'ATP', 'BP' ), '_', ' FX' )
						end
					)
					when regexp_like( dataset_id, '^IPN_(TF|C|S)$' ) then 'IP'
					when regexp_like( dataset_id, '(^MRP_(TF|C|S)$)|(^RP_(TF|S|C)$)|(^ATP_(TF|S|C)$)|(^RPL_(TF|S|C)$)|(^SAP_(TF|S|C)$)' ) THEN replace( replace( regexp_extract( dataset_id, '.*\_' ), 'ATP', 'BP' ), '_', '' )
					when currency = 'CAD' then (
						case
							when regexp_like( dataset_id, '^RISK_APP_(TF|C|S)$' ) THEN 'RP - MRP'
							when regexp_like( dataset_id, '^DIV_LVG_(TF|C|S)$' ) then 'BP - RP' /*'ATP - RP'*/
							when regexp_like( dataset_id, '^INV_SELECT_(TF|C|S)$' ) then 'IP - BP' /*'IP - ATP'*/
							when regexp_like( dataset_id, 'DIV_LVG_(TF|C|S)\s\+\sINV_SELECT_(TF|C|S)' ) then 'IP - RP'
							when regexp_like( dataset_id, 'IPN_(TF|C|S)\s\-\sMRP_(TF|C|S)' ) then 'IP - MRP'
						end
					)
					when currency = 'Local' then (
						case 
							when regexp_like( dataset_id, '^LEVERAGE_(TF|C|S)$' ) then 'RPL - RP'
							when regexp_like( dataset_id, 'ATP_(TF|C|S)\s\-\sRPL__(TF|C|S)' ) then 'BP - RPL' /*'ATP - RPL'*/
							when regexp_like( dataset_id, '^STGY_COMP_(TF|C|S)$' ) then 'SAP - BP' /*'SAP - ATP'*/
							when regexp_like( dataset_id, '^SEC_SELECT_(TF|C|S)$' ) then 'IP - SAP'
						end
					)
			  end metric
			, case 
					when currency = 'FX' then (
						case
							when regexp_like( dataset_id, '^DIV_LVG_(TF|C|S)$' ) then 'Currency (Diversification & Leverage)'
							when regexp_like( dataset_id, '^INV_SELECT_(TF|C|S)$' ) then 'Currency (Investment Selection)'
							when regexp_like( dataset_id, '^MRP_(TF|C|S)$' ) then 'Minimum Return Portfolio FX'
							when regexp_like( dataset_id, '^RP_(TF|C|S)$' ) then 'Reference Portfolio FX'
							when regexp_like( dataset_id, '^ATP_(TF|C|S)$' ) then 'Benchmark Portfolio FX' /*'Annual Target Portfolio FX'*/
							when regexp_like( dataset_id, '^RPL_(TF|C|S)$' ) then 'Leveraged Reference Portfolio FX'
							when regexp_like( dataset_id, '^SAP_(TF|C|S)$' ) then 'Strategy Alternative Portfolio FX'
							when regexp_like( dataset_id, '^IPN_(TF|C|S)$' ) then 'Investment Portfolio FX'
						end
					)
					when regexp_like( dataset_id, '^MRP_(TF|C|S)$' ) then 'Minimum Return Portfolio'
					when regexp_like( dataset_id, '^RP_(TF|C|S)$' ) then 'Reference Portfolio'
					when regexp_like( dataset_id, '^ATP_(TF|C|S)$' ) then 'Benchmark Portfolio' /*'Annual Target Portfolio'*/
					when regexp_like( dataset_id, '^RPL_(TF|C|S)$' ) then 'Leveraged Reference Portfolio'
					when regexp_like( dataset_id, '^SAP_(TF|C|S)$' ) then 'Strategy Alternative Portfolio'
					when regexp_like( dataset_id, '^IPN_(TF|C|S)$' ) then 'Investment Portfolio'
					when currency = 'CAD' then (
						case
							when regexp_like( dataset_id, '^RISK_APP_(TF|C|S)$' ) then 'Risk Appetite'
							when regexp_like( dataset_id, '^DIV_LVG_(TF|C|S)$' ) then 'Diversification & Leverage'
							when regexp_like( dataset_id, '^INV_SELECT_(TF|C|S)$' ) then 'Investment Selection'
							when regexp_like( dataset_id, 'DIV_LVG_(TF|C|S)\s\+\sINV_SELECT_(TF|C|S)' ) then 'Value-Added (IP - RP)' 
							when regexp_like( dataset_id, 'IPN_(TF|C|S)\s\-\sMRP_(TF|C|S)' ) then 'Incremental Return (IP - MRP)' 
						end
					)
					when currency = 'Local' then (
						case 
							when regexp_like( dataset_id, '^LEVERAGE_(TF|C|S)$' ) then 'Leverage'
							when regexp_like( dataset_id, 'ATP_(TF|C|S)\s\-\sRPL__(TF|C|S)' ) then 'Diversification'
							when regexp_like( dataset_id, '^STGY_COMP_(TF|C|S)$' ) then 'Strategy Composition'
							when regexp_like( dataset_id, '^SEC_SELECT_(TF|C|S)$' ) then 'Security Selection'
						end
					)
			  end metric_friendly_name
			, ""level""
			, node_name as investment_structure_l2
			, currency
			, period
			, value
			, last_update
		from (
			select * from base
			union all
			select * from inv_select_dept_ex_tfm
			union all
			select * from inv_select_dept_tfm
		) combined
	) combined_mapped
), cmb_filtered as (
	select 	*
	from 	cmb
	where 	metric_group_l1 is not null
			and business_date = date_trunc('month', business_date) + interval '1' month - interval '1' day -- pull month-end dates only
			and not ( period in ( 'MTD', 'QTD', '3M', 'FYTD' ) and business_date < cast( '2015-06-30' as date ) ) -- MTD, QTD, 3M, FYTD values prior to 2015-06-30 are invalid
			and not ( period in ( '1Y' ) and business_date < cast( '2016-04-30' as date ) ) -- 1Y values prior to 2016-04-30 are invalid
			and not ( period in ( '4Y+FYTD', '5Y' ) and business_date < cast( '2020-03-31' as date ) ) -- 5Y values prior to 2020-03-31 are invalid
			and value is not null
), cmb_filtered_final as (
	/* Adding columns needed specifically for QuickSight dashboard due to limitations */
	select
		  cmb_filtered.*
		, format( '%1$tY-%1$tm', business_date ) as year_month
		, case
			when period = 'MTD' then '1. MTD'
			when period = 'QTD' then '2. QTD'
			when period = '3M' then '3. 3M'
			when period = 'FYTD' then '4. FYTD'
			when period = '1Y' then '5. 1Y'
			when period = '4Y+FYTD' then '6. 4Y+FYTD'
			when period = '5Y' then '7. 5Y'
		  end period_sorted
	from 
		cmb_filtered
)
select * from cmb_filtered_final) AS ""finsights_perf_attribution_DEV"""
e4a964689d6088c5e7b50b391469fc3f66861a1b0c52c807fc685464b7378077,"/* cppi::e4a964689d6088c5e7b50b391469fc3f66861a1b0c52c807fc685464b7378077 */
/* QuickSight 77fffb13-5634-4cbb-b9ea-8c52970b9323 */
SELECT ""business_date"", ""dataset_id"", ""metric_group_l1"", ""metric_group_l2"", ""metric"", ""metric_friendly_name"", ""level"", ""investment_structure_l2"", ""attribution_node"", ""currency"", ""period"", ""value"", ""last_update"", ""year_month"", ""period_sorted""
FROM (with base as (
	select 
		  case
	  		when dataset_id in ( 'TOTALFUND', 'CMBP_NET' ) and ""level"" = 0 then 'IPN_TF'
	  		else dataset_id
		  end dataset_id
		, business_date
		, ""level""
		, case
			when dataset_id like '%_TF' or ""dataset_id"" in ( 'TOTALFUND', 'CMBP_NET' ) then 'Total Fund'	
			when dataset_id like '%_C' then 'Core'
			when dataset_id like '%_S' then 'Supplementary'
		  end node_name
		, case
			when metric like '%rc' then 'CAD'
			when metric like '%lc' then 'Local'
			else 'FX'
		  end currency
		, case
			when metric like '%qtd%' then 'QTD'
			when metric like '%3m_roll%' then '3M'
			when metric like '%fytd%' then 'FYTD'
			when metric like '%1y_roll%' then '1Y'
			when metric like '%4yp%' then '4Y+FYTD'
			when metric like '%5y_roll%' then '5Y'
			else 'MTD'
		  end period
		, value
		, last_update
	from (
		select
			  dataset_id 
			, business_date 
			, ""level"" 
			, time_weighted_return_rc 
			, time_weighted_return_lc
			--, time_weighted_return_fx 
			, time_weighted_return_qtd_rc 
			, time_weighted_return_qtd_lc 
			--, time_weighted_return_fx_qtd 
			, time_weighted_return_3m_roll_rc 
			, time_weighted_return_3m_roll_lc 
			--, time_weighted_return_fx_3m_roll 
			, time_weighted_return_fytd_rc 
			, time_weighted_return_fytd_lc 
			--, time_weighted_return_fx_fytd 
			, time_weighted_return_1y_roll_rc 
			, time_weighted_return_1y_roll_lc 
			--, time_weighted_return_fx_1y_roll 
			, time_weighted_return_4yp_rc 
			, time_weighted_return_4yp_lc 
			--, time_weighted_return_fx_4yp 
			, time_weighted_return_5y_roll_rc 
			, time_weighted_return_5y_roll_lc 
			--, time_weighted_return_fx_5y_roll 
			, last_update 
		from 
			performance_dev.perf_top_down_monthly 
		where 
			dataset_id in (
				/* TOTAL FUND */
				  'MRP_TF'
				, 'RP_TF'
				, 'ATP_TF'
				, 'RISK_APP_TF'
				, 'DIV_LVG_TF'
				, 'INV_SELECT_TF'
				/* CORE POOL */
				, 'MRP_C'
				, 'RP_C'
				, 'ATP_C'
				, 'RISK_APP_C'
				, 'DIV_LVG_C'
				, 'INV_SELECT_C'
				/* SUPP POOL */
				, 'MRP_S'
				, 'RP_S'
				, 'ATP_S'
				, 'RISK_APP_S'
				, 'DIV_LVG_S'
				, 'INV_SELECT_S'
			)
			and ""level"" = 1
			and periods_per_year = 12 -- pull monthly values only
		union all
		select
			  dataset_id 
			, business_date 
			, ""level""
			-- for below, TOTALFUND local and FX values should be not used; CMBP_NET CAD values should not be used
			, case when dataset_id = 'CMBP_NET' then null else time_weighted_return_rc end time_weighted_return_rc
			, case when dataset_id = 'TOTALFUND' then null else time_weighted_return_lc end time_weighted_return_lc
			--, case when dataset_id = 'TOTALFUND' then null else time_weighted_return_fx end time_weighted_return_fx
			, case when dataset_id = 'CMBP_NET' then null else time_weighted_return_qtd_rc end time_weighted_return_qtd_rc
			, case when dataset_id = 'TOTALFUND' then null else time_weighted_return_qtd_lc end time_weighted_return_qtd_lc
			--, case when dataset_id = 'TOTALFUND' then null else time_weighted_return_fx_qtd end time_weighted_return_fx_qtd
			, case when dataset_id = 'CMBP_NET' then null else time_weighted_return_3m_roll_rc end time_weighted_return_3m_roll_rc
			, case when dataset_id = 'TOTALFUND' then null else time_weighted_return_3m_roll_lc end time_weighted_return_3m_roll_lc
			--, case when dataset_id = 'TOTALFUND' then null else time_weighted_return_fx_3m_roll end time_weighted_return_fx_3m_roll
			, case when dataset_id = 'CMBP_NET' then null else time_weighted_return_fytd_rc end time_weighted_return_fytd_rc
			, case when dataset_id = 'TOTALFUND' then null else time_weighted_return_fytd_lc end time_weighted_return_fytd_lc
			--, case when dataset_id = 'TOTALFUND' then null else time_weighted_return_fx_fytd end time_weighted_return_fx_fytd
			, case when dataset_id = 'CMBP_NET' then null else time_weighted_return_1y_roll_rc end time_weighted_return_1y_roll_rc
			, case when dataset_id = 'TOTALFUND' then null else time_weighted_return_1y_roll_lc end time_weighted_return_1y_roll_lc
			--, case when dataset_id = 'TOTALFUND' then null else time_weighted_return_fx_1y_roll end time_weighted_return_fx_1y_roll
			, case when dataset_id = 'CMBP_NET' then null else time_weighted_return_4yp_rc end time_weighted_return_4yp_rc
			, case when dataset_id = 'TOTALFUND' then null else time_weighted_return_4yp_lc end time_weighted_return_4yp_lc
			--, case when dataset_id = 'TOTALFUND' then null else time_weighted_return_fx_4yp end time_weighted_return_fx_4yp
			, case when dataset_id = 'CMBP_NET' then null else time_weighted_return_5y_roll_rc end time_weighted_return_5y_roll_rc
			, case when dataset_id = 'TOTALFUND' then null else time_weighted_return_5y_roll_lc end time_weighted_return_5y_roll_lc
			--, case when dataset_id = 'TOTALFUND' then null else time_weighted_return_fx_5y_roll end time_weighted_return_fx_5y_roll
			, last_update
		from 
			performance_dev.perf_bottom_up_monthly 
		where 
			(
				dataset_id in (
					/* CORE POOL */
					  'IPN_C'
					--, 'SAP_C'
					/* SUPP POOL */
					, 'IPN_S'
					--, 'SAP_S'
				)
				and node_id = '2'
			)
			or
			(	/* TOTAL FUND */
				dataset_id in ( 'TOTALFUND', 'CMBP_NET' )
				and ""level"" = 0
			)
			and periods_per_year = 12 -- pull monthly values only
	) base_pivot
	cross join unnest(
		/* METRIC */
		array[
		  	  'time_weighted_return_rc' 
			, 'time_weighted_return_lc'
			--, 'time_weighted_return_fx' 
			, 'time_weighted_return_qtd_rc' 
			, 'time_weighted_return_qtd_lc' 
			--, 'time_weighted_return_fx_qtd' 
			, 'time_weighted_return_3m_roll_rc' 
			, 'time_weighted_return_3m_roll_lc' 
			--, 'time_weighted_return_fx_3m_roll' 
			, 'time_weighted_return_fytd_rc' 
			, 'time_weighted_return_fytd_lc' 
			--, 'time_weighted_return_fx_fytd' 
			, 'time_weighted_return_1y_roll_rc' 
			, 'time_weighted_return_1y_roll_lc' 
			--, 'time_weighted_return_fx_1y_roll' 
			, 'time_weighted_return_4yp_rc' 
			, 'time_weighted_return_4yp_lc' 
			--, 'time_weighted_return_fx_4yp' 
			, 'time_weighted_return_5y_roll_rc' 
			, 'time_weighted_return_5y_roll_lc' 
			--, 'time_weighted_return_fx_5y_roll'
		  ]
		/* VALUE */
		, array[
			  time_weighted_return_rc 
			, time_weighted_return_lc
			--, time_weighted_return_fx 
			, time_weighted_return_qtd_rc 
			, time_weighted_return_qtd_lc 
			--, time_weighted_return_fx_qtd 
			, time_weighted_return_3m_roll_rc 
			, time_weighted_return_3m_roll_lc 
			--, time_weighted_return_fx_3m_roll 
			, time_weighted_return_fytd_rc 
			, time_weighted_return_fytd_lc 
			--, time_weighted_return_fx_fytd 
			, time_weighted_return_1y_roll_rc 
			, time_weighted_return_1y_roll_lc 
			--, time_weighted_return_fx_1y_roll 
			, time_weighted_return_4yp_rc 
			, time_weighted_return_4yp_lc 
			--, time_weighted_return_fx_4yp 
			, time_weighted_return_5y_roll_rc 
			, time_weighted_return_5y_roll_lc 
			--, time_weighted_return_fx_5y_roll 
		  ]
	) unpivot ( metric, value )
), inv_select_dept_ex_tfm as (
	select
		  dataset_id
		, business_date
		, ""level""
		, node_name
		, 'Local' as currency
		, case
			when metric like '%qtd%' then 'QTD'
			when metric like '%3m_roll%' then '3M'
			when metric like '%fytd%' then 'FYTD'
			when metric like '%1y_roll%' then '1Y'
			when metric like '%4yp%' then '4Y+FYTD'
			when metric like '%5y_roll%' then '5Y'
			else 'MTD'
		  end period
		, value
		, last_update
	from (		
		select
			  dataset_id 
			, business_date 
			, ""level"" 
			, node_name 
			, contribution_fytd_lc 
			, contribution_4yp_lc
			, contribution_5y_roll_lc 
			, last_update 
		from 
			performance_dev.perf_top_down_monthly 
		where 
			dataset_id = 'SEC_SELECT_C'
			and ""level"" = 2
			and node_name != 'Total Fund Management'
	) inv_select_dept_ex_tfm_pivot
	cross join unnest (
		/* METRIC */
		array [
			  'contribution_fytd_lc'
			, 'contribution_4yp_lc'
			, 'contribution_5y_roll_lc'
		]
		/* VALUE */
		, array [
			  contribution_fytd_lc 
			, contribution_4yp_lc
			, contribution_5y_roll_lc 
		]
	) inv_select_dept_ex_tfm_unpivot ( metric, value )
), inv_select_dept_tfm as (
	select 
		  'SEC_SELECT_C' as dataset_id
		, inv_select.business_date
		, 2 as ""level""
		, 'Total Fund Management' as node_name
		, 'Local' as currency
		, inv_select.period
		--, inv_select.value as inv_select_value
		--, dept_contr.value as dept_contr_value
		, inv_select.value - dept_contr.value as value
		, greatest( inv_select.last_update, dept_contr.last_update ) as last_update
	from (
		/* Investment Selection */
		select *
		from 
			base
		where
			dataset_id = 'INV_SELECT_C'
			and currency = 'CAD'
	) inv_select
	inner join (
		/* Dept Contribution ex TFM */
		select
			  dataset_id
			, business_date
			, ""level""
			, currency
			, period
			, sum( value ) as value
			, max( last_update ) as last_update
		from
			inv_select_dept_ex_tfm
		group by 
			  dataset_id
			, business_date
			, ""level""
			, currency
			, period
	) dept_contr
		on inv_select.business_date = dept_contr.business_date
		and inv_select.period = dept_contr.period
), cmb as (
	select
		  business_date
		, dataset_id
		, metric_group_l1
		, case 
				when currency = 'FX' then (
					case
						when regexp_like( dataset_id, '^DIV_LVG_(TF|C|S)$' ) then 'Diversification & Leverage'
						when regexp_like( dataset_id, '^INV_SELECT_(TF|C|S)$' ) then 'Investment Selection'
						else metric_friendly_name
					end
				)
				when currency = 'CAD' then (
					case
						when regexp_like( dataset_id, '^DIV_LVG_(TF|C|S)$' ) then 'Diversification & Leverage'
						when regexp_like( dataset_id, '^INV_SELECT_(TF|C|S)$' ) then 'Investment Selection'
						else metric_friendly_name
					end
				)
				when currency = 'Local' then (
					case 
						when regexp_like( dataset_id, '^LEVERAGE_(TF|C|S)$' ) then 'Diversification & Leverage'
						when regexp_like( dataset_id, 'ATP_(TF|C|S)\s\-\sRPL__(TF|C|S)' ) then 'Diversification & Leverage'
						when regexp_like( dataset_id, '^STGY_COMP_(TF|C|S)$' ) then 'Investment Selection'
						when regexp_like( dataset_id, '^SEC_SELECT_(TF|C|S)$' ) then 'Investment Selection'
						else metric_friendly_name
					end
				)
				else metric_friendly_name
		  end metric_group_l2
		, metric
		, metric_friendly_name
		, ""level""
		, investment_structure_l2
		, metric_friendly_name as attribution_node
		, currency
		, period
		, value
		, last_update
	from (
		select
			  business_date 
			, dataset_id
			, case 
				/* Headline Attribution */
				when dataset_id in (
					/* TOTAL FUND */
					  'RISK_APP_TF'
					, 'DIV_LVG_TF'
					, 'INV_SELECT_TF'
					, 'DIV_LVG_TF + INV_SELECT_TF'
					, 'IPN_TF - MRP_TF'
					/* CORE POOL */
					, 'RISK_APP_C'
					, 'DIV_LVG_C'
					, 'INV_SELECT_C'
					, 'DIV_LVG_C + INV_SELECT_C'
					, 'IPN_C - MRP_C'
					/* SUPP POOL */
					, 'RISK_APP_S'
					, 'DIV_LVG_S'
					, 'INV_SELECT_S'
					, 'DIV_LVG_S + INV_SELECT_S'
					, 'IPN_S - MRP_S'
				)
				and currency = 'CAD'
				then 'Headline Attribution'
				/* Mainline Attribution */
				when dataset_id in (
					/* TOTAL FUND */
					  'LEVERAGE_TF'
					, 'ATP_TF - RPL_TF'
					, 'STGY_COMP_TF'
					, 'SEC_SELECT_TF'
					/* CORE POOL */
					, 'LEVERAGE_C'
					, 'ATP_C - RPL_C'
					, 'STGY_COMP_C'
					, 'SEC_SELECT_C'
					/* SUPP POOL */
					, 'LEVERAGE_S'
					, 'ATP_S - RPL_S'
					, 'STGY_COMP_S'
					, 'SEC_SELECT_S'
				)
				and currency = 'Local' 
				then 'Mainline Attribution'
				/* Mainline Attribution FX */
				when dataset_id in (
					/* TOTAL FUND */
					  'DIV_LVG_TF'
					, 'INV_SELECT_TF'
					/* CORE POOL */
					, 'DIV_LVG_C'
					, 'INV_SELECT_C'
					/* SUPP POOL */
					, 'DIV_LVG_S'
					, 'INV_SELECT_S'
				)
				and currency = 'FX'
				then 'Mainline Attribution'
				/* Portfolio Returns */
				when dataset_id in (
					/* TOTAL FUND */
					  'MRP_TF'
					, 'RP_TF'
					, 'ATP_TF'
					, 'RPL_TF'
					, 'SAP_TF'
					, 'IPN_TF'
					/* CORE POOL */
					, 'MRP_C'
					, 'RP_C'
					, 'ATP_C'
					, 'RPL_C'
					, 'SAP_C'
					, 'IPN_C'
					/* SUPP POOL */
					, 'MRP_S'
					, 'RP_S'
					, 'ATP_S'
					, 'RPL_S'
					, 'SAP_S'
					, 'IPN_S'
				)
				then 'Portfolio Returns'
			  end metric_group_l1
			, case 
					when currency = 'FX' then (
						case
							when regexp_like( dataset_id, '^DIV_LVG_(TF|C|S)$' ) then 'BP FX - RP FX' /*'ATP FX - RP FX'*/
							when regexp_like( dataset_id, '^INV_SELECT_(TF|C|S)$' ) then 'IP FX - BP FX' /*'IP FX - ATP FX'*/
							when regexp_like( dataset_id, '^IPN_(TF|C|S)$' ) then 'IP FX'
							when regexp_like( dataset_id, '(^MRP_(TF|C|S)$)|(^RP_(TF|S|C)$)|(^ATP_(TF|S|C)$)|(^RPL_(TF|S|C)$)|(^SAP_(TF|S|C)$)' ) then replace( replace( regexp_extract( dataset_id, '.*\_' ), 'ATP', 'BP' ), '_', ' FX' )
						end
					)
					when regexp_like( dataset_id, '^IPN_(TF|C|S)$' ) then 'IP'
					when regexp_like( dataset_id, '(^MRP_(TF|C|S)$)|(^RP_(TF|S|C)$)|(^ATP_(TF|S|C)$)|(^RPL_(TF|S|C)$)|(^SAP_(TF|S|C)$)' ) THEN replace( replace( regexp_extract( dataset_id, '.*\_' ), 'ATP', 'BP' ), '_', '' )
					when currency = 'CAD' then (
						case
							when regexp_like( dataset_id, '^RISK_APP_(TF|C|S)$' ) THEN 'RP - MRP'
							when regexp_like( dataset_id, '^DIV_LVG_(TF|C|S)$' ) then 'BP - RP' /*'ATP - RP'*/
							when regexp_like( dataset_id, '^INV_SELECT_(TF|C|S)$' ) then 'IP - BP' /*'IP - ATP'*/
							when regexp_like( dataset_id, 'DIV_LVG_(TF|C|S)\s\+\sINV_SELECT_(TF|C|S)' ) then 'IP - RP'
							when regexp_like( dataset_id, 'IPN_(TF|C|S)\s\-\sMRP_(TF|C|S)' ) then 'IP - MRP'
						end
					)
					when currency = 'Local' then (
						case 
							when regexp_like( dataset_id, '^LEVERAGE_(TF|C|S)$' ) then 'RPL - RP'
							when regexp_like( dataset_id, 'ATP_(TF|C|S)\s\-\sRPL__(TF|C|S)' ) then 'BP - RPL' /*'ATP - RPL'*/
							when regexp_like( dataset_id, '^STGY_COMP_(TF|C|S)$' ) then 'SAP - BP' /*'SAP - ATP'*/
							when regexp_like( dataset_id, '^SEC_SELECT_(TF|C|S)$' ) then 'IP - SAP'
						end
					)
			  end metric
			, case 
					when currency = 'FX' then (
						case
							when regexp_like( dataset_id, '^DIV_LVG_(TF|C|S)$' ) then 'Currency (Diversification & Leverage)'
							when regexp_like( dataset_id, '^INV_SELECT_(TF|C|S)$' ) then 'Currency (Investment Selection)'
							when regexp_like( dataset_id, '^MRP_(TF|C|S)$' ) then 'Minimum Return Portfolio FX'
							when regexp_like( dataset_id, '^RP_(TF|C|S)$' ) then 'Reference Portfolio FX'
							when regexp_like( dataset_id, '^ATP_(TF|C|S)$' ) then 'Benchmark Portfolio FX' /*'Annual Target Portfolio FX'*/
							when regexp_like( dataset_id, '^RPL_(TF|C|S)$' ) then 'Leveraged Reference Portfolio FX'
							when regexp_like( dataset_id, '^SAP_(TF|C|S)$' ) then 'Strategy Alternative Portfolio FX'
							when regexp_like( dataset_id, '^IPN_(TF|C|S)$' ) then 'Investment Portfolio FX'
						end
					)
					when regexp_like( dataset_id, '^MRP_(TF|C|S)$' ) then 'Minimum Return Portfolio'
					when regexp_like( dataset_id, '^RP_(TF|C|S)$' ) then 'Reference Portfolio'
					when regexp_like( dataset_id, '^ATP_(TF|C|S)$' ) then 'Benchmark Portfolio' /*'Annual Target Portfolio'*/
					when regexp_like( dataset_id, '^RPL_(TF|C|S)$' ) then 'Leveraged Reference Portfolio'
					when regexp_like( dataset_id, '^SAP_(TF|C|S)$' ) then 'Strategy Alternative Portfolio'
					when regexp_like( dataset_id, '^IPN_(TF|C|S)$' ) then 'Investment Portfolio'
					when currency = 'CAD' then (
						case
							when regexp_like( dataset_id, '^RISK_APP_(TF|C|S)$' ) then 'Risk Appetite'
							when regexp_like( dataset_id, '^DIV_LVG_(TF|C|S)$' ) then 'Diversification & Leverage'
							when regexp_like( dataset_id, '^INV_SELECT_(TF|C|S)$' ) then 'Investment Selection'
							when regexp_like( dataset_id, 'DIV_LVG_(TF|C|S)\s\+\sINV_SELECT_(TF|C|S)' ) then 'Value-Added (IP - RP)' 
							when regexp_like( dataset_id, 'IPN_(TF|C|S)\s\-\sMRP_(TF|C|S)' ) then 'Incremental Return (IP - MRP)' 
						end
					)
					when currency = 'Local' then (
						case 
							when regexp_like( dataset_id, '^LEVERAGE_(TF|C|S)$' ) then 'Leverage'
							when regexp_like( dataset_id, 'ATP_(TF|C|S)\s\-\sRPL__(TF|C|S)' ) then 'Diversification'
							when regexp_like( dataset_id, '^STGY_COMP_(TF|C|S)$' ) then 'Strategy Composition'
							when regexp_like( dataset_id, '^SEC_SELECT_(TF|C|S)$' ) then 'Security Selection'
						end
					)
			  end metric_friendly_name
			, ""level""
			, node_name as investment_structure_l2
			, currency
			, period
			, value
			, last_update
		from (
			select * from base
			union all
			select * from inv_select_dept_ex_tfm
			union all
			select * from inv_select_dept_tfm
		) combined
	) combined_mapped
), cmb_filtered as (
	select 	*
	from 	cmb
	where 	metric_group_l1 is not null
			and business_date = date_trunc('month', business_date) + interval '1' month - interval '1' day -- pull month-end dates only
			and not ( period in ( 'MTD', 'QTD', '3M', 'FYTD' ) and business_date < cast( '2015-06-30' as date ) ) -- MTD, QTD, 3M, FYTD values prior to 2015-06-30 are invalid
			and not ( period in ( '1Y' ) and business_date < cast( '2016-04-30' as date ) ) -- 1Y values prior to 2016-04-30 are invalid
			and not ( period in ( '4Y+FYTD', '5Y' ) and business_date < cast( '2020-03-31' as date ) ) -- 5Y values prior to 2020-03-31 are invalid
			and value is not null
), cmb_filtered_final as (
	/* Adding columns needed specifically for QuickSight dashboard due to limitations */
	select
		  cmb_filtered.*
		, format( '%1$tY-%1$tm', business_date ) as year_month
		, case
			when period = 'MTD' then '1. MTD'
			when period = 'QTD' then '2. QTD'
			when period = '3M' then '3. 3M'
			when period = 'FYTD' then '4. FYTD'
			when period = '1Y' then '5. 1Y'
			when period = '4Y+FYTD' then '6. 4Y+FYTD'
			when period = '5Y' then '7. 5Y'
		  end period_sorted
	from 
		cmb_filtered
)
select * from cmb_filtered_final) AS ""finsights_perf_attribution_DEV"""
e4a964689d6088c5e7b50b391469fc3f66861a1b0c52c807fc685464b7378077,"/* cppi::e4a964689d6088c5e7b50b391469fc3f66861a1b0c52c807fc685464b7378077 */
/* QuickSight 77fffb13-5634-4cbb-b9ea-8c52970b9323 */
SELECT ""business_date"", ""dataset_id"", ""metric_group_l1"", ""metric_group_l2"", ""metric"", ""metric_friendly_name"", ""level"", ""investment_structure_l2"", ""attribution_node"", ""currency"", ""period"", ""value"", ""last_update"", ""year_month"", ""period_sorted""
FROM (with base as (
	select 
		  case
	  		when dataset_id in ( 'TOTALFUND', 'CMBP_NET' ) and ""level"" = 0 then 'IPN_TF'
	  		else dataset_id
		  end dataset_id
		, business_date
		, ""level""
		, case
			when dataset_id like '%_TF' or ""dataset_id"" in ( 'TOTALFUND', 'CMBP_NET' ) then 'Total Fund'	
			when dataset_id like '%_C' then 'Core'
			when dataset_id like '%_S' then 'Supplementary'
		  end node_name
		, case
			when metric like '%rc' then 'CAD'
			when metric like '%lc' then 'Local'
			else 'FX'
		  end currency
		, case
			when metric like '%qtd%' then 'QTD'
			when metric like '%3m_roll%' then '3M'
			when metric like '%fytd%' then 'FYTD'
			when metric like '%1y_roll%' then '1Y'
			when metric like '%4yp%' then '4Y+FYTD'
			when metric like '%5y_roll%' then '5Y'
			else 'MTD'
		  end period
		, value
		, last_update
	from (
		select
			  dataset_id 
			, business_date 
			, ""level"" 
			, time_weighted_return_rc 
			, time_weighted_return_lc
			--, time_weighted_return_fx 
			, time_weighted_return_qtd_rc 
			, time_weighted_return_qtd_lc 
			--, time_weighted_return_fx_qtd 
			, time_weighted_return_3m_roll_rc 
			, time_weighted_return_3m_roll_lc 
			--, time_weighted_return_fx_3m_roll 
			, time_weighted_return_fytd_rc 
			, time_weighted_return_fytd_lc 
			--, time_weighted_return_fx_fytd 
			, time_weighted_return_1y_roll_rc 
			, time_weighted_return_1y_roll_lc 
			--, time_weighted_return_fx_1y_roll 
			, time_weighted_return_4yp_rc 
			, time_weighted_return_4yp_lc 
			--, time_weighted_return_fx_4yp 
			, time_weighted_return_5y_roll_rc 
			, time_weighted_return_5y_roll_lc 
			--, time_weighted_return_fx_5y_roll 
			, last_update 
		from 
			performance_dev.perf_top_down_monthly 
		where 
			dataset_id in (
				/* TOTAL FUND */
				  'MRP_TF'
				, 'RP_TF'
				, 'ATP_TF'
				, 'RISK_APP_TF'
				, 'DIV_LVG_TF'
				, 'INV_SELECT_TF'
				/* CORE POOL */
				, 'MRP_C'
				, 'RP_C'
				, 'ATP_C'
				, 'RISK_APP_C'
				, 'DIV_LVG_C'
				, 'INV_SELECT_C'
				/* SUPP POOL */
				, 'MRP_S'
				, 'RP_S'
				, 'ATP_S'
				, 'RISK_APP_S'
				, 'DIV_LVG_S'
				, 'INV_SELECT_S'
			)
			and ""level"" = 1
			and periods_per_year = 12 -- pull monthly values only
		union all
		select
			  dataset_id 
			, business_date 
			, ""level""
			-- for below, TOTALFUND local and FX values should be not used; CMBP_NET CAD values should not be used
			, case when dataset_id = 'CMBP_NET' then null else time_weighted_return_rc end time_weighted_return_rc
			, case when dataset_id = 'TOTALFUND' then null else time_weighted_return_lc end time_weighted_return_lc
			--, case when dataset_id = 'TOTALFUND' then null else time_weighted_return_fx end time_weighted_return_fx
			, case when dataset_id = 'CMBP_NET' then null else time_weighted_return_qtd_rc end time_weighted_return_qtd_rc
			, case when dataset_id = 'TOTALFUND' then null else time_weighted_return_qtd_lc end time_weighted_return_qtd_lc
			--, case when dataset_id = 'TOTALFUND' then null else time_weighted_return_fx_qtd end time_weighted_return_fx_qtd
			, case when dataset_id = 'CMBP_NET' then null else time_weighted_return_3m_roll_rc end time_weighted_return_3m_roll_rc
			, case when dataset_id = 'TOTALFUND' then null else time_weighted_return_3m_roll_lc end time_weighted_return_3m_roll_lc
			--, case when dataset_id = 'TOTALFUND' then null else time_weighted_return_fx_3m_roll end time_weighted_return_fx_3m_roll
			, case when dataset_id = 'CMBP_NET' then null else time_weighted_return_fytd_rc end time_weighted_return_fytd_rc
			, case when dataset_id = 'TOTALFUND' then null else time_weighted_return_fytd_lc end time_weighted_return_fytd_lc
			--, case when dataset_id = 'TOTALFUND' then null else time_weighted_return_fx_fytd end time_weighted_return_fx_fytd
			, case when dataset_id = 'CMBP_NET' then null else time_weighted_return_1y_roll_rc end time_weighted_return_1y_roll_rc
			, case when dataset_id = 'TOTALFUND' then null else time_weighted_return_1y_roll_lc end time_weighted_return_1y_roll_lc
			--, case when dataset_id = 'TOTALFUND' then null else time_weighted_return_fx_1y_roll end time_weighted_return_fx_1y_roll
			, case when dataset_id = 'CMBP_NET' then null else time_weighted_return_4yp_rc end time_weighted_return_4yp_rc
			, case when dataset_id = 'TOTALFUND' then null else time_weighted_return_4yp_lc end time_weighted_return_4yp_lc
			--, case when dataset_id = 'TOTALFUND' then null else time_weighted_return_fx_4yp end time_weighted_return_fx_4yp
			, case when dataset_id = 'CMBP_NET' then null else time_weighted_return_5y_roll_rc end time_weighted_return_5y_roll_rc
			, case when dataset_id = 'TOTALFUND' then null else time_weighted_return_5y_roll_lc end time_weighted_return_5y_roll_lc
			--, case when dataset_id = 'TOTALFUND' then null else time_weighted_return_fx_5y_roll end time_weighted_return_fx_5y_roll
			, last_update
		from 
			performance_dev.perf_bottom_up_monthly 
		where 
			(
				dataset_id in (
					/* CORE POOL */
					  'IPN_C'
					--, 'SAP_C'
					/* SUPP POOL */
					, 'IPN_S'
					--, 'SAP_S'
				)
				and node_id = '2'
			)
			or
			(	/* TOTAL FUND */
				dataset_id in ( 'TOTALFUND', 'CMBP_NET' )
				and ""level"" = 0
			)
			and periods_per_year = 12 -- pull monthly values only
	) base_pivot
	cross join unnest(
		/* METRIC */
		array[
		  	  'time_weighted_return_rc' 
			, 'time_weighted_return_lc'
			--, 'time_weighted_return_fx' 
			, 'time_weighted_return_qtd_rc' 
			, 'time_weighted_return_qtd_lc' 
			--, 'time_weighted_return_fx_qtd' 
			, 'time_weighted_return_3m_roll_rc' 
			, 'time_weighted_return_3m_roll_lc' 
			--, 'time_weighted_return_fx_3m_roll' 
			, 'time_weighted_return_fytd_rc' 
			, 'time_weighted_return_fytd_lc' 
			--, 'time_weighted_return_fx_fytd' 
			, 'time_weighted_return_1y_roll_rc' 
			, 'time_weighted_return_1y_roll_lc' 
			--, 'time_weighted_return_fx_1y_roll' 
			, 'time_weighted_return_4yp_rc' 
			, 'time_weighted_return_4yp_lc' 
			--, 'time_weighted_return_fx_4yp' 
			, 'time_weighted_return_5y_roll_rc' 
			, 'time_weighted_return_5y_roll_lc' 
			--, 'time_weighted_return_fx_5y_roll'
		  ]
		/* VALUE */
		, array[
			  time_weighted_return_rc 
			, time_weighted_return_lc
			--, time_weighted_return_fx 
			, time_weighted_return_qtd_rc 
			, time_weighted_return_qtd_lc 
			--, time_weighted_return_fx_qtd 
			, time_weighted_return_3m_roll_rc 
			, time_weighted_return_3m_roll_lc 
			--, time_weighted_return_fx_3m_roll 
			, time_weighted_return_fytd_rc 
			, time_weighted_return_fytd_lc 
			--, time_weighted_return_fx_fytd 
			, time_weighted_return_1y_roll_rc 
			, time_weighted_return_1y_roll_lc 
			--, time_weighted_return_fx_1y_roll 
			, time_weighted_return_4yp_rc 
			, time_weighted_return_4yp_lc 
			--, time_weighted_return_fx_4yp 
			, time_weighted_return_5y_roll_rc 
			, time_weighted_return_5y_roll_lc 
			--, time_weighted_return_fx_5y_roll 
		  ]
	) unpivot ( metric, value )
), inv_select_dept_ex_tfm as (
	select
		  dataset_id
		, business_date
		, ""level""
		, node_name
		, 'Local' as currency
		, case
			when metric like '%qtd%' then 'QTD'
			when metric like '%3m_roll%' then '3M'
			when metric like '%fytd%' then 'FYTD'
			when metric like '%1y_roll%' then '1Y'
			when metric like '%4yp%' then '4Y+FYTD'
			when metric like '%5y_roll%' then '5Y'
			else 'MTD'
		  end period
		, value
		, last_update
	from (		
		select
			  dataset_id 
			, business_date 
			, ""level"" 
			, node_name 
			, contribution_fytd_lc 
			, contribution_4yp_lc
			, contribution_5y_roll_lc 
			, last_update 
		from 
			performance_dev.perf_top_down_monthly 
		where 
			dataset_id = 'SEC_SELECT_C'
			and ""level"" = 2
			and node_name != 'Total Fund Management'
	) inv_select_dept_ex_tfm_pivot
	cross join unnest (
		/* METRIC */
		array [
			  'contribution_fytd_lc'
			, 'contribution_4yp_lc'
			, 'contribution_5y_roll_lc'
		]
		/* VALUE */
		, array [
			  contribution_fytd_lc 
			, contribution_4yp_lc
			, contribution_5y_roll_lc 
		]
	) inv_select_dept_ex_tfm_unpivot ( metric, value )
), inv_select_dept_tfm as (
	select 
		  'SEC_SELECT_C' as dataset_id
		, inv_select.business_date
		, 2 as ""level""
		, 'Total Fund Management' as node_name
		, 'Local' as currency
		, inv_select.period
		--, inv_select.value as inv_select_value
		--, dept_contr.value as dept_contr_value
		, inv_select.value - dept_contr.value as value
		, greatest( inv_select.last_update, dept_contr.last_update ) as last_update
	from (
		/* Investment Selection */
		select *
		from 
			base
		where
			dataset_id = 'INV_SELECT_C'
			and currency = 'CAD'
	) inv_select
	inner join (
		/* Dept Contribution ex TFM */
		select
			  dataset_id
			, business_date
			, ""level""
			, currency
			, period
			, sum( value ) as value
			, max( last_update ) as last_update
		from
			inv_select_dept_ex_tfm
		group by 
			  dataset_id
			, business_date
			, ""level""
			, currency
			, period
	) dept_contr
		on inv_select.business_date = dept_contr.business_date
		and inv_select.period = dept_contr.period
), cmb as (
	select
		  business_date
		, dataset_id
		, metric_group_l1
		, case 
				when currency = 'FX' then (
					case
						when regexp_like( dataset_id, '^DIV_LVG_(TF|C|S)$' ) then 'Diversification & Leverage'
						when regexp_like( dataset_id, '^INV_SELECT_(TF|C|S)$' ) then 'Investment Selection'
						else metric_friendly_name
					end
				)
				when currency = 'CAD' then (
					case
						when regexp_like( dataset_id, '^DIV_LVG_(TF|C|S)$' ) then 'Diversification & Leverage'
						when regexp_like( dataset_id, '^INV_SELECT_(TF|C|S)$' ) then 'Investment Selection'
						else metric_friendly_name
					end
				)
				when currency = 'Local' then (
					case 
						when regexp_like( dataset_id, '^LEVERAGE_(TF|C|S)$' ) then 'Diversification & Leverage'
						when regexp_like( dataset_id, 'ATP_(TF|C|S)\s\-\sRPL__(TF|C|S)' ) then 'Diversification & Leverage'
						when regexp_like( dataset_id, '^STGY_COMP_(TF|C|S)$' ) then 'Investment Selection'
						when regexp_like( dataset_id, '^SEC_SELECT_(TF|C|S)$' ) then 'Investment Selection'
						else metric_friendly_name
					end
				)
				else metric_friendly_name
		  end metric_group_l2
		, metric
		, metric_friendly_name
		, ""level""
		, investment_structure_l2
		, metric_friendly_name as attribution_node
		, currency
		, period
		, value
		, last_update
	from (
		select
			  business_date 
			, dataset_id
			, case 
				/* Headline Attribution */
				when dataset_id in (
					/* TOTAL FUND */
					  'RISK_APP_TF'
					, 'DIV_LVG_TF'
					, 'INV_SELECT_TF'
					, 'DIV_LVG_TF + INV_SELECT_TF'
					, 'IPN_TF - MRP_TF'
					/* CORE POOL */
					, 'RISK_APP_C'
					, 'DIV_LVG_C'
					, 'INV_SELECT_C'
					, 'DIV_LVG_C + INV_SELECT_C'
					, 'IPN_C - MRP_C'
					/* SUPP POOL */
					, 'RISK_APP_S'
					, 'DIV_LVG_S'
					, 'INV_SELECT_S'
					, 'DIV_LVG_S + INV_SELECT_S'
					, 'IPN_S - MRP_S'
				)
				and currency = 'CAD'
				then 'Headline Attribution'
				/* Mainline Attribution */
				when dataset_id in (
					/* TOTAL FUND */
					  'LEVERAGE_TF'
					, 'ATP_TF - RPL_TF'
					, 'STGY_COMP_TF'
					, 'SEC_SELECT_TF'
					/* CORE POOL */
					, 'LEVERAGE_C'
					, 'ATP_C - RPL_C'
					, 'STGY_COMP_C'
					, 'SEC_SELECT_C'
					/* SUPP POOL */
					, 'LEVERAGE_S'
					, 'ATP_S - RPL_S'
					, 'STGY_COMP_S'
					, 'SEC_SELECT_S'
				)
				and currency = 'Local' 
				then 'Mainline Attribution'
				/* Mainline Attribution FX */
				when dataset_id in (
					/* TOTAL FUND */
					  'DIV_LVG_TF'
					, 'INV_SELECT_TF'
					/* CORE POOL */
					, 'DIV_LVG_C'
					, 'INV_SELECT_C'
					/* SUPP POOL */
					, 'DIV_LVG_S'
					, 'INV_SELECT_S'
				)
				and currency = 'FX'
				then 'Mainline Attribution'
				/* Portfolio Returns */
				when dataset_id in (
					/* TOTAL FUND */
					  'MRP_TF'
					, 'RP_TF'
					, 'ATP_TF'
					, 'RPL_TF'
					, 'SAP_TF'
					, 'IPN_TF'
					/* CORE POOL */
					, 'MRP_C'
					, 'RP_C'
					, 'ATP_C'
					, 'RPL_C'
					, 'SAP_C'
					, 'IPN_C'
					/* SUPP POOL */
					, 'MRP_S'
					, 'RP_S'
					, 'ATP_S'
					, 'RPL_S'
					, 'SAP_S'
					, 'IPN_S'
				)
				then 'Portfolio Returns'
			  end metric_group_l1
			, case 
					when currency = 'FX' then (
						case
							when regexp_like( dataset_id, '^DIV_LVG_(TF|C|S)$' ) then 'BP FX - RP FX' /*'ATP FX - RP FX'*/
							when regexp_like( dataset_id, '^INV_SELECT_(TF|C|S)$' ) then 'IP FX - BP FX' /*'IP FX - ATP FX'*/
							when regexp_like( dataset_id, '^IPN_(TF|C|S)$' ) then 'IP FX'
							when regexp_like( dataset_id, '(^MRP_(TF|C|S)$)|(^RP_(TF|S|C)$)|(^ATP_(TF|S|C)$)|(^RPL_(TF|S|C)$)|(^SAP_(TF|S|C)$)' ) then replace( replace( regexp_extract( dataset_id, '.*\_' ), 'ATP', 'BP' ), '_', ' FX' )
						end
					)
					when regexp_like( dataset_id, '^IPN_(TF|C|S)$' ) then 'IP'
					when regexp_like( dataset_id, '(^MRP_(TF|C|S)$)|(^RP_(TF|S|C)$)|(^ATP_(TF|S|C)$)|(^RPL_(TF|S|C)$)|(^SAP_(TF|S|C)$)' ) THEN replace( replace( regexp_extract( dataset_id, '.*\_' ), 'ATP', 'BP' ), '_', '' )
					when currency = 'CAD' then (
						case
							when regexp_like( dataset_id, '^RISK_APP_(TF|C|S)$' ) THEN 'RP - MRP'
							when regexp_like( dataset_id, '^DIV_LVG_(TF|C|S)$' ) then 'BP - RP' /*'ATP - RP'*/
							when regexp_like( dataset_id, '^INV_SELECT_(TF|C|S)$' ) then 'IP - BP' /*'IP - ATP'*/
							when regexp_like( dataset_id, 'DIV_LVG_(TF|C|S)\s\+\sINV_SELECT_(TF|C|S)' ) then 'IP - RP'
							when regexp_like( dataset_id, 'IPN_(TF|C|S)\s\-\sMRP_(TF|C|S)' ) then 'IP - MRP'
						end
					)
					when currency = 'Local' then (
						case 
							when regexp_like( dataset_id, '^LEVERAGE_(TF|C|S)$' ) then 'RPL - RP'
							when regexp_like( dataset_id, 'ATP_(TF|C|S)\s\-\sRPL__(TF|C|S)' ) then 'BP - RPL' /*'ATP - RPL'*/
							when regexp_like( dataset_id, '^STGY_COMP_(TF|C|S)$' ) then 'SAP - BP' /*'SAP - ATP'*/
							when regexp_like( dataset_id, '^SEC_SELECT_(TF|C|S)$' ) then 'IP - SAP'
						end
					)
			  end metric
			, case 
					when currency = 'FX' then (
						case
							when regexp_like( dataset_id, '^DIV_LVG_(TF|C|S)$' ) then 'Currency (Diversification & Leverage)'
							when regexp_like( dataset_id, '^INV_SELECT_(TF|C|S)$' ) then 'Currency (Investment Selection)'
							when regexp_like( dataset_id, '^MRP_(TF|C|S)$' ) then 'Minimum Return Portfolio FX'
							when regexp_like( dataset_id, '^RP_(TF|C|S)$' ) then 'Reference Portfolio FX'
							when regexp_like( dataset_id, '^ATP_(TF|C|S)$' ) then 'Benchmark Portfolio FX' /*'Annual Target Portfolio FX'*/
							when regexp_like( dataset_id, '^RPL_(TF|C|S)$' ) then 'Leveraged Reference Portfolio FX'
							when regexp_like( dataset_id, '^SAP_(TF|C|S)$' ) then 'Strategy Alternative Portfolio FX'
							when regexp_like( dataset_id, '^IPN_(TF|C|S)$' ) then 'Investment Portfolio FX'
						end
					)
					when regexp_like( dataset_id, '^MRP_(TF|C|S)$' ) then 'Minimum Return Portfolio'
					when regexp_like( dataset_id, '^RP_(TF|C|S)$' ) then 'Reference Portfolio'
					when regexp_like( dataset_id, '^ATP_(TF|C|S)$' ) then 'Benchmark Portfolio' /*'Annual Target Portfolio'*/
					when regexp_like( dataset_id, '^RPL_(TF|C|S)$' ) then 'Leveraged Reference Portfolio'
					when regexp_like( dataset_id, '^SAP_(TF|C|S)$' ) then 'Strategy Alternative Portfolio'
					when regexp_like( dataset_id, '^IPN_(TF|C|S)$' ) then 'Investment Portfolio'
					when currency = 'CAD' then (
						case
							when regexp_like( dataset_id, '^RISK_APP_(TF|C|S)$' ) then 'Risk Appetite'
							when regexp_like( dataset_id, '^DIV_LVG_(TF|C|S)$' ) then 'Diversification & Leverage'
							when regexp_like( dataset_id, '^INV_SELECT_(TF|C|S)$' ) then 'Investment Selection'
							when regexp_like( dataset_id, 'DIV_LVG_(TF|C|S)\s\+\sINV_SELECT_(TF|C|S)' ) then 'Value-Added (IP - RP)' 
							when regexp_like( dataset_id, 'IPN_(TF|C|S)\s\-\sMRP_(TF|C|S)' ) then 'Incremental Return (IP - MRP)' 
						end
					)
					when currency = 'Local' then (
						case 
							when regexp_like( dataset_id, '^LEVERAGE_(TF|C|S)$' ) then 'Leverage'
							when regexp_like( dataset_id, 'ATP_(TF|C|S)\s\-\sRPL__(TF|C|S)' ) then 'Diversification'
							when regexp_like( dataset_id, '^STGY_COMP_(TF|C|S)$' ) then 'Strategy Composition'
							when regexp_like( dataset_id, '^SEC_SELECT_(TF|C|S)$' ) then 'Security Selection'
						end
					)
			  end metric_friendly_name
			, ""level""
			, node_name as investment_structure_l2
			, currency
			, period
			, value
			, last_update
		from (
			select * from base
			union all
			select * from inv_select_dept_ex_tfm
			union all
			select * from inv_select_dept_tfm
		) combined
	) combined_mapped
), cmb_filtered as (
	select 	*
	from 	cmb
	where 	metric_group_l1 is not null
			and business_date = date_trunc('month', business_date) + interval '1' month - interval '1' day -- pull month-end dates only
			and not ( period in ( 'MTD', 'QTD', '3M', 'FYTD' ) and business_date < cast( '2015-06-30' as date ) ) -- MTD, QTD, 3M, FYTD values prior to 2015-06-30 are invalid
			and not ( period in ( '1Y' ) and business_date < cast( '2016-04-30' as date ) ) -- 1Y values prior to 2016-04-30 are invalid
			and not ( period in ( '4Y+FYTD', '5Y' ) and business_date < cast( '2020-03-31' as date ) ) -- 5Y values prior to 2020-03-31 are invalid
			and value is not null
), cmb_filtered_final as (
	/* Adding columns needed specifically for QuickSight dashboard due to limitations */
	select
		  cmb_filtered.*
		, format( '%1$tY-%1$tm', business_date ) as year_month
		, case
			when period = 'MTD' then '1. MTD'
			when period = 'QTD' then '2. QTD'
			when period = '3M' then '3. 3M'
			when period = 'FYTD' then '4. FYTD'
			when period = '1Y' then '5. 1Y'
			when period = '4Y+FYTD' then '6. 4Y+FYTD'
			when period = '5Y' then '7. 5Y'
		  end period_sorted
	from 
		cmb_filtered
)
select * from cmb_filtered_final) AS ""finsights_perf_attribution_DEV"""
e4a964689d6088c5e7b50b391469fc3f66861a1b0c52c807fc685464b7378077,"/* cppi::e4a964689d6088c5e7b50b391469fc3f66861a1b0c52c807fc685464b7378077 */
/* QuickSight 77fffb13-5634-4cbb-b9ea-8c52970b9323 */
SELECT ""business_date"", ""dataset_id"", ""metric_group_l1"", ""metric_group_l2"", ""metric"", ""metric_friendly_name"", ""level"", ""investment_structure_l2"", ""attribution_node"", ""currency"", ""period"", ""value"", ""last_update"", ""year_month"", ""period_sorted""
FROM (with base as (
	select 
		  case
	  		when dataset_id in ( 'TOTALFUND', 'CMBP_NET' ) and ""level"" = 0 then 'IPN_TF'
	  		else dataset_id
		  end dataset_id
		, business_date
		, ""level""
		, case
			when dataset_id like '%_TF' or ""dataset_id"" in ( 'TOTALFUND', 'CMBP_NET' ) then 'Total Fund'	
			when dataset_id like '%_C' then 'Core'
			when dataset_id like '%_S' then 'Supplementary'
		  end node_name
		, case
			when metric like '%rc' then 'CAD'
			when metric like '%lc' then 'Local'
			else 'FX'
		  end currency
		, case
			when metric like '%qtd%' then 'QTD'
			when metric like '%3m_roll%' then '3M'
			when metric like '%fytd%' then 'FYTD'
			when metric like '%1y_roll%' then '1Y'
			when metric like '%4yp%' then '4Y+FYTD'
			when metric like '%5y_roll%' then '5Y'
			else 'MTD'
		  end period
		, value
		, last_update
	from (
		select
			  dataset_id 
			, business_date 
			, ""level"" 
			, time_weighted_return_rc 
			, time_weighted_return_lc
			--, time_weighted_return_fx 
			, time_weighted_return_qtd_rc 
			, time_weighted_return_qtd_lc 
			--, time_weighted_return_fx_qtd 
			, time_weighted_return_3m_roll_rc 
			, time_weighted_return_3m_roll_lc 
			--, time_weighted_return_fx_3m_roll 
			, time_weighted_return_fytd_rc 
			, time_weighted_return_fytd_lc 
			--, time_weighted_return_fx_fytd 
			, time_weighted_return_1y_roll_rc 
			, time_weighted_return_1y_roll_lc 
			--, time_weighted_return_fx_1y_roll 
			, time_weighted_return_4yp_rc 
			, time_weighted_return_4yp_lc 
			--, time_weighted_return_fx_4yp 
			, time_weighted_return_5y_roll_rc 
			, time_weighted_return_5y_roll_lc 
			--, time_weighted_return_fx_5y_roll 
			, last_update 
		from 
			performance_dev.perf_top_down_monthly 
		where 
			dataset_id in (
				/* TOTAL FUND */
				  'MRP_TF'
				, 'RP_TF'
				, 'ATP_TF'
				, 'RISK_APP_TF'
				, 'DIV_LVG_TF'
				, 'INV_SELECT_TF'
				/* CORE POOL */
				, 'MRP_C'
				, 'RP_C'
				, 'ATP_C'
				, 'RISK_APP_C'
				, 'DIV_LVG_C'
				, 'INV_SELECT_C'
				/* SUPP POOL */
				, 'MRP_S'
				, 'RP_S'
				, 'ATP_S'
				, 'RISK_APP_S'
				, 'DIV_LVG_S'
				, 'INV_SELECT_S'
			)
			and ""level"" = 1
			and periods_per_year = 12 -- pull monthly values only
		union all
		select
			  dataset_id 
			, business_date 
			, ""level""
			-- for below, TOTALFUND local and FX values should be not used; CMBP_NET CAD values should not be used
			, case when dataset_id = 'CMBP_NET' then null else time_weighted_return_rc end time_weighted_return_rc
			, case when dataset_id = 'TOTALFUND' then null else time_weighted_return_lc end time_weighted_return_lc
			--, case when dataset_id = 'TOTALFUND' then null else time_weighted_return_fx end time_weighted_return_fx
			, case when dataset_id = 'CMBP_NET' then null else time_weighted_return_qtd_rc end time_weighted_return_qtd_rc
			, case when dataset_id = 'TOTALFUND' then null else time_weighted_return_qtd_lc end time_weighted_return_qtd_lc
			--, case when dataset_id = 'TOTALFUND' then null else time_weighted_return_fx_qtd end time_weighted_return_fx_qtd
			, case when dataset_id = 'CMBP_NET' then null else time_weighted_return_3m_roll_rc end time_weighted_return_3m_roll_rc
			, case when dataset_id = 'TOTALFUND' then null else time_weighted_return_3m_roll_lc end time_weighted_return_3m_roll_lc
			--, case when dataset_id = 'TOTALFUND' then null else time_weighted_return_fx_3m_roll end time_weighted_return_fx_3m_roll
			, case when dataset_id = 'CMBP_NET' then null else time_weighted_return_fytd_rc end time_weighted_return_fytd_rc
			, case when dataset_id = 'TOTALFUND' then null else time_weighted_return_fytd_lc end time_weighted_return_fytd_lc
			--, case when dataset_id = 'TOTALFUND' then null else time_weighted_return_fx_fytd end time_weighted_return_fx_fytd
			, case when dataset_id = 'CMBP_NET' then null else time_weighted_return_1y_roll_rc end time_weighted_return_1y_roll_rc
			, case when dataset_id = 'TOTALFUND' then null else time_weighted_return_1y_roll_lc end time_weighted_return_1y_roll_lc
			--, case when dataset_id = 'TOTALFUND' then null else time_weighted_return_fx_1y_roll end time_weighted_return_fx_1y_roll
			, case when dataset_id = 'CMBP_NET' then null else time_weighted_return_4yp_rc end time_weighted_return_4yp_rc
			, case when dataset_id = 'TOTALFUND' then null else time_weighted_return_4yp_lc end time_weighted_return_4yp_lc
			--, case when dataset_id = 'TOTALFUND' then null else time_weighted_return_fx_4yp end time_weighted_return_fx_4yp
			, case when dataset_id = 'CMBP_NET' then null else time_weighted_return_5y_roll_rc end time_weighted_return_5y_roll_rc
			, case when dataset_id = 'TOTALFUND' then null else time_weighted_return_5y_roll_lc end time_weighted_return_5y_roll_lc
			--, case when dataset_id = 'TOTALFUND' then null else time_weighted_return_fx_5y_roll end time_weighted_return_fx_5y_roll
			, last_update
		from 
			performance_dev.perf_bottom_up_monthly 
		where 
			(
				dataset_id in (
					/* CORE POOL */
					  'IPN_C'
					--, 'SAP_C'
					/* SUPP POOL */
					, 'IPN_S'
					--, 'SAP_S'
				)
				and node_id = '2'
			)
			or
			(	/* TOTAL FUND */
				dataset_id in ( 'TOTALFUND', 'CMBP_NET' )
				and ""level"" = 0
			)
			and periods_per_year = 12 -- pull monthly values only
	) base_pivot
	cross join unnest(
		/* METRIC */
		array[
		  	  'time_weighted_return_rc' 
			, 'time_weighted_return_lc'
			--, 'time_weighted_return_fx' 
			, 'time_weighted_return_qtd_rc' 
			, 'time_weighted_return_qtd_lc' 
			--, 'time_weighted_return_fx_qtd' 
			, 'time_weighted_return_3m_roll_rc' 
			, 'time_weighted_return_3m_roll_lc' 
			--, 'time_weighted_return_fx_3m_roll' 
			, 'time_weighted_return_fytd_rc' 
			, 'time_weighted_return_fytd_lc' 
			--, 'time_weighted_return_fx_fytd' 
			, 'time_weighted_return_1y_roll_rc' 
			, 'time_weighted_return_1y_roll_lc' 
			--, 'time_weighted_return_fx_1y_roll' 
			, 'time_weighted_return_4yp_rc' 
			, 'time_weighted_return_4yp_lc' 
			--, 'time_weighted_return_fx_4yp' 
			, 'time_weighted_return_5y_roll_rc' 
			, 'time_weighted_return_5y_roll_lc' 
			--, 'time_weighted_return_fx_5y_roll'
		  ]
		/* VALUE */
		, array[
			  time_weighted_return_rc 
			, time_weighted_return_lc
			--, time_weighted_return_fx 
			, time_weighted_return_qtd_rc 
			, time_weighted_return_qtd_lc 
			--, time_weighted_return_fx_qtd 
			, time_weighted_return_3m_roll_rc 
			, time_weighted_return_3m_roll_lc 
			--, time_weighted_return_fx_3m_roll 
			, time_weighted_return_fytd_rc 
			, time_weighted_return_fytd_lc 
			--, time_weighted_return_fx_fytd 
			, time_weighted_return_1y_roll_rc 
			, time_weighted_return_1y_roll_lc 
			--, time_weighted_return_fx_1y_roll 
			, time_weighted_return_4yp_rc 
			, time_weighted_return_4yp_lc 
			--, time_weighted_return_fx_4yp 
			, time_weighted_return_5y_roll_rc 
			, time_weighted_return_5y_roll_lc 
			--, time_weighted_return_fx_5y_roll 
		  ]
	) unpivot ( metric, value )
), inv_select_dept_ex_tfm as (
	select
		  dataset_id
		, business_date
		, ""level""
		, node_name
		, 'Local' as currency
		, case
			when metric like '%qtd%' then 'QTD'
			when metric like '%3m_roll%' then '3M'
			when metric like '%fytd%' then 'FYTD'
			when metric like '%1y_roll%' then '1Y'
			when metric like '%4yp%' then '4Y+FYTD'
			when metric like '%5y_roll%' then '5Y'
			else 'MTD'
		  end period
		, value
		, last_update
	from (		
		select
			  dataset_id 
			, business_date 
			, ""level"" 
			, node_name 
			, contribution_fytd_lc 
			, contribution_4yp_lc
			, contribution_5y_roll_lc 
			, last_update 
		from 
			performance_dev.perf_top_down_monthly 
		where 
			dataset_id = 'SEC_SELECT_C'
			and ""level"" = 2
			and node_name != 'Total Fund Management'
	) inv_select_dept_ex_tfm_pivot
	cross join unnest (
		/* METRIC */
		array [
			  'contribution_fytd_lc'
			, 'contribution_4yp_lc'
			, 'contribution_5y_roll_lc'
		]
		/* VALUE */
		, array [
			  contribution_fytd_lc 
			, contribution_4yp_lc
			, contribution_5y_roll_lc 
		]
	) inv_select_dept_ex_tfm_unpivot ( metric, value )
), inv_select_dept_tfm as (
	select 
		  'SEC_SELECT_C' as dataset_id
		, inv_select.business_date
		, 2 as ""level""
		, 'Total Fund Management' as node_name
		, 'Local' as currency
		, inv_select.period
		--, inv_select.value as inv_select_value
		--, dept_contr.value as dept_contr_value
		, inv_select.value - dept_contr.value as value
		, greatest( inv_select.last_update, dept_contr.last_update ) as last_update
	from (
		/* Investment Selection */
		select *
		from 
			base
		where
			dataset_id = 'INV_SELECT_C'
			and currency = 'CAD'
	) inv_select
	inner join (
		/* Dept Contribution ex TFM */
		select
			  dataset_id
			, business_date
			, ""level""
			, currency
			, period
			, sum( value ) as value
			, max( last_update ) as last_update
		from
			inv_select_dept_ex_tfm
		group by 
			  dataset_id
			, business_date
			, ""level""
			, currency
			, period
	) dept_contr
		on inv_select.business_date = dept_contr.business_date
		and inv_select.period = dept_contr.period
), cmb as (
	select
		  business_date
		, dataset_id
		, metric_group_l1
		, case 
				when currency = 'FX' then (
					case
						when regexp_like( dataset_id, '^DIV_LVG_(TF|C|S)$' ) then 'Diversification & Leverage'
						when regexp_like( dataset_id, '^INV_SELECT_(TF|C|S)$' ) then 'Investment Selection'
						else metric_friendly_name
					end
				)
				when currency = 'CAD' then (
					case
						when regexp_like( dataset_id, '^DIV_LVG_(TF|C|S)$' ) then 'Diversification & Leverage'
						when regexp_like( dataset_id, '^INV_SELECT_(TF|C|S)$' ) then 'Investment Selection'
						else metric_friendly_name
					end
				)
				when currency = 'Local' then (
					case 
						when regexp_like( dataset_id, '^LEVERAGE_(TF|C|S)$' ) then 'Diversification & Leverage'
						when regexp_like( dataset_id, 'ATP_(TF|C|S)\s\-\sRPL__(TF|C|S)' ) then 'Diversification & Leverage'
						when regexp_like( dataset_id, '^STGY_COMP_(TF|C|S)$' ) then 'Investment Selection'
						when regexp_like( dataset_id, '^SEC_SELECT_(TF|C|S)$' ) then 'Investment Selection'
						else metric_friendly_name
					end
				)
				else metric_friendly_name
		  end metric_group_l2
		, metric
		, metric_friendly_name
		, ""level""
		, investment_structure_l2
		, metric_friendly_name as attribution_node
		, currency
		, period
		, value
		, last_update
	from (
		select
			  business_date 
			, dataset_id
			, case 
				/* Headline Attribution */
				when dataset_id in (
					/* TOTAL FUND */
					  'RISK_APP_TF'
					, 'DIV_LVG_TF'
					, 'INV_SELECT_TF'
					, 'DIV_LVG_TF + INV_SELECT_TF'
					, 'IPN_TF - MRP_TF'
					/* CORE POOL */
					, 'RISK_APP_C'
					, 'DIV_LVG_C'
					, 'INV_SELECT_C'
					, 'DIV_LVG_C + INV_SELECT_C'
					, 'IPN_C - MRP_C'
					/* SUPP POOL */
					, 'RISK_APP_S'
					, 'DIV_LVG_S'
					, 'INV_SELECT_S'
					, 'DIV_LVG_S + INV_SELECT_S'
					, 'IPN_S - MRP_S'
				)
				and currency = 'CAD'
				then 'Headline Attribution'
				/* Mainline Attribution */
				when dataset_id in (
					/* TOTAL FUND */
					  'LEVERAGE_TF'
					, 'ATP_TF - RPL_TF'
					, 'STGY_COMP_TF'
					, 'SEC_SELECT_TF'
					/* CORE POOL */
					, 'LEVERAGE_C'
					, 'ATP_C - RPL_C'
					, 'STGY_COMP_C'
					, 'SEC_SELECT_C'
					/* SUPP POOL */
					, 'LEVERAGE_S'
					, 'ATP_S - RPL_S'
					, 'STGY_COMP_S'
					, 'SEC_SELECT_S'
				)
				and currency = 'Local' 
				then 'Mainline Attribution'
				/* Mainline Attribution FX */
				when dataset_id in (
					/* TOTAL FUND */
					  'DIV_LVG_TF'
					, 'INV_SELECT_TF'
					/* CORE POOL */
					, 'DIV_LVG_C'
					, 'INV_SELECT_C'
					/* SUPP POOL */
					, 'DIV_LVG_S'
					, 'INV_SELECT_S'
				)
				and currency = 'FX'
				then 'Mainline Attribution'
				/* Portfolio Returns */
				when dataset_id in (
					/* TOTAL FUND */
					  'MRP_TF'
					, 'RP_TF'
					, 'ATP_TF'
					, 'RPL_TF'
					, 'SAP_TF'
					, 'IPN_TF'
					/* CORE POOL */
					, 'MRP_C'
					, 'RP_C'
					, 'ATP_C'
					, 'RPL_C'
					, 'SAP_C'
					, 'IPN_C'
					/* SUPP POOL */
					, 'MRP_S'
					, 'RP_S'
					, 'ATP_S'
					, 'RPL_S'
					, 'SAP_S'
					, 'IPN_S'
				)
				then 'Portfolio Returns'
			  end metric_group_l1
			, case 
					when currency = 'FX' then (
						case
							when regexp_like( dataset_id, '^DIV_LVG_(TF|C|S)$' ) then 'BP FX - RP FX' /*'ATP FX - RP FX'*/
							when regexp_like( dataset_id, '^INV_SELECT_(TF|C|S)$' ) then 'IP FX - BP FX' /*'IP FX - ATP FX'*/
							when regexp_like( dataset_id, '^IPN_(TF|C|S)$' ) then 'IP FX'
							when regexp_like( dataset_id, '(^MRP_(TF|C|S)$)|(^RP_(TF|S|C)$)|(^ATP_(TF|S|C)$)|(^RPL_(TF|S|C)$)|(^SAP_(TF|S|C)$)' ) then replace( replace( regexp_extract( dataset_id, '.*\_' ), 'ATP', 'BP' ), '_', ' FX' )
						end
					)
					when regexp_like( dataset_id, '^IPN_(TF|C|S)$' ) then 'IP'
					when regexp_like( dataset_id, '(^MRP_(TF|C|S)$)|(^RP_(TF|S|C)$)|(^ATP_(TF|S|C)$)|(^RPL_(TF|S|C)$)|(^SAP_(TF|S|C)$)' ) THEN replace( replace( regexp_extract( dataset_id, '.*\_' ), 'ATP', 'BP' ), '_', '' )
					when currency = 'CAD' then (
						case
							when regexp_like( dataset_id, '^RISK_APP_(TF|C|S)$' ) THEN 'RP - MRP'
							when regexp_like( dataset_id, '^DIV_LVG_(TF|C|S)$' ) then 'BP - RP' /*'ATP - RP'*/
							when regexp_like( dataset_id, '^INV_SELECT_(TF|C|S)$' ) then 'IP - BP' /*'IP - ATP'*/
							when regexp_like( dataset_id, 'DIV_LVG_(TF|C|S)\s\+\sINV_SELECT_(TF|C|S)' ) then 'IP - RP'
							when regexp_like( dataset_id, 'IPN_(TF|C|S)\s\-\sMRP_(TF|C|S)' ) then 'IP - MRP'
						end
					)
					when currency = 'Local' then (
						case 
							when regexp_like( dataset_id, '^LEVERAGE_(TF|C|S)$' ) then 'RPL - RP'
							when regexp_like( dataset_id, 'ATP_(TF|C|S)\s\-\sRPL__(TF|C|S)' ) then 'BP - RPL' /*'ATP - RPL'*/
							when regexp_like( dataset_id, '^STGY_COMP_(TF|C|S)$' ) then 'SAP - BP' /*'SAP - ATP'*/
							when regexp_like( dataset_id, '^SEC_SELECT_(TF|C|S)$' ) then 'IP - SAP'
						end
					)
			  end metric
			, case 
					when currency = 'FX' then (
						case
							when regexp_like( dataset_id, '^DIV_LVG_(TF|C|S)$' ) then 'Currency (Diversification & Leverage)'
							when regexp_like( dataset_id, '^INV_SELECT_(TF|C|S)$' ) then 'Currency (Investment Selection)'
							when regexp_like( dataset_id, '^MRP_(TF|C|S)$' ) then 'Minimum Return Portfolio FX'
							when regexp_like( dataset_id, '^RP_(TF|C|S)$' ) then 'Reference Portfolio FX'
							when regexp_like( dataset_id, '^ATP_(TF|C|S)$' ) then 'Benchmark Portfolio FX' /*'Annual Target Portfolio FX'*/
							when regexp_like( dataset_id, '^RPL_(TF|C|S)$' ) then 'Leveraged Reference Portfolio FX'
							when regexp_like( dataset_id, '^SAP_(TF|C|S)$' ) then 'Strategy Alternative Portfolio FX'
							when regexp_like( dataset_id, '^IPN_(TF|C|S)$' ) then 'Investment Portfolio FX'
						end
					)
					when regexp_like( dataset_id, '^MRP_(TF|C|S)$' ) then 'Minimum Return Portfolio'
					when regexp_like( dataset_id, '^RP_(TF|C|S)$' ) then 'Reference Portfolio'
					when regexp_like( dataset_id, '^ATP_(TF|C|S)$' ) then 'Benchmark Portfolio' /*'Annual Target Portfolio'*/
					when regexp_like( dataset_id, '^RPL_(TF|C|S)$' ) then 'Leveraged Reference Portfolio'
					when regexp_like( dataset_id, '^SAP_(TF|C|S)$' ) then 'Strategy Alternative Portfolio'
					when regexp_like( dataset_id, '^IPN_(TF|C|S)$' ) then 'Investment Portfolio'
					when currency = 'CAD' then (
						case
							when regexp_like( dataset_id, '^RISK_APP_(TF|C|S)$' ) then 'Risk Appetite'
							when regexp_like( dataset_id, '^DIV_LVG_(TF|C|S)$' ) then 'Diversification & Leverage'
							when regexp_like( dataset_id, '^INV_SELECT_(TF|C|S)$' ) then 'Investment Selection'
							when regexp_like( dataset_id, 'DIV_LVG_(TF|C|S)\s\+\sINV_SELECT_(TF|C|S)' ) then 'Value-Added (IP - RP)' 
							when regexp_like( dataset_id, 'IPN_(TF|C|S)\s\-\sMRP_(TF|C|S)' ) then 'Incremental Return (IP - MRP)' 
						end
					)
					when currency = 'Local' then (
						case 
							when regexp_like( dataset_id, '^LEVERAGE_(TF|C|S)$' ) then 'Leverage'
							when regexp_like( dataset_id, 'ATP_(TF|C|S)\s\-\sRPL__(TF|C|S)' ) then 'Diversification'
							when regexp_like( dataset_id, '^STGY_COMP_(TF|C|S)$' ) then 'Strategy Composition'
							when regexp_like( dataset_id, '^SEC_SELECT_(TF|C|S)$' ) then 'Security Selection'
						end
					)
			  end metric_friendly_name
			, ""level""
			, node_name as investment_structure_l2
			, currency
			, period
			, value
			, last_update
		from (
			select * from base
			union all
			select * from inv_select_dept_ex_tfm
			union all
			select * from inv_select_dept_tfm
		) combined
	) combined_mapped
), cmb_filtered as (
	select 	*
	from 	cmb
	where 	metric_group_l1 is not null
			and business_date = date_trunc('month', business_date) + interval '1' month - interval '1' day -- pull month-end dates only
			and not ( period in ( 'MTD', 'QTD', '3M', 'FYTD' ) and business_date < cast( '2015-06-30' as date ) ) -- MTD, QTD, 3M, FYTD values prior to 2015-06-30 are invalid
			and not ( period in ( '1Y' ) and business_date < cast( '2016-04-30' as date ) ) -- 1Y values prior to 2016-04-30 are invalid
			and not ( period in ( '4Y+FYTD', '5Y' ) and business_date < cast( '2020-03-31' as date ) ) -- 5Y values prior to 2020-03-31 are invalid
			and value is not null
), cmb_filtered_final as (
	/* Adding columns needed specifically for QuickSight dashboard due to limitations */
	select
		  cmb_filtered.*
		, format( '%1$tY-%1$tm', business_date ) as year_month
		, case
			when period = 'MTD' then '1. MTD'
			when period = 'QTD' then '2. QTD'
			when period = '3M' then '3. 3M'
			when period = 'FYTD' then '4. FYTD'
			when period = '1Y' then '5. 1Y'
			when period = '4Y+FYTD' then '6. 4Y+FYTD'
			when period = '5Y' then '7. 5Y'
		  end period_sorted
	from 
		cmb_filtered
)
select * from cmb_filtered_final) AS ""finsights_perf_attribution_DEV"""
e4a964689d6088c5e7b50b391469fc3f66861a1b0c52c807fc685464b7378077,"/* cppi::e4a964689d6088c5e7b50b391469fc3f66861a1b0c52c807fc685464b7378077 */
/* QuickSight 77fffb13-5634-4cbb-b9ea-8c52970b9323 */
SELECT ""business_date"", ""dataset_id"", ""metric_group_l1"", ""metric_group_l2"", ""metric"", ""metric_friendly_name"", ""level"", ""investment_structure_l2"", ""attribution_node"", ""currency"", ""period"", ""value"", ""last_update"", ""year_month"", ""period_sorted""
FROM (with base as (
	select 
		  case
	  		when dataset_id in ( 'TOTALFUND', 'CMBP_NET' ) and ""level"" = 0 then 'IPN_TF'
	  		else dataset_id
		  end dataset_id
		, business_date
		, ""level""
		, case
			when dataset_id like '%_TF' or ""dataset_id"" in ( 'TOTALFUND', 'CMBP_NET' ) then 'Total Fund'	
			when dataset_id like '%_C' then 'Core'
			when dataset_id like '%_S' then 'Supplementary'
		  end node_name
		, case
			when metric like '%rc' then 'CAD'
			when metric like '%lc' then 'Local'
			else 'FX'
		  end currency
		, case
			when metric like '%qtd%' then 'QTD'
			when metric like '%3m_roll%' then '3M'
			when metric like '%fytd%' then 'FYTD'
			when metric like '%1y_roll%' then '1Y'
			when metric like '%4yp%' then '4Y+FYTD'
			when metric like '%5y_roll%' then '5Y'
			else 'MTD'
		  end period
		, value
		, last_update
	from (
		select
			  dataset_id 
			, business_date 
			, ""level"" 
			, time_weighted_return_rc 
			, time_weighted_return_lc
			--, time_weighted_return_fx 
			, time_weighted_return_qtd_rc 
			, time_weighted_return_qtd_lc 
			--, time_weighted_return_fx_qtd 
			, time_weighted_return_3m_roll_rc 
			, time_weighted_return_3m_roll_lc 
			--, time_weighted_return_fx_3m_roll 
			, time_weighted_return_fytd_rc 
			, time_weighted_return_fytd_lc 
			--, time_weighted_return_fx_fytd 
			, time_weighted_return_1y_roll_rc 
			, time_weighted_return_1y_roll_lc 
			--, time_weighted_return_fx_1y_roll 
			, time_weighted_return_4yp_rc 
			, time_weighted_return_4yp_lc 
			--, time_weighted_return_fx_4yp 
			, time_weighted_return_5y_roll_rc 
			, time_weighted_return_5y_roll_lc 
			--, time_weighted_return_fx_5y_roll 
			, last_update 
		from 
			performance_dev.perf_top_down_monthly 
		where 
			dataset_id in (
				/* TOTAL FUND */
				  'MRP_TF'
				, 'RP_TF'
				, 'ATP_TF'
				, 'RISK_APP_TF'
				, 'DIV_LVG_TF'
				, 'INV_SELECT_TF'
				/* CORE POOL */
				, 'MRP_C'
				, 'RP_C'
				, 'ATP_C'
				, 'RISK_APP_C'
				, 'DIV_LVG_C'
				, 'INV_SELECT_C'
				/* SUPP POOL */
				, 'MRP_S'
				, 'RP_S'
				, 'ATP_S'
				, 'RISK_APP_S'
				, 'DIV_LVG_S'
				, 'INV_SELECT_S'
			)
			and ""level"" = 1
			and periods_per_year = 12 -- pull monthly values only
		union all
		select
			  dataset_id 
			, business_date 
			, ""level""
			-- for below, TOTALFUND local and FX values should be not used; CMBP_NET CAD values should not be used
			, case when dataset_id = 'CMBP_NET' then null else time_weighted_return_rc end time_weighted_return_rc
			, case when dataset_id = 'TOTALFUND' then null else time_weighted_return_lc end time_weighted_return_lc
			--, case when dataset_id = 'TOTALFUND' then null else time_weighted_return_fx end time_weighted_return_fx
			, case when dataset_id = 'CMBP_NET' then null else time_weighted_return_qtd_rc end time_weighted_return_qtd_rc
			, case when dataset_id = 'TOTALFUND' then null else time_weighted_return_qtd_lc end time_weighted_return_qtd_lc
			--, case when dataset_id = 'TOTALFUND' then null else time_weighted_return_fx_qtd end time_weighted_return_fx_qtd
			, case when dataset_id = 'CMBP_NET' then null else time_weighted_return_3m_roll_rc end time_weighted_return_3m_roll_rc
			, case when dataset_id = 'TOTALFUND' then null else time_weighted_return_3m_roll_lc end time_weighted_return_3m_roll_lc
			--, case when dataset_id = 'TOTALFUND' then null else time_weighted_return_fx_3m_roll end time_weighted_return_fx_3m_roll
			, case when dataset_id = 'CMBP_NET' then null else time_weighted_return_fytd_rc end time_weighted_return_fytd_rc
			, case when dataset_id = 'TOTALFUND' then null else time_weighted_return_fytd_lc end time_weighted_return_fytd_lc
			--, case when dataset_id = 'TOTALFUND' then null else time_weighted_return_fx_fytd end time_weighted_return_fx_fytd
			, case when dataset_id = 'CMBP_NET' then null else time_weighted_return_1y_roll_rc end time_weighted_return_1y_roll_rc
			, case when dataset_id = 'TOTALFUND' then null else time_weighted_return_1y_roll_lc end time_weighted_return_1y_roll_lc
			--, case when dataset_id = 'TOTALFUND' then null else time_weighted_return_fx_1y_roll end time_weighted_return_fx_1y_roll
			, case when dataset_id = 'CMBP_NET' then null else time_weighted_return_4yp_rc end time_weighted_return_4yp_rc
			, case when dataset_id = 'TOTALFUND' then null else time_weighted_return_4yp_lc end time_weighted_return_4yp_lc
			--, case when dataset_id = 'TOTALFUND' then null else time_weighted_return_fx_4yp end time_weighted_return_fx_4yp
			, case when dataset_id = 'CMBP_NET' then null else time_weighted_return_5y_roll_rc end time_weighted_return_5y_roll_rc
			, case when dataset_id = 'TOTALFUND' then null else time_weighted_return_5y_roll_lc end time_weighted_return_5y_roll_lc
			--, case when dataset_id = 'TOTALFUND' then null else time_weighted_return_fx_5y_roll end time_weighted_return_fx_5y_roll
			, last_update
		from 
			performance_dev.perf_bottom_up_monthly 
		where 
			(
				dataset_id in (
					/* CORE POOL */
					  'IPN_C'
					--, 'SAP_C'
					/* SUPP POOL */
					, 'IPN_S'
					--, 'SAP_S'
				)
				and node_id = '2'
			)
			or
			(	/* TOTAL FUND */
				dataset_id in ( 'TOTALFUND', 'CMBP_NET' )
				and ""level"" = 0
			)
			and periods_per_year = 12 -- pull monthly values only
	) base_pivot
	cross join unnest(
		/* METRIC */
		array[
		  	  'time_weighted_return_rc' 
			, 'time_weighted_return_lc'
			--, 'time_weighted_return_fx' 
			, 'time_weighted_return_qtd_rc' 
			, 'time_weighted_return_qtd_lc' 
			--, 'time_weighted_return_fx_qtd' 
			, 'time_weighted_return_3m_roll_rc' 
			, 'time_weighted_return_3m_roll_lc' 
			--, 'time_weighted_return_fx_3m_roll' 
			, 'time_weighted_return_fytd_rc' 
			, 'time_weighted_return_fytd_lc' 
			--, 'time_weighted_return_fx_fytd' 
			, 'time_weighted_return_1y_roll_rc' 
			, 'time_weighted_return_1y_roll_lc' 
			--, 'time_weighted_return_fx_1y_roll' 
			, 'time_weighted_return_4yp_rc' 
			, 'time_weighted_return_4yp_lc' 
			--, 'time_weighted_return_fx_4yp' 
			, 'time_weighted_return_5y_roll_rc' 
			, 'time_weighted_return_5y_roll_lc' 
			--, 'time_weighted_return_fx_5y_roll'
		  ]
		/* VALUE */
		, array[
			  time_weighted_return_rc 
			, time_weighted_return_lc
			--, time_weighted_return_fx 
			, time_weighted_return_qtd_rc 
			, time_weighted_return_qtd_lc 
			--, time_weighted_return_fx_qtd 
			, time_weighted_return_3m_roll_rc 
			, time_weighted_return_3m_roll_lc 
			--, time_weighted_return_fx_3m_roll 
			, time_weighted_return_fytd_rc 
			, time_weighted_return_fytd_lc 
			--, time_weighted_return_fx_fytd 
			, time_weighted_return_1y_roll_rc 
			, time_weighted_return_1y_roll_lc 
			--, time_weighted_return_fx_1y_roll 
			, time_weighted_return_4yp_rc 
			, time_weighted_return_4yp_lc 
			--, time_weighted_return_fx_4yp 
			, time_weighted_return_5y_roll_rc 
			, time_weighted_return_5y_roll_lc 
			--, time_weighted_return_fx_5y_roll 
		  ]
	) unpivot ( metric, value )
), inv_select_dept_ex_tfm as (
	select
		  dataset_id
		, business_date
		, ""level""
		, node_name
		, 'Local' as currency
		, case
			when metric like '%qtd%' then 'QTD'
			when metric like '%3m_roll%' then '3M'
			when metric like '%fytd%' then 'FYTD'
			when metric like '%1y_roll%' then '1Y'
			when metric like '%4yp%' then '4Y+FYTD'
			when metric like '%5y_roll%' then '5Y'
			else 'MTD'
		  end period
		, value
		, last_update
	from (		
		select
			  dataset_id 
			, business_date 
			, ""level"" 
			, node_name 
			, contribution_fytd_lc 
			, contribution_4yp_lc
			, contribution_5y_roll_lc 
			, last_update 
		from 
			performance_dev.perf_top_down_monthly 
		where 
			dataset_id = 'SEC_SELECT_C'
			and ""level"" = 2
			and node_name != 'Total Fund Management'
	) inv_select_dept_ex_tfm_pivot
	cross join unnest (
		/* METRIC */
		array [
			  'contribution_fytd_lc'
			, 'contribution_4yp_lc'
			, 'contribution_5y_roll_lc'
		]
		/* VALUE */
		, array [
			  contribution_fytd_lc 
			, contribution_4yp_lc
			, contribution_5y_roll_lc 
		]
	) inv_select_dept_ex_tfm_unpivot ( metric, value )
), inv_select_dept_tfm as (
	select 
		  'SEC_SELECT_C' as dataset_id
		, inv_select.business_date
		, 2 as ""level""
		, 'Total Fund Management' as node_name
		, 'Local' as currency
		, inv_select.period
		--, inv_select.value as inv_select_value
		--, dept_contr.value as dept_contr_value
		, inv_select.value - dept_contr.value as value
		, greatest( inv_select.last_update, dept_contr.last_update ) as last_update
	from (
		/* Investment Selection */
		select *
		from 
			base
		where
			dataset_id = 'INV_SELECT_C'
			and currency = 'CAD'
	) inv_select
	inner join (
		/* Dept Contribution ex TFM */
		select
			  dataset_id
			, business_date
			, ""level""
			, currency
			, period
			, sum( value ) as value
			, max( last_update ) as last_update
		from
			inv_select_dept_ex_tfm
		group by 
			  dataset_id
			, business_date
			, ""level""
			, currency
			, period
	) dept_contr
		on inv_select.business_date = dept_contr.business_date
		and inv_select.period = dept_contr.period
), cmb as (
	select
		  business_date
		, dataset_id
		, metric_group_l1
		, case 
				when currency = 'FX' then (
					case
						when regexp_like( dataset_id, '^DIV_LVG_(TF|C|S)$' ) then 'Diversification & Leverage'
						when regexp_like( dataset_id, '^INV_SELECT_(TF|C|S)$' ) then 'Investment Selection'
						else metric_friendly_name
					end
				)
				when currency = 'CAD' then (
					case
						when regexp_like( dataset_id, '^DIV_LVG_(TF|C|S)$' ) then 'Diversification & Leverage'
						when regexp_like( dataset_id, '^INV_SELECT_(TF|C|S)$' ) then 'Investment Selection'
						else metric_friendly_name
					end
				)
				when currency = 'Local' then (
					case 
						when regexp_like( dataset_id, '^LEVERAGE_(TF|C|S)$' ) then 'Diversification & Leverage'
						when regexp_like( dataset_id, 'ATP_(TF|C|S)\s\-\sRPL__(TF|C|S)' ) then 'Diversification & Leverage'
						when regexp_like( dataset_id, '^STGY_COMP_(TF|C|S)$' ) then 'Investment Selection'
						when regexp_like( dataset_id, '^SEC_SELECT_(TF|C|S)$' ) then 'Investment Selection'
						else metric_friendly_name
					end
				)
				else metric_friendly_name
		  end metric_group_l2
		, metric
		, metric_friendly_name
		, ""level""
		, investment_structure_l2
		, metric_friendly_name as attribution_node
		, currency
		, period
		, value
		, last_update
	from (
		select
			  business_date 
			, dataset_id
			, case 
				/* Headline Attribution */
				when dataset_id in (
					/* TOTAL FUND */
					  'RISK_APP_TF'
					, 'DIV_LVG_TF'
					, 'INV_SELECT_TF'
					, 'DIV_LVG_TF + INV_SELECT_TF'
					, 'IPN_TF - MRP_TF'
					/* CORE POOL */
					, 'RISK_APP_C'
					, 'DIV_LVG_C'
					, 'INV_SELECT_C'
					, 'DIV_LVG_C + INV_SELECT_C'
					, 'IPN_C - MRP_C'
					/* SUPP POOL */
					, 'RISK_APP_S'
					, 'DIV_LVG_S'
					, 'INV_SELECT_S'
					, 'DIV_LVG_S + INV_SELECT_S'
					, 'IPN_S - MRP_S'
				)
				and currency = 'CAD'
				then 'Headline Attribution'
				/* Mainline Attribution */
				when dataset_id in (
					/* TOTAL FUND */
					  'LEVERAGE_TF'
					, 'ATP_TF - RPL_TF'
					, 'STGY_COMP_TF'
					, 'SEC_SELECT_TF'
					/* CORE POOL */
					, 'LEVERAGE_C'
					, 'ATP_C - RPL_C'
					, 'STGY_COMP_C'
					, 'SEC_SELECT_C'
					/* SUPP POOL */
					, 'LEVERAGE_S'
					, 'ATP_S - RPL_S'
					, 'STGY_COMP_S'
					, 'SEC_SELECT_S'
				)
				and currency = 'Local' 
				then 'Mainline Attribution'
				/* Mainline Attribution FX */
				when dataset_id in (
					/* TOTAL FUND */
					  'DIV_LVG_TF'
					, 'INV_SELECT_TF'
					/* CORE POOL */
					, 'DIV_LVG_C'
					, 'INV_SELECT_C'
					/* SUPP POOL */
					, 'DIV_LVG_S'
					, 'INV_SELECT_S'
				)
				and currency = 'FX'
				then 'Mainline Attribution'
				/* Portfolio Returns */
				when dataset_id in (
					/* TOTAL FUND */
					  'MRP_TF'
					, 'RP_TF'
					, 'ATP_TF'
					, 'RPL_TF'
					, 'SAP_TF'
					, 'IPN_TF'
					/* CORE POOL */
					, 'MRP_C'
					, 'RP_C'
					, 'ATP_C'
					, 'RPL_C'
					, 'SAP_C'
					, 'IPN_C'
					/* SUPP POOL */
					, 'MRP_S'
					, 'RP_S'
					, 'ATP_S'
					, 'RPL_S'
					, 'SAP_S'
					, 'IPN_S'
				)
				then 'Portfolio Returns'
			  end metric_group_l1
			, case 
					when currency = 'FX' then (
						case
							when regexp_like( dataset_id, '^DIV_LVG_(TF|C|S)$' ) then 'BP FX - RP FX' /*'ATP FX - RP FX'*/
							when regexp_like( dataset_id, '^INV_SELECT_(TF|C|S)$' ) then 'IP FX - BP FX' /*'IP FX - ATP FX'*/
							when regexp_like( dataset_id, '^IPN_(TF|C|S)$' ) then 'IP FX'
							when regexp_like( dataset_id, '(^MRP_(TF|C|S)$)|(^RP_(TF|S|C)$)|(^ATP_(TF|S|C)$)|(^RPL_(TF|S|C)$)|(^SAP_(TF|S|C)$)' ) then replace( replace( regexp_extract( dataset_id, '.*\_' ), 'ATP', 'BP' ), '_', ' FX' )
						end
					)
					when regexp_like( dataset_id, '^IPN_(TF|C|S)$' ) then 'IP'
					when regexp_like( dataset_id, '(^MRP_(TF|C|S)$)|(^RP_(TF|S|C)$)|(^ATP_(TF|S|C)$)|(^RPL_(TF|S|C)$)|(^SAP_(TF|S|C)$)' ) THEN replace( replace( regexp_extract( dataset_id, '.*\_' ), 'ATP', 'BP' ), '_', '' )
					when currency = 'CAD' then (
						case
							when regexp_like( dataset_id, '^RISK_APP_(TF|C|S)$' ) THEN 'RP - MRP'
							when regexp_like( dataset_id, '^DIV_LVG_(TF|C|S)$' ) then 'BP - RP' /*'ATP - RP'*/
							when regexp_like( dataset_id, '^INV_SELECT_(TF|C|S)$' ) then 'IP - BP' /*'IP - ATP'*/
							when regexp_like( dataset_id, 'DIV_LVG_(TF|C|S)\s\+\sINV_SELECT_(TF|C|S)' ) then 'IP - RP'
							when regexp_like( dataset_id, 'IPN_(TF|C|S)\s\-\sMRP_(TF|C|S)' ) then 'IP - MRP'
						end
					)
					when currency = 'Local' then (
						case 
							when regexp_like( dataset_id, '^LEVERAGE_(TF|C|S)$' ) then 'RPL - RP'
							when regexp_like( dataset_id, 'ATP_(TF|C|S)\s\-\sRPL__(TF|C|S)' ) then 'BP - RPL' /*'ATP - RPL'*/
							when regexp_like( dataset_id, '^STGY_COMP_(TF|C|S)$' ) then 'SAP - BP' /*'SAP - ATP'*/
							when regexp_like( dataset_id, '^SEC_SELECT_(TF|C|S)$' ) then 'IP - SAP'
						end
					)
			  end metric
			, case 
					when currency = 'FX' then (
						case
							when regexp_like( dataset_id, '^DIV_LVG_(TF|C|S)$' ) then 'Currency (Diversification & Leverage)'
							when regexp_like( dataset_id, '^INV_SELECT_(TF|C|S)$' ) then 'Currency (Investment Selection)'
							when regexp_like( dataset_id, '^MRP_(TF|C|S)$' ) then 'Minimum Return Portfolio FX'
							when regexp_like( dataset_id, '^RP_(TF|C|S)$' ) then 'Reference Portfolio FX'
							when regexp_like( dataset_id, '^ATP_(TF|C|S)$' ) then 'Benchmark Portfolio FX' /*'Annual Target Portfolio FX'*/
							when regexp_like( dataset_id, '^RPL_(TF|C|S)$' ) then 'Leveraged Reference Portfolio FX'
							when regexp_like( dataset_id, '^SAP_(TF|C|S)$' ) then 'Strategy Alternative Portfolio FX'
							when regexp_like( dataset_id, '^IPN_(TF|C|S)$' ) then 'Investment Portfolio FX'
						end
					)
					when regexp_like( dataset_id, '^MRP_(TF|C|S)$' ) then 'Minimum Return Portfolio'
					when regexp_like( dataset_id, '^RP_(TF|C|S)$' ) then 'Reference Portfolio'
					when regexp_like( dataset_id, '^ATP_(TF|C|S)$' ) then 'Benchmark Portfolio' /*'Annual Target Portfolio'*/
					when regexp_like( dataset_id, '^RPL_(TF|C|S)$' ) then 'Leveraged Reference Portfolio'
					when regexp_like( dataset_id, '^SAP_(TF|C|S)$' ) then 'Strategy Alternative Portfolio'
					when regexp_like( dataset_id, '^IPN_(TF|C|S)$' ) then 'Investment Portfolio'
					when currency = 'CAD' then (
						case
							when regexp_like( dataset_id, '^RISK_APP_(TF|C|S)$' ) then 'Risk Appetite'
							when regexp_like( dataset_id, '^DIV_LVG_(TF|C|S)$' ) then 'Diversification & Leverage'
							when regexp_like( dataset_id, '^INV_SELECT_(TF|C|S)$' ) then 'Investment Selection'
							when regexp_like( dataset_id, 'DIV_LVG_(TF|C|S)\s\+\sINV_SELECT_(TF|C|S)' ) then 'Value-Added (IP - RP)' 
							when regexp_like( dataset_id, 'IPN_(TF|C|S)\s\-\sMRP_(TF|C|S)' ) then 'Incremental Return (IP - MRP)' 
						end
					)
					when currency = 'Local' then (
						case 
							when regexp_like( dataset_id, '^LEVERAGE_(TF|C|S)$' ) then 'Leverage'
							when regexp_like( dataset_id, 'ATP_(TF|C|S)\s\-\sRPL__(TF|C|S)' ) then 'Diversification'
							when regexp_like( dataset_id, '^STGY_COMP_(TF|C|S)$' ) then 'Strategy Composition'
							when regexp_like( dataset_id, '^SEC_SELECT_(TF|C|S)$' ) then 'Security Selection'
						end
					)
			  end metric_friendly_name
			, ""level""
			, node_name as investment_structure_l2
			, currency
			, period
			, value
			, last_update
		from (
			select * from base
			union all
			select * from inv_select_dept_ex_tfm
			union all
			select * from inv_select_dept_tfm
		) combined
	) combined_mapped
), cmb_filtered as (
	select 	*
	from 	cmb
	where 	metric_group_l1 is not null
			and business_date = date_trunc('month', business_date) + interval '1' month - interval '1' day -- pull month-end dates only
			and not ( period in ( 'MTD', 'QTD', '3M', 'FYTD' ) and business_date < cast( '2015-06-30' as date ) ) -- MTD, QTD, 3M, FYTD values prior to 2015-06-30 are invalid
			and not ( period in ( '1Y' ) and business_date < cast( '2016-04-30' as date ) ) -- 1Y values prior to 2016-04-30 are invalid
			and not ( period in ( '4Y+FYTD', '5Y' ) and business_date < cast( '2020-03-31' as date ) ) -- 5Y values prior to 2020-03-31 are invalid
			and value is not null
), cmb_filtered_final as (
	/* Adding columns needed specifically for QuickSight dashboard due to limitations */
	select
		  cmb_filtered.*
		, format( '%1$tY-%1$tm', business_date ) as year_month
		, case
			when period = 'MTD' then '1. MTD'
			when period = 'QTD' then '2. QTD'
			when period = '3M' then '3. 3M'
			when period = 'FYTD' then '4. FYTD'
			when period = '1Y' then '5. 1Y'
			when period = '4Y+FYTD' then '6. 4Y+FYTD'
			when period = '5Y' then '7. 5Y'
		  end period_sorted
	from 
		cmb_filtered
)
select * from cmb_filtered_final) AS ""finsights_perf_attribution_DEV"""
e4a964689d6088c5e7b50b391469fc3f66861a1b0c52c807fc685464b7378077,"/* cppi::e4a964689d6088c5e7b50b391469fc3f66861a1b0c52c807fc685464b7378077 */
/* QuickSight 77fffb13-5634-4cbb-b9ea-8c52970b9323 */
SELECT ""business_date"", ""dataset_id"", ""metric_group_l1"", ""metric_group_l2"", ""metric"", ""metric_friendly_name"", ""level"", ""investment_structure_l2"", ""attribution_node"", ""currency"", ""period"", ""value"", ""last_update"", ""year_month"", ""period_sorted""
FROM (with base as (
	select 
		  case
	  		when dataset_id in ( 'TOTALFUND', 'CMBP_NET' ) and ""level"" = 0 then 'IPN_TF'
	  		else dataset_id
		  end dataset_id
		, business_date
		, ""level""
		, case
			when dataset_id like '%_TF' or ""dataset_id"" in ( 'TOTALFUND', 'CMBP_NET' ) then 'Total Fund'	
			when dataset_id like '%_C' then 'Core'
			when dataset_id like '%_S' then 'Supplementary'
		  end node_name
		, case
			when metric like '%rc' then 'CAD'
			when metric like '%lc' then 'Local'
			else 'FX'
		  end currency
		, case
			when metric like '%qtd%' then 'QTD'
			when metric like '%3m_roll%' then '3M'
			when metric like '%fytd%' then 'FYTD'
			when metric like '%1y_roll%' then '1Y'
			when metric like '%4yp%' then '4Y+FYTD'
			when metric like '%5y_roll%' then '5Y'
			else 'MTD'
		  end period
		, value
		, last_update
	from (
		select
			  dataset_id 
			, business_date 
			, ""level"" 
			, time_weighted_return_rc 
			, time_weighted_return_lc
			--, time_weighted_return_fx 
			, time_weighted_return_qtd_rc 
			, time_weighted_return_qtd_lc 
			--, time_weighted_return_fx_qtd 
			, time_weighted_return_3m_roll_rc 
			, time_weighted_return_3m_roll_lc 
			--, time_weighted_return_fx_3m_roll 
			, time_weighted_return_fytd_rc 
			, time_weighted_return_fytd_lc 
			--, time_weighted_return_fx_fytd 
			, time_weighted_return_1y_roll_rc 
			, time_weighted_return_1y_roll_lc 
			--, time_weighted_return_fx_1y_roll 
			, time_weighted_return_4yp_rc 
			, time_weighted_return_4yp_lc 
			--, time_weighted_return_fx_4yp 
			, time_weighted_return_5y_roll_rc 
			, time_weighted_return_5y_roll_lc 
			--, time_weighted_return_fx_5y_roll 
			, last_update 
		from 
			performance_dev.perf_top_down_monthly 
		where 
			dataset_id in (
				/* TOTAL FUND */
				  'MRP_TF'
				, 'RP_TF'
				, 'ATP_TF'
				, 'RISK_APP_TF'
				, 'DIV_LVG_TF'
				, 'INV_SELECT_TF'
				/* CORE POOL */
				, 'MRP_C'
				, 'RP_C'
				, 'ATP_C'
				, 'RISK_APP_C'
				, 'DIV_LVG_C'
				, 'INV_SELECT_C'
				/* SUPP POOL */
				, 'MRP_S'
				, 'RP_S'
				, 'ATP_S'
				, 'RISK_APP_S'
				, 'DIV_LVG_S'
				, 'INV_SELECT_S'
			)
			and ""level"" = 1
			and periods_per_year = 12 -- pull monthly values only
		union all
		select
			  dataset_id 
			, business_date 
			, ""level""
			-- for below, TOTALFUND local and FX values should be not used; CMBP_NET CAD values should not be used
			, case when dataset_id = 'CMBP_NET' then null else time_weighted_return_rc end time_weighted_return_rc
			, case when dataset_id = 'TOTALFUND' then null else time_weighted_return_lc end time_weighted_return_lc
			--, case when dataset_id = 'TOTALFUND' then null else time_weighted_return_fx end time_weighted_return_fx
			, case when dataset_id = 'CMBP_NET' then null else time_weighted_return_qtd_rc end time_weighted_return_qtd_rc
			, case when dataset_id = 'TOTALFUND' then null else time_weighted_return_qtd_lc end time_weighted_return_qtd_lc
			--, case when dataset_id = 'TOTALFUND' then null else time_weighted_return_fx_qtd end time_weighted_return_fx_qtd
			, case when dataset_id = 'CMBP_NET' then null else time_weighted_return_3m_roll_rc end time_weighted_return_3m_roll_rc
			, case when dataset_id = 'TOTALFUND' then null else time_weighted_return_3m_roll_lc end time_weighted_return_3m_roll_lc
			--, case when dataset_id = 'TOTALFUND' then null else time_weighted_return_fx_3m_roll end time_weighted_return_fx_3m_roll
			, case when dataset_id = 'CMBP_NET' then null else time_weighted_return_fytd_rc end time_weighted_return_fytd_rc
			, case when dataset_id = 'TOTALFUND' then null else time_weighted_return_fytd_lc end time_weighted_return_fytd_lc
			--, case when dataset_id = 'TOTALFUND' then null else time_weighted_return_fx_fytd end time_weighted_return_fx_fytd
			, case when dataset_id = 'CMBP_NET' then null else time_weighted_return_1y_roll_rc end time_weighted_return_1y_roll_rc
			, case when dataset_id = 'TOTALFUND' then null else time_weighted_return_1y_roll_lc end time_weighted_return_1y_roll_lc
			--, case when dataset_id = 'TOTALFUND' then null else time_weighted_return_fx_1y_roll end time_weighted_return_fx_1y_roll
			, case when dataset_id = 'CMBP_NET' then null else time_weighted_return_4yp_rc end time_weighted_return_4yp_rc
			, case when dataset_id = 'TOTALFUND' then null else time_weighted_return_4yp_lc end time_weighted_return_4yp_lc
			--, case when dataset_id = 'TOTALFUND' then null else time_weighted_return_fx_4yp end time_weighted_return_fx_4yp
			, case when dataset_id = 'CMBP_NET' then null else time_weighted_return_5y_roll_rc end time_weighted_return_5y_roll_rc
			, case when dataset_id = 'TOTALFUND' then null else time_weighted_return_5y_roll_lc end time_weighted_return_5y_roll_lc
			--, case when dataset_id = 'TOTALFUND' then null else time_weighted_return_fx_5y_roll end time_weighted_return_fx_5y_roll
			, last_update
		from 
			performance_dev.perf_bottom_up_monthly 
		where 
			(
				dataset_id in (
					/* CORE POOL */
					  'IPN_C'
					--, 'SAP_C'
					/* SUPP POOL */
					, 'IPN_S'
					--, 'SAP_S'
				)
				and node_id = '2'
			)
			or
			(	/* TOTAL FUND */
				dataset_id in ( 'TOTALFUND', 'CMBP_NET' )
				and ""level"" = 0
			)
			and periods_per_year = 12 -- pull monthly values only
	) base_pivot
	cross join unnest(
		/* METRIC */
		array[
		  	  'time_weighted_return_rc' 
			, 'time_weighted_return_lc'
			--, 'time_weighted_return_fx' 
			, 'time_weighted_return_qtd_rc' 
			, 'time_weighted_return_qtd_lc' 
			--, 'time_weighted_return_fx_qtd' 
			, 'time_weighted_return_3m_roll_rc' 
			, 'time_weighted_return_3m_roll_lc' 
			--, 'time_weighted_return_fx_3m_roll' 
			, 'time_weighted_return_fytd_rc' 
			, 'time_weighted_return_fytd_lc' 
			--, 'time_weighted_return_fx_fytd' 
			, 'time_weighted_return_1y_roll_rc' 
			, 'time_weighted_return_1y_roll_lc' 
			--, 'time_weighted_return_fx_1y_roll' 
			, 'time_weighted_return_4yp_rc' 
			, 'time_weighted_return_4yp_lc' 
			--, 'time_weighted_return_fx_4yp' 
			, 'time_weighted_return_5y_roll_rc' 
			, 'time_weighted_return_5y_roll_lc' 
			--, 'time_weighted_return_fx_5y_roll'
		  ]
		/* VALUE */
		, array[
			  time_weighted_return_rc 
			, time_weighted_return_lc
			--, time_weighted_return_fx 
			, time_weighted_return_qtd_rc 
			, time_weighted_return_qtd_lc 
			--, time_weighted_return_fx_qtd 
			, time_weighted_return_3m_roll_rc 
			, time_weighted_return_3m_roll_lc 
			--, time_weighted_return_fx_3m_roll 
			, time_weighted_return_fytd_rc 
			, time_weighted_return_fytd_lc 
			--, time_weighted_return_fx_fytd 
			, time_weighted_return_1y_roll_rc 
			, time_weighted_return_1y_roll_lc 
			--, time_weighted_return_fx_1y_roll 
			, time_weighted_return_4yp_rc 
			, time_weighted_return_4yp_lc 
			--, time_weighted_return_fx_4yp 
			, time_weighted_return_5y_roll_rc 
			, time_weighted_return_5y_roll_lc 
			--, time_weighted_return_fx_5y_roll 
		  ]
	) unpivot ( metric, value )
), inv_select_dept_ex_tfm as (
	select
		  dataset_id
		, business_date
		, ""level""
		, node_name
		, 'Local' as currency
		, case
			when metric like '%qtd%' then 'QTD'
			when metric like '%3m_roll%' then '3M'
			when metric like '%fytd%' then 'FYTD'
			when metric like '%1y_roll%' then '1Y'
			when metric like '%4yp%' then '4Y+FYTD'
			when metric like '%5y_roll%' then '5Y'
			else 'MTD'
		  end period
		, value
		, last_update
	from (		
		select
			  dataset_id 
			, business_date 
			, ""level"" 
			, node_name 
			, contribution_fytd_lc 
			, contribution_4yp_lc
			, contribution_5y_roll_lc 
			, last_update 
		from 
			performance_dev.perf_top_down_monthly 
		where 
			dataset_id = 'SEC_SELECT_C'
			and ""level"" = 2
			and node_name != 'Total Fund Management'
	) inv_select_dept_ex_tfm_pivot
	cross join unnest (
		/* METRIC */
		array [
			  'contribution_fytd_lc'
			, 'contribution_4yp_lc'
			, 'contribution_5y_roll_lc'
		]
		/* VALUE */
		, array [
			  contribution_fytd_lc 
			, contribution_4yp_lc
			, contribution_5y_roll_lc 
		]
	) inv_select_dept_ex_tfm_unpivot ( metric, value )
), inv_select_dept_tfm as (
	select 
		  'SEC_SELECT_C' as dataset_id
		, inv_select.business_date
		, 2 as ""level""
		, 'Total Fund Management' as node_name
		, 'Local' as currency
		, inv_select.period
		--, inv_select.value as inv_select_value
		--, dept_contr.value as dept_contr_value
		, inv_select.value - dept_contr.value as value
		, greatest( inv_select.last_update, dept_contr.last_update ) as last_update
	from (
		/* Investment Selection */
		select *
		from 
			base
		where
			dataset_id = 'INV_SELECT_C'
			and currency = 'CAD'
	) inv_select
	inner join (
		/* Dept Contribution ex TFM */
		select
			  dataset_id
			, business_date
			, ""level""
			, currency
			, period
			, sum( value ) as value
			, max( last_update ) as last_update
		from
			inv_select_dept_ex_tfm
		group by 
			  dataset_id
			, business_date
			, ""level""
			, currency
			, period
	) dept_contr
		on inv_select.business_date = dept_contr.business_date
		and inv_select.period = dept_contr.period
), cmb as (
	select
		  business_date
		, dataset_id
		, metric_group_l1
		, case 
				when currency = 'FX' then (
					case
						when regexp_like( dataset_id, '^DIV_LVG_(TF|C|S)$' ) then 'Diversification & Leverage'
						when regexp_like( dataset_id, '^INV_SELECT_(TF|C|S)$' ) then 'Investment Selection'
						else metric_friendly_name
					end
				)
				when currency = 'CAD' then (
					case
						when regexp_like( dataset_id, '^DIV_LVG_(TF|C|S)$' ) then 'Diversification & Leverage'
						when regexp_like( dataset_id, '^INV_SELECT_(TF|C|S)$' ) then 'Investment Selection'
						else metric_friendly_name
					end
				)
				when currency = 'Local' then (
					case 
						when regexp_like( dataset_id, '^LEVERAGE_(TF|C|S)$' ) then 'Diversification & Leverage'
						when regexp_like( dataset_id, 'ATP_(TF|C|S)\s\-\sRPL__(TF|C|S)' ) then 'Diversification & Leverage'
						when regexp_like( dataset_id, '^STGY_COMP_(TF|C|S)$' ) then 'Investment Selection'
						when regexp_like( dataset_id, '^SEC_SELECT_(TF|C|S)$' ) then 'Investment Selection'
						else metric_friendly_name
					end
				)
				else metric_friendly_name
		  end metric_group_l2
		, metric
		, metric_friendly_name
		, ""level""
		, investment_structure_l2
		, metric_friendly_name as attribution_node
		, currency
		, period
		, value
		, last_update
	from (
		select
			  business_date 
			, dataset_id
			, case 
				/* Headline Attribution */
				when dataset_id in (
					/* TOTAL FUND */
					  'RISK_APP_TF'
					, 'DIV_LVG_TF'
					, 'INV_SELECT_TF'
					, 'DIV_LVG_TF + INV_SELECT_TF'
					, 'IPN_TF - MRP_TF'
					/* CORE POOL */
					, 'RISK_APP_C'
					, 'DIV_LVG_C'
					, 'INV_SELECT_C'
					, 'DIV_LVG_C + INV_SELECT_C'
					, 'IPN_C - MRP_C'
					/* SUPP POOL */
					, 'RISK_APP_S'
					, 'DIV_LVG_S'
					, 'INV_SELECT_S'
					, 'DIV_LVG_S + INV_SELECT_S'
					, 'IPN_S - MRP_S'
				)
				and currency = 'CAD'
				then 'Headline Attribution'
				/* Mainline Attribution */
				when dataset_id in (
					/* TOTAL FUND */
					  'LEVERAGE_TF'
					, 'ATP_TF - RPL_TF'
					, 'STGY_COMP_TF'
					, 'SEC_SELECT_TF'
					/* CORE POOL */
					, 'LEVERAGE_C'
					, 'ATP_C - RPL_C'
					, 'STGY_COMP_C'
					, 'SEC_SELECT_C'
					/* SUPP POOL */
					, 'LEVERAGE_S'
					, 'ATP_S - RPL_S'
					, 'STGY_COMP_S'
					, 'SEC_SELECT_S'
				)
				and currency = 'Local' 
				then 'Mainline Attribution'
				/* Mainline Attribution FX */
				when dataset_id in (
					/* TOTAL FUND */
					  'DIV_LVG_TF'
					, 'INV_SELECT_TF'
					/* CORE POOL */
					, 'DIV_LVG_C'
					, 'INV_SELECT_C'
					/* SUPP POOL */
					, 'DIV_LVG_S'
					, 'INV_SELECT_S'
				)
				and currency = 'FX'
				then 'Mainline Attribution'
				/* Portfolio Returns */
				when dataset_id in (
					/* TOTAL FUND */
					  'MRP_TF'
					, 'RP_TF'
					, 'ATP_TF'
					, 'RPL_TF'
					, 'SAP_TF'
					, 'IPN_TF'
					/* CORE POOL */
					, 'MRP_C'
					, 'RP_C'
					, 'ATP_C'
					, 'RPL_C'
					, 'SAP_C'
					, 'IPN_C'
					/* SUPP POOL */
					, 'MRP_S'
					, 'RP_S'
					, 'ATP_S'
					, 'RPL_S'
					, 'SAP_S'
					, 'IPN_S'
				)
				then 'Portfolio Returns'
			  end metric_group_l1
			, case 
					when currency = 'FX' then (
						case
							when regexp_like( dataset_id, '^DIV_LVG_(TF|C|S)$' ) then 'BP FX - RP FX' /*'ATP FX - RP FX'*/
							when regexp_like( dataset_id, '^INV_SELECT_(TF|C|S)$' ) then 'IP FX - BP FX' /*'IP FX - ATP FX'*/
							when regexp_like( dataset_id, '^IPN_(TF|C|S)$' ) then 'IP FX'
							when regexp_like( dataset_id, '(^MRP_(TF|C|S)$)|(^RP_(TF|S|C)$)|(^ATP_(TF|S|C)$)|(^RPL_(TF|S|C)$)|(^SAP_(TF|S|C)$)' ) then replace( replace( regexp_extract( dataset_id, '.*\_' ), 'ATP', 'BP' ), '_', ' FX' )
						end
					)
					when regexp_like( dataset_id, '^IPN_(TF|C|S)$' ) then 'IP'
					when regexp_like( dataset_id, '(^MRP_(TF|C|S)$)|(^RP_(TF|S|C)$)|(^ATP_(TF|S|C)$)|(^RPL_(TF|S|C)$)|(^SAP_(TF|S|C)$)' ) THEN replace( replace( regexp_extract( dataset_id, '.*\_' ), 'ATP', 'BP' ), '_', '' )
					when currency = 'CAD' then (
						case
							when regexp_like( dataset_id, '^RISK_APP_(TF|C|S)$' ) THEN 'RP - MRP'
							when regexp_like( dataset_id, '^DIV_LVG_(TF|C|S)$' ) then 'BP - RP' /*'ATP - RP'*/
							when regexp_like( dataset_id, '^INV_SELECT_(TF|C|S)$' ) then 'IP - BP' /*'IP - ATP'*/
							when regexp_like( dataset_id, 'DIV_LVG_(TF|C|S)\s\+\sINV_SELECT_(TF|C|S)' ) then 'IP - RP'
							when regexp_like( dataset_id, 'IPN_(TF|C|S)\s\-\sMRP_(TF|C|S)' ) then 'IP - MRP'
						end
					)
					when currency = 'Local' then (
						case 
							when regexp_like( dataset_id, '^LEVERAGE_(TF|C|S)$' ) then 'RPL - RP'
							when regexp_like( dataset_id, 'ATP_(TF|C|S)\s\-\sRPL__(TF|C|S)' ) then 'BP - RPL' /*'ATP - RPL'*/
							when regexp_like( dataset_id, '^STGY_COMP_(TF|C|S)$' ) then 'SAP - BP' /*'SAP - ATP'*/
							when regexp_like( dataset_id, '^SEC_SELECT_(TF|C|S)$' ) then 'IP - SAP'
						end
					)
			  end metric
			, case 
					when currency = 'FX' then (
						case
							when regexp_like( dataset_id, '^DIV_LVG_(TF|C|S)$' ) then 'Currency (Diversification & Leverage)'
							when regexp_like( dataset_id, '^INV_SELECT_(TF|C|S)$' ) then 'Currency (Investment Selection)'
							when regexp_like( dataset_id, '^MRP_(TF|C|S)$' ) then 'Minimum Return Portfolio FX'
							when regexp_like( dataset_id, '^RP_(TF|C|S)$' ) then 'Reference Portfolio FX'
							when regexp_like( dataset_id, '^ATP_(TF|C|S)$' ) then 'Benchmark Portfolio FX' /*'Annual Target Portfolio FX'*/
							when regexp_like( dataset_id, '^RPL_(TF|C|S)$' ) then 'Leveraged Reference Portfolio FX'
							when regexp_like( dataset_id, '^SAP_(TF|C|S)$' ) then 'Strategy Alternative Portfolio FX'
							when regexp_like( dataset_id, '^IPN_(TF|C|S)$' ) then 'Investment Portfolio FX'
						end
					)
					when regexp_like( dataset_id, '^MRP_(TF|C|S)$' ) then 'Minimum Return Portfolio'
					when regexp_like( dataset_id, '^RP_(TF|C|S)$' ) then 'Reference Portfolio'
					when regexp_like( dataset_id, '^ATP_(TF|C|S)$' ) then 'Benchmark Portfolio' /*'Annual Target Portfolio'*/
					when regexp_like( dataset_id, '^RPL_(TF|C|S)$' ) then 'Leveraged Reference Portfolio'
					when regexp_like( dataset_id, '^SAP_(TF|C|S)$' ) then 'Strategy Alternative Portfolio'
					when regexp_like( dataset_id, '^IPN_(TF|C|S)$' ) then 'Investment Portfolio'
					when currency = 'CAD' then (
						case
							when regexp_like( dataset_id, '^RISK_APP_(TF|C|S)$' ) then 'Risk Appetite'
							when regexp_like( dataset_id, '^DIV_LVG_(TF|C|S)$' ) then 'Diversification & Leverage'
							when regexp_like( dataset_id, '^INV_SELECT_(TF|C|S)$' ) then 'Investment Selection'
							when regexp_like( dataset_id, 'DIV_LVG_(TF|C|S)\s\+\sINV_SELECT_(TF|C|S)' ) then 'Value-Added (IP - RP)' 
							when regexp_like( dataset_id, 'IPN_(TF|C|S)\s\-\sMRP_(TF|C|S)' ) then 'Incremental Return (IP - MRP)' 
						end
					)
					when currency = 'Local' then (
						case 
							when regexp_like( dataset_id, '^LEVERAGE_(TF|C|S)$' ) then 'Leverage'
							when regexp_like( dataset_id, 'ATP_(TF|C|S)\s\-\sRPL__(TF|C|S)' ) then 'Diversification'
							when regexp_like( dataset_id, '^STGY_COMP_(TF|C|S)$' ) then 'Strategy Composition'
							when regexp_like( dataset_id, '^SEC_SELECT_(TF|C|S)$' ) then 'Security Selection'
						end
					)
			  end metric_friendly_name
			, ""level""
			, node_name as investment_structure_l2
			, currency
			, period
			, value
			, last_update
		from (
			select * from base
			union all
			select * from inv_select_dept_ex_tfm
			union all
			select * from inv_select_dept_tfm
		) combined
	) combined_mapped
), cmb_filtered as (
	select 	*
	from 	cmb
	where 	metric_group_l1 is not null
			and business_date = date_trunc('month', business_date) + interval '1' month - interval '1' day -- pull month-end dates only
			and not ( period in ( 'MTD', 'QTD', '3M', 'FYTD' ) and business_date < cast( '2015-06-30' as date ) ) -- MTD, QTD, 3M, FYTD values prior to 2015-06-30 are invalid
			and not ( period in ( '1Y' ) and business_date < cast( '2016-04-30' as date ) ) -- 1Y values prior to 2016-04-30 are invalid
			and not ( period in ( '4Y+FYTD', '5Y' ) and business_date < cast( '2020-03-31' as date ) ) -- 5Y values prior to 2020-03-31 are invalid
			and value is not null
), cmb_filtered_final as (
	/* Adding columns needed specifically for QuickSight dashboard due to limitations */
	select
		  cmb_filtered.*
		, format( '%1$tY-%1$tm', business_date ) as year_month
		, case
			when period = 'MTD' then '1. MTD'
			when period = 'QTD' then '2. QTD'
			when period = '3M' then '3. 3M'
			when period = 'FYTD' then '4. FYTD'
			when period = '1Y' then '5. 1Y'
			when period = '4Y+FYTD' then '6. 4Y+FYTD'
			when period = '5Y' then '7. 5Y'
		  end period_sorted
	from 
		cmb_filtered
)
select * from cmb_filtered_final) AS ""finsights_perf_attribution_DEV"""
e4a964689d6088c5e7b50b391469fc3f66861a1b0c52c807fc685464b7378077,"/* cppi::e4a964689d6088c5e7b50b391469fc3f66861a1b0c52c807fc685464b7378077 */
/* QuickSight 77fffb13-5634-4cbb-b9ea-8c52970b9323 */
SELECT ""business_date"", ""dataset_id"", ""metric_group_l1"", ""metric_group_l2"", ""metric"", ""metric_friendly_name"", ""level"", ""investment_structure_l2"", ""attribution_node"", ""currency"", ""period"", ""value"", ""last_update"", ""year_month"", ""period_sorted""
FROM (with base as (
	select 
		  case
	  		when dataset_id in ( 'TOTALFUND', 'CMBP_NET' ) and ""level"" = 0 then 'IPN_TF'
	  		else dataset_id
		  end dataset_id
		, business_date
		, ""level""
		, case
			when dataset_id like '%_TF' or ""dataset_id"" in ( 'TOTALFUND', 'CMBP_NET' ) then 'Total Fund'	
			when dataset_id like '%_C' then 'Core'
			when dataset_id like '%_S' then 'Supplementary'
		  end node_name
		, case
			when metric like '%rc' then 'CAD'
			when metric like '%lc' then 'Local'
			else 'FX'
		  end currency
		, case
			when metric like '%qtd%' then 'QTD'
			when metric like '%3m_roll%' then '3M'
			when metric like '%fytd%' then 'FYTD'
			when metric like '%1y_roll%' then '1Y'
			when metric like '%4yp%' then '4Y+FYTD'
			when metric like '%5y_roll%' then '5Y'
			else 'MTD'
		  end period
		, value
		, last_update
	from (
		select
			  dataset_id 
			, business_date 
			, ""level"" 
			, time_weighted_return_rc 
			, time_weighted_return_lc
			--, time_weighted_return_fx 
			, time_weighted_return_qtd_rc 
			, time_weighted_return_qtd_lc 
			--, time_weighted_return_fx_qtd 
			, time_weighted_return_3m_roll_rc 
			, time_weighted_return_3m_roll_lc 
			--, time_weighted_return_fx_3m_roll 
			, time_weighted_return_fytd_rc 
			, time_weighted_return_fytd_lc 
			--, time_weighted_return_fx_fytd 
			, time_weighted_return_1y_roll_rc 
			, time_weighted_return_1y_roll_lc 
			--, time_weighted_return_fx_1y_roll 
			, time_weighted_return_4yp_rc 
			, time_weighted_return_4yp_lc 
			--, time_weighted_return_fx_4yp 
			, time_weighted_return_5y_roll_rc 
			, time_weighted_return_5y_roll_lc 
			--, time_weighted_return_fx_5y_roll 
			, last_update 
		from 
			performance_dev.perf_top_down_monthly 
		where 
			dataset_id in (
				/* TOTAL FUND */
				  'MRP_TF'
				, 'RP_TF'
				, 'ATP_TF'
				, 'RISK_APP_TF'
				, 'DIV_LVG_TF'
				, 'INV_SELECT_TF'
				/* CORE POOL */
				, 'MRP_C'
				, 'RP_C'
				, 'ATP_C'
				, 'RISK_APP_C'
				, 'DIV_LVG_C'
				, 'INV_SELECT_C'
				/* SUPP POOL */
				, 'MRP_S'
				, 'RP_S'
				, 'ATP_S'
				, 'RISK_APP_S'
				, 'DIV_LVG_S'
				, 'INV_SELECT_S'
			)
			and ""level"" = 1
			and periods_per_year = 12 -- pull monthly values only
		union all
		select
			  dataset_id 
			, business_date 
			, ""level""
			-- for below, TOTALFUND local and FX values should be not used; CMBP_NET CAD values should not be used
			, case when dataset_id = 'CMBP_NET' then null else time_weighted_return_rc end time_weighted_return_rc
			, case when dataset_id = 'TOTALFUND' then null else time_weighted_return_lc end time_weighted_return_lc
			--, case when dataset_id = 'TOTALFUND' then null else time_weighted_return_fx end time_weighted_return_fx
			, case when dataset_id = 'CMBP_NET' then null else time_weighted_return_qtd_rc end time_weighted_return_qtd_rc
			, case when dataset_id = 'TOTALFUND' then null else time_weighted_return_qtd_lc end time_weighted_return_qtd_lc
			--, case when dataset_id = 'TOTALFUND' then null else time_weighted_return_fx_qtd end time_weighted_return_fx_qtd
			, case when dataset_id = 'CMBP_NET' then null else time_weighted_return_3m_roll_rc end time_weighted_return_3m_roll_rc
			, case when dataset_id = 'TOTALFUND' then null else time_weighted_return_3m_roll_lc end time_weighted_return_3m_roll_lc
			--, case when dataset_id = 'TOTALFUND' then null else time_weighted_return_fx_3m_roll end time_weighted_return_fx_3m_roll
			, case when dataset_id = 'CMBP_NET' then null else time_weighted_return_fytd_rc end time_weighted_return_fytd_rc
			, case when dataset_id = 'TOTALFUND' then null else time_weighted_return_fytd_lc end time_weighted_return_fytd_lc
			--, case when dataset_id = 'TOTALFUND' then null else time_weighted_return_fx_fytd end time_weighted_return_fx_fytd
			, case when dataset_id = 'CMBP_NET' then null else time_weighted_return_1y_roll_rc end time_weighted_return_1y_roll_rc
			, case when dataset_id = 'TOTALFUND' then null else time_weighted_return_1y_roll_lc end time_weighted_return_1y_roll_lc
			--, case when dataset_id = 'TOTALFUND' then null else time_weighted_return_fx_1y_roll end time_weighted_return_fx_1y_roll
			, case when dataset_id = 'CMBP_NET' then null else time_weighted_return_4yp_rc end time_weighted_return_4yp_rc
			, case when dataset_id = 'TOTALFUND' then null else time_weighted_return_4yp_lc end time_weighted_return_4yp_lc
			--, case when dataset_id = 'TOTALFUND' then null else time_weighted_return_fx_4yp end time_weighted_return_fx_4yp
			, case when dataset_id = 'CMBP_NET' then null else time_weighted_return_5y_roll_rc end time_weighted_return_5y_roll_rc
			, case when dataset_id = 'TOTALFUND' then null else time_weighted_return_5y_roll_lc end time_weighted_return_5y_roll_lc
			--, case when dataset_id = 'TOTALFUND' then null else time_weighted_return_fx_5y_roll end time_weighted_return_fx_5y_roll
			, last_update
		from 
			performance_dev.perf_bottom_up_monthly 
		where 
			(
				dataset_id in (
					/* CORE POOL */
					  'IPN_C'
					--, 'SAP_C'
					/* SUPP POOL */
					, 'IPN_S'
					--, 'SAP_S'
				)
				and node_id = '2'
			)
			or
			(	/* TOTAL FUND */
				dataset_id in ( 'TOTALFUND', 'CMBP_NET' )
				and ""level"" = 0
			)
			and periods_per_year = 12 -- pull monthly values only
	) base_pivot
	cross join unnest(
		/* METRIC */
		array[
		  	  'time_weighted_return_rc' 
			, 'time_weighted_return_lc'
			--, 'time_weighted_return_fx' 
			, 'time_weighted_return_qtd_rc' 
			, 'time_weighted_return_qtd_lc' 
			--, 'time_weighted_return_fx_qtd' 
			, 'time_weighted_return_3m_roll_rc' 
			, 'time_weighted_return_3m_roll_lc' 
			--, 'time_weighted_return_fx_3m_roll' 
			, 'time_weighted_return_fytd_rc' 
			, 'time_weighted_return_fytd_lc' 
			--, 'time_weighted_return_fx_fytd' 
			, 'time_weighted_return_1y_roll_rc' 
			, 'time_weighted_return_1y_roll_lc' 
			--, 'time_weighted_return_fx_1y_roll' 
			, 'time_weighted_return_4yp_rc' 
			, 'time_weighted_return_4yp_lc' 
			--, 'time_weighted_return_fx_4yp' 
			, 'time_weighted_return_5y_roll_rc' 
			, 'time_weighted_return_5y_roll_lc' 
			--, 'time_weighted_return_fx_5y_roll'
		  ]
		/* VALUE */
		, array[
			  time_weighted_return_rc 
			, time_weighted_return_lc
			--, time_weighted_return_fx 
			, time_weighted_return_qtd_rc 
			, time_weighted_return_qtd_lc 
			--, time_weighted_return_fx_qtd 
			, time_weighted_return_3m_roll_rc 
			, time_weighted_return_3m_roll_lc 
			--, time_weighted_return_fx_3m_roll 
			, time_weighted_return_fytd_rc 
			, time_weighted_return_fytd_lc 
			--, time_weighted_return_fx_fytd 
			, time_weighted_return_1y_roll_rc 
			, time_weighted_return_1y_roll_lc 
			--, time_weighted_return_fx_1y_roll 
			, time_weighted_return_4yp_rc 
			, time_weighted_return_4yp_lc 
			--, time_weighted_return_fx_4yp 
			, time_weighted_return_5y_roll_rc 
			, time_weighted_return_5y_roll_lc 
			--, time_weighted_return_fx_5y_roll 
		  ]
	) unpivot ( metric, value )
), inv_select_dept_ex_tfm as (
	select
		  dataset_id
		, business_date
		, ""level""
		, node_name
		, 'Local' as currency
		, case
			when metric like '%qtd%' then 'QTD'
			when metric like '%3m_roll%' then '3M'
			when metric like '%fytd%' then 'FYTD'
			when metric like '%1y_roll%' then '1Y'
			when metric like '%4yp%' then '4Y+FYTD'
			when metric like '%5y_roll%' then '5Y'
			else 'MTD'
		  end period
		, value
		, last_update
	from (		
		select
			  dataset_id 
			, business_date 
			, ""level"" 
			, node_name 
			, contribution_fytd_lc 
			, contribution_4yp_lc
			, contribution_5y_roll_lc 
			, last_update 
		from 
			performance_dev.perf_top_down_monthly 
		where 
			dataset_id = 'SEC_SELECT_C'
			and ""level"" = 2
			and node_name != 'Total Fund Management'
	) inv_select_dept_ex_tfm_pivot
	cross join unnest (
		/* METRIC */
		array [
			  'contribution_fytd_lc'
			, 'contribution_4yp_lc'
			, 'contribution_5y_roll_lc'
		]
		/* VALUE */
		, array [
			  contribution_fytd_lc 
			, contribution_4yp_lc
			, contribution_5y_roll_lc 
		]
	) inv_select_dept_ex_tfm_unpivot ( metric, value )
), inv_select_dept_tfm as (
	select 
		  'SEC_SELECT_C' as dataset_id
		, inv_select.business_date
		, 2 as ""level""
		, 'Total Fund Management' as node_name
		, 'Local' as currency
		, inv_select.period
		--, inv_select.value as inv_select_value
		--, dept_contr.value as dept_contr_value
		, inv_select.value - dept_contr.value as value
		, greatest( inv_select.last_update, dept_contr.last_update ) as last_update
	from (
		/* Investment Selection */
		select *
		from 
			base
		where
			dataset_id = 'INV_SELECT_C'
			and currency = 'CAD'
	) inv_select
	inner join (
		/* Dept Contribution ex TFM */
		select
			  dataset_id
			, business_date
			, ""level""
			, currency
			, period
			, sum( value ) as value
			, max( last_update ) as last_update
		from
			inv_select_dept_ex_tfm
		group by 
			  dataset_id
			, business_date
			, ""level""
			, currency
			, period
	) dept_contr
		on inv_select.business_date = dept_contr.business_date
		and inv_select.period = dept_contr.period
), cmb as (
	select
		  business_date
		, dataset_id
		, metric_group_l1
		, case 
				when currency = 'FX' then (
					case
						when regexp_like( dataset_id, '^DIV_LVG_(TF|C|S)$' ) then 'Diversification & Leverage'
						when regexp_like( dataset_id, '^INV_SELECT_(TF|C|S)$' ) then 'Investment Selection'
						else metric_friendly_name
					end
				)
				when currency = 'CAD' then (
					case
						when regexp_like( dataset_id, '^DIV_LVG_(TF|C|S)$' ) then 'Diversification & Leverage'
						when regexp_like( dataset_id, '^INV_SELECT_(TF|C|S)$' ) then 'Investment Selection'
						else metric_friendly_name
					end
				)
				when currency = 'Local' then (
					case 
						when regexp_like( dataset_id, '^LEVERAGE_(TF|C|S)$' ) then 'Diversification & Leverage'
						when regexp_like( dataset_id, 'ATP_(TF|C|S)\s\-\sRPL__(TF|C|S)' ) then 'Diversification & Leverage'
						when regexp_like( dataset_id, '^STGY_COMP_(TF|C|S)$' ) then 'Investment Selection'
						when regexp_like( dataset_id, '^SEC_SELECT_(TF|C|S)$' ) then 'Investment Selection'
						else metric_friendly_name
					end
				)
				else metric_friendly_name
		  end metric_group_l2
		, metric
		, metric_friendly_name
		, ""level""
		, investment_structure_l2
		, metric_friendly_name as attribution_node
		, currency
		, period
		, value
		, last_update
	from (
		select
			  business_date 
			, dataset_id
			, case 
				/* Headline Attribution */
				when dataset_id in (
					/* TOTAL FUND */
					  'RISK_APP_TF'
					, 'DIV_LVG_TF'
					, 'INV_SELECT_TF'
					, 'DIV_LVG_TF + INV_SELECT_TF'
					, 'IPN_TF - MRP_TF'
					/* CORE POOL */
					, 'RISK_APP_C'
					, 'DIV_LVG_C'
					, 'INV_SELECT_C'
					, 'DIV_LVG_C + INV_SELECT_C'
					, 'IPN_C - MRP_C'
					/* SUPP POOL */
					, 'RISK_APP_S'
					, 'DIV_LVG_S'
					, 'INV_SELECT_S'
					, 'DIV_LVG_S + INV_SELECT_S'
					, 'IPN_S - MRP_S'
				)
				and currency = 'CAD'
				then 'Headline Attribution'
				/* Mainline Attribution */
				when dataset_id in (
					/* TOTAL FUND */
					  'LEVERAGE_TF'
					, 'ATP_TF - RPL_TF'
					, 'STGY_COMP_TF'
					, 'SEC_SELECT_TF'
					/* CORE POOL */
					, 'LEVERAGE_C'
					, 'ATP_C - RPL_C'
					, 'STGY_COMP_C'
					, 'SEC_SELECT_C'
					/* SUPP POOL */
					, 'LEVERAGE_S'
					, 'ATP_S - RPL_S'
					, 'STGY_COMP_S'
					, 'SEC_SELECT_S'
				)
				and currency = 'Local' 
				then 'Mainline Attribution'
				/* Mainline Attribution FX */
				when dataset_id in (
					/* TOTAL FUND */
					  'DIV_LVG_TF'
					, 'INV_SELECT_TF'
					/* CORE POOL */
					, 'DIV_LVG_C'
					, 'INV_SELECT_C'
					/* SUPP POOL */
					, 'DIV_LVG_S'
					, 'INV_SELECT_S'
				)
				and currency = 'FX'
				then 'Mainline Attribution'
				/* Portfolio Returns */
				when dataset_id in (
					/* TOTAL FUND */
					  'MRP_TF'
					, 'RP_TF'
					, 'ATP_TF'
					, 'RPL_TF'
					, 'SAP_TF'
					, 'IPN_TF'
					/* CORE POOL */
					, 'MRP_C'
					, 'RP_C'
					, 'ATP_C'
					, 'RPL_C'
					, 'SAP_C'
					, 'IPN_C'
					/* SUPP POOL */
					, 'MRP_S'
					, 'RP_S'
					, 'ATP_S'
					, 'RPL_S'
					, 'SAP_S'
					, 'IPN_S'
				)
				then 'Portfolio Returns'
			  end metric_group_l1
			, case 
					when currency = 'FX' then (
						case
							when regexp_like( dataset_id, '^DIV_LVG_(TF|C|S)$' ) then 'BP FX - RP FX' /*'ATP FX - RP FX'*/
							when regexp_like( dataset_id, '^INV_SELECT_(TF|C|S)$' ) then 'IP FX - BP FX' /*'IP FX - ATP FX'*/
							when regexp_like( dataset_id, '^IPN_(TF|C|S)$' ) then 'IP FX'
							when regexp_like( dataset_id, '(^MRP_(TF|C|S)$)|(^RP_(TF|S|C)$)|(^ATP_(TF|S|C)$)|(^RPL_(TF|S|C)$)|(^SAP_(TF|S|C)$)' ) then replace( replace( regexp_extract( dataset_id, '.*\_' ), 'ATP', 'BP' ), '_', ' FX' )
						end
					)
					when regexp_like( dataset_id, '^IPN_(TF|C|S)$' ) then 'IP'
					when regexp_like( dataset_id, '(^MRP_(TF|C|S)$)|(^RP_(TF|S|C)$)|(^ATP_(TF|S|C)$)|(^RPL_(TF|S|C)$)|(^SAP_(TF|S|C)$)' ) THEN replace( replace( regexp_extract( dataset_id, '.*\_' ), 'ATP', 'BP' ), '_', '' )
					when currency = 'CAD' then (
						case
							when regexp_like( dataset_id, '^RISK_APP_(TF|C|S)$' ) THEN 'RP - MRP'
							when regexp_like( dataset_id, '^DIV_LVG_(TF|C|S)$' ) then 'BP - RP' /*'ATP - RP'*/
							when regexp_like( dataset_id, '^INV_SELECT_(TF|C|S)$' ) then 'IP - BP' /*'IP - ATP'*/
							when regexp_like( dataset_id, 'DIV_LVG_(TF|C|S)\s\+\sINV_SELECT_(TF|C|S)' ) then 'IP - RP'
							when regexp_like( dataset_id, 'IPN_(TF|C|S)\s\-\sMRP_(TF|C|S)' ) then 'IP - MRP'
						end
					)
					when currency = 'Local' then (
						case 
							when regexp_like( dataset_id, '^LEVERAGE_(TF|C|S)$' ) then 'RPL - RP'
							when regexp_like( dataset_id, 'ATP_(TF|C|S)\s\-\sRPL__(TF|C|S)' ) then 'BP - RPL' /*'ATP - RPL'*/
							when regexp_like( dataset_id, '^STGY_COMP_(TF|C|S)$' ) then 'SAP - BP' /*'SAP - ATP'*/
							when regexp_like( dataset_id, '^SEC_SELECT_(TF|C|S)$' ) then 'IP - SAP'
						end
					)
			  end metric
			, case 
					when currency = 'FX' then (
						case
							when regexp_like( dataset_id, '^DIV_LVG_(TF|C|S)$' ) then 'Currency (Diversification & Leverage)'
							when regexp_like( dataset_id, '^INV_SELECT_(TF|C|S)$' ) then 'Currency (Investment Selection)'
							when regexp_like( dataset_id, '^MRP_(TF|C|S)$' ) then 'Minimum Return Portfolio FX'
							when regexp_like( dataset_id, '^RP_(TF|C|S)$' ) then 'Reference Portfolio FX'
							when regexp_like( dataset_id, '^ATP_(TF|C|S)$' ) then 'Benchmark Portfolio FX' /*'Annual Target Portfolio FX'*/
							when regexp_like( dataset_id, '^RPL_(TF|C|S)$' ) then 'Leveraged Reference Portfolio FX'
							when regexp_like( dataset_id, '^SAP_(TF|C|S)$' ) then 'Strategy Alternative Portfolio FX'
							when regexp_like( dataset_id, '^IPN_(TF|C|S)$' ) then 'Investment Portfolio FX'
						end
					)
					when regexp_like( dataset_id, '^MRP_(TF|C|S)$' ) then 'Minimum Return Portfolio'
					when regexp_like( dataset_id, '^RP_(TF|C|S)$' ) then 'Reference Portfolio'
					when regexp_like( dataset_id, '^ATP_(TF|C|S)$' ) then 'Benchmark Portfolio' /*'Annual Target Portfolio'*/
					when regexp_like( dataset_id, '^RPL_(TF|C|S)$' ) then 'Leveraged Reference Portfolio'
					when regexp_like( dataset_id, '^SAP_(TF|C|S)$' ) then 'Strategy Alternative Portfolio'
					when regexp_like( dataset_id, '^IPN_(TF|C|S)$' ) then 'Investment Portfolio'
					when currency = 'CAD' then (
						case
							when regexp_like( dataset_id, '^RISK_APP_(TF|C|S)$' ) then 'Risk Appetite'
							when regexp_like( dataset_id, '^DIV_LVG_(TF|C|S)$' ) then 'Diversification & Leverage'
							when regexp_like( dataset_id, '^INV_SELECT_(TF|C|S)$' ) then 'Investment Selection'
							when regexp_like( dataset_id, 'DIV_LVG_(TF|C|S)\s\+\sINV_SELECT_(TF|C|S)' ) then 'Value-Added (IP - RP)' 
							when regexp_like( dataset_id, 'IPN_(TF|C|S)\s\-\sMRP_(TF|C|S)' ) then 'Incremental Return (IP - MRP)' 
						end
					)
					when currency = 'Local' then (
						case 
							when regexp_like( dataset_id, '^LEVERAGE_(TF|C|S)$' ) then 'Leverage'
							when regexp_like( dataset_id, 'ATP_(TF|C|S)\s\-\sRPL__(TF|C|S)' ) then 'Diversification'
							when regexp_like( dataset_id, '^STGY_COMP_(TF|C|S)$' ) then 'Strategy Composition'
							when regexp_like( dataset_id, '^SEC_SELECT_(TF|C|S)$' ) then 'Security Selection'
						end
					)
			  end metric_friendly_name
			, ""level""
			, node_name as investment_structure_l2
			, currency
			, period
			, value
			, last_update
		from (
			select * from base
			union all
			select * from inv_select_dept_ex_tfm
			union all
			select * from inv_select_dept_tfm
		) combined
	) combined_mapped
), cmb_filtered as (
	select 	*
	from 	cmb
	where 	metric_group_l1 is not null
			and business_date = date_trunc('month', business_date) + interval '1' month - interval '1' day -- pull month-end dates only
			and not ( period in ( 'MTD', 'QTD', '3M', 'FYTD' ) and business_date < cast( '2015-06-30' as date ) ) -- MTD, QTD, 3M, FYTD values prior to 2015-06-30 are invalid
			and not ( period in ( '1Y' ) and business_date < cast( '2016-04-30' as date ) ) -- 1Y values prior to 2016-04-30 are invalid
			and not ( period in ( '4Y+FYTD', '5Y' ) and business_date < cast( '2020-03-31' as date ) ) -- 5Y values prior to 2020-03-31 are invalid
			and value is not null
), cmb_filtered_final as (
	/* Adding columns needed specifically for QuickSight dashboard due to limitations */
	select
		  cmb_filtered.*
		, format( '%1$tY-%1$tm', business_date ) as year_month
		, case
			when period = 'MTD' then '1. MTD'
			when period = 'QTD' then '2. QTD'
			when period = '3M' then '3. 3M'
			when period = 'FYTD' then '4. FYTD'
			when period = '1Y' then '5. 1Y'
			when period = '4Y+FYTD' then '6. 4Y+FYTD'
			when period = '5Y' then '7. 5Y'
		  end period_sorted
	from 
		cmb_filtered
)
select * from cmb_filtered_final) AS ""finsights_perf_attribution_DEV"""
e4a964689d6088c5e7b50b391469fc3f66861a1b0c52c807fc685464b7378077,"/* cppi::e4a964689d6088c5e7b50b391469fc3f66861a1b0c52c807fc685464b7378077 */
/* QuickSight 77fffb13-5634-4cbb-b9ea-8c52970b9323 */
SELECT ""business_date"", ""dataset_id"", ""metric_group_l1"", ""metric_group_l2"", ""metric"", ""metric_friendly_name"", ""level"", ""investment_structure_l2"", ""attribution_node"", ""currency"", ""period"", ""value"", ""last_update"", ""year_month"", ""period_sorted""
FROM (with base as (
	select 
		  case
	  		when dataset_id in ( 'TOTALFUND', 'CMBP_NET' ) and ""level"" = 0 then 'IPN_TF'
	  		else dataset_id
		  end dataset_id
		, business_date
		, ""level""
		, case
			when dataset_id like '%_TF' or ""dataset_id"" in ( 'TOTALFUND', 'CMBP_NET' ) then 'Total Fund'	
			when dataset_id like '%_C' then 'Core'
			when dataset_id like '%_S' then 'Supplementary'
		  end node_name
		, case
			when metric like '%rc' then 'CAD'
			when metric like '%lc' then 'Local'
			else 'FX'
		  end currency
		, case
			when metric like '%qtd%' then 'QTD'
			when metric like '%3m_roll%' then '3M'
			when metric like '%fytd%' then 'FYTD'
			when metric like '%1y_roll%' then '1Y'
			when metric like '%4yp%' then '4Y+FYTD'
			when metric like '%5y_roll%' then '5Y'
			else 'MTD'
		  end period
		, value
		, last_update
	from (
		select
			  dataset_id 
			, business_date 
			, ""level"" 
			, time_weighted_return_rc 
			, time_weighted_return_lc
			--, time_weighted_return_fx 
			, time_weighted_return_qtd_rc 
			, time_weighted_return_qtd_lc 
			--, time_weighted_return_fx_qtd 
			, time_weighted_return_3m_roll_rc 
			, time_weighted_return_3m_roll_lc 
			--, time_weighted_return_fx_3m_roll 
			, time_weighted_return_fytd_rc 
			, time_weighted_return_fytd_lc 
			--, time_weighted_return_fx_fytd 
			, time_weighted_return_1y_roll_rc 
			, time_weighted_return_1y_roll_lc 
			--, time_weighted_return_fx_1y_roll 
			, time_weighted_return_4yp_rc 
			, time_weighted_return_4yp_lc 
			--, time_weighted_return_fx_4yp 
			, time_weighted_return_5y_roll_rc 
			, time_weighted_return_5y_roll_lc 
			--, time_weighted_return_fx_5y_roll 
			, last_update 
		from 
			performance_dev.perf_top_down_monthly 
		where 
			dataset_id in (
				/* TOTAL FUND */
				  'MRP_TF'
				, 'RP_TF'
				, 'ATP_TF'
				, 'RISK_APP_TF'
				, 'DIV_LVG_TF'
				, 'INV_SELECT_TF'
				/* CORE POOL */
				, 'MRP_C'
				, 'RP_C'
				, 'ATP_C'
				, 'RISK_APP_C'
				, 'DIV_LVG_C'
				, 'INV_SELECT_C'
				/* SUPP POOL */
				, 'MRP_S'
				, 'RP_S'
				, 'ATP_S'
				, 'RISK_APP_S'
				, 'DIV_LVG_S'
				, 'INV_SELECT_S'
			)
			and ""level"" = 1
			and periods_per_year = 12 -- pull monthly values only
		union all
		select
			  dataset_id 
			, business_date 
			, ""level""
			-- for below, TOTALFUND local and FX values should be not used; CMBP_NET CAD values should not be used
			, case when dataset_id = 'CMBP_NET' then null else time_weighted_return_rc end time_weighted_return_rc
			, case when dataset_id = 'TOTALFUND' then null else time_weighted_return_lc end time_weighted_return_lc
			--, case when dataset_id = 'TOTALFUND' then null else time_weighted_return_fx end time_weighted_return_fx
			, case when dataset_id = 'CMBP_NET' then null else time_weighted_return_qtd_rc end time_weighted_return_qtd_rc
			, case when dataset_id = 'TOTALFUND' then null else time_weighted_return_qtd_lc end time_weighted_return_qtd_lc
			--, case when dataset_id = 'TOTALFUND' then null else time_weighted_return_fx_qtd end time_weighted_return_fx_qtd
			, case when dataset_id = 'CMBP_NET' then null else time_weighted_return_3m_roll_rc end time_weighted_return_3m_roll_rc
			, case when dataset_id = 'TOTALFUND' then null else time_weighted_return_3m_roll_lc end time_weighted_return_3m_roll_lc
			--, case when dataset_id = 'TOTALFUND' then null else time_weighted_return_fx_3m_roll end time_weighted_return_fx_3m_roll
			, case when dataset_id = 'CMBP_NET' then null else time_weighted_return_fytd_rc end time_weighted_return_fytd_rc
			, case when dataset_id = 'TOTALFUND' then null else time_weighted_return_fytd_lc end time_weighted_return_fytd_lc
			--, case when dataset_id = 'TOTALFUND' then null else time_weighted_return_fx_fytd end time_weighted_return_fx_fytd
			, case when dataset_id = 'CMBP_NET' then null else time_weighted_return_1y_roll_rc end time_weighted_return_1y_roll_rc
			, case when dataset_id = 'TOTALFUND' then null else time_weighted_return_1y_roll_lc end time_weighted_return_1y_roll_lc
			--, case when dataset_id = 'TOTALFUND' then null else time_weighted_return_fx_1y_roll end time_weighted_return_fx_1y_roll
			, case when dataset_id = 'CMBP_NET' then null else time_weighted_return_4yp_rc end time_weighted_return_4yp_rc
			, case when dataset_id = 'TOTALFUND' then null else time_weighted_return_4yp_lc end time_weighted_return_4yp_lc
			--, case when dataset_id = 'TOTALFUND' then null else time_weighted_return_fx_4yp end time_weighted_return_fx_4yp
			, case when dataset_id = 'CMBP_NET' then null else time_weighted_return_5y_roll_rc end time_weighted_return_5y_roll_rc
			, case when dataset_id = 'TOTALFUND' then null else time_weighted_return_5y_roll_lc end time_weighted_return_5y_roll_lc
			--, case when dataset_id = 'TOTALFUND' then null else time_weighted_return_fx_5y_roll end time_weighted_return_fx_5y_roll
			, last_update
		from 
			performance_dev.perf_bottom_up_monthly 
		where 
			(
				dataset_id in (
					/* CORE POOL */
					  'IPN_C'
					--, 'SAP_C'
					/* SUPP POOL */
					, 'IPN_S'
					--, 'SAP_S'
				)
				and node_id = '2'
			)
			or
			(	/* TOTAL FUND */
				dataset_id in ( 'TOTALFUND', 'CMBP_NET' )
				and ""level"" = 0
			)
			and periods_per_year = 12 -- pull monthly values only
	) base_pivot
	cross join unnest(
		/* METRIC */
		array[
		  	  'time_weighted_return_rc' 
			, 'time_weighted_return_lc'
			--, 'time_weighted_return_fx' 
			, 'time_weighted_return_qtd_rc' 
			, 'time_weighted_return_qtd_lc' 
			--, 'time_weighted_return_fx_qtd' 
			, 'time_weighted_return_3m_roll_rc' 
			, 'time_weighted_return_3m_roll_lc' 
			--, 'time_weighted_return_fx_3m_roll' 
			, 'time_weighted_return_fytd_rc' 
			, 'time_weighted_return_fytd_lc' 
			--, 'time_weighted_return_fx_fytd' 
			, 'time_weighted_return_1y_roll_rc' 
			, 'time_weighted_return_1y_roll_lc' 
			--, 'time_weighted_return_fx_1y_roll' 
			, 'time_weighted_return_4yp_rc' 
			, 'time_weighted_return_4yp_lc' 
			--, 'time_weighted_return_fx_4yp' 
			, 'time_weighted_return_5y_roll_rc' 
			, 'time_weighted_return_5y_roll_lc' 
			--, 'time_weighted_return_fx_5y_roll'
		  ]
		/* VALUE */
		, array[
			  time_weighted_return_rc 
			, time_weighted_return_lc
			--, time_weighted_return_fx 
			, time_weighted_return_qtd_rc 
			, time_weighted_return_qtd_lc 
			--, time_weighted_return_fx_qtd 
			, time_weighted_return_3m_roll_rc 
			, time_weighted_return_3m_roll_lc 
			--, time_weighted_return_fx_3m_roll 
			, time_weighted_return_fytd_rc 
			, time_weighted_return_fytd_lc 
			--, time_weighted_return_fx_fytd 
			, time_weighted_return_1y_roll_rc 
			, time_weighted_return_1y_roll_lc 
			--, time_weighted_return_fx_1y_roll 
			, time_weighted_return_4yp_rc 
			, time_weighted_return_4yp_lc 
			--, time_weighted_return_fx_4yp 
			, time_weighted_return_5y_roll_rc 
			, time_weighted_return_5y_roll_lc 
			--, time_weighted_return_fx_5y_roll 
		  ]
	) unpivot ( metric, value )
), inv_select_dept_ex_tfm as (
	select
		  dataset_id
		, business_date
		, ""level""
		, node_name
		, 'Local' as currency
		, case
			when metric like '%qtd%' then 'QTD'
			when metric like '%3m_roll%' then '3M'
			when metric like '%fytd%' then 'FYTD'
			when metric like '%1y_roll%' then '1Y'
			when metric like '%4yp%' then '4Y+FYTD'
			when metric like '%5y_roll%' then '5Y'
			else 'MTD'
		  end period
		, value
		, last_update
	from (		
		select
			  dataset_id 
			, business_date 
			, ""level"" 
			, node_name 
			, contribution_fytd_lc 
			, contribution_4yp_lc
			, contribution_5y_roll_lc 
			, last_update 
		from 
			performance_dev.perf_top_down_monthly 
		where 
			dataset_id = 'SEC_SELECT_C'
			and ""level"" = 2
			and node_name != 'Total Fund Management'
	) inv_select_dept_ex_tfm_pivot
	cross join unnest (
		/* METRIC */
		array [
			  'contribution_fytd_lc'
			, 'contribution_4yp_lc'
			, 'contribution_5y_roll_lc'
		]
		/* VALUE */
		, array [
			  contribution_fytd_lc 
			, contribution_4yp_lc
			, contribution_5y_roll_lc 
		]
	) inv_select_dept_ex_tfm_unpivot ( metric, value )
), inv_select_dept_tfm as (
	select 
		  'SEC_SELECT_C' as dataset_id
		, inv_select.business_date
		, 2 as ""level""
		, 'Total Fund Management' as node_name
		, 'Local' as currency
		, inv_select.period
		--, inv_select.value as inv_select_value
		--, dept_contr.value as dept_contr_value
		, inv_select.value - dept_contr.value as value
		, greatest( inv_select.last_update, dept_contr.last_update ) as last_update
	from (
		/* Investment Selection */
		select *
		from 
			base
		where
			dataset_id = 'INV_SELECT_C'
			and currency = 'CAD'
	) inv_select
	inner join (
		/* Dept Contribution ex TFM */
		select
			  dataset_id
			, business_date
			, ""level""
			, currency
			, period
			, sum( value ) as value
			, max( last_update ) as last_update
		from
			inv_select_dept_ex_tfm
		group by 
			  dataset_id
			, business_date
			, ""level""
			, currency
			, period
	) dept_contr
		on inv_select.business_date = dept_contr.business_date
		and inv_select.period = dept_contr.period
), cmb as (
	select
		  business_date
		, dataset_id
		, metric_group_l1
		, case 
				when currency = 'FX' then (
					case
						when regexp_like( dataset_id, '^DIV_LVG_(TF|C|S)$' ) then 'Diversification & Leverage'
						when regexp_like( dataset_id, '^INV_SELECT_(TF|C|S)$' ) then 'Investment Selection'
						else metric_friendly_name
					end
				)
				when currency = 'CAD' then (
					case
						when regexp_like( dataset_id, '^DIV_LVG_(TF|C|S)$' ) then 'Diversification & Leverage'
						when regexp_like( dataset_id, '^INV_SELECT_(TF|C|S)$' ) then 'Investment Selection'
						else metric_friendly_name
					end
				)
				when currency = 'Local' then (
					case 
						when regexp_like( dataset_id, '^LEVERAGE_(TF|C|S)$' ) then 'Diversification & Leverage'
						when regexp_like( dataset_id, 'ATP_(TF|C|S)\s\-\sRPL__(TF|C|S)' ) then 'Diversification & Leverage'
						when regexp_like( dataset_id, '^STGY_COMP_(TF|C|S)$' ) then 'Investment Selection'
						when regexp_like( dataset_id, '^SEC_SELECT_(TF|C|S)$' ) then 'Investment Selection'
						else metric_friendly_name
					end
				)
				else metric_friendly_name
		  end metric_group_l2
		, metric
		, metric_friendly_name
		, ""level""
		, investment_structure_l2
		, metric_friendly_name as attribution_node
		, currency
		, period
		, value
		, last_update
	from (
		select
			  business_date 
			, dataset_id
			, case 
				/* Headline Attribution */
				when dataset_id in (
					/* TOTAL FUND */
					  'RISK_APP_TF'
					, 'DIV_LVG_TF'
					, 'INV_SELECT_TF'
					, 'DIV_LVG_TF + INV_SELECT_TF'
					, 'IPN_TF - MRP_TF'
					/* CORE POOL */
					, 'RISK_APP_C'
					, 'DIV_LVG_C'
					, 'INV_SELECT_C'
					, 'DIV_LVG_C + INV_SELECT_C'
					, 'IPN_C - MRP_C'
					/* SUPP POOL */
					, 'RISK_APP_S'
					, 'DIV_LVG_S'
					, 'INV_SELECT_S'
					, 'DIV_LVG_S + INV_SELECT_S'
					, 'IPN_S - MRP_S'
				)
				and currency = 'CAD'
				then 'Headline Attribution'
				/* Mainline Attribution */
				when dataset_id in (
					/* TOTAL FUND */
					  'LEVERAGE_TF'
					, 'ATP_TF - RPL_TF'
					, 'STGY_COMP_TF'
					, 'SEC_SELECT_TF'
					/* CORE POOL */
					, 'LEVERAGE_C'
					, 'ATP_C - RPL_C'
					, 'STGY_COMP_C'
					, 'SEC_SELECT_C'
					/* SUPP POOL */
					, 'LEVERAGE_S'
					, 'ATP_S - RPL_S'
					, 'STGY_COMP_S'
					, 'SEC_SELECT_S'
				)
				and currency = 'Local' 
				then 'Mainline Attribution'
				/* Mainline Attribution FX */
				when dataset_id in (
					/* TOTAL FUND */
					  'DIV_LVG_TF'
					, 'INV_SELECT_TF'
					/* CORE POOL */
					, 'DIV_LVG_C'
					, 'INV_SELECT_C'
					/* SUPP POOL */
					, 'DIV_LVG_S'
					, 'INV_SELECT_S'
				)
				and currency = 'FX'
				then 'Mainline Attribution'
				/* Portfolio Returns */
				when dataset_id in (
					/* TOTAL FUND */
					  'MRP_TF'
					, 'RP_TF'
					, 'ATP_TF'
					, 'RPL_TF'
					, 'SAP_TF'
					, 'IPN_TF'
					/* CORE POOL */
					, 'MRP_C'
					, 'RP_C'
					, 'ATP_C'
					, 'RPL_C'
					, 'SAP_C'
					, 'IPN_C'
					/* SUPP POOL */
					, 'MRP_S'
					, 'RP_S'
					, 'ATP_S'
					, 'RPL_S'
					, 'SAP_S'
					, 'IPN_S'
				)
				then 'Portfolio Returns'
			  end metric_group_l1
			, case 
					when currency = 'FX' then (
						case
							when regexp_like( dataset_id, '^DIV_LVG_(TF|C|S)$' ) then 'BP FX - RP FX' /*'ATP FX - RP FX'*/
							when regexp_like( dataset_id, '^INV_SELECT_(TF|C|S)$' ) then 'IP FX - BP FX' /*'IP FX - ATP FX'*/
							when regexp_like( dataset_id, '^IPN_(TF|C|S)$' ) then 'IP FX'
							when regexp_like( dataset_id, '(^MRP_(TF|C|S)$)|(^RP_(TF|S|C)$)|(^ATP_(TF|S|C)$)|(^RPL_(TF|S|C)$)|(^SAP_(TF|S|C)$)' ) then replace( replace( regexp_extract( dataset_id, '.*\_' ), 'ATP', 'BP' ), '_', ' FX' )
						end
					)
					when regexp_like( dataset_id, '^IPN_(TF|C|S)$' ) then 'IP'
					when regexp_like( dataset_id, '(^MRP_(TF|C|S)$)|(^RP_(TF|S|C)$)|(^ATP_(TF|S|C)$)|(^RPL_(TF|S|C)$)|(^SAP_(TF|S|C)$)' ) THEN replace( replace( regexp_extract( dataset_id, '.*\_' ), 'ATP', 'BP' ), '_', '' )
					when currency = 'CAD' then (
						case
							when regexp_like( dataset_id, '^RISK_APP_(TF|C|S)$' ) THEN 'RP - MRP'
							when regexp_like( dataset_id, '^DIV_LVG_(TF|C|S)$' ) then 'BP - RP' /*'ATP - RP'*/
							when regexp_like( dataset_id, '^INV_SELECT_(TF|C|S)$' ) then 'IP - BP' /*'IP - ATP'*/
							when regexp_like( dataset_id, 'DIV_LVG_(TF|C|S)\s\+\sINV_SELECT_(TF|C|S)' ) then 'IP - RP'
							when regexp_like( dataset_id, 'IPN_(TF|C|S)\s\-\sMRP_(TF|C|S)' ) then 'IP - MRP'
						end
					)
					when currency = 'Local' then (
						case 
							when regexp_like( dataset_id, '^LEVERAGE_(TF|C|S)$' ) then 'RPL - RP'
							when regexp_like( dataset_id, 'ATP_(TF|C|S)\s\-\sRPL__(TF|C|S)' ) then 'BP - RPL' /*'ATP - RPL'*/
							when regexp_like( dataset_id, '^STGY_COMP_(TF|C|S)$' ) then 'SAP - BP' /*'SAP - ATP'*/
							when regexp_like( dataset_id, '^SEC_SELECT_(TF|C|S)$' ) then 'IP - SAP'
						end
					)
			  end metric
			, case 
					when currency = 'FX' then (
						case
							when regexp_like( dataset_id, '^DIV_LVG_(TF|C|S)$' ) then 'Currency (Diversification & Leverage)'
							when regexp_like( dataset_id, '^INV_SELECT_(TF|C|S)$' ) then 'Currency (Investment Selection)'
							when regexp_like( dataset_id, '^MRP_(TF|C|S)$' ) then 'Minimum Return Portfolio FX'
							when regexp_like( dataset_id, '^RP_(TF|C|S)$' ) then 'Reference Portfolio FX'
							when regexp_like( dataset_id, '^ATP_(TF|C|S)$' ) then 'Benchmark Portfolio FX' /*'Annual Target Portfolio FX'*/
							when regexp_like( dataset_id, '^RPL_(TF|C|S)$' ) then 'Leveraged Reference Portfolio FX'
							when regexp_like( dataset_id, '^SAP_(TF|C|S)$' ) then 'Strategy Alternative Portfolio FX'
							when regexp_like( dataset_id, '^IPN_(TF|C|S)$' ) then 'Investment Portfolio FX'
						end
					)
					when regexp_like( dataset_id, '^MRP_(TF|C|S)$' ) then 'Minimum Return Portfolio'
					when regexp_like( dataset_id, '^RP_(TF|C|S)$' ) then 'Reference Portfolio'
					when regexp_like( dataset_id, '^ATP_(TF|C|S)$' ) then 'Benchmark Portfolio' /*'Annual Target Portfolio'*/
					when regexp_like( dataset_id, '^RPL_(TF|C|S)$' ) then 'Leveraged Reference Portfolio'
					when regexp_like( dataset_id, '^SAP_(TF|C|S)$' ) then 'Strategy Alternative Portfolio'
					when regexp_like( dataset_id, '^IPN_(TF|C|S)$' ) then 'Investment Portfolio'
					when currency = 'CAD' then (
						case
							when regexp_like( dataset_id, '^RISK_APP_(TF|C|S)$' ) then 'Risk Appetite'
							when regexp_like( dataset_id, '^DIV_LVG_(TF|C|S)$' ) then 'Diversification & Leverage'
							when regexp_like( dataset_id, '^INV_SELECT_(TF|C|S)$' ) then 'Investment Selection'
							when regexp_like( dataset_id, 'DIV_LVG_(TF|C|S)\s\+\sINV_SELECT_(TF|C|S)' ) then 'Value-Added (IP - RP)' 
							when regexp_like( dataset_id, 'IPN_(TF|C|S)\s\-\sMRP_(TF|C|S)' ) then 'Incremental Return (IP - MRP)' 
						end
					)
					when currency = 'Local' then (
						case 
							when regexp_like( dataset_id, '^LEVERAGE_(TF|C|S)$' ) then 'Leverage'
							when regexp_like( dataset_id, 'ATP_(TF|C|S)\s\-\sRPL__(TF|C|S)' ) then 'Diversification'
							when regexp_like( dataset_id, '^STGY_COMP_(TF|C|S)$' ) then 'Strategy Composition'
							when regexp_like( dataset_id, '^SEC_SELECT_(TF|C|S)$' ) then 'Security Selection'
						end
					)
			  end metric_friendly_name
			, ""level""
			, node_name as investment_structure_l2
			, currency
			, period
			, value
			, last_update
		from (
			select * from base
			union all
			select * from inv_select_dept_ex_tfm
			union all
			select * from inv_select_dept_tfm
		) combined
	) combined_mapped
), cmb_filtered as (
	select 	*
	from 	cmb
	where 	metric_group_l1 is not null
			and business_date = date_trunc('month', business_date) + interval '1' month - interval '1' day -- pull month-end dates only
			and not ( period in ( 'MTD', 'QTD', '3M', 'FYTD' ) and business_date < cast( '2015-06-30' as date ) ) -- MTD, QTD, 3M, FYTD values prior to 2015-06-30 are invalid
			and not ( period in ( '1Y' ) and business_date < cast( '2016-04-30' as date ) ) -- 1Y values prior to 2016-04-30 are invalid
			and not ( period in ( '4Y+FYTD', '5Y' ) and business_date < cast( '2020-03-31' as date ) ) -- 5Y values prior to 2020-03-31 are invalid
			and value is not null
), cmb_filtered_final as (
	/* Adding columns needed specifically for QuickSight dashboard due to limitations */
	select
		  cmb_filtered.*
		, format( '%1$tY-%1$tm', business_date ) as year_month
		, case
			when period = 'MTD' then '1. MTD'
			when period = 'QTD' then '2. QTD'
			when period = '3M' then '3. 3M'
			when period = 'FYTD' then '4. FYTD'
			when period = '1Y' then '5. 1Y'
			when period = '4Y+FYTD' then '6. 4Y+FYTD'
			when period = '5Y' then '7. 5Y'
		  end period_sorted
	from 
		cmb_filtered
)
select * from cmb_filtered_final) AS ""finsights_perf_attribution_DEV"""
647479356acd15f4467a1f0d93f718356a25f288f0d66731c4c4558baea6b6e8,"/* cppi::647479356acd15f4467a1f0d93f718356a25f288f0d66731c4c4558baea6b6e8 */
/* QuickSight 50ea816a-b0ee-4753-85d7-95be236cf99d */
SELECT ""business_date"", ""node_name"", ""metric_name"", ""period"", ""department_name"", ""value"", ""year_month"", ""formatted_year_month"", ""period_sorted""
FROM (select distinct
	  roc.business_date
	, replace( roc.node_name, ' (P)', '' ) as node_name
	, roc.metric_name
	, roc.period
	, invstr.parent_node_name as department_name
	, roc.value
	, date_format( roc.business_date, '%Y-%m' ) as year_month
	, date_format( roc.business_date, '%b %Y' ) as formatted_year_month
	, case
		when roc.period = 'MTD' then '1. MTD'
		when roc.period = 'QTD' then '2. QTD'
		when roc.period = 'FYTD' then '3. FYTD'
		when roc.period = '1Y rolling' then '4. 1Y'
		when roc.period = '4Y+' then '5. 4Y+FYTD'
		when roc.period = '5Y rolling' then '6. 5Y'
		else roc.period
	  end as period_sorted
from
	performance.ars_performance_metric roc
join performance.scd_performance_invstr invstr
on
	roc.node_name = invstr.node_name) AS ""finsights_perf_returns_roc"""
647479356acd15f4467a1f0d93f718356a25f288f0d66731c4c4558baea6b6e8,"/* cppi::647479356acd15f4467a1f0d93f718356a25f288f0d66731c4c4558baea6b6e8 */
/* QuickSight 50ea816a-b0ee-4753-85d7-95be236cf99d */
SELECT ""business_date"", ""node_name"", ""metric_name"", ""period"", ""department_name"", ""value"", ""year_month"", ""formatted_year_month"", ""period_sorted""
FROM (select distinct
	  roc.business_date
	, replace( roc.node_name, ' (P)', '' ) as node_name
	, roc.metric_name
	, roc.period
	, invstr.parent_node_name as department_name
	, roc.value
	, date_format( roc.business_date, '%Y-%m' ) as year_month
	, date_format( roc.business_date, '%b %Y' ) as formatted_year_month
	, case
		when roc.period = 'MTD' then '1. MTD'
		when roc.period = 'QTD' then '2. QTD'
		when roc.period = 'FYTD' then '3. FYTD'
		when roc.period = '1Y rolling' then '4. 1Y'
		when roc.period = '4Y+' then '5. 4Y+FYTD'
		when roc.period = '5Y rolling' then '6. 5Y'
		else roc.period
	  end as period_sorted
from
	performance.ars_performance_metric roc
join performance.scd_performance_invstr invstr
on
	roc.node_name = invstr.node_name) AS ""finsights_perf_returns_roc"""
50d713f544679eccd39132e665343cc0b282b689d91fed1de88e192583a46294,"/* cppi::50d713f544679eccd39132e665343cc0b282b689d91fed1de88e192583a46294 */
SELECT pricing_date, security_id as cppib_sec_id, daily_return
FROM market.cppib_market_equity_prices
WHERE pricing_date > DATE_ADD('year', -1, date'2022-06-27') and pricing_date <= date'2025-06-14'
AND pricing_date >= date'2022-04-01'
AND is_suspended_flag = 0 AND is_exchange_holiday = 0
and security_id in (597808, 22674284, 28159681, 184815, 13325, 201, 21414684, 4649, 10348, 1013, 9714, 596315, 20701511, 9959, 1449, 7095, 7754, 199, 173, 24327197, 23617645, 13186, 220136, 24908743, 23728831, 223501, 962, 2398, 13020, 13058, 213905, 22271192, 21975625, 206, 24618453, 13382, 204189, 19683378, 226454, 12829, 1038, 6599, 14547, 205548, 22143364, 21814613, 22220233, 2870351, 23466319, 2747339, 746, 2600, 1517, 12286, 23840952, 17265464, 159169, 19569889, 1090, 5324, 4756, 433, 9762, 4452, 231597, 1435, 583351, 26897996, 2947, 587963)"
96e96ba8c58221350a46250beccf9bbcd838a40dc41e1c93ce1d30472a129350,"/* cppi::96e96ba8c58221350a46250beccf9bbcd838a40dc41e1c93ce1d30472a129350 */
SELECT pricing_date, security_id as cppib_sec_id, daily_return
FROM market.cppib_market_equity_prices
WHERE pricing_date > DATE_ADD('year', -1, date'2022-06-27') and pricing_date <= date'2025-06-14'
AND pricing_date >= date'2022-04-01'
AND is_suspended_flag = 0 AND is_exchange_holiday = 0
and security_id in (650, 21563149, 702, 3174, 1467, 2139, 318, 3325, 1434, 7064662, 10124, 12186033, 10575, 221702, 205811, 3356, 3185, 4760, 19461227, 11268, 1508, 8315, 5243, 9977, 24641523, 990, 28785214, 23710611, 11364, 4654, 12232, 1147, 11592437, 17607270, 10317, 4765, 4015435, 1363, 17948292, 5235528, 12823, 44908, 5274, 7123, 14, 19423080)"
e42177ac18212c95791b18313e72f97caf61fbb77765e04b068b026e674d4913,"/* cppi::e42177ac18212c95791b18313e72f97caf61fbb77765e04b068b026e674d4913 */
select distinct business_date AS businessDate, from_currency AS fromCurrency, to_currency AS toCurrency, 
            bid_price AS bidPrice, ask_price AS askPrice, mid_price AS midPrice, inverse_quoted as inverseQuoted
            from market.refinitiv_exchange_rate_wmr_spot where from_currency='USD' and 
            to_currency in ('AUD','BRL','CAD','CHF','CNY','DKK','EUR','GBP','HKD','IDR','ILS','INR','JPY','KRW','MXN','NOK','NZD','PLN','RUB','SAR','SEK','SGD','TRY','TWD','VND','ZAR') and business_date between Date('2025-06-04') and Date('2025-06-14')"
77392daa6a90f605a218c082159304f0d8d2aa611b997961ce27b241b198f6ea,"/* cppi::77392daa6a90f605a218c082159304f0d8d2aa611b997961ce27b241b198f6ea */
SELECT pricing_date, security_id as cppib_sec_id, daily_return
FROM market.cppib_market_equity_prices
WHERE pricing_date > DATE_ADD('year', -1, date'2022-04-01') and pricing_date <= date'2025-06-14'
AND pricing_date >= date'2022-04-01'
AND is_suspended_flag = 0 AND is_exchange_holiday = 0
and security_id in (9789, 4959, 23828201, 12471, 497496, 22264532, 191665, 21194710, 11259, 22491973, 5466, 7910, 202722, 5704, 583715, 213903, 6454, 220168, 42116, 11368, 591956, 5568, 24365677, 5873, 12464, 21419654, 159631, 14665861, 20534712, 181651, 31571, 7906, 24685294, 12468, 5701, 19304651, 24543965, 5687, 23901021, 21642826, 497427, 5637, 10799, 23491996, 5639, 497501, 20705604, 9204, 5691, 8025, 9097, 12454, 26281163, 9377)"
e0432854ef031d088399d7e7f46586ed943af2058dfa7656b492673695b93fa8,"/* cppi::e0432854ef031d088399d7e7f46586ed943af2058dfa7656b492673695b93fa8 */
SELECT pricing_date, security_id as cppib_sec_id, daily_return
FROM market.cppib_market_equity_prices
WHERE pricing_date > DATE_ADD('year', -1, date'2022-06-27') and pricing_date <= date'2025-06-14'
AND pricing_date >= date'2022-04-01'
AND is_suspended_flag = 0 AND is_exchange_holiday = 0
and security_id in (9964, 845, 1150, 1005, 12192, 11182, 826, 7776, 12402, 11841, 3288, 922, 23962099, 11391, 6962, 348, 20180894, 886, 455, 746, 2600, 6165, 21608087, 640, 9859, 3362, 7966, 22532471, 47, 2742, 3284, 566, 466, 569, 2156, 829, 4712, 1160, 5134, 599102, 9958, 4689, 12241, 11874, 9703, 1578, 10832, 3067089, 12862, 10133, 8208, 11857, 15860710, 23097383, 12351428, 23094061, 8423, 181569, 184813, 25769064, 11236, 11840, 20740, 11914, 19553156, 602, 12287, 13321, 4640, 9712, 13063, 12236, 4368225, 23094062, 3072, 2598, 9961, 6161, 7787, 8244, 2957, 12392, 10005, 12154, 3219, 13083, 1199, 2631, 19687135, 794, 20743578, 12834, 9950, 9758, 12165, 11564, 10040, 795, 9818, 12293, 6064, 9852, 184102, 4754, 959, 6060, 5320, 11838, 9457, 11065, 22347453, 573904, 6045, 3388, 766, 2, 1194, 9825, 11947, 3116, 11659, 14278585)"
5cf0f9d7280cd6d26a0655a53f044e30ba84e0d6d744885d4ff9e9a9ac97ae36,"/* cppi::5cf0f9d7280cd6d26a0655a53f044e30ba84e0d6d744885d4ff9e9a9ac97ae36 */
SELECT
	client_ip,
	MAX_BY(counter, counter) as max_counter_per_min
 FROM (
	WITH logs_with_concat_data AS (
		SELECT
			client_ip,
			target_status_code AS status,
			parse_datetime(time, 'yyyy-MM-dd''T''HH:mm:ss.SSSSSS''Z') AS datetime
		FROM
			publicinboundwafnonprod_azf8db.app_access_logs
		WHERE year = 2025
		AND month = 06
		AND day = 14
		AND hour between 02 and 03
	)
	SELECT
		client_ip,
		COUNT(*) as counter
	FROM
		logs_with_concat_data
	WHERE
		datetime > TIMESTAMP '2025-06-14 02:26:23'
		AND status = ANY (VALUES '400', '401', '403', '404', '405')
	GROUP BY
		client_ip,
		date_trunc('minute', datetime)
	HAVING
		COUNT(*) >= 500
) GROUP BY
	client_ip
ORDER BY
	max_counter_per_min DESC
LIMIT 10000"
4151fd0d2659fe8f68db7cf661674690bed6bc40866b8465463669d8eef3feec,"/* cppi::4151fd0d2659fe8f68db7cf661674690bed6bc40866b8465463669d8eef3feec */
SELECT pricing_date, security_id as cppib_sec_id, daily_return
FROM market.cppib_market_equity_prices
WHERE pricing_date > DATE_ADD('year', -1, date'2022-06-27') and pricing_date <= date'2025-06-14'
AND pricing_date >= date'2022-04-01'
AND is_suspended_flag = 0 AND is_exchange_holiday = 0
and security_id in (1865, 2256, 2195, 2055, 1659, 1680, 1828, 2027, 2041, 2045, 2050, 2064, 2240, 2384, 2587, 2603, 2612, 2615, 167228, 1660, 1750, 1852, 1895, 2258, 2369, 2381, 2391, 2606, 4732, 5145, 6246, 6466, 6490, 7622, 7661, 8593, 8835, 10205, 10524, 12950, 117562, 231212, 232060, 8305055, 11807722, 21934484, 24584195, 6377, 257072, 8830, 11498, 2325, 4464, 1810, 20618505, 4392)"
5ff0d8862c637ee979011445844562473da8f40c9c0f2f59197b38b06a33ddca,"/* cppi::5ff0d8862c637ee979011445844562473da8f40c9c0f2f59197b38b06a33ddca */
SELECT * FROM cppib_employee LIMIT 1"
ef4809db73807e836d93c245d22153fcd051e6d9a526e7f23b29e8ffedc1601a,"/* cppi::ef4809db73807e836d93c245d22153fcd051e6d9a526e7f23b29e8ffedc1601a */
SELECT pricing_date, security_id as cppib_sec_id, daily_return
FROM market.cppib_market_equity_prices
WHERE pricing_date > DATE_ADD('year', -1, date'2022-06-27') and pricing_date <= date'2025-06-14'
AND pricing_date >= date'2022-04-01'
AND is_suspended_flag = 0 AND is_exchange_holiday = 0
and security_id in (26675111, 19648236, 16629294, 839, 7804, 11, 1253, 3067, 10603, 21013349, 8429, 22284824, 24801014, 214, 662, 781, 224502, 989, 11988376, 48, 123, 20717368, 616, 24437202, 736, 446, 10330, 2086, 2854, 9885, 8312, 7103, 2961, 3337, 5968, 226160, 21231179, 3197, 19412628, 23094060, 22595691, 21001779, 1628, 2392, 16272230, 11913, 84898, 226449, 24250442, 21406278, 582012, 22686388, 578557, 3091, 23153171, 6987, 202522, 4553, 7346165, 12186035, 26394316, 8452, 828, 11290, 9920564, 24302398, 588266, 27038132, 24393062, 28835299)"
e7bd2178e9dafaa4caa961148411ab524152b87de7e1ce8e799858399c4b53b6,"/* cppi::e7bd2178e9dafaa4caa961148411ab524152b87de7e1ce8e799858399c4b53b6 */
SELECT COUNT(*) AS cnt FROM holdings.enterprise_holding"
7f8331e1c893bd8e0b71524fa5b8fa5e90fcce304ec456aa62e3c1bb240d9460,"/* cppi::7f8331e1c893bd8e0b71524fa5b8fa5e90fcce304ec456aa62e3c1bb240d9460 */
/* QuickSight c2145933-f6dd-47e4-a0fc-c90f89f77df1 */
SELECT ""id_model_portfolio"", ""InvestmentStructureLevel1"", ""InvestmentStructureLevel2"", ""from_date"", ""to_date"", ""from_date_total_market_value_pc"", ""to_date_total_market_value_pc""
FROM (/*
 * IDENTIFY UNMAPPED MPs IN HOLDINGS LOOKTHROUGH
 */	
select
	  id_model_portfolio 
	, InvestmentStructureLevel1
	, InvestmentStructureLevel2
	, from_date
	, to_date
	, sum( from_date_total_market_value_pc ) as from_date_total_market_value_pc
	, sum( to_date_total_market_value_pc ) as to_date_total_market_value_pc
from (
	select distinct
		  mhl.id_model_portfolio 
		, spif.InvestmentStructureLevel1
		, spif.InvestmentStructureLevel2
		, min( mhl.business_date ) over ( partition by mhl.id_model_portfolio ) as from_date
		, max( mhl.business_date ) over ( partition by mhl.id_model_portfolio ) as to_date
		, case 
			when mhl.business_date = min( mhl.business_date ) over ( partition by mhl.id_model_portfolio ) then mhl.total_market_value_pc
		  end from_date_total_market_value_pc
		, case
			when mhl.business_date = max( mhl.business_date ) over ( partition by mhl.id_model_portfolio ) then mhl.total_market_value_pc 
		  end to_date_total_market_value_pc
	from 
		holdings.ma_holding_lookthrough mhl
	/* MAP TO INVESTMENT STRUCTURE */
	left join
		( 	select *
			from 	performance.scd_performance_invstr_flatten
			where 	investmentstructure = 'CPPIB_F24'
					and business_date = ( select max( business_date ) from performance.scd_performance_invstr_flatten )
		) spif
			on mhl.id_model_portfolio = spif.model_portfolio
	where
		mhl.id_model_portfolio != 'PMIEMFLTCC' -- temporary exclusion
		and mhl.pool_name not in ( 'ACPP', 'BCPP' )
		and spif.InvestmentStructureLevel1 is null
	order by 
		  mhl.id_model_portfolio 
		, spif.InvestmentStructureLevel1
		, spif.InvestmentStructureLevel2
)
group by 
	  id_model_portfolio 
	, InvestmentStructureLevel1
	, InvestmentStructureLevel2
	, from_date
	, to_date) AS ""finsights_control_holdings_unmapped_mp"""
7f8331e1c893bd8e0b71524fa5b8fa5e90fcce304ec456aa62e3c1bb240d9460,"/* cppi::7f8331e1c893bd8e0b71524fa5b8fa5e90fcce304ec456aa62e3c1bb240d9460 */
/* QuickSight c2145933-f6dd-47e4-a0fc-c90f89f77df1 */
SELECT ""id_model_portfolio"", ""InvestmentStructureLevel1"", ""InvestmentStructureLevel2"", ""from_date"", ""to_date"", ""from_date_total_market_value_pc"", ""to_date_total_market_value_pc""
FROM (/*
 * IDENTIFY UNMAPPED MPs IN HOLDINGS LOOKTHROUGH
 */	
select
	  id_model_portfolio 
	, InvestmentStructureLevel1
	, InvestmentStructureLevel2
	, from_date
	, to_date
	, sum( from_date_total_market_value_pc ) as from_date_total_market_value_pc
	, sum( to_date_total_market_value_pc ) as to_date_total_market_value_pc
from (
	select distinct
		  mhl.id_model_portfolio 
		, spif.InvestmentStructureLevel1
		, spif.InvestmentStructureLevel2
		, min( mhl.business_date ) over ( partition by mhl.id_model_portfolio ) as from_date
		, max( mhl.business_date ) over ( partition by mhl.id_model_portfolio ) as to_date
		, case 
			when mhl.business_date = min( mhl.business_date ) over ( partition by mhl.id_model_portfolio ) then mhl.total_market_value_pc
		  end from_date_total_market_value_pc
		, case
			when mhl.business_date = max( mhl.business_date ) over ( partition by mhl.id_model_portfolio ) then mhl.total_market_value_pc 
		  end to_date_total_market_value_pc
	from 
		holdings.ma_holding_lookthrough mhl
	/* MAP TO INVESTMENT STRUCTURE */
	left join
		( 	select *
			from 	performance.scd_performance_invstr_flatten
			where 	investmentstructure = 'CPPIB_F24'
					and business_date = ( select max( business_date ) from performance.scd_performance_invstr_flatten )
		) spif
			on mhl.id_model_portfolio = spif.model_portfolio
	where
		mhl.id_model_portfolio != 'PMIEMFLTCC' -- temporary exclusion
		and mhl.pool_name not in ( 'ACPP', 'BCPP' )
		and spif.InvestmentStructureLevel1 is null
	order by 
		  mhl.id_model_portfolio 
		, spif.InvestmentStructureLevel1
		, spif.InvestmentStructureLevel2
)
group by 
	  id_model_portfolio 
	, InvestmentStructureLevel1
	, InvestmentStructureLevel2
	, from_date
	, to_date) AS ""finsights_control_holdings_unmapped_mp"""
96e96ba8c58221350a46250beccf9bbcd838a40dc41e1c93ce1d30472a129350,"/* cppi::96e96ba8c58221350a46250beccf9bbcd838a40dc41e1c93ce1d30472a129350 */
SELECT pricing_date, security_id as cppib_sec_id, daily_return
FROM market.cppib_market_equity_prices
WHERE pricing_date > DATE_ADD('year', -1, date'2022-06-27') and pricing_date <= date'2025-06-14'
AND pricing_date >= date'2022-04-01'
AND is_suspended_flag = 0 AND is_exchange_holiday = 0
and security_id in (650, 21563149, 702, 3174, 1467, 2139, 318, 3325, 1434, 7064662, 10124, 12186033, 10575, 221702, 205811, 3356, 3185, 4760, 19461227, 11268, 1508, 8315, 5243, 9977, 24641523, 990, 28785214, 23710611, 11364, 4654, 12232, 1147, 11592437, 17607270, 10317, 4765, 4015435, 1363, 17948292, 5235528, 12823, 44908, 5274, 7123, 14, 19423080)"
e0836b0cfd8b0347ac255e16e6fceb96880edb9356be56da093d0bb74954491e,"/* cppi::e0836b0cfd8b0347ac255e16e6fceb96880edb9356be56da093d0bb74954491e */
SELECT COUNT(*) AS cnt FROM asset.enterprise_security"
d4b3d9cb75a8a2e3ff0605221766f4c943f97e07789d76a6133d0d73ea10b614,"/* cppi::d4b3d9cb75a8a2e3ff0605221766f4c943f97e07789d76a6133d0d73ea10b614 */
SELECT pricing_date, security_id as cppib_sec_id, daily_return
FROM market.cppib_market_equity_prices
WHERE pricing_date > DATE_ADD('year', -1, date'2022-04-01') and pricing_date <= date'2025-06-14'
AND pricing_date >= date'2022-04-01'
AND is_suspended_flag = 0 AND is_exchange_holiday = 0
and security_id in (10644, 19467467, 203245, 21846351, 11387, 24607066, 22861842, 44498, 5403, 12452, 12451, 11164381, 20605135, 7128, 9695, 183690, 24933283, 21260722, 181574, 29090599, 19524491, 24451096, 10407929, 4975, 12935783, 21485613, 12459, 20901717, 23030466)"
e0836b0cfd8b0347ac255e16e6fceb96880edb9356be56da093d0bb74954491e,"/* cppi::e0836b0cfd8b0347ac255e16e6fceb96880edb9356be56da093d0bb74954491e */
SELECT COUNT(*) AS cnt FROM asset.enterprise_security"
660749c2f0f35e89d8919402e1868c44aa105aaa012305ff4506042e0f540689,"/* cppi::660749c2f0f35e89d8919402e1868c44aa105aaa012305ff4506042e0f540689 */
SELECT pricing_date, security_id as cppib_sec_id, daily_return
FROM market.cppib_market_equity_prices
WHERE pricing_date > DATE_ADD('year', -1, date'2022-06-27') and pricing_date <= date'2025-06-14'
AND pricing_date >= date'2022-04-01'
AND is_suspended_flag = 0 AND is_exchange_holiday = 0
and security_id in (21580468, 4457, 16681808, 208, 2728, 17684565, 202913, 2698, 1080, 21781278, 319, 1475, 918, 2720, 302, 1118, 44902, 1110, 1308, 1184, 1583, 162, 1646, 1565, 1323, 1232, 1423, 19644132, 1138, 16041084, 2710, 221685, 1218, 7734, 4524, 9506, 21073037, 1406, 1650, 563364, 1070, 2524064, 223, 12713, 104, 4403, 19505375, 16606910, 10552, 2721, 223407, 8011, 19921786, 9684, 2635, 22636305, 11610, 4519, 202430, 113, 1404, 16504013, 8234, 21435380, 4442, 4360, 11020167, 185198, 516251, 26376123, 10405, 2921, 934, 66, 4418, 9558, 1426, 1196, 21584221, 5214, 11899, 7869, 10616, 4344, 6822, 8753280, 12675, 19437652, 6781, 10419, 1493, 19605917, 10033462, 1557, 2682, 70654, 167109, 24364478, 12510, 1630, 27579142, 6367, 12499, 8281)"
dbd580ae9c3b6c592e11539748c19230f192ff9e9f69037aa1fe0766140114a6,"/* cppi::dbd580ae9c3b6c592e11539748c19230f192ff9e9f69037aa1fe0766140114a6 */
SELECT
	client_ip,
	MAX_BY(counter, counter) as max_counter_per_min
 FROM (
	WITH logs_with_concat_data AS (
		SELECT
			client_ip,
			target_status_code AS status,
			parse_datetime(time, 'yyyy-MM-dd''T''HH:mm:ss.SSSSSS''Z') AS datetime
		FROM
			wafprodcloudformationstac_ispj5m.app_access_logs
		WHERE year = 2025
		AND month = 06
		AND day = 14
		AND hour between 07 and 08
	)
	SELECT
		client_ip,
		COUNT(*) as counter
	FROM
		logs_with_concat_data
	WHERE
		datetime > TIMESTAMP '2025-06-14 07:00:24'
		AND status = ANY (VALUES '400', '401', '403', '404', '405')
	GROUP BY
		client_ip,
		date_trunc('minute', datetime)
	HAVING
		COUNT(*) >= 500
) GROUP BY
	client_ip
ORDER BY
	max_counter_per_min DESC
LIMIT 10000"
7e5a84901562842bf8b13e29e6b461b3e498944f54f931de47677b9268dab5b7,"/* cppi::7e5a84901562842bf8b13e29e6b461b3e498944f54f931de47677b9268dab5b7 */
select 
    b.business_date,
    b.benchmark_name, 
    b.category,
    b.id_cppib_index,
    b.index_name,
    b.id_cppib_security,
    c.cppib_sector_classification_name_1,
    c.cppib_country_of_exposure_code,
    c.cppib_currency_of_exposure_code,
    c.cppib_market_capitalization_size_code,
    r.rating_value,
    b.benchmark_constituent_weight
from risk_prod.benchmark_positions_view b
left join asset.asset_security_enterprise_classifications c on date(b.business_date) = c.business_date
    and cast(b.id_cppib_security as varchar) = cast(c.cppib_sec_id as varchar)
left join performance.cppib_security_rating r on date(b.business_date) = date(r.business_date)
    and cast(b.id_cppib_security as varchar) = cast(r.cppib_sec_id as varchar)
where b.business_date = '2025-04-01'
    and b.benchmark_name = 'SAP CORE'
    and b.index_name not like 'IC%'
    and b.index_name not in ('Unmapped', 'Self BM')"
7e5a84901562842bf8b13e29e6b461b3e498944f54f931de47677b9268dab5b7,"/* cppi::7e5a84901562842bf8b13e29e6b461b3e498944f54f931de47677b9268dab5b7 */
select 
    b.business_date,
    b.benchmark_name, 
    b.category,
    b.id_cppib_index,
    b.index_name,
    b.id_cppib_security,
    c.cppib_sector_classification_name_1,
    c.cppib_country_of_exposure_code,
    c.cppib_currency_of_exposure_code,
    c.cppib_market_capitalization_size_code,
    r.rating_value,
    b.benchmark_constituent_weight
from risk_prod.benchmark_positions_view b
left join asset.asset_security_enterprise_classifications c on date(b.business_date) = c.business_date
    and cast(b.id_cppib_security as varchar) = cast(c.cppib_sec_id as varchar)
left join performance.cppib_security_rating r on date(b.business_date) = date(r.business_date)
    and cast(b.id_cppib_security as varchar) = cast(r.cppib_sec_id as varchar)
where b.business_date = '2025-04-01'
    and b.benchmark_name = 'SAP CORE'
    and b.index_name not like 'IC%'
    and b.index_name not in ('Unmapped', 'Self BM')"
7e5a84901562842bf8b13e29e6b461b3e498944f54f931de47677b9268dab5b7,"/* cppi::7e5a84901562842bf8b13e29e6b461b3e498944f54f931de47677b9268dab5b7 */
select 
    b.business_date,
    b.benchmark_name, 
    b.category,
    b.id_cppib_index,
    b.index_name,
    b.id_cppib_security,
    c.cppib_sector_classification_name_1,
    c.cppib_country_of_exposure_code,
    c.cppib_currency_of_exposure_code,
    c.cppib_market_capitalization_size_code,
    r.rating_value,
    b.benchmark_constituent_weight
from risk_prod.benchmark_positions_view b
left join asset.asset_security_enterprise_classifications c on date(b.business_date) = c.business_date
    and cast(b.id_cppib_security as varchar) = cast(c.cppib_sec_id as varchar)
left join performance.cppib_security_rating r on date(b.business_date) = date(r.business_date)
    and cast(b.id_cppib_security as varchar) = cast(r.cppib_sec_id as varchar)
where b.business_date = '2025-04-01'
    and b.benchmark_name = 'SAP CORE'
    and b.index_name not like 'IC%'
    and b.index_name not in ('Unmapped', 'Self BM')"
a0d60ae0d79a2cc500d2ea8658ea31aa6a65046033cd1d60cba7e77b0fcbade9,"/* cppi::a0d60ae0d79a2cc500d2ea8658ea31aa6a65046033cd1d60cba7e77b0fcbade9 */
SELECT pricing_date, security_id as cppib_sec_id, daily_return
FROM market.cppib_market_equity_prices
WHERE pricing_date > DATE_ADD('year', -1, date'2022-06-27') and pricing_date <= date'2025-06-14'
AND pricing_date >= date'2022-04-01'
AND is_suspended_flag = 0 AND is_exchange_holiday = 0
and security_id in (3369, 23548579, 2393, 6108, 10305, 23680641, 8447, 21078496, 223023, 220163, 625, 24095404, 24043670, 44465, 18587709, 22990052, 23515591, 2691, 22725051, 124, 3318, 609, 10352, 2857, 592, 24515578, 3201, 12394, 21786838, 6143, 13452950, 9711, 11115, 16654934, 24307069, 4859655, 3213, 12, 1609, 8994, 360, 3146, 303, 9082, 8758, 10512007, 42, 288, 3427, 27612649, 1376, 13123726, 3373, 7763, 622, 6113, 22097948, 12127, 13094, 5424, 17670696, 9755, 5292, 17652702, 10152, 12365, 10404, 6002, 13378, 12382, 21485536, 20163153, 16784546, 19508031, 6873193, 5338, 3357, 23132673, 596704, 26032366, 26039475, 7004, 5265, 205817, 14929939, 467, 1157, 457, 10762, 1598, 220215, 9373, 19359754, 15545, 155075, 757, 6038, 13096, 3363, 3194, 19404160, 4656, 22097946, 6123, 21716644, 20008139, 9085, 27436586, 19374769, 1299)"
1fe681602e4738de068407f35a1ed9458a51da1612afb50cdec56caab9bce541,"/* cppi::1fe681602e4738de068407f35a1ed9458a51da1612afb50cdec56caab9bce541 */
SELECT pricing_date, security_id as cppib_sec_id, daily_return
FROM market.cppib_market_equity_prices
WHERE pricing_date > DATE_ADD('year', -1, date'2022-06-27') and pricing_date <= date'2025-06-14'
AND pricing_date >= date'2022-04-01'
AND is_suspended_flag = 0 AND is_exchange_holiday = 0
and security_id in (13123726, 656, 211492, 20124800, 3938442, 2870341, 194828, 12837, 2398, 13020, 108, 19944138, 149, 1633, 15507450, 5961759, 2320, 2480, 34, 10873, 186764, 1226, 638, 3210, 1243, 2829, 1260, 155, 38, 6890947, 20574212, 1636, 20067238, 22260437, 23664324, 131, 25973601, 19642539, 3350, 196, 8600935, 4573, 1315, 22338162, 1635, 12996, 23925383, 21469313, 3162, 23710596, 6971157, 1126, 471, 204093, 839, 693, 22222709, 22615395, 20097897, 20656967, 23664322, 21384112, 24867203, 17670674, 13219633, 3096, 17302025, 12922715, 21043393, 3336, 3378, 18483035, 3203, 1699, 7804, 6577, 15811155, 1919, 9026, 22500340, 11998, 3160, 24529490, 15954822, 24532887, 24867204, 21784882, 8310, 15740247, 21397397, 23161295, 154129, 25520866, 631, 24339605, 682, 23684107, 19383090, 1039, 4578, 11048645, 1278, 8748, 17227, 5732480, 1311, 3407, 26763748, 19720287, 27433735, 23153168)"
42738aa05f33f3b98667dcb5f38ac1d7171cab6e8370d0d8eca06ce8e060f9d1,"/* cppi::42738aa05f33f3b98667dcb5f38ac1d7171cab6e8370d0d8eca06ce8e060f9d1 */
SELECT * FROM capiq_ciqsimpleindustry LIMIT 1"
3ea34b2d750725d0ffaefa0ad08f7029ad8720fd58cdfae404ae0086d3b27994,"/* cppi::3ea34b2d750725d0ffaefa0ad08f7029ad8720fd58cdfae404ae0086d3b27994 */
SELECT
	client_ip,
	MAX_BY(counter, counter) as max_counter_per_min
 FROM (
	WITH logs_with_concat_data AS (
		SELECT
			client_ip,
			target_status_code AS status,
			parse_datetime(time, 'yyyy-MM-dd''T''HH:mm:ss.SSSSSS''Z') AS datetime
		FROM
			wafprodcloudformationstac_ispj5m.app_access_logs
		WHERE year = 2025
		AND month = 06
		AND day = 14
		AND hour between 13 and 14
	)
	SELECT
		client_ip,
		COUNT(*) as counter
	FROM
		logs_with_concat_data
	WHERE
		datetime > TIMESTAMP '2025-06-14 13:25:24'
		AND status = ANY (VALUES '400', '401', '403', '404', '405')
	GROUP BY
		client_ip,
		date_trunc('minute', datetime)
	HAVING
		COUNT(*) >= 500
) GROUP BY
	client_ip
ORDER BY
	max_counter_per_min DESC
LIMIT 10000"
6d59272a2d747c7e6365baffa6795249020e233f48b412490a1a2e9b3c54ae59,"/* cppi::6d59272a2d747c7e6365baffa6795249020e233f48b412490a1a2e9b3c54ae59 */
SELECT
	client_ip,
	MAX_BY(counter, counter) as max_counter_per_min
 FROM (
	WITH logs_with_concat_data AS (
		SELECT
			client_ip,
			target_status_code AS status,
			parse_datetime(time, 'yyyy-MM-dd''T''HH:mm:ss.SSSSSS''Z') AS datetime
		FROM
			wafprodcloudformationstac_ispj5m.app_access_logs
		WHERE year = 2025
		AND month = 06
		AND day = 14
		AND hour between 22 and 23
	)
	SELECT
		client_ip,
		COUNT(*) as counter
	FROM
		logs_with_concat_data
	WHERE
		datetime > TIMESTAMP '2025-06-14 22:35:24'
		AND status = ANY (VALUES '400', '401', '403', '404', '405')
	GROUP BY
		client_ip,
		date_trunc('minute', datetime)
	HAVING
		COUNT(*) >= 500
) GROUP BY
	client_ip
ORDER BY
	max_counter_per_min DESC
LIMIT 10000"
0577c082b7a36dda4e53d157c0484f14a651c5bc97588852559697fa2ec91c73,"/* cppi::0577c082b7a36dda4e53d157c0484f14a651c5bc97588852559697fa2ec91c73 */
SELECT * FROM meltwater_searches LIMIT 1"
a24777dc5776b9830767d1ea37c1692ff518f29e74fc986f53cf080605c4156f,"/* cppi::a24777dc5776b9830767d1ea37c1692ff518f29e74fc986f53cf080605c4156f */
SELECT pricing_date, security_id as cppib_sec_id, daily_return
FROM market.cppib_market_equity_prices
WHERE pricing_date > DATE_ADD('year', -1, date'2022-06-27') and pricing_date <= date'2025-06-14'
AND pricing_date >= date'2022-04-01'
AND is_suspended_flag = 0 AND is_exchange_holiday = 0
and security_id in (4477, 9577, 220077, 23723599, 1291, 573270, 282, 16462896, 8164, 1387, 15399779, 121, 932, 1097, 1546, 11397876, 2697, 4515, 9601, 20822957, 112, 12257, 20817390, 6208, 19183662, 224771, 1560, 4385, 2966, 19626988, 1382, 13181, 9371, 179, 2677, 4505, 4321, 175396, 23379263, 12588, 1477, 221747, 1177, 946, 1412, 7290, 26388302, 1071, 1074, 916, 528983, 4333, 2681, 8298, 24398454, 24744502, 221632, 1280, 8355, 22238253, 12978, 291, 12325, 12037, 1370, 8740, 321, 12337, 9239, 4423, 8865, 17369614, 7524263, 24067692, 19944143, 21752263, 12340, 501448, 19304655, 220100, 8186, 20121600, 8590, 9623, 200, 1649, 11833, 8790, 220212, 1461, 2614005, 19541873, 1274, 19723379, 8935, 25301723, 11607, 26824421, 12781, 27166330, 26192860)"
4151fd0d2659fe8f68db7cf661674690bed6bc40866b8465463669d8eef3feec,"/* cppi::4151fd0d2659fe8f68db7cf661674690bed6bc40866b8465463669d8eef3feec */
SELECT pricing_date, security_id as cppib_sec_id, daily_return
FROM market.cppib_market_equity_prices
WHERE pricing_date > DATE_ADD('year', -1, date'2022-06-27') and pricing_date <= date'2025-06-14'
AND pricing_date >= date'2022-04-01'
AND is_suspended_flag = 0 AND is_exchange_holiday = 0
and security_id in (1865, 2256, 2195, 2055, 1659, 1680, 1828, 2027, 2041, 2045, 2050, 2064, 2240, 2384, 2587, 2603, 2612, 2615, 167228, 1660, 1750, 1852, 1895, 2258, 2369, 2381, 2391, 2606, 4732, 5145, 6246, 6466, 6490, 7622, 7661, 8593, 8835, 10205, 10524, 12950, 117562, 231212, 232060, 8305055, 11807722, 21934484, 24584195, 6377, 257072, 8830, 11498, 2325, 4464, 1810, 20618505, 4392)"
7ce73793fa1adb3c689dce2ecaf0780a3a3b16b2c3bdae2a4a6c2df3fac98119,"/* cppi::7ce73793fa1adb3c689dce2ecaf0780a3a3b16b2c3bdae2a4a6c2df3fac98119 */
SELECT MAX(CAST(CAST(""custom_sql_query"".""business_date"" AS TIMESTAMP) AS DATE)) AS ""calculation_179693"",
  COUNT(1) AS ""x__alias__0""
FROM (
  SELECT ""rmv_analytics"".""account"" AS ""account"",
    ""rmv_analytics"".""active_risk_benchmark"" AS ""active_risk_benchm"",
    ""rmv_analytics"".""analytic_name"" AS ""analytic_name"",
    ""rmv_analytics"".""analytic_type"" AS ""analytic_type"",
    ""rmv_analytics"".""analytic_value"" AS ""analytic_value"",
    ""rmv_analytics"".""business_date"" AS ""business_date"",
    ""rmv_analytics"".""confidence_level"" AS ""confidence_level"",
    ""rmv_analytics"".""currency"" AS ""currency"",
    ""rmv_analytics"".""curve"" AS ""curve"",
    ""rmv_analytics"".""curve_type"" AS ""curve_type"",
    ""rmv_analytics"".""department"" AS ""department"",
    ""rmv_analytics"".""hierarchy_level"" AS ""hierarchy_level"",
    ""rmv_analytics"".""hierarchy_type"" AS ""hierarchy_type"",
    ""rmv_analytics"".""methodology"" AS ""methodology"",
    ""rmv_analytics"".""model_portfolio"" AS ""model_portfolio"",
    ""rmv_analytics"".""node"" AS ""node"",
    ""rmv_analytics"".""node_level"" AS ""node_level"",
    ""rmv_analytics"".""override_source"" AS ""override_source"",
    ""rmv_analytics"".""override_value"" AS ""override_value"",
    ""rmv_analytics"".""pool"" AS ""pool"",
    ""rmv_analytics"".""portfolio_type"" AS ""portfolio_type"",
    ""rmv_analytics"".""program"" AS ""program"",
    ""rmv_analytics"".""rating"" AS ""rating"",
    ""rmv_analytics"".""scaling_type"" AS ""scaling_type"",
    ""rmv_analytics"".""strategy"" AS ""strategy"",
    ""rmv_analytics"".""sub_program"" AS ""sub_program"",
    ""rmv_analytics"".""tenor"" AS ""tenor""
  FROM ""risk_prod"".""rmv_analytics"" ""rmv_analytics""
  where ""rmv_analytics"" .""business_date"" > '2024-03-28' and ""rmv_analytics"" .""department"" in ('Total Fund Management','Active Equities') and portfolio_type ='IP'
) ""custom_sql_query""
HAVING (COUNT(1) > 0)"
7dbfe476c844b82b2dfb97b69d786197d289916c51b1bba97c9a865b3e417e08,"/* cppi::7dbfe476c844b82b2dfb97b69d786197d289916c51b1bba97c9a865b3e417e08 */
SELECT * FROM dealcloud_interactions LIMIT 1"
982d8f870b02d1f2274a5be657ee04d016167c95be0f03a8b0ed10155061ea6b,"/* cppi::982d8f870b02d1f2274a5be657ee04d016167c95be0f03a8b0ed10155061ea6b */
SELECT pricing_date, security_id as cppib_sec_id, daily_return
FROM market.cppib_market_equity_prices
WHERE pricing_date > DATE_ADD('year', -1, date'2022-06-27') and pricing_date <= date'2025-06-14'
AND pricing_date >= date'2022-04-01'
AND is_suspended_flag = 0 AND is_exchange_holiday = 0
and security_id in (255205, 6432, 7876, 5586, 5499, 165304, 6505, 63550, 9926, 20821818, 255457, 7564, 261247, 6293, 21268089, 10110, 9925, 20854722, 26533, 10926, 10019, 20084919, 258760, 5715, 25828, 20982357, 11399, 255683, 20496758, 23729999, 212287, 21785692, 19890110, 20775440, 10480, 21207736, 26524484, 18530646, 19913047, 22638761, 21082558, 21342097)"
9bca5948852332ee5d84566921510b1097d89dc4483aab85f32431e3ba203c4f,"/* cppi::9bca5948852332ee5d84566921510b1097d89dc4483aab85f32431e3ba203c4f */
SELECT DISTINCT trim(
        element_at(
            split(
                -- Handle comma in job title
                element_at(split(business_title, ','), 1),
                '&' -- Handle & in job title like Senior Managing Director & Head of Private Equity
            ),
            1
        )
    ) as job_level
FROM df_trusted_prod.workday_cppib_employee
ORDER BY job_level ASC"
74676739e6b463c49de258c99ee3fbe1b021643f8dc9d8384eaa1300dd2314f9,"/* cppi::74676739e6b463c49de258c99ee3fbe1b021643f8dc9d8384eaa1300dd2314f9 */
SELECT 1 FROM ioa_uat.tpm_tpm_rp_mep_edp_weights WHERE edl_meta_business_date='2025-06-12' limit 1"
dc092e51775bf6f860971a37e0c8cf684643ebccab8efcdb1b54cb5fd1925f06,"/* cppi::dc092e51775bf6f860971a37e0c8cf684643ebccab8efcdb1b54cb5fd1925f06 */
SELECT
	client_ip,
	MAX_BY(counter, counter) as max_counter_per_min
 FROM (
	WITH logs_with_concat_data AS (
		SELECT
			client_ip,
			target_status_code AS status,
			parse_datetime(time, 'yyyy-MM-dd''T''HH:mm:ss.SSSSSS''Z') AS datetime
		FROM
			wafprodcloudformationstac_ispj5m.app_access_logs
		WHERE year = 2025
		AND month = 06
		AND day = 14
		AND hour between 00 and 01
	)
	SELECT
		client_ip,
		COUNT(*) as counter
	FROM
		logs_with_concat_data
	WHERE
		datetime > TIMESTAMP '2025-06-14 00:50:24'
		AND status = ANY (VALUES '400', '401', '403', '404', '405')
	GROUP BY
		client_ip,
		date_trunc('minute', datetime)
	HAVING
		COUNT(*) >= 500
) GROUP BY
	client_ip
ORDER BY
	max_counter_per_min DESC
LIMIT 10000"
3c30780955c4ab1c1ee9bd0bfd0fc7b924b93aff9560bdb64b163c219d265f41,"/* cppi::3c30780955c4ab1c1ee9bd0bfd0fc7b924b93aff9560bdb64b163c219d265f41 */
SELECT from_currency as from_currency, 
    ROUND(case when UPPER(inverse_quoted) = 'Y' Then 1/mid_price else mid_price end, 8) as mid_price, 
    format_datetime(business_date, 'yyyyMMdd') as business_date
FROM refinitiv_exchange_rates_wmr
WHERE from_currency = 'USD' and to_currency = 'CAD' and source = 'WM Refinitiv Spot' 
and business_date>=DATE '2000-01-01'
UNION
SELECT MainTable.to_currency as from_currency, 
    ROUND(case when UPPER(inverse_quoted) = 'Y' Then MainTable.mid_price * CAD_Rate.mid_price else (1/MainTable.mid_price) * CAD_Rate.mid_price end, 8) as calc_mid_price, 
    format_datetime(MainTable.business_date, 'yyyyMMdd') as business_date
FROM refinitiv_exchange_rates_wmr as MainTable
Left Join ( 
    SELECT case when UPPER(inverse_quoted) = 'Y' Then 1/mid_price else mid_price end as mid_price, business_date
    FROM refinitiv_exchange_rates_wmr WHERE from_currency = 'USD' and to_currency = 'CAD' and source = 'WM Refinitiv Spot'
) as CAD_Rate on MainTable.business_date = CAD_Rate.business_date
WHERE MainTable.from_currency = 'USD' and MainTable.mid_price != 0 and MainTable.source = 'WM Refinitiv Spot'
and MainTable.business_date>=DATE '2000-01-01'
order by business_date, from_currency"
7af1960a7cd9835c03ef54a0657a33ff86c2667724667ae2100ca0dceb65027c,"/* cppi::7af1960a7cd9835c03ef54a0657a33ff86c2667724667ae2100ca0dceb65027c */
/* QuickSight e0ef1a44-b9e2-4f80-b366-4cf3d0f1ef4f */
SELECT ""business_date"", ""investment_structure_level_01"", ""investment_structure_level_02"", ""ultimate_parent_party_name"", ""issuer_name"", ""parent_security_type_name"", ""security_type_name"", ""security_name"", ""total_market_value_pc"", ""security_name_clean"", ""combined_entity_name_original"", ""combined_entity_name_clean"", ""department_sorted""
FROM (with lt_base as (
	select
		lt.business_date,
		spif.investmentstructurelevel1 as investment_structure_level_01,
		spif.investmentstructurelevel2 as investment_structure_level_02,
		uppcc.epm_party_name as ultimate_parent_party_name,
		pcc.epm_party_name as issuer_name,
		lt.parent_security_type_name /*as ""Exposure Via""*/,
		lt.security_type_name,
		lt.security_name,
		sum( lt.total_market_value_pc ) as total_market_value_pc
	from (
		select *
		from 
			holdings.ma_holding_lookthrough
		where
			id_model_portfolio != 'PMIEMFLTCC' -- temporary exclusion until fix is implemented in LT product; reference Teams chat with Doug
			and id_model_portfolio not in ( -- Doug says these are test MPs that should be excluded
				  'MIN1000042'
				, 'NPTESTA'
				, 'NPTESTB'
				, 'PMIEMELTCS'
				, 'PMIEMFLTCL'
				, 'PMIEMFLTPA'
				, 'PMIEMFLTVA'
			) 
			and business_date = ( select max( business_date ) from holdings.ma_holding_lookthrough ) -- filter only for the data as of the latest business date
	) lt
	left join asset.enterprise_security /*cppib_enterprise_data.enterprise_security_composite*/ secc
	on
		lt.enterprise_security_id = secc.enterprise_security_id
		and lt.business_date = secc.business_date
	left join party.enterprise_party /*cppib_enterprise_data.enterprise_party_composite*/ pcc
	on
		secc.enterprise_party_id = pcc.enterprise_party_id
		and pcc.business_date = secc.business_date
	left join party.enterprise_party /*cppib_enterprise_data.enterprise_party_composite*/ uppcc
	on
		pcc.ultimate_parent_enterprise_party_id = uppcc.enterprise_party_id
		and uppcc.business_date = pcc.business_date
	left join
		( 	select *
			from 	performance.scd_performance_invstr_flatten
			where 	investmentstructure = 'CPPIB_F24'
					and business_date = ( select max( business_date ) from performance.scd_performance_invstr_flatten )
		) spif
	on
		lt.id_model_portfolio = spif.model_portfolio
	group by
		lt.business_date,
		spif.investmentstructurelevel1,
		spif.investmentstructurelevel2,
		uppcc.epm_party_name,
		pcc.epm_party_name,
		lt.parent_security_type_name,
		lt.security_type_name,
		lt.security_name
), lt_final as (
	select
		  *
		, coalesce( ultimate_parent_party_name, '' ) || ' | ' || coalesce( issuer_name, '' ) || ' | ' || coalesce( security_name, '' ) as combined_entity_name_original
		, coalesce( ultimate_parent_party_name, '' ) || ' | ' || coalesce( issuer_name, '' ) || ' | ' || coalesce( security_name_clean, '' ) as combined_entity_name_clean
		, case
			when investment_structure_level_01 in ( 'Cash for benefits', 'Accounts' ) then '7. Cash for Benefits and Residual Cash'
			when investment_structure_level_02 = 'Total Fund Management' then '1. Total Fund Management'
			when investment_structure_level_02 = 'Capital Markets & Factor Investing' then '2. Capital Markets & Factor Investing'
			when investment_structure_level_02 = 'Active Equities' then '3. Active Equities'
			when investment_structure_level_02 = 'Credit Investments' then '4. Credit Investments'
			when investment_structure_level_02 = 'Private Equity' then '5. Private Equity'
			when investment_structure_level_02 = 'Real Assets' then '6. Real Assets'
	  	  end department_sorted
	from (
		select
			  *
			, case
				when regexp_like( lower( security_type_name ), '.*\b(leg|swap|swaptions|option|future|contract|deposit|paper|collateralized|bond|repo|revrepo|buyselback|selbuyback)\b.*' ) then regexp_replace( security_name, '[0-9]', '' )
				else security_name
			  end security_name_clean
		from 
			lt_base
	)
)
select * from lt_final) AS ""holdings_search_holdings_lookthrough"""
7af1960a7cd9835c03ef54a0657a33ff86c2667724667ae2100ca0dceb65027c,"/* cppi::7af1960a7cd9835c03ef54a0657a33ff86c2667724667ae2100ca0dceb65027c */
/* QuickSight e0ef1a44-b9e2-4f80-b366-4cf3d0f1ef4f */
SELECT ""business_date"", ""investment_structure_level_01"", ""investment_structure_level_02"", ""ultimate_parent_party_name"", ""issuer_name"", ""parent_security_type_name"", ""security_type_name"", ""security_name"", ""total_market_value_pc"", ""security_name_clean"", ""combined_entity_name_original"", ""combined_entity_name_clean"", ""department_sorted""
FROM (with lt_base as (
	select
		lt.business_date,
		spif.investmentstructurelevel1 as investment_structure_level_01,
		spif.investmentstructurelevel2 as investment_structure_level_02,
		uppcc.epm_party_name as ultimate_parent_party_name,
		pcc.epm_party_name as issuer_name,
		lt.parent_security_type_name /*as ""Exposure Via""*/,
		lt.security_type_name,
		lt.security_name,
		sum( lt.total_market_value_pc ) as total_market_value_pc
	from (
		select *
		from 
			holdings.ma_holding_lookthrough
		where
			id_model_portfolio != 'PMIEMFLTCC' -- temporary exclusion until fix is implemented in LT product; reference Teams chat with Doug
			and id_model_portfolio not in ( -- Doug says these are test MPs that should be excluded
				  'MIN1000042'
				, 'NPTESTA'
				, 'NPTESTB'
				, 'PMIEMELTCS'
				, 'PMIEMFLTCL'
				, 'PMIEMFLTPA'
				, 'PMIEMFLTVA'
			) 
			and business_date = ( select max( business_date ) from holdings.ma_holding_lookthrough ) -- filter only for the data as of the latest business date
	) lt
	left join asset.enterprise_security /*cppib_enterprise_data.enterprise_security_composite*/ secc
	on
		lt.enterprise_security_id = secc.enterprise_security_id
		and lt.business_date = secc.business_date
	left join party.enterprise_party /*cppib_enterprise_data.enterprise_party_composite*/ pcc
	on
		secc.enterprise_party_id = pcc.enterprise_party_id
		and pcc.business_date = secc.business_date
	left join party.enterprise_party /*cppib_enterprise_data.enterprise_party_composite*/ uppcc
	on
		pcc.ultimate_parent_enterprise_party_id = uppcc.enterprise_party_id
		and uppcc.business_date = pcc.business_date
	left join
		( 	select *
			from 	performance.scd_performance_invstr_flatten
			where 	investmentstructure = 'CPPIB_F24'
					and business_date = ( select max( business_date ) from performance.scd_performance_invstr_flatten )
		) spif
	on
		lt.id_model_portfolio = spif.model_portfolio
	group by
		lt.business_date,
		spif.investmentstructurelevel1,
		spif.investmentstructurelevel2,
		uppcc.epm_party_name,
		pcc.epm_party_name,
		lt.parent_security_type_name,
		lt.security_type_name,
		lt.security_name
), lt_final as (
	select
		  *
		, coalesce( ultimate_parent_party_name, '' ) || ' | ' || coalesce( issuer_name, '' ) || ' | ' || coalesce( security_name, '' ) as combined_entity_name_original
		, coalesce( ultimate_parent_party_name, '' ) || ' | ' || coalesce( issuer_name, '' ) || ' | ' || coalesce( security_name_clean, '' ) as combined_entity_name_clean
		, case
			when investment_structure_level_01 in ( 'Cash for benefits', 'Accounts' ) then '7. Cash for Benefits and Residual Cash'
			when investment_structure_level_02 = 'Total Fund Management' then '1. Total Fund Management'
			when investment_structure_level_02 = 'Capital Markets & Factor Investing' then '2. Capital Markets & Factor Investing'
			when investment_structure_level_02 = 'Active Equities' then '3. Active Equities'
			when investment_structure_level_02 = 'Credit Investments' then '4. Credit Investments'
			when investment_structure_level_02 = 'Private Equity' then '5. Private Equity'
			when investment_structure_level_02 = 'Real Assets' then '6. Real Assets'
	  	  end department_sorted
	from (
		select
			  *
			, case
				when regexp_like( lower( security_type_name ), '.*\b(leg|swap|swaptions|option|future|contract|deposit|paper|collateralized|bond|repo|revrepo|buyselback|selbuyback)\b.*' ) then regexp_replace( security_name, '[0-9]', '' )
				else security_name
			  end security_name_clean
		from 
			lt_base
	)
)
select * from lt_final) AS ""holdings_search_holdings_lookthrough"""
7af1960a7cd9835c03ef54a0657a33ff86c2667724667ae2100ca0dceb65027c,"/* cppi::7af1960a7cd9835c03ef54a0657a33ff86c2667724667ae2100ca0dceb65027c */
/* QuickSight e0ef1a44-b9e2-4f80-b366-4cf3d0f1ef4f */
SELECT ""business_date"", ""investment_structure_level_01"", ""investment_structure_level_02"", ""ultimate_parent_party_name"", ""issuer_name"", ""parent_security_type_name"", ""security_type_name"", ""security_name"", ""total_market_value_pc"", ""security_name_clean"", ""combined_entity_name_original"", ""combined_entity_name_clean"", ""department_sorted""
FROM (with lt_base as (
	select
		lt.business_date,
		spif.investmentstructurelevel1 as investment_structure_level_01,
		spif.investmentstructurelevel2 as investment_structure_level_02,
		uppcc.epm_party_name as ultimate_parent_party_name,
		pcc.epm_party_name as issuer_name,
		lt.parent_security_type_name /*as ""Exposure Via""*/,
		lt.security_type_name,
		lt.security_name,
		sum( lt.total_market_value_pc ) as total_market_value_pc
	from (
		select *
		from 
			holdings.ma_holding_lookthrough
		where
			id_model_portfolio != 'PMIEMFLTCC' -- temporary exclusion until fix is implemented in LT product; reference Teams chat with Doug
			and id_model_portfolio not in ( -- Doug says these are test MPs that should be excluded
				  'MIN1000042'
				, 'NPTESTA'
				, 'NPTESTB'
				, 'PMIEMELTCS'
				, 'PMIEMFLTCL'
				, 'PMIEMFLTPA'
				, 'PMIEMFLTVA'
			) 
			and business_date = ( select max( business_date ) from holdings.ma_holding_lookthrough ) -- filter only for the data as of the latest business date
	) lt
	left join asset.enterprise_security /*cppib_enterprise_data.enterprise_security_composite*/ secc
	on
		lt.enterprise_security_id = secc.enterprise_security_id
		and lt.business_date = secc.business_date
	left join party.enterprise_party /*cppib_enterprise_data.enterprise_party_composite*/ pcc
	on
		secc.enterprise_party_id = pcc.enterprise_party_id
		and pcc.business_date = secc.business_date
	left join party.enterprise_party /*cppib_enterprise_data.enterprise_party_composite*/ uppcc
	on
		pcc.ultimate_parent_enterprise_party_id = uppcc.enterprise_party_id
		and uppcc.business_date = pcc.business_date
	left join
		( 	select *
			from 	performance.scd_performance_invstr_flatten
			where 	investmentstructure = 'CPPIB_F24'
					and business_date = ( select max( business_date ) from performance.scd_performance_invstr_flatten )
		) spif
	on
		lt.id_model_portfolio = spif.model_portfolio
	group by
		lt.business_date,
		spif.investmentstructurelevel1,
		spif.investmentstructurelevel2,
		uppcc.epm_party_name,
		pcc.epm_party_name,
		lt.parent_security_type_name,
		lt.security_type_name,
		lt.security_name
), lt_final as (
	select
		  *
		, coalesce( ultimate_parent_party_name, '' ) || ' | ' || coalesce( issuer_name, '' ) || ' | ' || coalesce( security_name, '' ) as combined_entity_name_original
		, coalesce( ultimate_parent_party_name, '' ) || ' | ' || coalesce( issuer_name, '' ) || ' | ' || coalesce( security_name_clean, '' ) as combined_entity_name_clean
		, case
			when investment_structure_level_01 in ( 'Cash for benefits', 'Accounts' ) then '7. Cash for Benefits and Residual Cash'
			when investment_structure_level_02 = 'Total Fund Management' then '1. Total Fund Management'
			when investment_structure_level_02 = 'Capital Markets & Factor Investing' then '2. Capital Markets & Factor Investing'
			when investment_structure_level_02 = 'Active Equities' then '3. Active Equities'
			when investment_structure_level_02 = 'Credit Investments' then '4. Credit Investments'
			when investment_structure_level_02 = 'Private Equity' then '5. Private Equity'
			when investment_structure_level_02 = 'Real Assets' then '6. Real Assets'
	  	  end department_sorted
	from (
		select
			  *
			, case
				when regexp_like( lower( security_type_name ), '.*\b(leg|swap|swaptions|option|future|contract|deposit|paper|collateralized|bond|repo|revrepo|buyselback|selbuyback)\b.*' ) then regexp_replace( security_name, '[0-9]', '' )
				else security_name
			  end security_name_clean
		from 
			lt_base
	)
)
select * from lt_final) AS ""holdings_search_holdings_lookthrough"""
7af1960a7cd9835c03ef54a0657a33ff86c2667724667ae2100ca0dceb65027c,"/* cppi::7af1960a7cd9835c03ef54a0657a33ff86c2667724667ae2100ca0dceb65027c */
/* QuickSight e0ef1a44-b9e2-4f80-b366-4cf3d0f1ef4f */
SELECT ""business_date"", ""investment_structure_level_01"", ""investment_structure_level_02"", ""ultimate_parent_party_name"", ""issuer_name"", ""parent_security_type_name"", ""security_type_name"", ""security_name"", ""total_market_value_pc"", ""security_name_clean"", ""combined_entity_name_original"", ""combined_entity_name_clean"", ""department_sorted""
FROM (with lt_base as (
	select
		lt.business_date,
		spif.investmentstructurelevel1 as investment_structure_level_01,
		spif.investmentstructurelevel2 as investment_structure_level_02,
		uppcc.epm_party_name as ultimate_parent_party_name,
		pcc.epm_party_name as issuer_name,
		lt.parent_security_type_name /*as ""Exposure Via""*/,
		lt.security_type_name,
		lt.security_name,
		sum( lt.total_market_value_pc ) as total_market_value_pc
	from (
		select *
		from 
			holdings.ma_holding_lookthrough
		where
			id_model_portfolio != 'PMIEMFLTCC' -- temporary exclusion until fix is implemented in LT product; reference Teams chat with Doug
			and id_model_portfolio not in ( -- Doug says these are test MPs that should be excluded
				  'MIN1000042'
				, 'NPTESTA'
				, 'NPTESTB'
				, 'PMIEMELTCS'
				, 'PMIEMFLTCL'
				, 'PMIEMFLTPA'
				, 'PMIEMFLTVA'
			) 
			and business_date = ( select max( business_date ) from holdings.ma_holding_lookthrough ) -- filter only for the data as of the latest business date
	) lt
	left join asset.enterprise_security /*cppib_enterprise_data.enterprise_security_composite*/ secc
	on
		lt.enterprise_security_id = secc.enterprise_security_id
		and lt.business_date = secc.business_date
	left join party.enterprise_party /*cppib_enterprise_data.enterprise_party_composite*/ pcc
	on
		secc.enterprise_party_id = pcc.enterprise_party_id
		and pcc.business_date = secc.business_date
	left join party.enterprise_party /*cppib_enterprise_data.enterprise_party_composite*/ uppcc
	on
		pcc.ultimate_parent_enterprise_party_id = uppcc.enterprise_party_id
		and uppcc.business_date = pcc.business_date
	left join
		( 	select *
			from 	performance.scd_performance_invstr_flatten
			where 	investmentstructure = 'CPPIB_F24'
					and business_date = ( select max( business_date ) from performance.scd_performance_invstr_flatten )
		) spif
	on
		lt.id_model_portfolio = spif.model_portfolio
	group by
		lt.business_date,
		spif.investmentstructurelevel1,
		spif.investmentstructurelevel2,
		uppcc.epm_party_name,
		pcc.epm_party_name,
		lt.parent_security_type_name,
		lt.security_type_name,
		lt.security_name
), lt_final as (
	select
		  *
		, coalesce( ultimate_parent_party_name, '' ) || ' | ' || coalesce( issuer_name, '' ) || ' | ' || coalesce( security_name, '' ) as combined_entity_name_original
		, coalesce( ultimate_parent_party_name, '' ) || ' | ' || coalesce( issuer_name, '' ) || ' | ' || coalesce( security_name_clean, '' ) as combined_entity_name_clean
		, case
			when investment_structure_level_01 in ( 'Cash for benefits', 'Accounts' ) then '7. Cash for Benefits and Residual Cash'
			when investment_structure_level_02 = 'Total Fund Management' then '1. Total Fund Management'
			when investment_structure_level_02 = 'Capital Markets & Factor Investing' then '2. Capital Markets & Factor Investing'
			when investment_structure_level_02 = 'Active Equities' then '3. Active Equities'
			when investment_structure_level_02 = 'Credit Investments' then '4. Credit Investments'
			when investment_structure_level_02 = 'Private Equity' then '5. Private Equity'
			when investment_structure_level_02 = 'Real Assets' then '6. Real Assets'
	  	  end department_sorted
	from (
		select
			  *
			, case
				when regexp_like( lower( security_type_name ), '.*\b(leg|swap|swaptions|option|future|contract|deposit|paper|collateralized|bond|repo|revrepo|buyselback|selbuyback)\b.*' ) then regexp_replace( security_name, '[0-9]', '' )
				else security_name
			  end security_name_clean
		from 
			lt_base
	)
)
select * from lt_final) AS ""holdings_search_holdings_lookthrough"""
13ace846743cf75d9fb2084bb7f0d73a93371bda7cad91a4db1af3c65796da3b,"/* cppi::13ace846743cf75d9fb2084bb7f0d73a93371bda7cad91a4db1af3c65796da3b */
SELECT
	client_ip,
	MAX_BY(counter, counter) as max_counter_per_min
 FROM (
	WITH logs_with_concat_data AS (
		SELECT
			httprequest.clientip as client_ip,
			from_unixtime(timestamp/1000) as datetime
		FROM
			publicinboundwafnonprod_azf8db.waf_access_logs
		WHERE year = 2025
		AND month = 06
		AND day = 14
		AND hour between 21 and 22
	)
	SELECT
		client_ip,
		COUNT(*) as counter
	FROM
		logs_with_concat_data
	WHERE
		datetime > TIMESTAMP '2025-06-14 21:41:58'
	GROUP BY
		client_ip,
		date_trunc('minute', datetime)
	HAVING
		COUNT(*) >= 10000.0
) GROUP BY
	client_ip
ORDER BY
	max_counter_per_min DESC
LIMIT 10000"
fec7fa225dd896ffec9ce53bf942465549837f590d2b66f29e83a8f59f203bfb,"/* cppi::fec7fa225dd896ffec9ce53bf942465549837f590d2b66f29e83a8f59f203bfb */
SELECT 1 FROM ioa_uat.tpm_tpm_aapef_sa_by_group WHERE portfolio='AAPEF_SA' and edl_meta_business_date='2025-06-12' limit 1"
a4abdc2c6249a6b7099621080105925a4a1690f3689049d96b872e535de9cc8c,"/* cppi::a4abdc2c6249a6b7099621080105925a4a1690f3689049d96b872e535de9cc8c */
SELECT pricing_date, security_id as cppib_sec_id, daily_return
FROM market.cppib_market_equity_prices
WHERE pricing_date > DATE_ADD('year', -1, date'2022-06-27') and pricing_date <= date'2025-06-14'
AND pricing_date >= date'2022-04-01'
AND is_suspended_flag = 0 AND is_exchange_holiday = 0
and security_id in (5512, 7573, 9047, 6504, 219473, 165347, 10478, 8919, 24541002, 20274587, 20176584, 207403, 19526798, 165022, 21667390, 8920, 20003586, 25073503, 5517, 6430, 26395398, 23473939, 23865431, 219125, 9049, 10111)"
6eb5b1f2eea3e88b3f23baecb1698fbfbdf9f81323bd8cf5294fb2d523106a99,"/* cppi::6eb5b1f2eea3e88b3f23baecb1698fbfbdf9f81323bd8cf5294fb2d523106a99 */
SELECT * FROM similar_web_desktop_average_visit_duration_latest LIMIT 1"
f360deb45115f5d0ee13ab2f0c31fcafaf8a4576becb1291245b6fb77982265a,"/* cppi::f360deb45115f5d0ee13ab2f0c31fcafaf8a4576becb1291245b6fb77982265a */
SELECT pricing_date, security_id as cppib_sec_id, daily_return
FROM market.cppib_market_equity_prices
WHERE pricing_date > DATE_ADD('year', -1, date'2022-06-27') and pricing_date <= date'2025-06-14'
AND pricing_date >= date'2022-04-01'
AND is_suspended_flag = 0 AND is_exchange_holiday = 0
and security_id in (7598, 6433, 5503, 9052, 11807, 12120, 5498, 5480, 20018686, 6445, 6442, 9921, 260693, 166038, 5521, 5523, 116001, 260729, 262430, 11367877, 5714, 258778, 17861266, 220354, 24689128, 10445, 5717, 6447, 8667, 26412, 24918151, 24785840, 11146, 24541002, 5507, 19904741, 212055, 5501, 5728, 251889, 5594, 220166, 5512, 11614, 5518, 10158, 207562, 579845, 20000001, 252024, 23665416, 5514, 19492297, 5502, 166522, 27864241, 63551, 6446)"
adb88b7d531a0fbd9a6cc13fbac993692cb94b288ecd1cfb309467c94a55d841,"/* cppi::adb88b7d531a0fbd9a6cc13fbac993692cb94b288ecd1cfb309467c94a55d841 */
SELECT * FROM similar_web_total_pages_per_visit_latest LIMIT 1"
90408afb5d3edafddc55360b6a9b59e319b18a62a9f8256a261fa7696b55e17a,"/* cppi::90408afb5d3edafddc55360b6a9b59e319b18a62a9f8256a261fa7696b55e17a */
select  feed_name,feed_version,arrival_time,maturity_date, prepay_return_daily_local, cash, coupon_frequency, id_isin_ndo, modified_duration, price_return_daily_local, fx_rate, market_value_bom, weight_ndo, bid_spread, dated_date, market_capitalization_base_eod, id_vendor_security_ndo, maturity_bands, market_capitalization_base_ndo, adjusted_modified_duration, modified_duration_isma, paydown_return_daily_local, id_cusip_ndo, accrued_interest, coupon, id_vendor_security_eod, modified_duration_local, convexity, joiner_leaver_flag, market_value_returns_bonds, convexity_local, id_isin_eod, notional_value_outstanding, first_coupon_date, yield_isma, last_value_eod, effective_convexity, macaulay_duration, business_date, id_cusip_eod, notional_value_outstanding_local, stale_feed_flag, id_cppib_index, last_value_ndo, weight_eod, shares_outstanding_eod, convexity_isma, shares_outstanding_ndo, yield, currency_return_daily_local, return_daily_local, coupon_return_daily_local, yield_to_maturity, yield_local, index_inclusion_factor, average_life 
                from market.cppib_index_constituent as a 
                where  feed_name in ('jpge_cons_std_gbi_emb_tr_usd_0_0') 
                and business_date>=cast('2025-06-10' as date) and business_date<=cast('2025-06-14' as date)"
e02761b2806a3d2b83429f8a67a4558ff0b219fbbf24d2d4405b74deb8b9fbe0,"/* cppi::e02761b2806a3d2b83429f8a67a4558ff0b219fbbf24d2d4405b74deb8b9fbe0 */
select  feed_name,feed_version,arrival_time,maturity_date, prepay_return_daily_local, cash, coupon_frequency, id_isin_ndo, modified_duration, price_return_daily_local, fx_rate, market_value_bom, weight_ndo, bid_spread, dated_date, market_capitalization_base_eod, id_vendor_security_ndo, maturity_bands, market_capitalization_base_ndo, adjusted_modified_duration, modified_duration_isma, paydown_return_daily_local, id_cusip_ndo, accrued_interest, coupon, id_vendor_security_eod, modified_duration_local, convexity, joiner_leaver_flag, market_value_returns_bonds, convexity_local, id_isin_eod, notional_value_outstanding, first_coupon_date, yield_isma, last_value_eod, effective_convexity, macaulay_duration, business_date, id_cusip_eod, notional_value_outstanding_local, stale_feed_flag, id_cppib_index, last_value_ndo, weight_eod, shares_outstanding_eod, convexity_isma, shares_outstanding_ndo, yield, currency_return_daily_local, return_daily_local, coupon_return_daily_local, yield_to_maturity, yield_local, index_inclusion_factor, average_life 
                from market.cppib_index_constituent as a 
                where  feed_name in ('lbfi_cons_std_1271_tr_usd_0_0') 
                and business_date>=cast('2025-06-10' as date) and business_date<=cast('2025-06-14' as date)"
0845f386f22d611558f4dee2bf5d9e930c3e32deb77838609b0f75b3c84c5f60,"/* cppi::0845f386f22d611558f4dee2bf5d9e930c3e32deb77838609b0f75b3c84c5f60 */
SELECT pricing_date, security_id as cppib_sec_id, daily_return
FROM market.cppib_market_equity_prices
WHERE pricing_date > DATE_ADD('year', -1, date'2022-06-27') and pricing_date <= date'2025-06-14'
AND pricing_date >= date'2022-04-01'
AND is_suspended_flag = 0 AND is_exchange_holiday = 0
and security_id in (8355, 8740, 12340, 1461, 2614005, 19541873, 4488, 2672, 4331, 21409577, 225392, 42972, 11465, 1561, 1466, 218680, 1585, 12722, 4341, 2678, 13323796, 2738, 224595, 1245, 24863485, 1343, 1085, 67486, 4407, 561186, 2694, 4382, 21332411, 1511, 15248708, 8588, 24226071, 9336, 2676, 221691, 8807, 4537, 500613, 8793, 9217, 564557, 4378, 7397, 4521, 10701, 4428, 1487, 4467, 4374, 1549, 501070, 4362, 8131, 9459, 4426, 19567789, 1279, 21085166, 11897, 1283, 11884, 1284, 1294, 4496, 8178, 1318, 1573, 23761315, 9248, 21784871, 19910131, 1306, 11973, 1312, 4447, 309, 17687392, 1381, 4502, 1542, 1288, 7154, 18194941, 1374, 9347, 14333960, 564198, 1645, 1471, 2962, 19723379, 8935, 4460, 24866661, 10223080, 223148, 185274, 4510, 25134604, 25846801, 1061, 2719, 4322, 8359, 1267, 4435, 1293, 2695, 2685, 310, 4347, 202243, 4470, 44979, 12209, 1553, 9891, 8224, 7806, 24536143, 1276, 1472, 268, 207074, 1151, 8514, 591014, 573476, 27053438, 7999, 20017678, 2683, 8140, 27850985)"
702989e72f04bfee92d235a5c940f82b6a9fcc4fc9997e64a7fdc9fda5fb1d70,"/* cppi::702989e72f04bfee92d235a5c940f82b6a9fcc4fc9997e64a7fdc9fda5fb1d70 */
SELECT COUNT(*) AS cnt FROM performance.enterprise_performance"
1fe681602e4738de068407f35a1ed9458a51da1612afb50cdec56caab9bce541,"/* cppi::1fe681602e4738de068407f35a1ed9458a51da1612afb50cdec56caab9bce541 */
SELECT pricing_date, security_id as cppib_sec_id, daily_return
FROM market.cppib_market_equity_prices
WHERE pricing_date > DATE_ADD('year', -1, date'2022-06-27') and pricing_date <= date'2025-06-14'
AND pricing_date >= date'2022-04-01'
AND is_suspended_flag = 0 AND is_exchange_holiday = 0
and security_id in (13123726, 656, 211492, 20124800, 3938442, 2870341, 194828, 12837, 2398, 13020, 108, 19944138, 149, 1633, 15507450, 5961759, 2320, 2480, 34, 10873, 186764, 1226, 638, 3210, 1243, 2829, 1260, 155, 38, 6890947, 20574212, 1636, 20067238, 22260437, 23664324, 131, 25973601, 19642539, 3350, 196, 8600935, 4573, 1315, 22338162, 1635, 12996, 23925383, 21469313, 3162, 23710596, 6971157, 1126, 471, 204093, 839, 693, 22222709, 22615395, 20097897, 20656967, 23664322, 21384112, 24867203, 17670674, 13219633, 3096, 17302025, 12922715, 21043393, 3336, 3378, 18483035, 3203, 1699, 7804, 6577, 15811155, 1919, 9026, 22500340, 11998, 3160, 24529490, 15954822, 24532887, 24867204, 21784882, 8310, 15740247, 21397397, 23161295, 154129, 25520866, 631, 24339605, 682, 23684107, 19383090, 1039, 4578, 11048645, 1278, 8748, 17227, 5732480, 1311, 3407, 26763748, 19720287, 27433735, 23153168)"
e0836b0cfd8b0347ac255e16e6fceb96880edb9356be56da093d0bb74954491e,"/* cppi::e0836b0cfd8b0347ac255e16e6fceb96880edb9356be56da093d0bb74954491e */
SELECT COUNT(*) AS cnt FROM asset.enterprise_security"
f87c79329bc574162404214b0f7b486512508ce6ac8816aba5e4e84d1e78248c,"/* cppi::f87c79329bc574162404214b0f7b486512508ce6ac8816aba5e4e84d1e78248c */
SELECT
	client_ip,
	MAX_BY(counter, counter) as max_counter_per_min
 FROM (
	WITH logs_with_concat_data AS (
		SELECT
			client_ip,
			target_status_code AS status,
			parse_datetime(time, 'yyyy-MM-dd''T''HH:mm:ss.SSSSSS''Z') AS datetime
		FROM
			publicinboundwafprod_yn4b94.app_access_logs
		WHERE year = 2025
		AND month = 06
		AND day = 14
		AND hour between 03 and 04
	)
	SELECT
		client_ip,
		COUNT(*) as counter
	FROM
		logs_with_concat_data
	WHERE
		datetime > TIMESTAMP '2025-06-14 03:03:37'
		AND status = ANY (VALUES '400', '401', '403', '404', '405')
	GROUP BY
		client_ip,
		date_trunc('minute', datetime)
	HAVING
		COUNT(*) >= 500
) GROUP BY
	client_ip
ORDER BY
	max_counter_per_min DESC
LIMIT 10000"
a31b2122518a53a53a18468a5cbcb6cc898416b0842af0ebb32f19363a7e6297,"/* cppi::a31b2122518a53a53a18468a5cbcb6cc898416b0842af0ebb32f19363a7e6297 */
SELECT
	client_ip,
	MAX_BY(counter, counter) as max_counter_per_min
 FROM (
	WITH logs_with_concat_data AS (
		SELECT
			httprequest.clientip as client_ip,
			from_unixtime(timestamp/1000) as datetime
		FROM
			publicinboundwafnonprod_azf8db.waf_access_logs
		WHERE year = 2025
		AND month = 06
		AND day = 14
		AND hour between 09 and 10
	)
	SELECT
		client_ip,
		COUNT(*) as counter
	FROM
		logs_with_concat_data
	WHERE
		datetime > TIMESTAMP '2025-06-14 09:26:58'
	GROUP BY
		client_ip,
		date_trunc('minute', datetime)
	HAVING
		COUNT(*) >= 10000.0
) GROUP BY
	client_ip
ORDER BY
	max_counter_per_min DESC
LIMIT 10000"
2b2d993d0dc78f6efa014698c97448f45c63ea67f91f3a464d9de4258839b9fb,"/* cppi::2b2d993d0dc78f6efa014698c97448f45c63ea67f91f3a464d9de4258839b9fb */
SELECT pricing_date, security_id as cppib_sec_id, daily_return
FROM market.cppib_market_equity_prices
WHERE pricing_date > DATE_ADD('year', -1, date'2022-06-27') and pricing_date <= date'2025-06-14'
AND pricing_date >= date'2022-04-01'
AND is_suspended_flag = 0 AND is_exchange_holiday = 0
and security_id in (597808, 7392, 21614567, 572, 11846, 24039518, 2932586, 211013, 18943957, 19445518, 11270, 24192678, 24849203, 2282, 10623, 6, 20170407, 898, 19615186, 1845, 202905, 25171374, 2812, 3063, 203413, 628, 896, 1207, 2338, 185115, 145, 10, 567, 676, 12356, 773, 6419253, 818, 177631, 223568, 2843653, 6955371, 3326, 1144, 20694589, 6893, 848, 587306, 21928862, 12144, 2657, 586876, 3250, 3390, 231, 1076, 3050, 495, 17853163, 6008, 948, 224559, 3191, 12350, 69, 1759, 224505, 21788667, 2735, 91491, 1550, 13071, 2319, 7075, 11996, 5130, 3316, 24, 590621, 23744893, 10860, 26175822, 43730, 24043667, 24154327, 12379, 2651, 977, 1124, 2388, 10542, 453, 9556, 1894, 7700888, 27412111, 20187454, 11988374, 5307)"
29d23f74367b47ba6e9a7fa3b9097b660bcb89ea7792d274d269fd8b349eceb5,"/* cppi::29d23f74367b47ba6e9a7fa3b9097b660bcb89ea7792d274d269fd8b349eceb5 */
SELECT
	client_ip,
	MAX_BY(counter, counter) as max_counter_per_min
 FROM (
	WITH logs_with_concat_data AS (
		SELECT
			client_ip,
			target_status_code AS status,
			parse_datetime(time, 'yyyy-MM-dd''T''HH:mm:ss.SSSSSS''Z') AS datetime
		FROM
			publicinboundwafprod_yn4b94.app_access_logs
		WHERE year = 2025
		AND month = 06
		AND day = 14
		AND hour between 15 and 16
	)
	SELECT
		client_ip,
		COUNT(*) as counter
	FROM
		logs_with_concat_data
	WHERE
		datetime > TIMESTAMP '2025-06-14 15:03:37'
		AND status = ANY (VALUES '400', '401', '403', '404', '405')
	GROUP BY
		client_ip,
		date_trunc('minute', datetime)
	HAVING
		COUNT(*) >= 500
) GROUP BY
	client_ip
ORDER BY
	max_counter_per_min DESC
LIMIT 10000"
1466af474e38407393458e7a2898711ff78b07d81e6c5d0504c91f1a908d11d1,"/* cppi::1466af474e38407393458e7a2898711ff78b07d81e6c5d0504c91f1a908d11d1 */
SELECT COUNT(*) AS cnt FROM party.enterprise_party"
702989e72f04bfee92d235a5c940f82b6a9fcc4fc9997e64a7fdc9fda5fb1d70,"/* cppi::702989e72f04bfee92d235a5c940f82b6a9fcc4fc9997e64a7fdc9fda5fb1d70 */
SELECT COUNT(*) AS cnt FROM performance.enterprise_performance"
1466af474e38407393458e7a2898711ff78b07d81e6c5d0504c91f1a908d11d1,"/* cppi::1466af474e38407393458e7a2898711ff78b07d81e6c5d0504c91f1a908d11d1 */
SELECT COUNT(*) AS cnt FROM party.enterprise_party"
